"PointID","x","y","Density_0","Density_1","Density_2","Momentum_x","Momentum_y","Energy","Energy_ve"
0, 1.200000000000000e-02, 6.000000000000000e-03, 1.811018311701942e+00, 1.368527691462507e-02, 1.823919769348625e-12, 0.000000000000000e+00, 0.000000000000000e+00, -1.257830912467177e+05, 4.211935016059139e-04
1, 2.300000000000000e-02, 0.000000000000000e+00, 1.571471045973794e+00, 1.187509606529425e-02, 1.582591184924662e-12, 1.012461752930771e+01, -1.081300803081657e+00, -1.103008895304993e+05, 3.654798888367041e-04
2, 1.400000000000000e-02, 6.000000000000000e-03, 1.765514446753689e+00, 1.334141899310172e-02, 1.778115280957255e-12, 0.000000000000000e+00, 0.000000000000000e+00, -1.244162918796967e+05, 4.106100796270129e-04
3, 3.500000000000000e-02, 0.000000000000000e+00, 1.397418502416914e+00, 1.055983754975012e-02, 1.408029870664248e-12, 5.595236997417265e+01, 1.727922492366674e+01, -7.799206885259935e+04, 3.249837309312492e-04
4, 2.900000000000000e-02, 3.500000000000000e-03, 1.538134846548587e+00, 1.162318523840312e-02, 1.549267353509673e-12, 0.000000000000000e+00, 0.000000000000000e+00, -1.076686870986009e+05, 3.577305413381399e-04
5, 6.000000000000000e-02, 0.000000000000000e+00, 9.613607461600616e-02, 7.264690777026970e-04, 9.696710772165946e-14, 5.065052967215077e+00, 3.953006508223362e-01, 1.494143238646607e+05, 4.014920849516632e+03
6, 6.000000000000000e-02, 5.500000000000000e-03, 5.677133954702623e-01, 4.290025658466814e-03, 5.711619253922669e-13, 0.000000000000000e+00, 0.000000000000000e+00, 3.338019659164771e+04, 2.265286007679723e+02
7, 8.000000000000000e-02, 0.000000000000000e+00, 1.351286682421886e+00, 1.021123437598453e-02, 1.361252733822787e-12, -2.807961260112249e+01, 1.805838686362203e-01, -8.944846534753829e+04, 3.244963084115822e-04
8, 8.000000000000000e-02, 5.500000000000000e-03, 1.358669010206196e+00, 1.026702022825962e-02, 1.368199593428400e-12, 0.000000000000000e+00, 0.000000000000000e+00, -9.221840270195949e+04, 3.164509218383828e-04
9, 8.550000000000001e-02, 1.100000000000000e-02, 1.407795174555243e+00, 1.063825068933500e-02, 1.418017316753864e-12, 0.000000000000000e+00, 0.000000000000000e+00, -9.931301247778650e+04, 3.275863240190321e-04
10, 1.185000000000000e-01, 1.100000000000000e-02, 1.382839795708896e+00, 1.044967100031947e-02, 1.392997448806178e-12, -4.929195469536849e+00, 5.947450676116029e-03, -9.431095494186642e+04, 3.324325485404137e-04
11, 1.185000000000000e-01, 0.000000000000000e+00, 1.382816338467203e+00, 1.044949374156607e-02, 1.392974171690439e-12, -4.915443862179937e+00, 2.010247369459192e-03, -9.430694441820995e+04, 3.324390832806190e-04
12, 1.200000000000000e-02, 4.000000000000000e-03, 1.819153332295865e+00, 1.374675062188451e-02, 1.831616545777309e-12, 0.000000000000000e+00, 0.000000000000000e+00, -1.268636316868103e+05, 4.230851208494931e-04
13, 1.700000000000000e-02, 4.000000000000000e-03, 1.692126406951074e+00, 1.278684942280489e-02, 1.704210806125446e-12, 0.000000000000000e+00, 0.000000000000000e+00, -1.193537920832806e+05, 3.935419929312917e-04
14, 2.200000000000000e-02, 0.000000000000000e+00, 1.495727605654539e+00, 1.130272749865001e-02, 1.506257073136008e-12, 0.000000000000000e+00, 6.637178113150026e+01, -1.041694505661788e+05, 3.478650486945287e-04
15, 2.200000000000000e-02, 8.000000000000000e-04, 1.569359244368685e+00, 1.185913786676691e-02, 1.580498522967263e-12, 4.481955467218673e-01, -9.278126292766168e-01, -1.107341702902513e+05, 3.649895233165575e-04
16, 6.000000000000000e-02, 8.000000000000000e-04, 9.798966768184268e-02, 7.404760782002202e-04, 9.883221693937776e-14, 4.957521523556458e+00, 7.487422485873391e-01, 1.490390149510664e+05, 3.917757042822876e+03
17, 1.270316136710566e-02, 6.000000000000000e-03, 1.789907055854253e+00, 1.352574601401284e-02, 1.802652654292819e-12, 0.000000000000000e+00, 0.000000000000000e+00, -1.258433398580133e+05, 4.162832272896729e-04
18, 1.324845582513203e-02, 6.000000000000000e-03, 1.776462791147081e+00, 1.342415207416008e-02, 1.789136806881872e-12, 0.000000000000000e+00, 0.000000000000000e+00, -1.249477812302952e+05, 4.131564144383617e-04
19, 1.367150771748992e-02, 6.000000000000000e-03, 1.770331602012845e+00, 1.337782067012303e-02, 1.782973276242585e-12, 0.000000000000000e+00, 0.000000000000000e+00, -1.247710562782266e+05, 4.117304132568107e-04
20, 1.428770100073820e-02, 5.952049833210299e-03, 1.762072461559038e+00, 1.331540902941416e-02, 1.774666050198338e-12, 0.000000000000000e+00, 0.000000000000000e+00, -1.241696565923276e+05, 4.098095597511221e-04
21, 1.453222866221732e-02, 5.911295222963781e-03, 1.756474238699627e+00, 1.327310507833554e-02, 1.768992189723407e-12, 0.000000000000000e+00, 0.000000000000000e+00, -1.237841745118226e+05, 4.085075538887184e-04
22, 1.477671186705127e-02, 5.870548022158121e-03, 1.751083338780767e+00, 1.323236779935174e-02, 1.763547573334380e-12, 0.000000000000000e+00, 0.000000000000000e+00, -1.234113338357016e+05, 4.072537816385270e-04
23, 1.502119507188526e-02, 5.829800821352458e-03, 1.745918229334406e+00, 1.319333674560093e-02, 1.758328070905713e-12, 0.000000000000000e+00, 0.000000000000000e+00, -1.230445161860461e+05, 4.060525057612637e-04
24, 1.526567827671954e-02, 5.789053620546744e-03, 1.740371639845784e+00, 1.315142297112775e-02, 1.752721129634923e-12, 0.000000000000000e+00, 0.000000000000000e+00, -1.226399853439851e+05, 4.047625178981374e-04
25, 1.551016148155366e-02, 5.748306419741058e-03, 1.734478791273805e+00, 1.310689262927405e-02, 1.746760521832945e-12, 0.000000000000000e+00, 0.000000000000000e+00, -1.222292489596726e+05, 4.033919995189619e-04
26, 1.575464468638828e-02, 5.707559218935287e-03, 1.728778362407174e+00, 1.306381634060932e-02, 1.741019274548439e-12, 0.000000000000000e+00, 0.000000000000000e+00, -1.218081963885416e+05, 4.020662313863256e-04
27, 1.599912789122160e-02, 5.666812018129734e-03, 1.722237912466821e+00, 1.301439228564439e-02, 1.734437279576047e-12, 0.000000000000000e+00, 0.000000000000000e+00, -1.213108260113335e+05, 4.005450976326895e-04
28, 1.624361109605622e-02, 5.626064817323964e-03, 1.714906373772670e+00, 1.295899023002113e-02, 1.727015680333020e-12, 0.000000000000000e+00, 0.000000000000000e+00, -1.208114998297559e+05, 3.988399796610998e-04
29, 1.648809430088952e-02, 5.585317616518414e-03, 1.707784311864267e+00, 1.290517112240103e-02, 1.719798978062940e-12, 0.000000000000000e+00, 0.000000000000000e+00, -1.203266887793338e+05, 3.971835899906232e-04
30, 1.673257750572327e-02, 5.544570415712788e-03, 1.700559951743142e+00, 1.285057898042787e-02, 1.712476386330344e-12, 0.000000000000000e+00, 0.000000000000000e+00, -1.198100937318109e+05, 3.955033919887524e-04
31, 1.697706071055612e-02, 5.503823214907313e-03, 1.692911396156762e+00, 1.279278133116052e-02, 1.704774193801980e-12, 0.000000000000000e+00, 0.000000000000000e+00, -1.192695408303660e+05, 3.937245564894935e-04
32, 1.722154391538976e-02, 5.463076014101707e-03, 1.686686197562003e+00, 1.274573952817735e-02, 1.698580592992607e-12, 0.000000000000000e+00, 0.000000000000000e+00, -1.187072889388205e+05, 3.922767557995067e-04
33, 1.746602712022376e-02, 5.422328813296040e-03, 1.680848269197924e+00, 1.270162420048901e-02, 1.692765762612841e-12, 0.000000000000000e+00, 0.000000000000000e+00, -1.182646426168328e+05, 3.909189834767750e-04
34, 1.771051032505757e-02, 5.381581612490405e-03, 1.672841928424849e+00, 1.264112288482354e-02, 1.684640884516043e-12, 0.000000000000000e+00, 0.000000000000000e+00, -1.177485821679802e+05, 3.890569319096223e-04
35, 1.795499352989131e-02, 5.340834411684783e-03, 1.664255006626309e+00, 1.257623430700082e-02, 1.675980701670944e-12, 0.000000000000000e+00, 0.000000000000000e+00, -1.171466361673796e+05, 3.870598533836342e-04
36, 1.819947673472408e-02, 5.300087210879320e-03, 1.656135849013242e+00, 1.251488047113380e-02, 1.667821973540092e-12, 0.000000000000000e+00, 0.000000000000000e+00, -1.165220925618692e+05, 3.851715599776826e-04
37, 1.844395993955857e-02, 5.259340010073572e-03, 1.648219109728448e+00, 1.245505624480031e-02, 1.659868061881035e-12, 0.000000000000000e+00, 0.000000000000000e+00, -1.159106422249018e+05, 3.833303421314579e-04
38, 1.868844314439261e-02, 5.218592809267898e-03, 1.640525576113365e+00, 1.239691871118506e-02, 1.652121192343448e-12, 0.000000000000000e+00, 0.000000000000000e+00, -1.153857726080446e+05, 3.815410348321061e-04
39, 1.893292634922717e-02, 5.177845608462139e-03, 1.632822689901116e+00, 1.233871050303206e-02, 1.644370839630702e-12, 0.000000000000000e+00, 0.000000000000000e+00, -1.148552627825123e+05, 3.797495599833771e-04
40, 1.917740955405981e-02, 5.137098407656699e-03, 1.625514604402777e+00, 1.228348567558865e-02, 1.637045841441490e-12, 0.000000000000000e+00, 0.000000000000000e+00, -1.142742622912874e+05, 3.780499030685818e-04
41, 1.942189275889239e-02, 5.096351206851268e-03, 1.619432125032978e+00, 1.223752235541383e-02, 1.630928572463536e-12, 0.000000000000000e+00, 0.000000000000000e+00, -1.139060091122762e+05, 3.766352820575024e-04
42, 1.966637596372610e-02, 5.055604006045650e-03, 1.613797979665114e+00, 1.219494694961133e-02, 1.625265299935247e-12, 0.000000000000000e+00, 0.000000000000000e+00, -1.135902836900660e+05, 3.753249360451034e-04
43, 1.991085916856049e-02, 5.014856805239919e-03, 1.607641439201700e+00, 1.214842397381716e-02, 1.619151290057570e-12, 0.000000000000000e+00, 0.000000000000000e+00, -1.131519251764510e+05, 3.738931007086226e-04
44, 2.015534237339511e-02, 4.974109604434149e-03, 1.601852772138173e+00, 1.210468089777010e-02, 1.613514538617806e-12, 0.000000000000000e+00, 0.000000000000000e+00, -1.128337397667227e+05, 3.725468262912064e-04
45, 2.039982557822801e-02, 4.933362403628666e-03, 1.594713915034091e+00, 1.205073487431341e-02, 1.606410157149492e-12, 0.000000000000000e+00, 0.000000000000000e+00, -1.118691595830501e+05, 3.708865419740869e-04
46, 2.064430878306061e-02, 4.892615202823232e-03, 1.589954158135173e+00, 1.201476693804989e-02, 1.601370082526505e-12, 0.000000000000000e+00, 0.000000000000000e+00, -1.119585967614285e+05, 3.697795389833782e-04
47, 2.088879198789375e-02, 4.851868002017709e-03, 1.586857501504690e+00, 1.199136651011179e-02, 1.598202588188635e-12, 0.000000000000000e+00, 0.000000000000000e+00, -1.117448971844249e+05, 3.690593321214240e-04
48, 2.113327519272839e-02, 4.811120801211936e-03, 1.584373271048650e+00, 1.197259398777400e-02, 1.595670314612299e-12, 0.000000000000000e+00, 0.000000000000000e+00, -1.116620938188827e+05, 3.684815793353610e-04
49, 2.137775839756296e-02, 4.770373600406174e-03, 1.581731035192982e+00, 1.195262746997295e-02, 1.593038873420498e-12, 0.000000000000000e+00, 0.000000000000000e+00, -1.113948237395512e+05, 3.678670737528772e-04
50, 2.162224160239769e-02, 4.729626399600385e-03, 1.579312499520437e+00, 1.193435138176732e-02, 1.590603150850981e-12, 0.000000000000000e+00, 0.000000000000000e+00, -1.112282136758673e+05, 3.673045646261932e-04
51, 2.186672480723380e-02, 4.688879198794366e-03, 1.577692595406062e+00, 1.192211029274189e-02, 1.588922408778844e-12, 0.000000000000000e+00, 0.000000000000000e+00, -1.112500068307490e+05, 3.669278328085543e-04
52, 2.211120801206962e-02, 4.648131997988397e-03, 1.575589583860838e+00, 1.190621851784098e-02, 1.586784520325655e-12, 0.000000000000000e+00, 0.000000000000000e+00, -1.111461941859579e+05, 3.664387338666229e-04
53, 2.235569121690425e-02, 4.607384797182625e-03, 1.573538306778498e+00, 1.189071768346561e-02, 1.584720201806077e-12, 0.000000000000000e+00, 0.000000000000000e+00, -1.109557655493081e+05, 3.659616648209943e-04
54, 2.260017442173944e-02, 4.566637596376761e-03, 1.572012671275913e+00, 1.187918895170805e-02, 1.583186531360324e-12, 0.000000000000000e+00, 0.000000000000000e+00, -1.108621549521860e+05, 3.656068308536431e-04
55, 2.284465762657457e-02, 4.525890395570904e-03, 1.571044486796411e+00, 1.187187269619544e-02, 1.582217521054333e-12, 0.000000000000000e+00, 0.000000000000000e+00, -1.108399950498120e+05, 3.653816625433439e-04
56, 2.308914083140960e-02, 4.485143194765067e-03, 1.569522867047626e+00, 1.186037431018448e-02, 1.580700083086494e-12, 0.000000000000000e+00, 0.000000000000000e+00, -1.107372580760563e+05, 3.650277739532872e-04
57, 2.333362403624428e-02, 4.444395993959288e-03, 1.568830324801635e+00, 1.185514099346410e-02, 1.580030528697468e-12, 0.000000000000000e+00, 0.000000000000000e+00, -1.107041647583294e+05, 3.648667083651575e-04
58, 2.357810724107878e-02, 4.403648793153537e-03, 1.568133105524621e+00, 1.184987233394004e-02, 1.579356096588219e-12, 0.000000000000000e+00, 0.000000000000000e+00, -1.106434275647145e+05, 3.647045561137201e-04
59, 2.382259044591349e-02, 4.362901592347752e-03, 1.567330691036915e+00, 1.184380874839058e-02, 1.578573428131411e-12, 0.000000000000000e+00, 0.000000000000000e+00, -1.105831128665936e+05, 3.645179375028109e-04
60, 2.406707365074951e-02, 4.322154391541749e-03, 1.566695234301282e+00, 1.183900680832282e-02, 1.577931915169542e-12, 0.000000000000000e+00, 0.000000000000000e+00, -1.105394721211272e+05, 3.643701474578744e-04
61, 2.431155685558557e-02, 4.281407190735741e-03, 1.566108102686228e+00, 1.183457004548871e-02, 1.577305668589255e-12, 0.000000000000000e+00, 0.000000000000000e+00, -1.105074188176499e+05, 3.642335967564076e-04
62, 2.455604006042025e-02, 4.240659989929960e-03, 1.565501179015079e+00, 1.182998372051788e-02, 1.576646051085029e-12, 0.000000000000000e+00, 0.000000000000000e+00, -1.104822509904492e+05, 3.640924376875203e-04
63, 2.480052326525437e-02, 4.199912789124272e-03, 1.564837112638321e+00, 1.182496558668852e-02, 1.575944219208534e-12, 0.000000000000000e+00, 0.000000000000000e+00, -1.104445759868216e+05, 3.639379940262987e-04
64, 2.504500647008910e-02, 4.159165588318484e-03, 1.564244121939646e+00, 1.182048454866332e-02, 1.575322628111344e-12, 0.000000000000000e+00, 0.000000000000000e+00, -1.104104471471285e+05, 3.638000721675855e-04
65, 2.528948967492510e-02, 4.118418387512483e-03, 1.563627292313885e+00, 1.181582336761223e-02, 1.574692253718567e-12, 0.000000000000000e+00, 0.000000000000000e+00, -1.103666711432543e+05, 3.636566206178376e-04
66, 2.553397287976115e-02, 4.077671186706475e-03, 1.562513312440864e+00, 1.180740538368513e-02, 1.573573042243755e-12, 0.000000000000000e+00, 0.000000000000000e+00, -1.102824269490278e+05, 3.633975378006076e-04
67, 2.577845608459589e-02, 4.036923985900685e-03, 1.562022819520887e+00, 1.180369888806817e-02, 1.573087811568323e-12, 0.000000000000000e+00, 0.000000000000000e+00, -1.102426695366638e+05, 3.632834619165015e-04
68, 2.602293928943023e-02, 3.996176785094962e-03, 1.561550102568373e+00, 1.180012671966124e-02, 1.572624397730227e-12, 0.000000000000000e+00, 0.000000000000000e+00, -1.101925640038165e+05, 3.631735158130793e-04
69, 2.626742249426491e-02, 3.955429584289183e-03, 1.560935462052311e+00, 1.179548208100082e-02, 1.572015534931054e-12, 0.000000000000000e+00, 0.000000000000000e+00, -1.101277813582904e+05, 3.630305633979296e-04
70, 2.651190569910060e-02, 3.914682383483235e-03, 1.559647999041433e+00, 1.178575314137202e-02, 1.570726471388908e-12, 0.000000000000000e+00, 0.000000000000000e+00, -1.100276839470773e+05, 3.627311176498063e-04
71, 2.675638890393671e-02, 3.873935182677216e-03, 1.558378380831187e+00, 1.177615904910314e-02, 1.569462065249298e-12, 0.000000000000000e+00, 0.000000000000000e+00, -1.099362385084372e+05, 3.624358350827081e-04
72, 2.700087210877158e-02, 3.833187981871405e-03, 1.557481055575676e+00, 1.176937825372141e-02, 1.568573497725151e-12, 0.000000000000000e+00, 0.000000000000000e+00, -1.098656744993711e+05, 3.622271388393979e-04
73, 2.724535531360625e-02, 3.792440781065626e-03, 1.556615771974893e+00, 1.176283958671297e-02, 1.567703270530676e-12, 0.000000000000000e+00, 0.000000000000000e+00, -1.097991863961596e+05, 3.620258998263418e-04
74, 2.748983851844089e-02, 3.751693580259853e-03, 1.555545177422824e+00, 1.175474945155882e-02, 1.566609984185802e-12, 0.000000000000000e+00, 0.000000000000000e+00, -1.097326778151279e+05, 3.617769051491919e-04
75, 2.773432172327564e-02, 3.710946379454061e-03, 1.554159878829498e+00, 1.174428120022391e-02, 1.565191816303599e-12, 0.000000000000000e+00, 0.000000000000000e+00, -1.096480539406059e+05, 3.614547284465120e-04
76, 2.797880492811055e-02, 3.670199178648242e-03, 1.552787417075568e+00, 1.173390995271313e-02, 1.563788527656719e-12, 0.000000000000000e+00, 0.000000000000000e+00, -1.095652424955940e+05, 3.611355416723734e-04
77, 2.822328813294617e-02, 3.629451977842306e-03, 1.551362766718937e+00, 1.172314433288973e-02, 1.562344143967889e-12, 0.000000000000000e+00, 0.000000000000000e+00, -1.094697862782660e+05, 3.608042208786838e-04
78, 2.846777133778085e-02, 3.588704777036526e-03, 1.549034766283892e+00, 1.170555239005560e-02, 1.560031725466403e-12, 0.000000000000000e+00, 0.000000000000000e+00, -1.092859204176548e+05, 3.602627542130008e-04
79, 2.871229899926069e-02, 3.547950166789886e-03, 1.544967895151037e+00, 1.167482036638149e-02, 1.556038867278441e-12, 0.000000000000000e+00, 0.000000000000000e+00, -1.089812185817627e+05, 3.593170169413622e-04
80, 2.938333979933390e-02, 3.524731599957025e-03, 1.534405422502957e+00, 1.159500319271840e-02, 1.545410069190933e-12, 0.000000000000000e+00, 0.000000000000000e+00, -1.077604325310068e+05, 3.568608189689802e-04
81, 2.977818360006263e-02, 3.550205393552428e-03, 1.533875897676964e+00, 1.159100174567061e-02, 1.544854838690170e-12, 0.000000000000000e+00, 0.000000000000000e+00, -1.080310358120105e+05, 3.567374398413039e-04
82, 3.008472355953306e-02, 3.569982165131165e-03, 1.532736216856508e+00, 1.158238954803496e-02, 1.543687692324188e-12, 0.000000000000000e+00, 0.000000000000000e+00, -1.080517976644220e+05, 3.564723150615444e-04
83, 3.033472039049028e-02, 3.586110992934857e-03, 1.531698715927703e+00, 1.157454949063846e-02, 1.542629926268400e-12, 0.000000000000000e+00, 0.000000000000000e+00, -1.079908230470784e+05, 3.562310016307919e-04
84, 3.058338887892026e-02, 3.602154121220662e-03, 1.530790187780204e+00, 1.156768403864228e-02, 1.541702479636914e-12, 0.000000000000000e+00, 0.000000000000000e+00, -1.079507155164435e+05, 3.560196766771150e-04
85, 3.083205736735024e-02, 3.618197249506466e-03, 1.529939364712172e+00, 1.156125464518109e-02, 1.540830625906322e-12, 0.000000000000000e+00, 0.000000000000000e+00, -1.079078865095599e+05, 3.558218026883022e-04
86, 3.108072585578021e-02, 3.634240377792271e-03, 1.528767968032435e+00, 1.155240278110249e-02, 1.539639192637350e-12, 0.000000000000000e+00, 0.000000000000000e+00, -1.078309743948747e+05, 3.555493639714411e-04
87, 3.135518303494283e-02, 3.651947292576957e-03, 1.528001901518066e+00, 1.154661386537678e-02, 1.538867962872233e-12, 0.000000000000000e+00, 0.000000000000000e+00, -1.077609433046312e+05, 3.553711982136077e-04
88, 3.166986328998877e-02, 3.672249244515404e-03, 1.527894748482292e+00, 1.154580414470344e-02, 1.538766984784492e-12, 0.000000000000000e+00, 0.000000000000000e+00, -1.077274692280894e+05, 3.553462745822606e-04
89, 3.192350897593998e-02, 3.688613482318708e-03, 1.528130161607143e+00, 1.154758308519349e-02, 1.539010162997310e-12, 0.000000000000000e+00, 0.000000000000000e+00, -1.077344282801083e+05, 3.554010225799345e-04
90, 3.217217746436996e-02, 3.704656610604513e-03, 1.528371997060147e+00, 1.154941055713053e-02, 1.539268880971761e-12, 0.000000000000000e+00, 0.000000000000000e+00, -1.078044423592468e+05, 3.554572732952086e-04
91, 3.242084595279993e-02, 3.720699738890318e-03, 1.527369257085616e+00, 1.154183317697035e-02, 1.538254237725227e-12, 0.000000000000000e+00, 0.000000000000000e+00, -1.077468434433183e+05, 3.552240231982006e-04
92, 3.266951444122991e-02, 3.736742867176123e-03, 1.526013962094116e+00, 1.153159165310513e-02, 1.536877318255742e-12, 0.000000000000000e+00, 0.000000000000000e+00, -1.076404799341289e+05, 3.549091608432707e-04
93, 3.293378727651299e-02, 3.753792727516967e-03, 1.525263095680513e+00, 1.152591759960183e-02, 1.536132632235378e-12, 0.000000000000000e+00, 0.000000000000000e+00, -1.075799462910133e+05, 3.547352981081293e-04
94, 3.325255094925906e-02, 3.774358125758649e-03, 1.525230940867531e+00, 1.152567461612839e-02, 1.536110350082704e-12, 0.000000000000000e+00, 0.000000000000000e+00, -1.075438622513005e+05, 3.547249145638449e-04
95, 3.351229756143908e-02, 3.791115971705747e-03, 1.524904165026028e+00, 1.152320527727573e-02, 1.535769234118730e-12, 0.000000000000000e+00, 0.000000000000000e+00, -1.074981962330992e+05, 3.546738181256578e-04
96, 3.376096604986906e-02, 3.807159099991552e-03, 1.524526320197279e+00, 1.152035002668067e-02, 1.535364948647933e-12, 0.000000000000000e+00, 0.000000000000000e+00, -1.074983338292002e+05, 3.545186000600026e-04
97, 3.400963453829905e-02, 3.823202228277358e-03, 1.522406295817397e+00, 1.150432969131640e-02, 1.533146530217604e-12, 0.000000000000000e+00, 0.000000000000000e+00, -1.073469847400680e+05, 3.538775796182322e-04
98, 3.425830302672904e-02, 3.839245356563163e-03, 1.515987363451925e+00, 1.145582390517963e-02, 1.526451715156833e-12, 0.000000000000000e+00, 0.000000000000000e+00, -1.069396804099255e+05, 3.522579921448798e-04
99, 3.451504837384321e-02, 3.855809572506013e-03, 1.494787699270388e+00, 1.129562493151664e-02, 1.504494822473450e-12, 0.000000000000000e+00, 0.000000000000000e+00, -1.048719373008527e+05, 3.579210366018725e-04
100, 3.483265703251182e-02, 3.876300453710440e-03, 1.443573038580607e+00, 1.090861238222096e-02, 1.455075942347245e-12, 0.000000000000000e+00, 0.000000000000000e+00, -1.007341702208614e+05, 3.586612961161442e-04
101, 3.510108614685477e-02, 3.893618461087405e-03, 1.280716502652285e+00, 9.677958458327054e-03, 1.292708950659444e-12, 0.000000000000000e+00, 0.000000000000000e+00, -6.790025904171958e+04, 3.585948616007785e-04
102, 3.534975463528379e-02, 3.909661589373148e-03, 1.162178455332483e+00, 8.782204952131681e-03, 1.173445185166573e-12, 0.000000000000000e+00, 0.000000000000000e+00, -5.224645413501658e+04, 4.261341272327415e-04
103, 3.559842312371272e-02, 3.925704717658886e-03, 1.069395800032164e+00, 8.081076574548171e-03, 1.079232284430611e-12, 0.000000000000000e+00, 0.000000000000000e+00, -3.801983734384043e+04, 6.438401941070495e-04
104, 3.584709161214272e-02, 3.941747845944691e-03, 1.006694516026162e+00, 7.607263345285390e-03, 1.014722434376444e-12, 0.000000000000000e+00, 0.000000000000000e+00, -2.942178390658287e+04, 1.085536590529307e-03
105, 3.609883312075142e-02, 3.957989233596865e-03, 9.563219993215667e-01, 7.226614604443952e-03, 9.644880613343706e-13, 0.000000000000000e+00, 0.000000000000000e+00, -2.154003706763965e+04, 1.968764973380096e-03
106, 3.641004525913807e-02, 3.978067436073423e-03, 9.276743587481725e-01, 7.010133693308282e-03, 9.370020052033771e-13, 0.000000000000000e+00, 0.000000000000000e+00, -1.764116158418648e+04, 3.280941548179417e-03
107, 3.668987473246774e-02, 3.996120950481789e-03, 9.147171607318707e-01, 6.912220358173217e-03, 9.234451482458996e-13, 0.000000000000000e+00, 0.000000000000000e+00, -1.711203164156858e+04, 5.297297040614100e-03
108, 3.693854322089651e-02, 4.012164078767516e-03, 8.963604190822014e-01, 6.773504426312612e-03, 9.042773572578932e-13, 0.000000000000000e+00, 0.000000000000000e+00, -1.459765750280545e+04, 8.479563537576352e-03
109, 3.718721170932620e-02, 4.028207207053303e-03, 8.809457882308175e-01, 6.657021069753321e-03, 8.885582988309943e-13, 0.000000000000000e+00, 0.000000000000000e+00, -1.333277877847810e+04, 1.274380811994377e-02
110, 3.743588019775574e-02, 4.044250335339080e-03, 8.629506073403124e-01, 6.521037335063705e-03, 8.709931683479261e-13, 0.000000000000000e+00, 0.000000000000000e+00, -1.061881050341478e+04, 1.963433536651462e-02
111, 3.768501491438749e-02, 4.060323542863708e-03, 8.485587776989751e-01, 6.412282954899529e-03, 8.586477253105660e-13, 0.000000000000000e+00, 0.000000000000000e+00, -9.543448519124820e+03, 2.878167390718067e-02
112, 3.798457212214384e-02, 4.079649814331861e-03, 8.274154683406717e-01, 6.252509836320927e-03, 8.387172832076744e-13, 0.000000000000000e+00, 0.000000000000000e+00, -5.528643220420731e+03, 4.369335364657995e-02
113, 3.827857848705076e-02, 4.098617966906501e-03, 8.239542502482848e-01, 6.226354535876689e-03, 8.335979389498380e-13, 0.000000000000000e+00, 0.000000000000000e+00, -6.776999937788726e+03, 6.116481549197773e-02
114, 3.852733180643538e-02, 4.114666568157121e-03, 8.144461566989503e-01, 6.154504962459058e-03, 8.217215948300240e-13, 0.000000000000000e+00, 0.000000000000000e+00, -5.207841441590607e+03, 8.576841202480920e-02
115, 3.877600029486399e-02, 4.130709696442837e-03, 8.049542130095609e-01, 6.082777428283710e-03, 8.112010151729714e-13, 0.000000000000000e+00, 0.000000000000000e+00, -4.000511399796959e+03, 1.169763945052514e-01
116, 3.902466878329259e-02, 4.146752824728554e-03, 7.958131606264831e-01, 6.013701465691467e-03, 8.018182576522583e-13, 0.000000000000000e+00, 0.000000000000000e+00, -3.485237677748601e+03, 1.527842941415159e-01
117, 3.927333727172188e-02, 4.162795953014315e-03, 7.612411383306866e-01, 5.752451926932515e-03, 7.668760134023622e-13, 0.000000000000000e+00, 0.000000000000000e+00, 4.691097642596487e+03, 2.324122533521343e-01
118, 3.955810584082566e-02, 4.181168118762946e-03, 7.592512100051741e-01, 5.737414685173682e-03, 7.679511046962507e-13, 0.000000000000000e+00, 0.000000000000000e+00, 3.596247663868470e+03, 2.958401836390322e-01
119, 3.986561699708331e-02, 4.201007548198923e-03, 7.573886748378663e-01, 5.723340112122932e-03, 7.645430542672580e-13, 0.000000000000000e+00, 0.000000000000000e+00, 2.454354388144336e+03, 3.800401381894153e-01
120, 4.011612039202887e-02, 4.217169057550249e-03, 7.476259168692524e-01, 5.649566122441442e-03, 7.504656098886160e-13, 0.000000000000000e+00, 0.000000000000000e+00, 3.545068946358727e+03, 4.926769564860702e-01
121, 4.036478888045759e-02, 4.233212185835973e-03, 7.545710562095760e-01, 5.702048283701256e-03, 7.589874325834716e-13, 0.000000000000000e+00, 0.000000000000000e+00, 2.196097305422542e+03, 5.837726551116226e-01
122, 4.061345736888618e-02, 4.249255314121688e-03, 7.479340098427896e-01, 5.651894280929361e-03, 7.524004804369437e-13, 0.000000000000000e+00, 0.000000000000000e+00, 2.488213731009987e+03, 7.323997071484216e-01
123, 4.086212585731475e-02, 4.265298442407403e-03, 7.283764340572932e-01, 5.504104035699369e-03, 7.323402528895278e-13, 0.000000000000000e+00, 0.000000000000000e+00, 5.914370473008675e+03, 9.663494698400499e-01
124, 4.113445171015735e-02, 4.282867852268216e-03, 7.205005107466659e-01, 5.444588242418089e-03, 7.260462991046267e-13, 0.000000000000000e+00, 0.000000000000000e+00, 6.937899126585434e+03, 1.219677219870721e+00
125, 4.145030368599037e-02, 4.303245399096153e-03, 7.263374762400081e-01, 5.488696294003393e-03, 7.333257726653631e-13, 0.000000000000000e+00, 0.000000000000000e+00, 5.490781627188995e+03, 1.440901272174136e+00
126, 4.170490897741318e-02, 4.319671546929882e-03, 7.303100733787901e-01, 5.518715919737018e-03, 7.374800936059420e-13, 0.000000000000000e+00, 0.000000000000000e+00, 5.213465807381526e+03, 1.751663499915259e+00
127, 4.195357746584315e-02, 4.335714675215686e-03, 7.338481210324304e-01, 5.545451796211181e-03, 7.421848651555198e-13, 0.000000000000000e+00, 0.000000000000000e+00, 3.745542811936674e+03, 2.035066208427182e+00
128, 4.220224595427311e-02, 4.351757803501491e-03, 7.292191103748535e-01, 5.510471866807855e-03, 7.380789576999616e-13, 0.000000000000000e+00, 0.000000000000000e+00, 4.180959348444059e+03, 2.404294061425320e+00
129, 4.245091444270308e-02, 4.367800931787296e-03, 7.166165974680454e-01, 5.415238771794265e-03, 7.250902195825290e-13, 0.000000000000000e+00, 0.000000000000000e+00, 6.234789763856520e+03, 2.915850570184411e+00
130, 4.271356777480612e-02, 4.384746308052008e-03, 7.042399711999154e-01, 5.321712628710356e-03, 7.123118562102089e-13, 0.000000000000000e+00, 0.000000000000000e+00, 7.646395655004234e+03, 3.509713366961845e+00
131, 4.303251435836344e-02, 4.405323506991190e-03, 6.904654381929525e-01, 5.217622958637156e-03, 6.951807485089719e-13, 0.000000000000000e+00, 0.000000000000000e+00, 1.079600534863434e+04, 4.339938236258506e+00
132, 4.329369756275998e-02, 4.422174036307095e-03, 6.878054575470490e-01, 5.197522349226896e-03, 6.891973376554653e-13, 0.000000000000000e+00, 0.000000000000000e+00, 1.104672234481759e+04, 5.077037364369803e+00
133, 4.354236605119135e-02, 4.438217164592990e-03, 6.980657248995777e-01, 5.275055855668932e-03, 6.997711856045064e-13, 0.000000000000000e+00, 0.000000000000000e+00, 8.495935248913258e+03, 5.552796331453003e+00
134, 4.379103453962270e-02, 4.454260292878883e-03, 7.086455524579276e-01, 5.355004174747824e-03, 7.117427511666373e-13, 0.000000000000000e+00, 0.000000000000000e+00, 5.736103939902859e+03, 6.009062808365033e+00
135, 4.403970302805392e-02, 4.470303421164768e-03, 7.046241601639982e-01, 5.324615819881083e-03, 7.082208915626045e-13, 0.000000000000000e+00, 0.000000000000000e+00, 6.395749425905985e+03, 6.901377990400430e+00
136, 4.429531502615652e-02, 4.486794517816549e-03, 6.973077543651451e-01, 5.269328118628894e-03, 7.018711747757237e-13, 0.000000000000000e+00, 0.000000000000000e+00, 7.174940160558333e+03, 7.924003501750147e+00
137, 4.461211831404633e-02, 4.507233439615892e-03, 6.727376377840304e-01, 5.083659731369151e-03, 6.748499188668819e-13, 0.000000000000000e+00, 0.000000000000000e+00, 1.367098395620188e+04, 1.026365675099524e+01
138, 4.488248614825451e-02, 4.524676525693839e-03, 6.669233187872572e-01, 5.039722812002168e-03, 6.661125040139380e-13, 0.000000000000000e+00, 0.000000000000000e+00, 1.527033926152462e+04, 1.180222774209867e+01
139, 4.513115463668611e-02, 4.540719653979749e-03, 6.855220444341070e-01, 5.180267338299576e-03, 6.858224614739802e-13, 0.000000000000000e+00, 0.000000000000000e+00, 9.280826159195220e+03, 1.188120704886977e+01
140, 4.537982312511749e-02, 4.556762782265644e-03, 6.820789221531059e-01, 5.154248782014496e-03, 6.862915606599929e-13, 0.000000000000000e+00, 0.000000000000000e+00, 1.118762210920844e+04, 1.431047076655327e+01
141, 4.562849161354886e-02, 4.572805910551540e-03, 7.110809835025357e-01, 5.373407935779133e-03, 7.223259256371667e-13, 0.000000000000000e+00, 0.000000000000000e+00, 3.771841686792075e+03, 1.387202811540113e+01
142, 4.587956153519549e-02, 4.589003970012611e-03, 7.007706366693519e-01, 5.295495994968923e-03, 7.157836194180902e-13, 0.000000000000000e+00, 0.000000000000000e+00, 6.562550606012113e+03, 1.656655869008009e+01
143, 4.618897783901763e-02, 4.608966312194685e-03, 6.756609540860374e-01, 5.105750282755470e-03, 6.882500042971654e-13, 0.000000000000000e+00, 0.000000000000000e+00, 1.166793535131250e+04, 1.979130634620803e+01
144, 4.647127473361013e-02, 4.627179015071621e-03, 6.773874506752644e-01, 5.118796856484018e-03, 6.854294639152294e-13, 0.000000000000000e+00, 0.000000000000000e+00, 1.106826603266342e+04, 2.171257170682986e+01
145, 4.671994322204176e-02, 4.643222143357532e-03, 6.951706494015990e-01, 5.253178710837783e-03, 7.045128410504007e-13, 0.000000000000000e+00, 0.000000000000000e+00, 7.617441904945060e+03, 2.243734714989425e+01
146, 4.696861171047219e-02, 4.659265271643367e-03, 7.097200616416871e-01, 5.363123891488119e-03, 7.230295420031855e-13, 0.000000000000000e+00, 0.000000000000000e+00, 4.865356419323660e+03, 2.298050015378791e+01
147, 4.721728019890248e-02, 4.675308399929192e-03, 6.990145052565890e-01, 5.282225480518458e-03, 7.115297649682065e-13, 0.000000000000000e+00, 0.000000000000000e+00, 7.401075447745686e+03, 2.583969114910860e+01
148, 4.746618193476981e-02, 4.691366576436762e-03, 6.862275394837032e-01, 5.185598535135371e-03, 6.957655270266273e-13, 0.000000000000000e+00, 0.000000000000000e+00, 7.924488144240226e+03, 2.857474703496101e+01
149, 4.776294815578493e-02, 4.710512784244189e-03, 6.630938139251464e-01, 5.010784488095881e-03, 6.707217257558653e-13, 0.000000000000000e+00, 0.000000000000000e+00, 1.405392452536311e+04, 3.482314054428522e+01
150, 4.805982276316532e-02, 4.729665984720344e-03, 6.703849894573355e-01, 5.065881532422590e-03, 6.760561041002400e-13, 0.000000000000000e+00, 0.000000000000000e+00, 1.208494456732486e+04, 3.671454311183180e+01
151, 4.830873180743606e-02, 4.745724632737810e-03, 6.846337867527268e-01, 5.173555063621561e-03, 6.908019893850230e-13, 0.000000000000000e+00, 0.000000000000000e+00, 9.754952897736535e+03, 3.919441196712840e+01
152, 4.855740029586604e-02, 4.761767761023615e-03, 7.025645668337823e-01, 5.309052142314807e-03, 7.124919435143139e-13, 0.000000000000000e+00, 0.000000000000000e+00, 6.436330897385191e+03, 3.979183579638989e+01
153, 4.880606878429709e-02, 4.777810889309489e-03, 7.090472706339702e-01, 5.358039828459280e-03, 7.212218165474589e-13, 0.000000000000000e+00, 0.000000000000000e+00, 4.514313483728878e+03, 4.131421012238032e+01
154, 4.905473727272804e-02, 4.793854017595357e-03, 6.949476725687814e-01, 5.251493747360951e-03, 7.078647643328630e-13, 0.000000000000000e+00, 0.000000000000000e+00, 7.339908595441465e+03, 4.806649849098485e+01
155, 4.933693947205353e-02, 4.812060611100228e-03, 6.832909968715343e-01, 5.163408036799571e-03, 6.981868321129371e-13, 0.000000000000000e+00, 0.000000000000000e+00, 9.977318350129497e+03, 5.399584306156282e+01
156, 4.964642675480148e-02, 4.832027532567837e-03, 6.924372074543659e-01, 5.232522978234974e-03, 7.049360259037735e-13, 0.000000000000000e+00, 0.000000000000000e+00, 6.952783166531853e+03, 5.415057194496529e+01
157, 4.989752039303968e-02, 4.848227122131591e-03, 6.938427719688078e-01, 5.243144372555429e-03, 7.029785876708078e-13, 0.000000000000000e+00, 0.000000000000000e+00, 7.234106840465163e+03, 5.772662722873262e+01
158, 5.014618888147106e-02, 4.864270250417487e-03, 6.959089760837579e-01, 5.258758005666838e-03, 7.044318617321003e-13, 0.000000000000000e+00, 0.000000000000000e+00, 6.851466284336581e+03, 6.070161050362051e+01
159, 5.039485736990243e-02, 4.880313378703382e-03, 6.937064945039160e-01, 5.242114568035721e-03, 7.022942703873426e-13, 0.000000000000000e+00, 0.000000000000000e+00, 7.252119504352601e+03, 6.497753898580407e+01
160, 5.064352585833430e-02, 4.896356506989309e-03, 6.917952784012892e-01, 5.227672128971022e-03, 7.018183352235113e-13, 0.000000000000000e+00, 0.000000000000000e+00, 7.504430297173660e+03, 6.960457306889309e+01
161, 5.091381899864290e-02, 4.913794774105993e-03, 6.892190688513213e-01, 5.208204550504566e-03, 7.014876784603744e-13, 0.000000000000000e+00, 0.000000000000000e+00, 7.884224624683874e+03, 7.495729887271344e+01
162, 5.123065597185308e-02, 4.934235869151812e-03, 6.853212626296288e-01, 5.178750095429605e-03, 6.968190252952575e-13, 0.000000000000000e+00, 0.000000000000000e+00, 8.258362171896379e+03, 8.228989418485847e+01
163, 5.148630897858911e-02, 4.950729611521877e-03, 6.915711769598177e-01, 5.225978667195668e-03, 7.019753390376359e-13, 0.000000000000000e+00, 0.000000000000000e+00, 6.949133952715624e+03, 8.452825752369330e+01
164, 5.173497746701990e-02, 4.966772739807735e-03, 6.974034372607244e-01, 5.270051163170261e-03, 7.092800704664834e-13, 0.000000000000000e+00, 0.000000000000000e+00, 7.124941567604892e+03, 8.835153768721743e+01
165, 5.198364595545265e-02, 4.982815868093718e-03, 7.004123055084625e-01, 5.292788202827131e-03, 7.112855472528462e-13, 0.000000000000000e+00, 0.000000000000000e+00, 5.773015540628831e+03, 9.071050962964814e+01
166, 5.223231444388288e-02, 4.998858996379540e-03, 6.954917770858445e-01, 5.255605368401712e-03, 7.046336656143916e-13, 0.000000000000000e+00, 0.000000000000000e+00, 6.297704787063293e+03, 9.688593620874109e+01
167, 5.249344192048892e-02, 5.015705930354124e-03, 6.948659486202464e-01, 5.250876186040664e-03, 7.051130105148463e-13, 0.000000000000000e+00, 0.000000000000000e+00, 6.459817132724520e+03, 1.016231789721705e+02
168, 5.281238501501957e-02, 5.036282904194811e-03, 6.947659608005916e-01, 5.250120610578296e-03, 7.042764059342346e-13, 0.000000000000000e+00, 0.000000000000000e+00, 6.893036712053615e+03, 1.071259019667115e+02
169, 5.307509756421193e-02, 5.053232100916898e-03, 6.974238758636324e-01, 5.270205611057540e-03, 7.047288370554783e-13, 0.000000000000000e+00, 0.000000000000000e+00, 6.391911136534146e+03, 1.114447716494109e+02
170, 5.332376605264443e-02, 5.069275229202866e-03, 6.984969595085310e-01, 5.278314555478265e-03, 7.050693459631414e-13, 0.000000000000000e+00, 0.000000000000000e+00, 6.465834594400502e+03, 1.166737554929965e+02
171, 5.357243454107657e-02, 5.085318357488810e-03, 6.994290554290273e-01, 5.285358101477958e-03, 7.052360314246354e-13, 0.000000000000000e+00, 0.000000000000000e+00, 5.839408677105750e+03, 1.209738693726903e+02
172, 5.382110302950795e-02, 5.101361485774706e-03, 6.942162838336068e-01, 5.245966880353253e-03, 7.003544835985735e-13, 0.000000000000000e+00, 0.000000000000000e+00, 7.421619230155704e+03, 1.285931453674802e+02
173, 5.407567063054822e-02, 5.117785201970853e-03, 6.947251514708797e-01, 5.249812227737106e-03, 7.015392185453754e-13, 0.000000000000000e+00, 0.000000000000000e+00, 6.694154951305338e+03, 1.302356962070479e+02
174, 5.439148187647559e-02, 5.138160121062941e-03, 6.796355051715623e-01, 5.135784673841763e-03, 6.835295365310221e-13, 0.000000000000000e+00, 0.000000000000000e+00, 1.007022011020095e+04, 1.485898325810740e+02
175, 5.466388614963868e-02, 5.155734590299269e-03, 6.702983803674383e-01, 5.065227055681108e-03, 6.694369698386973e-13, 0.000000000000000e+00, 0.000000000000000e+00, 1.326675786295365e+04, 1.613201947627171e+02
176, 5.491255463807139e-02, 5.171777718585251e-03, 6.937609022798775e-01, 5.242525709932295e-03, 6.923120422061162e-13, 0.000000000000000e+00, 0.000000000000000e+00, 6.607429760856166e+03, 1.442954781346306e+02
177, 5.516122312650278e-02, 5.187820846871146e-03, 6.937643317379852e-01, 5.242551625232176e-03, 6.927382710710351e-13, 0.000000000000000e+00, 0.000000000000000e+00, 7.170952659392183e+03, 1.515644963511591e+02
178, 5.540989161493407e-02, 5.203863975157036e-03, 6.951783132689424e-01, 5.253236624204640e-03, 6.955208798286257e-13, 0.000000000000000e+00, 0.000000000000000e+00, 7.001692401548800e+03, 1.571121611390544e+02
179, 5.566037443332119e-02, 5.220024156988463e-03, 6.974879962714730e-01, 5.270690148150150e-03, 7.000039780386169e-13, 0.000000000000000e+00, 0.000000000000000e+00, 6.150106822479695e+03, 1.601716529814617e+02
180, 5.596780758655151e-02, 5.239858553971064e-03, 6.875063615935946e-01, 5.195262178294632e-03, 6.881341549692977e-13, 0.000000000000000e+00, 0.000000000000000e+00, 8.612958815401913e+03, 1.731657467273454e+02
181, 5.625267473514655e-02, 5.258237079686873e-03, 6.847659322891927e-01, 5.174553644513879e-03, 6.813413815133078e-13, 0.000000000000000e+00, 0.000000000000000e+00, 8.722318083065878e+03, 1.771960641196903e+02
182, 5.650134322357755e-02, 5.274280207972744e-03, 6.878479227917865e-01, 5.197843245290164e-03, 6.837338703026178e-13, 0.000000000000000e+00, 0.000000000000000e+00, 8.382175162788983e+03, 1.806561344201538e+02
183, 5.675001171200753e-02, 5.290323336258550e-03, 6.988368819332139e-01, 5.280883238799452e-03, 6.967839111705599e-13, 0.000000000000000e+00, 0.000000000000000e+00, 6.016941395770768e+03, 1.768924124791257e+02
184, 5.699868020043834e-02, 5.306366464544409e-03, 7.071598987184384e-01, 5.343777572185725e-03, 7.075374156911065e-13, 0.000000000000000e+00, 0.000000000000000e+00, 4.410095271041155e+03, 1.742769380062032e+02
185, 5.724742919715919e-02, 5.322414786913496e-03, 7.078971695523943e-01, 5.349348888308634e-03, 7.102406745161647e-13, 0.000000000000000e+00, 0.000000000000000e+00, 4.198050381408088e+03, 1.763275251118290e+02
186, 5.754132821484625e-02, 5.341376013861048e-03, 6.888860487578059e-01, 5.205688025881484e-03, 6.908542892318039e-13, 0.000000000000000e+00, 0.000000000000000e+00, 9.549907054029749e+03, 1.997478846947950e+02
187, 5.784098675032533e-02, 5.360708822601633e-03, 6.974264877178059e-01, 5.270225348000812e-03, 6.969310379340845e-13, 0.000000000000000e+00, 0.000000000000000e+00, 6.247023135942477e+03, 1.852781320733079e+02
188, 5.809013180903226e-02, 5.376782697356920e-03, 7.029642579035621e-01, 5.312072477868568e-03, 7.020126493291517e-13, 0.000000000000000e+00, 0.000000000000000e+00, 5.523705009396410e+03, 1.832060666253664e+02
189, 5.833880029746244e-02, 5.392825825642738e-03, 7.017915376509072e-01, 5.303210611980117e-03, 7.004749532301013e-13, 0.000000000000000e+00, 0.000000000000000e+00, 5.986478974481643e+03, 1.834483765401384e+02
190, 5.858746878589382e-02, 5.408868953928633e-03, 7.007326547448481e-01, 5.295208977928977e-03, 6.997728236227515e-13, 0.000000000000000e+00, 0.000000000000000e+00, 5.829259726879762e+03, 1.751817546793419e+02
191, 5.883613727432434e-02, 5.424912082214474e-03, 6.745225652635545e-01, 5.097147848348150e-03, 6.728920667229489e-13, 0.000000000000000e+00, 0.000000000000000e+00, 1.189754317386404e+04, 1.913856201729218e+02
192, 5.911587588862697e-02, 5.442959734750126e-03, 6.479891302754088e-01, 4.896643301838483e-03, 6.461287131482399e-13, 0.000000000000000e+00, 0.000000000000000e+00, 1.489210478353400e+04, 1.895235120397105e+02
193, 5.949233286497251e-02, 5.467247281611128e-03, 5.866749781413024e-01, 4.433312177396097e-03, 5.869195132447902e-13, 0.000000000000000e+00, 0.000000000000000e+00, 3.134957271041529e+04, 2.403783580775837e+02
194, 6.066546448186374e-02, 5.500000000000000e-03, 5.409773806647747e-01, 4.087990282098003e-03, 5.478353842208988e-13, 0.000000000000000e+00, 0.000000000000000e+00, 4.054777963330956e+04, 2.430467675600544e+02
195, 6.155052727783204e-02, 5.500000000000000e-03, 5.337457464300585e-01, 4.033343172010184e-03, 5.419522380710165e-13, 0.000000000000000e+00, 0.000000000000000e+00, 4.442283891796339e+04, 2.398084892801310e+02
196, 6.252155215794593e-02, 5.500000000000000e-03, 5.543620493711264e-01, 4.189133874336450e-03, 5.622043453362517e-13, 0.000000000000000e+00, 0.000000000000000e+00, 4.339168186678551e+04, 2.116427034660042e+02
197, 6.349257703805664e-02, 5.500000000000000e-03, 6.202054589948736e-01, 4.686691125902328e-03, 6.278679539820959e-13, 0.000000000000000e+00, 0.000000000000000e+00, 2.984151696851467e+04, 1.508157217066758e+02
198, 6.446360191816500e-02, 5.500000000000000e-03, 6.852005859961190e-01, 5.177838181328921e-03, 6.922112189491152e-13, 0.000000000000000e+00, 0.000000000000000e+00, 1.904407248887308e+04, 1.008418044802811e+02
199, 6.543462679827240e-02, 5.500000000000000e-03, 7.667478194388611e-01, 5.794064126738982e-03, 7.752757065353454e-13, 0.000000000000000e+00, 0.000000000000000e+00, 3.850814272457606e+03, 5.122666804650363e+01
200, 6.640565167838525e-02, 5.500000000000000e-03, 8.350169633943899e-01, 6.309951864438522e-03, 8.438303731841657e-13, 0.000000000000000e+00, 0.000000000000000e+00, -6.242329357142783e+03, 2.177366797553989e+01
201, 6.737667655849748e-02, 5.500000000000000e-03, 8.925917534803380e-01, 6.745025844938031e-03, 9.009193845774783e-13, 0.000000000000000e+00, 0.000000000000000e+00, -1.670768352668732e+04, 6.366274816461054e+00
202, 6.834770143861088e-02, 5.500000000000000e-03, 9.572238589560070e-01, 7.233429664653263e-03, 9.661499126839661e-13, 0.000000000000000e+00, 0.000000000000000e+00, -2.896693145107924e+04, 1.097348020039052e+00
203, 6.931872631871829e-02, 5.500000000000000e-03, 9.844581517414950e-01, 7.439230365804842e-03, 9.920931955827748e-13, 0.000000000000000e+00, 0.000000000000000e+00, -3.159144221426778e+04, 2.221650194444982e-01
204, 7.028975119882608e-02, 5.500000000000000e-03, 1.018792487678710e+00, 7.698683785986154e-03, 1.025925627442431e-12, 0.000000000000000e+00, 0.000000000000000e+00, -3.798353675258110e+04, 3.118921455619170e-02
205, 7.126077607894393e-02, 5.500000000000000e-03, 1.062744298558718e+00, 8.030813339234735e-03, 1.070869451057726e-12, 0.000000000000000e+00, 0.000000000000000e+00, -4.558944992463676e+04, 3.270242604180756e-03
206, 7.223180095906218e-02, 5.500000000000000e-03, 1.100421097809074e+00, 8.315524668582465e-03, 1.108899169743456e-12, 0.000000000000000e+00, 0.000000000000000e+00, -5.176673644218528e+04, 6.896523638006241e-04
207, 7.320282583917501e-02, 5.500000000000000e-03, 1.132028289706228e+00, 8.554369947402879e-03, 1.140269500896223e-12, 0.000000000000000e+00, 0.000000000000000e+00, -5.680461680757757e+04, 3.118400516430729e-04
208, 7.417385071929403e-02, 5.500000000000000e-03, 1.163077913970465e+00, 8.789001868795466e-03, 1.171218569621985e-12, 0.000000000000000e+00, 0.000000000000000e+00, -6.215259080268091e+04, 2.747834663130814e-04
209, 7.514487559941149e-02, 5.500000000000000e-03, 1.193906375565123e+00, 9.021962535757844e-03, 1.202099326060413e-12, 0.000000000000000e+00, 0.000000000000000e+00, -6.726255920156604e+04, 2.787591678269449e-04
210, 7.611590047953283e-02, 5.500000000000000e-03, 1.218417515034979e+00, 9.207185252154736e-03, 1.226771026857238e-12, 0.000000000000000e+00, 0.000000000000000e+00, -7.022423825829670e+04, 2.842072658605547e-04
211, 7.708692535964798e-02, 5.500000000000000e-03, 1.254456021747864e+00, 9.479516537138074e-03, 1.263623845935389e-12, 0.000000000000000e+00, 0.000000000000000e+00, -7.672970696098194e+04, 2.923947717579131e-04
212, 7.805795023976583e-02, 5.500000000000000e-03, 1.292380642203917e+00, 9.766100570810484e-03, 1.302311608179349e-12, 0.000000000000000e+00, 0.000000000000000e+00, -8.298102944836045e+04, 3.010479702287202e-04
213, 7.902897511988446e-02, 5.500000000000000e-03, 1.328364743163512e+00, 1.003802072919589e-02, 1.338173679939155e-12, 0.000000000000000e+00, 0.000000000000000e+00, -8.885642913043215e+04, 3.091936830097831e-04
214, 1.200000000000000e-02, 4.467104229392380e-03, 1.818900099911799e+00, 1.374483702704194e-02, 1.832017667091820e-12, 3.326332462013717e+01, 8.310251572974874e+00, -1.292677220894010e+05, 4.230259873786176e-04
215, 1.200000000000000e-02, 5.120561727863367e-03, 1.813714999761615e+00, 1.370565491003809e-02, 1.826736723671349e-12, 3.710348287405613e+01, -1.387597002369849e+00, -1.291043853638190e+05, 4.218199431058307e-04
216, 8.000000000000000e-02, 9.166666666647197e-04, 1.352444240009262e+00, 1.021998166253905e-02, 1.362389610186813e-12, -2.665577486190383e+01, -9.267310483324211e-02, -8.986395365823226e+04, 3.245791726455857e-04
217, 8.000000000000000e-02, 1.833333333328681e-03, 1.350325506873273e+00, 1.020397108468533e-02, 1.360167743792355e-12, -2.433798342486121e+01, -3.832733283610877e-01, -8.966464142854237e+04, 3.235951724950816e-04
218, 8.000000000000000e-02, 2.749999999992762e-03, 1.348141308528964e+00, 1.018746580752427e-02, 1.357987934293674e-12, -2.107412631061223e+01, -1.250570394202146e+00, -8.921064962590273e+04, 3.222757189078136e-04
219, 8.000000000000000e-02, 3.666666666661787e-03, 1.346242073369851e+00, 1.017311390455857e-02, 1.356172353780832e-12, -1.600027088903748e+01, -7.779779280354269e-01, -8.873911220087019e+04, 3.203879081583348e-04
220, 8.000000000000000e-02, 4.583333333330951e-03, 1.346472158570414e+00, 1.017485258365628e-02, 1.356211631643989e-12, -8.325680770916696e+00, 5.092290734728301e-01, -8.854419438648017e+04, 3.178627695364897e-04
221, 6.073081159100239e-02, 0.000000000000000e+00, 1.007220295263667e-01, 7.611236488134728e-04, 1.017750779096942e-13, 4.215695178257219e+00, 4.359917499071517e-01, 1.481111769370708e+05, 3.791991490835499e+03
222, 6.165936290135871e-02, 0.000000000000000e+00, 1.117879240933893e-01, 8.447450183375004e-04, 1.129802158596559e-13, 3.477114285741662e+00, 6.302002083876627e-01, 1.455912742912507e+05, 3.386458469132437e+03
223, 6.262465959075988e-02, 0.000000000000000e+00, 1.341102781646355e-01, 1.013427794694430e-03, 1.355505284044722e-13, 3.142732801633572e+00, 9.280572875688808e-01, 1.410505140411262e+05, 2.855074103711757e+03
224, 6.358995628015786e-02, 0.000000000000000e+00, 1.791742357939899e-01, 1.353961479552265e-03, 1.800819381026619e-13, 3.446464940109274e+00, 1.042074876499996e+00, 1.322000780577929e+05, 2.284936929052964e+03
225, 6.455525296955597e-02, 0.000000000000000e+00, 2.665119259027293e-01, 2.013944024458385e-03, 2.652736007425930e-13, 4.757668686043671e+00, 1.137121247907615e+00, 1.152774193369890e+05, 1.705497509432783e+03
226, 6.552054965895145e-02, 0.000000000000000e+00, 3.858909726710776e-01, 2.916052690215278e-03, 3.845557980512376e-13, 5.481686552651924e+00, -7.060328835432531e-01, 9.075409464845376e+04, 1.037020543247060e+03
227, 6.648584634835233e-02, 0.000000000000000e+00, 5.227501411845439e-01, 3.950252956055657e-03, 5.255727496243859e-13, 2.264137346696011e+00, -1.297395281767897e-01, 6.381015323458677e+04, 3.879462105151403e+02
228, 6.745114303775136e-02, 0.000000000000000e+00, 6.259224712654939e-01, 4.729892729965081e-03, 6.312545451339778e-13, -4.460195961926741e+00, 7.046181981586069e-01, 4.460968475163196e+04, 5.849244613858318e+01
229, 6.841643972715411e-02, 0.000000000000000e+00, 6.961698593825797e-01, 5.260729415989368e-03, 7.014417901609957e-13, -8.734054828124288e+00, 1.574918342598107e+00, 3.187719659709991e+04, 6.894878518112705e+00
230, 6.938173641654946e-02, 0.000000000000000e+00, 7.621050809913757e-01, 5.758980460892303e-03, 7.677230375315989e-13, -1.218434543821522e+01, 5.898853829437801e-01, 1.941872508609388e+04, 6.858630473787629e-01
231, 7.034703310594505e-02, 0.000000000000000e+00, 8.266616193724466e-01, 6.246813244628992e-03, 8.322546852754812e-13, -1.541618498082305e+01, 2.082291432140231e-01, 7.477991180668918e+03, 5.538940568203250e-02
232, 7.131232979535136e-02, 0.000000000000000e+00, 8.845051654555821e-01, 6.683918126869193e-03, 8.906194625732168e-13, -1.785592222195317e+01, 3.037376986190156e-01, -3.199034853504641e+03, 4.198075400695490e-03
233, 7.227762648475766e-02, 0.000000000000000e+00, 9.420089151162819e-01, 7.118455277957339e-03, 9.487968227780010e-13, -2.022372929305693e+01, -1.057808536910746e-01, -1.395412717264803e+04, 4.604013274717144e-04
234, 7.324292317415855e-02, 0.000000000000000e+00, 9.980963490156270e-01, 7.542289791050683e-03, 1.005275161173726e-12, -2.235951389155087e+01, -5.342427230309227e-02, -2.415015409935190e+04, 2.518829504292989e-04
235, 7.420821986356504e-02, 0.000000000000000e+00, 1.050504086211384e+00, 7.938318031824773e-03, 1.057977620398430e-12, -2.344340799414393e+01, -1.402594468411610e-01, -3.371402187680118e+04, 2.549337147215975e-04
236, 7.517351655297116e-02, 0.000000000000000e+00, 1.102927243712344e+00, 8.334462798834506e-03, 1.110825206368636e-12, -2.389192007187827e+01, -2.049375402963805e-01, -4.345048313082528e+04, 2.655252839139048e-04
237, 7.613881324238098e-02, 0.000000000000000e+00, 1.156388571373851e+00, 8.738452680407316e-03, 1.164940074175131e-12, -2.483197139112209e+01, -3.219895191697361e-01, -5.343129355852490e+04, 2.777029822445275e-04
238, 7.710410993178379e-02, 0.000000000000000e+00, 1.207020419408045e+00, 9.121061103839471e-03, 1.216023086506881e-12, -2.541152410667300e+01, 9.700706189011822e-02, -6.257442227983112e+04, 2.896843360906249e-04
239, 7.806940662118932e-02, 0.000000000000000e+00, 1.255903056746498e+00, 9.490451310427339e-03, 1.265243575145282e-12, -2.572846568157292e+01, -1.765165793160037e-01, -7.161777036684842e+04, 3.014314826083590e-04
240, 7.903470331059641e-02, 0.000000000000000e+00, 1.304791001768423e+00, 9.859881625454682e-03, 1.314324780527462e-12, -2.650914574498585e+01, -4.676976358780848e-01, -8.080087043488675e+04, 3.132429523778050e-04
241, 8.095506498595662e-02, 5.583557359982503e-03, 1.388600913751104e+00, 1.049320589736389e-02, 1.398941857437586e-12, 0.000000000000000e+00, 0.000000000000000e+00, -9.754730483756649e+04, 3.236237730376936e-04
242, 8.188111080263070e-02, 5.831690590896662e-03, 1.395456582436256e+00, 1.054501195795711e-02, 1.405778388985451e-12, 0.000000000000000e+00, 0.000000000000000e+00, -9.786791768337494e+04, 3.252976010342938e-04
243, 8.275000000541216e-02, 6.236860282310300e-03, 1.400125074597102e+00, 1.058029023625059e-02, 1.410527715644390e-12, 0.000000000000000e+00, 0.000000000000000e+00, -9.843176163789786e+04, 3.261728132609827e-04
244, 8.353533185485584e-02, 6.786755564171287e-03, 1.402129689927537e+00, 1.059543846292897e-02, 1.412529615160199e-12, 0.000000000000000e+00, 0.000000000000000e+00, -9.858531295883391e+04, 3.266869638604498e-04
245, 8.421324443507830e-02, 7.464668144249850e-03, 1.404102890282568e+00, 1.061034929684598e-02, 1.414516041948232e-12, 0.000000000000000e+00, 0.000000000000000e+00, -9.887412319280367e+04, 3.269384467884423e-04
246, 8.476313972137774e-02, 8.250000000975701e-03, 1.405267562736540e+00, 1.061915034813538e-02, 1.415720591706983e-12, 0.000000000000000e+00, 0.000000000000000e+00, -9.902628209854006e+04, 3.271400450925434e-04
247, 8.516830941619086e-02, 9.118889216842091e-03, 1.405549860272479e+00, 1.062128357888557e-02, 1.415980041532313e-12, 0.000000000000000e+00, 0.000000000000000e+00, -9.902641325863576e+04, 3.272693064110104e-04
248, 8.541644264192932e-02, 1.004493502488588e-02, 1.406505086652475e+00, 1.062850191425076e-02, 1.416949391665634e-12, 0.000000000000000e+00, 0.000000000000000e+00, -9.919422521710364e+04, 3.273375805909640e-04
249, 8.649999999999647e-02, 1.100000000000000e-02, 1.397723626025142e+00, 1.056214326971189e-02, 1.408004439241948e-12, -1.829654152611778e+00, 4.418212677646121e-01, -9.710004363089745e+04, 3.292179039933325e-04
250, 8.749999999999565e-02, 1.100000000000000e-02, 1.387915276600489e+00, 1.048802476020564e-02, 1.398186562069096e-12, -2.289330817261040e+00, 6.002104823027460e-01, -9.516499997086960e+04, 3.298698894450630e-04
251, 8.849999999999483e-02, 1.100000000000000e-02, 1.383197931570700e+00, 1.045237731665565e-02, 1.393411818712535e-12, -2.525159650625826e+00, 2.570353405011264e-01, -9.428252174355640e+04, 3.306851235681450e-04
252, 8.949999999999401e-02, 1.100000000000000e-02, 1.382360022426851e+00, 1.044604550952334e-02, 1.392538654450665e-12, -2.887761564470263e+00, -2.175165544958913e-01, -9.416202509817142e+04, 3.315382411838721e-04
253, 9.049999999998670e-02, 1.100000000000000e-02, 1.382596178558670e+00, 1.044783006467565e-02, 1.392762341902472e-12, -3.416055110508606e+00, -5.640923935007706e-01, -9.422269631147639e+04, 3.320897667596676e-04
254, 9.149999999998153e-02, 1.100000000000000e-02, 1.382715273258690e+00, 1.044873002462544e-02, 1.392876129560484e-12, -3.890304118039679e+00, -6.492117536093276e-01, -9.425053759248448e+04, 3.323303176988858e-04
255, 9.249999999998069e-02, 1.100000000000000e-02, 1.382728037837192e+00, 1.044882648239747e-02, 1.392886370326588e-12, -4.231210708874563e+00, -6.190625813762037e-01, -9.425922591570701e+04, 3.324179956625920e-04
256, 9.349999999997988e-02, 1.100000000000000e-02, 1.382739760374828e+00, 1.044891506580530e-02, 1.392897070791876e-12, -4.470649195461211e+00, -5.639151320444640e-01, -9.426836972531123e+04, 3.324522796889198e-04
257, 9.449999999997388e-02, 1.100000000000000e-02, 1.382765088170276e+00, 1.044910645972556e-02, 1.392922124185508e-12, -4.641045138801248e+00, -5.074924952121609e-01, -9.427863608549212e+04, 3.324687368275686e-04
258, 9.549999999996739e-02, 1.100000000000000e-02, 1.382784740068012e+00, 1.044925496273110e-02, 1.392941701666515e-12, -4.771953196612004e+00, -4.339455949412325e-01, -9.428647270468307e+04, 3.324758107411493e-04
259, 9.649999999996657e-02, 1.100000000000000e-02, 1.382786442620322e+00, 1.044926782836567e-02, 1.392942300402769e-12, -4.852344210318851e+00, -3.472974689055498e-01, -9.429132344399932e+04, 3.324751769382395e-04
260, 9.749999999996575e-02, 1.100000000000000e-02, 1.382794919685613e+00, 1.044933188679355e-02, 1.392950877859451e-12, -4.900222685451254e+00, -2.806763112594277e-01, -9.429584739823647e+04, 3.324754478432567e-04
261, 9.849999999996492e-02, 1.100000000000000e-02, 1.382811999323905e+00, 1.044946095207031e-02, 1.392969147962082e-12, -4.934877049489392e+00, -2.434903435340840e-01, -9.430009394874526e+04, 3.324778786285123e-04
262, 9.949999999996056e-02, 1.100000000000000e-02, 1.382814569793454e+00, 1.044948037627345e-02, 1.392972090342485e-12, -4.953601623427561e+00, -1.953131920726794e-01, -9.430192848491305e+04, 3.324761338260826e-04
263, 1.004999999999524e-01, 1.100000000000000e-02, 1.382817541145259e+00, 1.044950282981352e-02, 1.392975177710437e-12, -4.962106041048838e+00, -1.525546164026174e-01, -9.430378800721916e+04, 3.324742320001521e-04
264, 1.014999999999516e-01, 1.100000000000000e-02, 1.382821773219929e+00, 1.044953481022663e-02, 1.392979451301983e-12, -4.964008729055547e+00, -1.172873016434222e-01, -9.430555534454068e+04, 3.324725836366282e-04
265, 1.024999999999562e-01, 1.100000000000000e-02, 1.382825599331892e+00, 1.044956372291147e-02, 1.392983286284518e-12, -4.962983545957321e+00, -8.882194037307528e-02, -9.430696496748349e+04, 3.324707814162103e-04
266, 1.034999999999608e-01, 1.100000000000000e-02, 1.382828490681719e+00, 1.044958557190261e-02, 1.392986170157489e-12, -4.959772650092006e+00, -6.577966208806278e-02, -9.430800499238507e+04, 3.324686650571866e-04
267, 1.044999999999581e-01, 1.100000000000000e-02, 1.382830999515103e+00, 1.044960453034127e-02, 1.392988664650137e-12, -4.955003093939553e+00, -4.815074924811369e-02, -9.430883794667003e+04, 3.324663347304727e-04
268, 1.054999999999553e-01, 1.100000000000000e-02, 1.382833290009562e+00, 1.044962183886363e-02, 1.392990956223373e-12, -4.950278330403020e+00, -3.422604933881621e-02, -9.430950809143271e+04, 3.324640600644403e-04
269, 1.064999999999623e-01, 1.100000000000000e-02, 1.382834999091497e+00, 1.044963475384045e-02, 1.392992659503116e-12, -4.946486668828023e+00, -2.397702067659679e-02, -9.430996954823691e+04, 3.324616108045877e-04
270, 1.074999999999684e-01, 1.100000000000000e-02, 1.382836301750991e+00, 1.044964459761496e-02, 1.392993967100709e-12, -4.942882339365891e+00, -1.656468694462904e-02, -9.431029012223634e+04, 3.324590654693218e-04
271, 1.084999999999730e-01, 1.100000000000000e-02, 1.382837118918913e+00, 1.044965077268739e-02, 1.392994792698290e-12, -4.939564650119141e+00, -1.120643376528283e-02, -9.431048521397517e+04, 3.324566150352462e-04
272, 1.094999999999667e-01, 1.100000000000000e-02, 1.382837704410211e+00, 1.044965519705487e-02, 1.392995386108330e-12, -4.936841490919092e+00, -7.237103236983170e-03, -9.431061524306363e+04, 3.324539846368124e-04
273, 1.104999999999713e-01, 1.100000000000000e-02, 1.382838276284541e+00, 1.044965951852336e-02, 1.392995970581457e-12, -4.934881997669684e+00, -4.636228229102620e-03, -9.431071733698552e+04, 3.324512399360854e-04
274, 1.114999999999782e-01, 1.100000000000000e-02, 1.382838561683487e+00, 1.044966167519044e-02, 1.392996253759689e-12, -4.932474451827185e+00, -2.358432186332932e-03, -9.431077548193722e+04, 3.324494930213317e-04
275, 1.124999999999852e-01, 1.100000000000000e-02, 1.382838729124146e+00, 1.044966294048507e-02, 1.392996415302201e-12, -4.930717437910797e+00, -2.926623431441008e-04, -9.431081487190485e+04, 3.324478349253517e-04
276, 1.134999999999851e-01, 1.100000000000000e-02, 1.382839216752150e+00, 1.044966662533146e-02, 1.392996909196649e-12, -4.929752288940038e+00, 9.988669075742932e-04, -9.431089028134801e+04, 3.324450385634604e-04
277, 1.144999999999843e-01, 1.100000000000000e-02, 1.382839485965684e+00, 1.044966865969067e-02, 1.392997180921789e-12, -4.929273409860857e+00, 2.126185493586682e-03, -9.431092205449675e+04, 3.324421200253707e-04
278, 1.154999999999889e-01, 1.100000000000000e-02, 1.382839615540820e+00, 1.044966963884786e-02, 1.392997308954494e-12, -4.929103632817168e+00, 3.169492206948149e-03, -9.431093405278618e+04, 3.324392704421527e-04
279, 1.164999999999942e-01, 1.100000000000000e-02, 1.382839690075737e+00, 1.044967020208401e-02, 1.392997377822173e-12, -4.929118122581853e+00, 4.163070567392538e-03, -9.431094101750631e+04, 3.324365097450329e-04
280, 1.175000000000008e-01, 1.100000000000000e-02, 1.382839768712230e+00, 1.044967079631443e-02, 1.392997445031387e-12, -4.929215213668922e+00, 5.055543876718278e-03, -9.431095027199081e+04, 3.324339461880215e-04
281, 1.185000000000000e-01, 1.000000000000169e-02, 1.382839566937095e+00, 1.044966927156529e-02, 1.392997239124871e-12, -4.928289143235238e+00, 6.523451363328168e-03, -9.431093176853996e+04, 3.324341549460712e-04
282, 1.185000000000000e-01, 9.000000000004064e-03, 1.382839088458643e+00, 1.044966565585911e-02, 1.392996795712107e-12, -4.927245675089313e+00, 6.929855630176171e-03, -9.431086683572493e+04, 3.324363301297448e-04
283, 1.185000000000000e-01, 8.000000000007116e-03, 1.382837715431261e+00, 1.044965528033731e-02, 1.392995463568021e-12, -4.925880475676791e+00, 7.279137557927723e-03, -9.431064232374199e+04, 3.324386116605259e-04
284, 1.185000000000000e-01, 7.000000000010258e-03, 1.382835418019933e+00, 1.044963791954640e-02, 1.392993175344224e-12, -4.924141767111637e+00, 7.275201365348291e-03, -9.431024784112033e+04, 3.324409024775715e-04
285, 1.185000000000000e-01, 6.000000000013045e-03, 1.382832564096271e+00, 1.044961635337263e-02, 1.392990330106142e-12, -4.922309230484844e+00, 7.026459407543601e-03, -9.430973603065163e+04, 3.324414745536236e-04
286, 1.185000000000000e-01, 5.000000000013383e-03, 1.382829566530052e+00, 1.044959370173872e-02, 1.392987364318691e-12, -4.920766728188249e+00, 6.549102886750877e-03, -9.430919657270606e+04, 3.324411921065760e-04
287, 1.185000000000000e-01, 4.000000000010932e-03, 1.382826679090517e+00, 1.044957188229642e-02, 1.392984522346834e-12, -4.919427714186519e+00, 5.805551244359024e-03, -9.430868112874590e+04, 3.324407505441083e-04
288, 1.185000000000000e-01, 3.000000000007759e-03, 1.382823942256919e+00, 1.044955120093421e-02, 1.392981827371301e-12, -4.918264769451605e+00, 4.919125803963581e-03, -9.430819871464281e+04, 3.324404116210512e-04
289, 1.185000000000000e-01, 2.000000000004741e-03, 1.382821259090002e+00, 1.044953092511369e-02, 1.392979159508920e-12, -4.917040295269071e+00, 3.885695066348747e-03, -9.430773826888394e+04, 3.324402846723370e-04
290, 1.185000000000000e-01, 1.000000000002371e-03, 1.382819376656486e+00, 1.044951670017527e-02, 1.392977288220222e-12, -4.916597740929553e+00, 2.828565291545852e-03, -9.430744905927892e+04, 3.324396192969280e-04
291, 8.098717948717241e-02, 0.000000000000000e+00, 1.381183783705483e+00, 1.043715705570944e-02, 1.391380204777560e-12, -3.225605552281313e+01, -1.210116366800399e+00, -9.522369583538841e+04, 3.317581129282215e-04
292, 8.197435897434480e-02, 0.000000000000000e+00, 1.379506897098867e+00, 1.042448536850584e-02, 1.389647193441394e-12, -3.164778408021942e+01, -5.773336905877412e-01, -9.397624027815060e+04, 3.314509757790387e-04
293, 8.296153846151949e-02, 0.000000000000000e+00, 1.379962121691750e+00, 1.042792535283495e-02, 1.390098968988072e-12, -2.909883997389585e+01, -7.774808814937877e-01, -9.390077625958959e+04, 3.316419638010545e-04
294, 8.394871794870078e-02, 0.000000000000000e+00, 1.381285358639552e+00, 1.043792462448080e-02, 1.391429649447417e-12, -2.633064221941420e+01, -8.808569910698018e-01, -9.402889285111653e+04, 3.320209884105159e-04
295, 8.493589743588208e-02, 0.000000000000000e+00, 1.382163024486002e+00, 1.044455686009629e-02, 1.392314235548257e-12, -2.329319946983853e+01, -8.540140851348600e-01, -9.406986623362804e+04, 3.322764459282007e-04
296, 8.592307692306336e-02, 0.000000000000000e+00, 1.382674279930071e+00, 1.044842025136130e-02, 1.392830965226140e-12, -2.021172833157927e+01, -8.312210109380032e-01, -9.409397004302533e+04, 3.324296830000407e-04
297, 8.691025641024201e-02, 0.000000000000000e+00, 1.382868443873110e+00, 1.044988748518778e-02, 1.393027774156830e-12, -1.739003052093046e+01, -7.293580608626417e-01, -9.411574721579121e+04, 3.324960934147517e-04
298, 8.789743589741983e-02, 0.000000000000000e+00, 1.382969678409562e+00, 1.045065248168489e-02, 1.393129438821958e-12, -1.500663439259519e+01, -5.915623092282237e-01, -9.415096766987008e+04, 3.325326269427954e-04
299, 8.888461538459223e-02, 0.000000000000000e+00, 1.383113977775029e+00, 1.045174290510151e-02, 1.393274580723967e-12, -1.300921155834433e+01, -5.060178734329654e-01, -9.419471430392636e+04, 3.325744402921217e-04
300, 8.987179487176462e-02, 0.000000000000000e+00, 1.383217359917987e+00, 1.045252413036315e-02, 1.393378893558448e-12, -1.133586721780970e+01, -4.472429076377927e-01, -9.422825056871623e+04, 3.326030301396531e-04
301, 9.085897435893731e-02, 0.000000000000000e+00, 1.383178244777979e+00, 1.045222854996007e-02, 1.393339439627481e-12, -9.938236566764832e+00, -3.489202503954399e-01, -9.424116118647499e+04, 3.325950446961903e-04
302, 9.184615384611484e-02, 0.000000000000000e+00, 1.383155263284570e+00, 1.045205488628191e-02, 1.393316187383112e-12, -8.806238945390557e+00, -2.835160328368107e-01, -9.425968620404397e+04, 3.325896909070066e-04
303, 9.283333333329266e-02, 0.000000000000000e+00, 1.383132159061263e+00, 1.045188029517379e-02, 1.393292659245172e-12, -7.916457529685797e+00, -2.368900159422890e-01, -9.427448705217068e+04, 3.325784152341034e-04
304, 9.382051282047034e-02, 0.000000000000000e+00, 1.383077913292837e+00, 1.045147037752825e-02, 1.393237703809916e-12, -7.212974450673703e+00, -1.822550938832506e-01, -9.428177468667817e+04, 3.325664756351487e-04
305, 9.480769230765163e-02, 0.000000000000000e+00, 1.383048523259901e+00, 1.045124828659927e-02, 1.393207911218972e-12, -6.665605367732994e+00, -1.474875319626783e-01, -9.429064980209556e+04, 3.325562676867638e-04
306, 9.579487179483293e-02, 0.000000000000000e+00, 1.383018724933731e+00, 1.045102311033098e-02, 1.393177719277908e-12, -6.231995271328304e+00, -1.149178214662459e-01, -9.429621029706666e+04, 3.325345095133399e-04
307, 9.678205128200880e-02, 0.000000000000000e+00, 1.382988685379100e+00, 1.045079611117758e-02, 1.393147368981416e-12, -5.891178266420505e+00, -8.980060487109612e-02, -9.429982313606399e+04, 3.325357305760058e-04
308, 9.776923076918467e-02, 0.000000000000000e+00, 1.382955920125688e+00, 1.045054851480417e-02, 1.393114326781446e-12, -5.625647394267708e+00, -6.778167244979492e-02, -9.430172768733437e+04, 3.324987364227403e-04
309, 9.875641025636228e-02, 0.000000000000000e+00, 1.382929777580494e+00, 1.045035096408481e-02, 1.393088007683042e-12, -5.424707193168170e+00, -5.234161669037884e-02, -9.430361236011633e+04, 3.325034840501696e-04
310, 9.974358974354008e-02, 0.000000000000000e+00, 1.382907197428572e+00, 1.045018033321386e-02, 1.393065269491884e-12, -5.273789016058852e+00, -3.899239516586039e-02, -9.430489658628673e+04, 3.325165018204732e-04
311, 1.007307692307229e-01, 0.000000000000000e+00, 1.382888166678164e+00, 1.045003652401683e-02, 1.393046113358897e-12, -5.161684511115016e+00, -2.861067286616723e-02, -9.430574592526376e+04, 3.325085402144514e-04
312, 1.017179487179023e-01, 0.000000000000000e+00, 1.382872959473302e+00, 1.044992160811105e-02, 1.393030816841904e-12, -5.079929358403267e+00, -2.091240404422340e-02, -9.430638525369730e+04, 3.325017924501329e-04
313, 1.027051282050857e-01, 0.000000000000000e+00, 1.382859667675206e+00, 1.044982116631185e-02, 1.393017448908655e-12, -5.020142866993504e+00, -1.578003044738980e-02, -9.430666099156921e+04, 3.324955765768053e-04
314, 1.036923076922670e-01, 0.000000000000000e+00, 1.382846608435914e+00, 1.044972248188393e-02, 1.393004299909788e-12, -4.979408282684066e+00, -1.020262882179534e-02, -9.430660377831290e+04, 3.324896003341812e-04
315, 1.046794871794483e-01, 0.000000000000000e+00, 1.382839870396282e+00, 1.044967156470787e-02, 1.392997554627314e-12, -4.952492014939187e+00, -6.956329863375098e-03, -9.430704571066608e+04, 3.324848787543560e-04
316, 1.056666666666296e-01, 0.000000000000000e+00, 1.382836355015920e+00, 1.044964500012073e-02, 1.392994053050515e-12, -4.933937761787904e+00, -5.148867437167874e-03, -9.430744253745188e+04, 3.324807597062192e-04
317, 1.066538461538163e-01, 0.000000000000000e+00, 1.382831781551459e+00, 1.044961043993588e-02, 1.392989467630280e-12, -4.921255106333437e+00, -3.009759144815125e-03, -9.430743071316546e+04, 3.324761599984273e-04
318, 1.076410256410027e-01, 0.000000000000000e+00, 1.382829188017406e+00, 1.044959084144176e-02, 1.392986894716761e-12, -4.913752449644545e+00, -1.808952710761041e-03, -9.430755730557919e+04, 3.324718206811825e-04
319, 1.086282051281821e-01, 0.000000000000000e+00, 1.382827059473176e+00, 1.044957475672464e-02, 1.392984788040673e-12, -4.908917768295433e+00, -9.323630369063940e-04, -9.430762234115787e+04, 3.324677735832303e-04
320, 1.096153846153614e-01, 0.000000000000000e+00, 1.382825596740616e+00, 1.044956370332997e-02, 1.392983345951929e-12, -4.906389882597293e+00, -4.297945302515607e-04, -9.430767379601495e+04, 3.324645389401506e-04
321, 1.106025641025422e-01, 0.000000000000000e+00, 1.382824414591556e+00, 1.044955477021365e-02, 1.392982181169425e-12, -4.905172939047466e+00, -1.231008144847259e-04, -9.430767006802489e+04, 3.324594597704702e-04
322, 1.115897435897254e-01, 0.000000000000000e+00, 1.382823101827418e+00, 1.044954485008162e-02, 1.392980881617524e-12, -4.904942219462640e+00, 1.406565737491496e-04, -9.430760653308428e+04, 3.324553296333859e-04
323, 1.125769230769086e-01, 0.000000000000000e+00, 1.382821863710856e+00, 1.044953549403706e-02, 1.392979654323129e-12, -4.905450372294742e+00, 3.057713537387050e-04, -9.430753150785665e+04, 3.324557486739529e-04
324, 1.135641025640897e-01, 0.000000000000000e+00, 1.382820722145731e+00, 1.044952686760033e-02, 1.392978520385463e-12, -4.906502735345040e+00, 4.056688483899291e-04, -9.430744817574753e+04, 3.324527950719487e-04
325, 1.145512820512772e-01, 0.000000000000000e+00, 1.382819727207427e+00, 1.044951934917484e-02, 1.392977533070598e-12, -4.907868545515547e+00, 4.618091471671684e-04, -9.430736225706911e+04, 3.324499383580041e-04
326, 1.155384615384565e-01, 0.000000000000000e+00, 1.382818710232367e+00, 1.044951166422477e-02, 1.392976524807200e-12, -4.909368334826752e+00, 5.217969061437307e-04, -9.430725646512941e+04, 3.324469880276102e-04
327, 1.165256410256359e-01, 0.000000000000000e+00, 1.382817339016249e+00, 1.044950130239011e-02, 1.392975165652613e-12, -4.910956003445258e+00, 6.243419552236836e-04, -9.430709873042483e+04, 3.324440124209593e-04
328, 1.175128205128168e-01, 0.000000000000000e+00, 1.382815989449867e+00, 1.044949110415548e-02, 1.392973821925475e-12, -4.912942394056218e+00, 8.079177628400867e-04, -9.430695246957551e+04, 3.324410924264935e-04
329, 1.238286673703453e-02, 4.000000000000000e-03, 1.797645066955012e+00, 1.358421964953500e-02, 1.810385881908382e-12, 0.000000000000000e+00, 0.000000000000000e+00, -1.259260161291981e+05, 4.180829098849649e-04
330, 1.274741016582889e-02, 4.000000000000000e-03, 1.789089847617409e+00, 1.351957063690790e-02, 1.802040610731501e-12, 0.000000000000000e+00, 0.000000000000000e+00, -1.256965673770141e+05, 4.160930990384433e-04
331, 1.309450709663154e-02, 4.000000000000000e-03, 1.780709093315989e+00, 1.345623999986974e-02, 1.793425467373623e-12, 0.000000000000000e+00, 0.000000000000000e+00, -1.253820463609879e+05, 4.141439193226969e-04
332, 1.342499264904158e-02, 4.000000000000000e-03, 1.772281236179038e+00, 1.339255342200863e-02, 1.784938749590246e-12, 0.000000000000000e+00, 0.000000000000000e+00, -1.248991123164241e+05, 4.121838239952287e-04
333, 1.373966166163752e-02, 4.000000000000000e-03, 1.764436055707004e+00, 1.333326994237103e-02, 1.777086891985327e-12, 0.000000000000000e+00, 0.000000000000000e+00, -1.240383538932830e+05, 4.103592836372072e-04
334, 1.403927110551756e-02, 4.000000000000000e-03, 1.758596215645801e+00, 1.328914016860891e-02, 1.771124901896495e-12, 0.000000000000000e+00, 0.000000000000000e+00, -1.236942401327984e+05, 4.090010629532825e-04
335, 1.432454175699991e-02, 4.000000000000000e-03, 1.757156586763865e+00, 1.327826136093683e-02, 1.769686988408737e-12, 0.000000000000000e+00, 0.000000000000000e+00, -1.240534612474624e+05, 4.086662470351141e-04
336, 1.459615982229615e-02, 4.000000000000000e-03, 1.752455346497814e+00, 1.324273561585317e-02, 1.765065810344287e-12, 0.000000000000000e+00, 0.000000000000000e+00, -1.234974574854707e+05, 4.075728552864040e-04
337, 1.485477868420122e-02, 4.000000000000000e-03, 1.746200565097190e+00, 1.319547026521869e-02, 1.758817205708868e-12, 0.000000000000000e+00, 0.000000000000000e+00, -1.228596379872138e+05, 4.061181803234543e-04
338, 1.510102048169119e-02, 4.000000000000000e-03, 1.739823639296320e+00, 1.314728190904091e-02, 1.752310709007794e-12, 0.000000000000000e+00, 0.000000000000000e+00, -1.223134155509196e+05, 4.046350630684804e-04
339, 1.533547755003391e-02, 4.000000000000000e-03, 1.736849881355666e+00, 1.312481018656760e-02, 1.749221846864267e-12, 0.000000000000000e+00, 0.000000000000000e+00, -1.225547963867189e+05, 4.039434649898204e-04
340, 1.555871389759736e-02, 4.000000000000000e-03, 1.730605919820960e+00, 1.307762659814389e-02, 1.743098066724622e-12, 0.000000000000000e+00, 0.000000000000000e+00, -1.217490051972519e+05, 4.024912579438147e-04
341, 1.577126651024743e-02, 4.000000000000000e-03, 1.722475854801209e+00, 1.301619033854905e-02, 1.734729985274518e-12, 0.000000000000000e+00, 0.000000000000000e+00, -1.211611767967628e+05, 4.006004386561571e-04
342, 1.597364672499613e-02, 4.000000000000000e-03, 1.719702277293896e+00, 1.299523131456420e-02, 1.732034286800925e-12, 0.000000000000000e+00, 0.000000000000000e+00, -1.213678447935865e+05, 3.999554027542237e-04
343, 1.616634136363700e-02, 4.000000000000000e-03, 1.713907259519648e+00, 1.295144024825996e-02, 1.726260141777799e-12, 0.000000000000000e+00, 0.000000000000000e+00, -1.204852811527703e+05, 3.986076132953639e-04
344, 1.634981390150228e-02, 4.000000000000000e-03, 1.710287953507000e+00, 1.292409032876903e-02, 1.722518448749648e-12, 0.000000000000000e+00, 0.000000000000000e+00, -1.204091134468925e+05, 3.977658566508131e-04
345, 1.652450577389215e-02, 4.000000000000000e-03, 1.705981214190920e+00, 1.289154569917656e-02, 1.718118877867040e-12, 0.000000000000000e+00, 0.000000000000000e+00, -1.203125143582958e+05, 3.967642421071617e-04
346, 1.669083722656490e-02, 4.000000000000000e-03, 1.699944144977579e+00, 1.284592552879866e-02, 1.712042431347933e-12, 0.000000000000000e+00, 0.000000000000000e+00, -1.198802729752665e+05, 3.953601861962728e-04
347, 1.684920830615151e-02, 4.000000000000000e-03, 1.695354547048839e+00, 1.281124342858151e-02, 1.707426670321300e-12, 0.000000000000000e+00, 0.000000000000000e+00, -1.195560671457941e+05, 3.942927664525596e-04
348, 1.713306006660128e-02, 3.998583350632156e-03, 1.688290450107757e+00, 1.275786234338432e-02, 1.700373210991301e-12, 0.000000000000000e+00, 0.000000000000000e+00, -1.191162055454778e+05, 3.926498586141411e-04
349, 1.725295522974313e-02, 3.994877812539100e-03, 1.683550128073607e+00, 1.272204127007833e-02, 1.695661663453786e-12, 0.000000000000000e+00, 0.000000000000000e+00, -1.188197735089830e+05, 3.915473990553030e-04
350, 1.737275702910158e-02, 3.988868687515726e-03, 1.678784631495390e+00, 1.268602996092303e-02, 1.690859794728687e-12, 0.000000000000000e+00, 0.000000000000000e+00, -1.183012603232303e+05, 3.904390759511188e-04
351, 1.749242094207299e-02, 3.980554463151721e-03, 1.674249370202993e+00, 1.265175846501090e-02, 1.686149000106752e-12, 0.000000000000000e+00, 0.000000000000000e+00, -1.181332375545961e+05, 3.893842980507037e-04
352, 1.761190216105896e-02, 3.969933056990568e-03, 1.669176292951432e+00, 1.261342286865147e-02, 1.681053776175464e-12, 0.000000000000000e+00, 0.000000000000000e+00, -1.177254604439479e+05, 3.882044307252747e-04
353, 1.773115549365849e-02, 3.957001826158224e-03, 1.664889705190421e+00, 1.258103051781258e-02, 1.676731756385991e-12, 0.000000000000000e+00, 0.000000000000000e+00, -1.174318138006375e+05, 3.872074872320060e-04
354, 1.785013525321601e-02, 3.941757581687791e-03, 1.660758866984787e+00, 1.254981511575493e-02, 1.672554260364990e-12, 0.000000000000000e+00, 0.000000000000000e+00, -1.171209514291404e+05, 3.862467683273915e-04
355, 1.796879517952894e-02, 3.924196602628078e-03, 1.657016748200444e+00, 1.252153714005466e-02, 1.668741603856962e-12, 0.000000000000000e+00, 0.000000000000000e+00, -1.168716268711004e+05, 3.853764525332616e-04
356, 1.808708833074339e-02, 3.904314656267268e-03, 1.653391631865785e+00, 1.249414331384824e-02, 1.665045277696996e-12, 0.000000000000000e+00, 0.000000000000000e+00, -1.166325660251945e+05, 3.845333494485052e-04
357, 1.820496698394098e-02, 3.882107021099726e-03, 1.648320436925526e+00, 1.245582194150374e-02, 1.659920971217745e-12, 0.000000000000000e+00, 0.000000000000000e+00, -1.162817696905341e+05, 3.833539293437191e-04
358, 1.832238253005353e-02, 3.857568514530091e-03, 1.643538531581866e+00, 1.241968663663974e-02, 1.655160409967924e-12, 0.000000000000000e+00, 0.000000000000000e+00, -1.159230639041703e+05, 3.822417907850287e-04
359, 1.843928539520880e-02, 3.830693518506634e-03, 1.639460591041770e+00, 1.238887096505197e-02, 1.651145789557361e-12, 0.000000000000000e+00, 0.000000000000000e+00, -1.155688171748197e+05, 3.812933727238585e-04
360, 1.855562486761292e-02, 3.801476030913406e-03, 1.634194686560704e+00, 1.234907823597588e-02, 1.645862871998992e-12, 0.000000000000000e+00, 0.000000000000000e+00, -1.152016496981691e+05, 3.800686647732743e-04
361, 1.867134909083811e-02, 3.769909683081938e-03, 1.629730520400165e+00, 1.231534398287362e-02, 1.641330143085425e-12, 0.000000000000000e+00, 0.000000000000000e+00, -1.149124371548275e+05, 3.790304226343165e-04
362, 1.878640484628182e-02, 3.735987813700109e-03, 1.626001735771782e+00, 1.228716676905718e-02, 1.637532820316906e-12, 0.000000000000000e+00, 0.000000000000000e+00, -1.146709570458960e+05, 3.781632053991426e-04
363, 1.890073751152370e-02, 3.699703504858664e-03, 1.622427867639147e+00, 1.226016020886100e-02, 1.633895596683218e-12, 0.000000000000000e+00, 0.000000000000000e+00, -1.144319201423878e+05, 3.773320263247609e-04
364, 1.901429093363653e-02, 3.661049644868068e-03, 1.618801683279470e+00, 1.223275831193657e-02, 1.630188685045879e-12, 0.000000000000000e+00, 0.000000000000000e+00, -1.141756513189379e+05, 3.764886728180577e-04
365, 1.912700728442783e-02, 3.620019006534937e-03, 1.615287299660005e+00, 1.220620125687777e-02, 1.626558689425818e-12, 0.000000000000000e+00, 0.000000000000000e+00, -1.139602995809278e+05, 3.756713298895527e-04
366, 1.923882697238188e-02, 3.576604314730752e-03, 1.613345959423371e+00, 1.219153117952297e-02, 1.624526615515328e-12, 0.000000000000000e+00, 0.000000000000000e+00, -1.139039019047385e+05, 3.752198350786275e-04
367, 1.934968849434085e-02, 3.530798344131228e-03, 1.610966167220431e+00, 1.217354786312796e-02, 1.622134245809691e-12, 0.000000000000000e+00, 0.000000000000000e+00, -1.137143227704294e+05, 3.746663653983479e-04
368, 1.945952833243161e-02, 3.482594010857190e-03, 1.608000946361794e+00, 1.215114065260908e-02, 1.619302581502455e-12, 0.000000000000000e+00, 0.000000000000000e+00, -1.134146506560226e+05, 3.739767280184979e-04
369, 1.956828086218579e-02, 3.431984467370930e-03, 1.604709363486191e+00, 1.212626723037516e-02, 1.616091547766490e-12, 0.000000000000000e+00, 0.000000000000000e+00, -1.131764886572442e+05, 3.732111861524859e-04
370, 1.967587813307367e-02, 3.378963269827066e-03, 1.601950636873812e+00, 1.210542042977780e-02, 1.613341119898347e-12, 0.000000000000000e+00, 0.000000000000000e+00, -1.129961219695375e+05, 3.725695842047464e-04
371, 1.978224984689459e-02, 3.323524470385501e-03, 1.598555508399308e+00, 1.207976454709890e-02, 1.609949426352047e-12, 0.000000000000000e+00, 0.000000000000000e+00, -1.127664386507806e+05, 3.717799719983765e-04
372, 1.988732320457588e-02, 3.265662783553025e-03, 1.595665052508354e+00, 1.205792231114704e-02, 1.607087886438754e-12, 0.000000000000000e+00, 0.000000000000000e+00, -1.125744380953837e+05, 3.711077320704394e-04
373, 1.999102277471485e-02, 3.205373764029357e-03, 1.593203597057198e+00, 1.203932189212059e-02, 1.604661724358144e-12, 0.000000000000000e+00, 0.000000000000000e+00, -1.124099820210222e+05, 3.705352648852677e-04
374, 2.009327038988303e-02, 3.142653991270224e-03, 1.590387991282098e+00, 1.201804527417265e-02, 1.601886518139702e-12, 0.000000000000000e+00, 0.000000000000000e+00, -1.122218279511927e+05, 3.698804379694892e-04
375, 2.019398505712364e-02, 3.077501267443664e-03, 1.587431473158297e+00, 1.199570382739320e-02, 1.598979379849881e-12, 0.000000000000000e+00, 0.000000000000000e+00, -1.119553718751951e+05, 3.691928413687926e-04
376, 2.029308286921863e-02, 3.009914839083263e-03, 1.585066701709245e+00, 1.197783401795467e-02, 1.596482150020895e-12, 0.000000000000000e+00, 0.000000000000000e+00, -1.118717338551738e+05, 3.686428624896210e-04
377, 2.039047692687353e-02, 2.939895639871671e-03, 1.582277456492705e+00, 1.195675659818237e-02, 1.593634957047010e-12, 0.000000000000000e+00, 0.000000000000000e+00, -1.116508041356796e+05, 3.679941454885303e-04
378, 2.048607709065126e-02, 2.867446698989072e-03, 1.580158268985681e+00, 1.194074258679435e-02, 1.591457809985811e-12, 0.000000000000000e+00, 0.000000000000000e+00, -1.115251827727723e+05, 3.675012829215101e-04
379, 2.057979037169233e-02, 2.792573109630771e-03, 1.578606611698442e+00, 1.192901721686559e-02, 1.589901221227903e-12, 0.000000000000000e+00, 0.000000000000000e+00, -1.114209532435249e+05, 3.671404105816388e-04
380, 2.067152054051507e-02, 2.715282605764749e-03, 1.577723584837359e+00, 1.192234446980450e-02, 1.589025706104258e-12, 0.000000000000000e+00, 0.000000000000000e+00, -1.113701473268958e+05, 3.669350429545380e-04
381, 2.076116769545584e-02, 2.635586318575436e-03, 1.576575562066151e+00, 1.191366923475759e-02, 1.587882509482801e-12, 0.000000000000000e+00, 0.000000000000000e+00, -1.112970810290166e+05, 3.666680444045645e-04
382, 2.084862977354056e-02, 2.553497850866329e-03, 1.575437833421619e+00, 1.190507178908098e-02, 1.586770865265113e-12, 0.000000000000000e+00, 0.000000000000000e+00, -1.112088912787408e+05, 3.664034364161678e-04
383, 2.093380100989707e-02, 2.469035065223044e-03, 1.574564033310095e+00, 1.189846876556818e-02, 1.585916212832821e-12, 0.000000000000000e+00, 0.000000000000000e+00, -1.111533242903129e+05, 3.662002213149508e-04
384, 2.101657283673164e-02, 2.382219824916855e-03, 1.573823404099552e+00, 1.189287207128196e-02, 1.585167850381650e-12, 0.000000000000000e+00, 0.000000000000000e+00, -1.111163058152055e+05, 3.660279733446849e-04
385, 2.109683393915451e-02, 2.293078514136552e-03, 1.572989641929657e+00, 1.188657160148428e-02, 1.584314627081032e-12, 0.000000000000000e+00, 0.000000000000000e+00, -1.110594839070808e+05, 3.658340614431142e-04
386, 2.117447050679863e-02, 2.201642439688097e-03, 1.572116249192694e+00, 1.187997165636871e-02, 1.583424383974279e-12, 0.000000000000000e+00, 0.000000000000000e+00, -1.109994950398950e+05, 3.656309350796722e-04
387, 2.124936637426961e-02, 2.107948449802589e-03, 1.571347539166572e+00, 1.187416276448366e-02, 1.582646708966886e-12, 0.000000000000000e+00, 0.000000000000000e+00, -1.109496607473774e+05, 3.654521554591653e-04
388, 2.132140347902759e-02, 2.012039279369784e-03, 1.570722373088872e+00, 1.186943858757409e-02, 1.582015288730307e-12, 0.000000000000000e+00, 0.000000000000000e+00, -1.109102807821404e+05, 3.653067597945906e-04
389, 2.139046226100971e-02, 1.913964034713208e-03, 1.570198589964360e+00, 1.186548052869869e-02, 1.581486932410070e-12, 0.000000000000000e+00, 0.000000000000000e+00, -1.108767061954128e+05, 3.651849432416498e-04
390, 2.145642218913103e-02, 1.813778601213822e-03, 1.569633323096395e+00, 1.186120899065362e-02, 1.580919981104733e-12, 0.000000000000000e+00, 0.000000000000000e+00, -1.108378596966993e+05, 3.650534791642315e-04
391, 2.151916227246888e-02, 1.711546174445814e-03, 1.569193869776159e+00, 1.185788818470724e-02, 1.580480161156953e-12, 0.000000000000000e+00, 0.000000000000000e+00, -1.108100254106115e+05, 3.649512757169401e-04
392, 2.157856181250769e-02, 1.607337521054499e-03, 1.568900838194742e+00, 1.185567384026328e-02, 1.580188605219966e-12, 0.000000000000000e+00, 0.000000000000000e+00, -1.107931974590889e+05, 3.648831233571831e-04
393, 2.163450108218622e-02, 1.501231434622081e-03, 1.568760161934222e+00, 1.185461079547346e-02, 1.580049328504563e-12, 0.000000000000000e+00, 0.000000000000000e+00, -1.107799415567135e+05, 3.648504046648830e-04
394, 2.168686221228924e-02, 1.393314919869058e-03, 1.568601412448900e+00, 1.185341117719648e-02, 1.579882375196960e-12, 0.000000000000000e+00, 0.000000000000000e+00, -1.107705860439809e+05, 3.648134905307041e-04
395, 2.173553006582194e-02, 1.283683449003571e-03, 1.568618669651701e+00, 1.185354158427058e-02, 1.579886669278252e-12, 0.000000000000000e+00, 0.000000000000000e+00, -1.107751681767962e+05, 3.648175067867792e-04
396, 2.178039323276347e-02, 1.172441020135118e-03, 1.568613820143789e+00, 1.185350493811511e-02, 1.579861766219769e-12, 0.000000000000000e+00, 0.000000000000000e+00, -1.107744967375487e+05, 3.648163723658005e-04
397, 2.182134503277005e-02, 1.059700206657279e-03, 1.568708419287594e+00, 1.185421979310612e-02, 1.579930392030643e-12, 0.000000000000000e+00, 0.000000000000000e+00, -1.107841323604072e+05, 3.648383830418715e-04
398, 2.185828460498797e-02, 9.455819615663187e-04, 1.568928603358000e+00, 1.185588365258027e-02, 1.580121034155941e-12, 0.000000000000000e+00, 0.000000000000000e+00, -1.108013091794047e+05, 3.648895934628364e-04
399, 2.189111796567253e-02, 8.302154114205901e-04, 1.569287606753352e+00, 1.185859652458552e-02, 1.580444226410213e-12, 0.000000000000000e+00, 0.000000000000000e+00, -1.108270352824228e+05, 3.649730839580684e-04
400, 2.191975909530712e-02, 7.137374056692337e-04, 1.569829724840216e+00, 1.186269313481380e-02, 1.580944171779960e-12, 0.000000000000000e+00, 0.000000000000000e+00, -1.108666746684331e+05, 3.650991690247827e-04
401, 2.194413096741944e-02, 5.962919966615743e-04, 1.570374182488513e+00, 1.186680742434763e-02, 1.581431031899340e-12, 0.000000000000000e+00, 0.000000000000000e+00, -1.109060021660044e+05, 3.652257974707382e-04
402, 2.196416653116058e-02, 4.780297235311300e-04, 1.570785246478525e+00, 1.186991370135040e-02, 1.581744729725758e-12, 0.000000000000000e+00, 0.000000000000000e+00, -1.109355228874345e+05, 3.653214012671158e-04
403, 2.197980959597637e-02, 3.591067922023271e-04, 1.571050467553697e+00, 1.187191789083556e-02, 1.581874152872064e-12, 0.000000000000000e+00, 0.000000000000000e+00, -1.109549578985582e+05, 3.653830854995015e-04
404, 2.199101560497451e-02, 2.396840999661193e-04, 1.570625489089787e+00, 1.186870646667444e-02, 1.581878291540028e-12, 0.000000000000000e+00, 0.000000000000000e+00, -1.109228759909073e+05, 3.652842477503886e-04
405, 2.199775226247633e-02, 1.199261717228851e-04, 1.557461116363046e+00, 1.176922757956842e-02, 1.570128600327740e-12, 0.000000000000000e+00, 0.000000000000000e+00, -1.099942348549942e+05, 3.622225776932934e-04
406, 2.200000000000000e-02, 1.142857142854949e-04, 1.562203428910622e+00, 1.180506369453786e-02, 1.574690515106193e-12, 1.239979977384703e+00, 1.130172546343934e+01, -1.102450417778362e+05, 3.633255055620882e-04
407, 2.200000000000000e-02, 2.285714285708805e-04, 1.570498887380657e+00, 1.186774977869689e-02, 1.581236615804428e-12, -1.457255195655164e+00, -1.515040084642286e-02, -1.109191016118683e+05, 3.652547919847617e-04
408, 2.200000000000000e-02, 3.428571428562627e-04, 1.570915472075898e+00, 1.187089777387510e-02, 1.581575365987955e-12, -1.595618853916738e-01, 4.044059470850946e-01, -1.109240336487063e+05, 3.653516597670722e-04
409, 2.200000000000000e-02, 4.571428571419693e-04, 1.570770487059401e+00, 1.186980216921605e-02, 1.581676087506926e-12, -3.903168206201220e-02, 1.418940823151643e-01, -1.109022615312952e+05, 3.653179130621272e-04
410, 2.200000000000000e-02, 5.714285714279867e-04, 1.570390916199082e+00, 1.186693387556105e-02, 1.581415453490278e-12, 2.655022346969780e-02, -1.206711331195752e-01, -1.108571273061464e+05, 3.652295940193143e-04
411, 2.200000000000000e-02, 6.857142857140040e-04, 1.569918847620574e+00, 1.186336660670570e-02, 1.581016353723852e-12, 1.332896120179650e-01, -4.564414970773667e-01, -1.108009361186733e+05, 3.651197467123655e-04
412, 2.211999883978182e-02, 8.000000000000000e-04, 1.569290471266105e+00, 1.185861817077763e-02, 1.580425248276959e-12, 1.591283492395316e+00, -2.161664167478531e+00, -1.106252341485139e+05, 3.649732894131413e-04
413, 2.223999767956385e-02, 8.000000000000000e-04, 1.569410032078710e+00, 1.185952165298874e-02, 1.580550848297353e-12, 3.008191280002390e+00, -3.332524542175996e+00, -1.105432304501151e+05, 3.650008754485882e-04
414, 2.236502815562918e-02, 8.000000000000000e-04, 1.569923600879358e+00, 1.186340252553770e-02, 1.581079833268583e-12, 4.869194488455121e+00, -4.531643610022381e+00, -1.105070696295600e+05, 3.651201006739398e-04
415, 2.251593882018499e-02, 8.000000000000000e-04, 1.570982587826946e+00, 1.187140494579654e-02, 1.582138668477829e-12, 6.853562856713337e+00, -5.528165573641055e+00, -1.105496820466444e+05, 3.653661412115214e-04
416, 2.266983734558578e-02, 8.000000000000000e-04, 1.571893908449465e+00, 1.187829149961919e-02, 1.582987568056831e-12, 8.484593523348725e+00, -5.998693375495944e+00, -1.106347483277819e+05, 3.655778475727593e-04
417, 2.282475170941900e-02, 8.000000000000000e-04, 1.573142865101967e+00, 1.188772945920987e-02, 1.584252143308622e-12, 1.131736397213347e+01, -6.942349739898040e+00, -1.107788424297051e+05, 3.658680856752105e-04
418, 2.298068857568049e-02, 8.000000000000000e-04, 1.573725329528441e+00, 1.189213095361659e-02, 1.584763356248195e-12, 1.362639580231452e+01, -6.448956615620258e+00, -1.108652210700694e+05, 3.660033282622456e-04
419, 2.313765473832637e-02, 8.000000000000000e-04, 1.574910080700388e+00, 1.190108373325334e-02, 1.586043803868421e-12, 1.698750638582806e+01, -7.302074955083902e+00, -1.110141872252840e+05, 3.662786371960504e-04
420, 2.329565695299008e-02, 8.000000000000000e-04, 1.576062892802448e+00, 1.190979515971720e-02, 1.587258044889043e-12, 2.036967129290182e+01, -7.601139041426742e+00, -1.111907788183040e+05, 3.665464952638262e-04
421, 2.345470206704434e-02, 8.000000000000000e-04, 1.576885584351718e+00, 1.191601197243207e-02, 1.588090553992662e-12, 2.324474369641046e+01, -7.230820906169420e+00, -1.113779404553210e+05, 3.667375952081857e-04
422, 2.361228769494679e-02, 8.000000000000000e-04, 1.576995310655377e+00, 1.191684113845469e-02, 1.588195418400637e-12, 2.576363796006284e+01, -7.104010525292719e+00, -1.114739765961125e+05, 3.667629054141422e-04
423, 2.374049462994123e-02, 8.000000000000000e-04, 1.577006208409180e+00, 1.191692348923911e-02, 1.588201442135003e-12, 2.789143939344606e+01, -6.927997039152658e+00, -1.115326863622951e+05, 3.667652742257794e-04
424, 2.386049346972333e-02, 8.000000000000000e-04, 1.577152739368553e+00, 1.191803077608575e-02, 1.588347771359997e-12, 2.985834881413471e+01, -6.665711562226513e+00, -1.115911225964295e+05, 3.667991998931479e-04
425, 2.398049230950531e-02, 8.000000000000000e-04, 1.577467077781773e+00, 1.192040612933426e-02, 1.588666708386535e-12, 3.177835313300849e+01, -6.519871855817084e+00, -1.116676177750348e+05, 3.668721524835192e-04
426, 2.410049114928708e-02, 8.000000000000000e-04, 1.577682437973726e+00, 1.192203353632636e-02, 1.588881732207647e-12, 3.357168713480975e+01, -6.333865931686573e+00, -1.117307750429456e+05, 3.669220897839885e-04
427, 2.422048998906863e-02, 8.000000000000000e-04, 1.577742727032686e+00, 1.192248912115477e-02, 1.588935865104374e-12, 3.530260830825554e+01, -6.008362973691887e+00, -1.117612030311292e+05, 3.669359691115868e-04
428, 2.434254972929971e-02, 8.000000000000000e-04, 1.578025702961790e+00, 1.192462747830166e-02, 1.589219671524143e-12, 3.716538267545910e+01, -5.502201586965299e+00, -1.118057460999945e+05, 3.670016346612655e-04
429, 2.449512402064448e-02, 8.000000000000000e-04, 1.578404134987623e+00, 1.192748716615432e-02, 1.589585075463005e-12, 3.899035502151117e+01, -5.133874585221145e+00, -1.118676534082355e+05, 3.670894748722574e-04
430, 2.466208631250990e-02, 8.000000000000000e-04, 1.579026660782969e+00, 1.193219139130809e-02, 1.590201700877972e-12, 4.093716009519294e+01, -4.897635223975424e+00, -1.119779227964381e+05, 3.672340668676380e-04
431, 2.483015065230385e-02, 8.000000000000000e-04, 1.579215946219965e+00, 1.193362175984974e-02, 1.590308471938401e-12, 4.250313685221683e+01, -4.695607215874064e+00, -1.120432502286226e+05, 3.672779353296396e-04
432, 2.499932436590031e-02, 8.000000000000000e-04, 1.579959316349556e+00, 1.193923916637040e-02, 1.591191063838704e-12, 4.447379462205105e+01, -4.804419921971855e+00, -1.121921179265168e+05, 3.674506076604418e-04
433, 2.516961465282412e-02, 8.000000000000000e-04, 1.579941621018040e+00, 1.193910544849996e-02, 1.591200615175730e-12, 4.634760904401931e+01, -4.431006258828425e+00, -1.122752902115480e+05, 3.674463066935194e-04
434, 2.534102895752899e-02, 8.000000000000000e-04, 1.579653190457782e+00, 1.193692587247787e-02, 1.590904677600410e-12, 4.810120944465883e+01, -4.127291202571910e+00, -1.123128170025152e+05, 3.673790632345841e-04
435, 2.551357472687482e-02, 8.000000000000000e-04, 1.579324313825428e+00, 1.193444065863139e-02, 1.590553383060886e-12, 4.963170912362245e+01, -3.958209122819027e+00, -1.123378595943400e+05, 3.673024341873951e-04
436, 2.566482790028821e-02, 8.000000000000000e-04, 1.578905557946939e+00, 1.193127625652693e-02, 1.590141756549109e-12, 5.102418710578750e+01, -3.782161329477014e+00, -1.123366737551320e+05, 3.672049103958800e-04
437, 2.578625063627022e-02, 8.000000000000000e-04, 1.578676859847719e+00, 1.192954805930359e-02, 1.589926155160436e-12, 5.223673615974069e+01, -3.692268243433065e+00, -1.123407666014222e+05, 3.671516019919680e-04
438, 2.590624947605232e-02, 8.000000000000000e-04, 1.578566083127772e+00, 1.192871095562640e-02, 1.589822590932352e-12, 5.339672675899693e+01, -3.598225914451100e+00, -1.123581588691841e+05, 3.671257241345392e-04
439, 2.602624831583438e-02, 8.000000000000000e-04, 1.578434933305828e+00, 1.192771989903740e-02, 1.589691870194958e-12, 5.447817073508574e+01, -3.511909645295951e+00, -1.123653126695542e+05, 3.670951133688957e-04
440, 2.614624715561620e-02, 8.000000000000000e-04, 1.578329222353461e+00, 1.192692107571976e-02, 1.589590986931258e-12, 5.557602485302222e+01, -3.484030178453715e+00, -1.123644481264562e+05, 3.670704169429149e-04
441, 2.626624599539806e-02, 8.000000000000000e-04, 1.578367437095853e+00, 1.192720985211061e-02, 1.589646496499605e-12, 5.662636138874090e+01, -3.472877181743842e+00, -1.123855407088460e+05, 3.670791849314575e-04
442, 2.639595848740916e-02, 8.000000000000000e-04, 1.578434849451707e+00, 1.192771926537903e-02, 1.589714475035229e-12, 5.776108987516720e+01, -3.352308175231848e+00, -1.124193183329793e+05, 3.670947365602273e-04
443, 2.656482919977581e-02, 8.000000000000000e-04, 1.578231546193859e+00, 1.192618296872026e-02, 1.589479968571100e-12, 5.889622646139714e+01, -3.215983860020684e+00, -1.124134741588536e+05, 3.670473312410542e-04
444, 2.674545270651971e-02, 8.000000000000000e-04, 1.578388754024221e+00, 1.192737093721167e-02, 1.589624546547082e-12, 6.018259694374234e+01, -3.190101048172103e+00, -1.124879284504964e+05, 3.670837475475523e-04
445, 2.692726851166810e-02, 8.000000000000000e-04, 1.578119673325581e+00, 1.192533758180635e-02, 1.589349226232063e-12, 6.149665926756175e+01, -3.114714841649020e+00, -1.125082442516162e+05, 3.670210352854039e-04
446, 2.711028436646269e-02, 8.000000000000000e-04, 1.577653304098406e+00, 1.192181338109724e-02, 1.588861447446868e-12, 6.296295833911979e+01, -3.081420157733595e+00, -1.125002511761368e+05, 3.669124651198016e-04
447, 2.729450821614161e-02, 8.000000000000000e-04, 1.577444667665903e+00, 1.192023678337050e-02, 1.588664076964097e-12, 6.423905089467183e+01, -2.937110918999903e+00, -1.125400222415050e+05, 3.668638896619258e-04
448, 2.747991817720544e-02, 8.000000000000000e-04, 1.577115153587964e+00, 1.191774675255481e-02, 1.588358578232906e-12, 6.539084760169587e+01, -2.878581867363765e+00, -1.125756067499881e+05, 3.667875072031358e-04
449, 2.763970378874501e-02, 8.000000000000000e-04, 1.576346990572713e+00, 1.191194199425315e-02, 1.587595462505542e-12, 6.649741373187594e+01, -2.812481433097040e+00, -1.125409004559132e+05, 3.666100548431993e-04
450, 2.776373459203060e-02, 8.000000000000000e-04, 1.575590600728700e+00, 1.190622620198102e-02, 1.586820734061636e-12, 6.739633700663968e+01, -2.688246360349154e+00, -1.124726266376178e+05, 3.664356642430944e-04
451, 2.788373343181219e-02, 8.000000000000000e-04, 1.575398070052052e+00, 1.190477131021793e-02, 1.586637315877476e-12, 6.818902969231264e+01, -2.713863730163209e+00, -1.124716010474958e+05, 3.663913867813043e-04
452, 2.800373227159417e-02, 8.000000000000000e-04, 1.575382487981966e+00, 1.190465356157745e-02, 1.586645118153082e-12, 6.892822747907302e+01, -2.813481879339116e+00, -1.124999151666703e+05, 3.663880416441402e-04
453, 2.812373111137618e-02, 8.000000000000000e-04, 1.575162509501249e+00, 1.190299125567782e-02, 1.586438063843661e-12, 6.975902176822601e+01, -2.920715011789048e+00, -1.125001744279909e+05, 3.663370983449128e-04
454, 2.824372995115800e-02, 8.000000000000000e-04, 1.574774833069098e+00, 1.190006171085048e-02, 1.586040291346094e-12, 7.073643683535975e+01, -3.073634321848715e+00, -1.124625094883142e+05, 3.662471222390382e-04
455, 2.836893372706623e-02, 8.000000000000000e-04, 1.574481560926049e+00, 1.189784554856045e-02, 1.585733366572861e-12, 7.190279324014891e+01, -3.205498573650514e+00, -1.124291808501505e+05, 3.661791294291175e-04
456, 2.853164706848014e-02, 8.000000000000000e-04, 1.574386443807295e+00, 1.189712677940112e-02, 1.585625322619986e-12, 7.334971321551117e+01, -3.285402200055670e+00, -1.124356799410798e+05, 3.661572573501771e-04
457, 2.872498574660060e-02, 8.000000000000000e-04, 1.574194809527749e+00, 1.189567866141967e-02, 1.585428494388106e-12, 7.493914341241194e+01, -3.281157559501330e+00, -1.124723535181914e+05, 3.661129488332446e-04
458, 2.891986754119098e-02, 8.000000000000000e-04, 1.573547350331011e+00, 1.189078602265340e-02, 1.584767184218472e-12, 7.649923405958680e+01, -3.083272359440994e+00, -1.124504167197366e+05, 3.659625539525022e-04
459, 2.911603563007105e-02, 8.000000000000000e-04, 1.573014282366983e+00, 1.188675780126276e-02, 1.584226837276880e-12, 7.784597935369914e+01, -2.908563566991656e+00, -1.124752686793112e+05, 3.658386707424201e-04
460, 2.931349864084815e-02, 8.000000000000000e-04, 1.572020084324287e+00, 1.187924496970586e-02, 1.583228988542660e-12, 7.903069864996753e+01, -2.490861046396700e+00, -1.124212464306680e+05, 3.656074939556370e-04
461, 2.950736601451716e-02, 8.000000000000000e-04, 1.571021663229849e+00, 1.187170022591918e-02, 1.582219641043686e-12, 8.015244094579728e+01, -2.280514096975371e+00, -1.123528313005520e+05, 3.653752693274817e-04
462, 2.966020324625568e-02, 8.000000000000000e-04, 1.570074503013577e+00, 1.186454284393222e-02, 1.581275114383171e-12, 8.102719154977282e+01, -2.020668798155936e+00, -1.122857196412854e+05, 3.651549642087794e-04
463, 2.978201237915656e-02, 8.000000000000000e-04, 1.569447095723330e+00, 1.185980173090769e-02, 1.580643110096877e-12, 8.165462830025417e+01, -1.781808795566064e+00, -1.122497628411400e+05, 3.650090212825733e-04
464, 2.990201121893866e-02, 8.000000000000000e-04, 1.568906180181585e+00, 1.185571420792222e-02, 1.580094669662311e-12, 8.218235855198169e+01, -1.543413688517822e+00, -1.122164962930471e+05, 3.648831827222696e-04
465, 3.002201005872076e-02, 8.000000000000000e-04, 1.568380835173408e+00, 1.185174434639948e-02, 1.579558130782686e-12, 8.265093349202427e+01, -1.294598008444286e+00, -1.121741214666238e+05, 3.647609545260587e-04
466, 3.014200889850285e-02, 8.000000000000000e-04, 1.567992451396217e+00, 1.184880945639553e-02, 1.579162117570717e-12, 8.298799524864529e+01, -1.085426170147136e+00, -1.121393500404091e+05, 3.646705741796536e-04
467, 3.026200773828482e-02, 8.000000000000000e-04, 1.567850620425366e+00, 1.184773768583493e-02, 1.579021974138485e-12, 8.320354566450628e+01, -9.708353015659650e-01, -1.121434867711496e+05, 3.646375321778031e-04
468, 3.039075781494408e-02, 8.000000000000000e-04, 1.567862849889392e+00, 1.184783009992076e-02, 1.579044618057355e-12, 8.333535305417711e+01, -9.143829372879717e-01, -1.121969384242012e+05, 3.646403109704496e-04
469, 3.056086853324141e-02, 8.000000000000000e-04, 1.567580836072480e+00, 1.184569901314308e-02, 1.578760980076300e-12, 8.353110026778211e+01, -7.428126845287504e-01, -1.122237231800333e+05, 3.645746339048944e-04
470, 3.076695331218625e-02, 8.000000000000000e-04, 1.566775485769195e+00, 1.183961324258932e-02, 1.577934932685108e-12, 8.397249459095279e+01, -5.454511641438534e-01, -1.121382666306556e+05, 3.643872150412492e-04
471, 3.097531328809734e-02, 8.000000000000000e-04, 1.566453721538185e+00, 1.183718177484869e-02, 1.577604447226646e-12, 8.421731125611034e+01, -5.058133055238281e-01, -1.121485362368729e+05, 3.643122617723654e-04
472, 3.118504853270487e-02, 8.000000000000000e-04, 1.566167609915856e+00, 1.183501972228701e-02, 1.577329027263064e-12, 8.406081579566914e+01, -2.673813135111453e-01, -1.121979142926165e+05, 3.642456118607635e-04
473, 3.139609094820273e-02, 8.000000000000000e-04, 1.565567964095319e+00, 1.183048839366832e-02, 1.576735674651441e-12, 8.383983915513829e+01, 7.024709193017470e-02, -1.121954164376000e+05, 3.641060437750921e-04
474, 3.157709731548199e-02, 8.000000000000000e-04, 1.564894486651325e+00, 1.182539914346181e-02, 1.576066333511028e-12, 8.359936793546682e+01, 4.118343458676094e-01, -1.121586602266978e+05, 3.639493180316538e-04
475, 3.171246937591875e-02, 8.000000000000000e-04, 1.564530560609207e+00, 1.182264907261458e-02, 1.575699133849302e-12, 8.331756872852770e+01, 6.219591891752212e-01, -1.121372519211297e+05, 3.638646013030031e-04
476, 3.183246821570080e-02, 8.000000000000000e-04, 1.564381977559787e+00, 1.182152627879024e-02, 1.575550665563045e-12, 8.307958409658517e+01, 6.800915692605787e-01, -1.121371023314235e+05, 3.638299716668156e-04
477, 3.195246705548341e-02, 8.000000000000000e-04, 1.564242148864192e+00, 1.182046963877314e-02, 1.575414246040691e-12, 8.285103013945525e+01, 6.194262404152393e-01, -1.121377443117369e+05, 3.637973776706190e-04
478, 3.207246589526551e-02, 8.000000000000000e-04, 1.564088020076303e+00, 1.181930493760522e-02, 1.575260642039165e-12, 8.265482880915678e+01, 4.976504385062033e-01, -1.121275831568052e+05, 3.637614571203211e-04
479, 3.219246473504760e-02, 8.000000000000000e-04, 1.563990149677527e+00, 1.181856536280339e-02, 1.575158795797804e-12, 8.253966386126029e+01, 2.605063806302029e-01, -1.121097821809979e+05, 3.637386186512685e-04
480, 3.231265442882911e-02, 8.000000000000000e-04, 1.564184943948836e+00, 1.182003735981580e-02, 1.575349073610333e-12, 8.251658014587392e+01, -5.101285494354253e-02, -1.121452948296795e+05, 3.637838386450027e-04
481, 3.245629166281825e-02, 8.000000000000000e-04, 1.564399126053106e+00, 1.182165586438208e-02, 1.575561501448480e-12, 8.253137401493026e+01, -1.985937548784291e-01, -1.122537585090241e+05, 3.638335458959270e-04
482, 3.264859242121242e-02, 8.000000000000000e-04, 1.563554329461248e+00, 1.181527201104311e-02, 1.574704297024159e-12, 8.255424225938465e+01, 1.953018191084358e-01, -1.122112360814889e+05, 3.636369424860892e-04
483, 3.286937230665860e-02, 8.000000000000000e-04, 1.562979277599321e+00, 1.181092653097818e-02, 1.574113708961160e-12, 8.253134493631335e+01, 4.009955645557077e-01, -1.121808893026172e+05, 3.635030631864206e-04
484, 3.309160940711765e-02, 8.000000000000000e-04, 1.562468815867465e+00, 1.180706913753846e-02, 1.573599838089367e-12, 8.221738813697749e+01, 7.477782046334485e-01, -1.121574479858216e+05, 3.633842208066553e-04
485, 3.331531345761572e-02, 8.000000000000000e-04, 1.562157718904738e+00, 1.180471827887806e-02, 1.573286461834574e-12, 8.193026033969716e+01, 1.019077168675108e+00, -1.121452348198593e+05, 3.633117774672461e-04
486, 3.351642162997589e-02, 8.000000000000000e-04, 1.561887049268321e+00, 1.180267291638624e-02, 1.573023350497470e-12, 8.153724701218641e+01, 1.217584677710355e+00, -1.121411521105428e+05, 3.632488155072175e-04
487, 3.366696642872240e-02, 8.000000000000000e-04, 1.561814096122553e+00, 1.180212163316884e-02, 1.572950998903576e-12, 8.095209680751348e+01, 1.543305667070007e+00, -1.121640692939030e+05, 3.632319604256872e-04
488, 3.378822537792141e-02, 8.000000000000000e-04, 1.561734069741970e+00, 1.180151689981431e-02, 1.572867579273065e-12, 8.037371710919561e+01, 1.832527868343897e+00, -1.121770478136902e+05, 3.632134968640957e-04
489, 3.390822421770311e-02, 8.000000000000000e-04, 1.561721856152849e+00, 1.180142460568998e-02, 1.572853223643713e-12, 7.972209677264277e+01, 2.095619909614833e+00, -1.121951352380870e+05, 3.632103199266443e-04
490, 3.402822305748521e-02, 8.000000000000000e-04, 1.561828802072799e+00, 1.180223276125636e-02, 1.572958958931054e-12, 7.898533137074905e+01, 2.321655676431262e+00, -1.122374095418195e+05, 3.632354882278633e-04
491, 3.414822189726730e-02, 8.000000000000000e-04, 1.561862501689801e+00, 1.180248741831178e-02, 1.572992159480475e-12, 7.805260179153042e+01, 2.613432922257878e+00, -1.122776463093707e+05, 3.632434773617107e-04
492, 3.426822073704931e-02, 8.000000000000000e-04, 1.561530567265684e+00, 1.179997909772652e-02, 1.572652900478403e-12, 7.678118837064771e+01, 2.906335865065365e+00, -1.122007344121854e+05, 3.631662173060533e-04
493, 3.439840002371912e-02, 8.000000000000000e-04, 1.562207867383498e+00, 1.180509723463694e-02, 1.573340120319626e-12, 7.555936139647601e+01, 3.352838724270124e+00, -1.121693657338794e+05, 3.633240707211032e-04
494, 3.457110107393593e-02, 8.000000000000000e-04, 1.568693998910602e+00, 1.185411082300307e-02, 1.579756048751698e-12, 7.284230558261892e+01, 4.107939631479431e+00, -1.139459084705261e+05, 3.648333177393808e-04
495, 3.479512666051460e-02, 8.000000000000000e-04, 1.566224638042241e+00, 1.183545066530838e-02, 1.576612073041215e-12, 5.718891909137180e+01, 4.812183033201838e+00, -1.170395540667661e+05, 3.642599932936992e-04
496, 3.503007479443936e-02, 8.000000000000000e-04, 1.414259297685797e+00, 1.068709796740117e-02, 1.423124254375296e-12, 2.520676110381888e+01, 4.909219533562561e+00, -8.120088712195316e+04, 3.289360969555045e-04
497, 3.526657378649371e-02, 8.000000000000000e-04, 1.229648728322748e+00, 9.292055881534360e-03, 1.237159221673821e-12, 2.515950190123623e+01, 3.975758172518836e+00, -4.333859484942668e+04, 2.874066300940965e-04
498, 3.547991205570733e-02, 8.000000000000000e-04, 1.068332257649635e+00, 8.073039730349839e-03, 1.076546230484023e-12, 3.444655826160377e+01, 2.637834515320424e+00, -1.452121009203561e+04, 2.628974850121662e-04
499, 3.563969922089805e-02, 8.000000000000000e-04, 9.632340982230631e-01, 7.278847089846024e-03, 9.712518339909171e-13, 4.135151206073430e+01, 2.050911095422643e+00, 2.946148516017835e+03, 2.777037511396424e-04
500, 3.576373060333202e-02, 8.000000000000000e-04, 8.924546427651590e-01, 6.743989743817221e-03, 8.993794677359076e-13, 4.512234301751192e+01, 1.732181250613949e+00, 1.451716848880903e+04, 3.416890159249747e-04
501, 3.588372944311356e-02, 8.000000000000000e-04, 8.359311962928954e-01, 6.316860425387431e-03, 8.420962590482228e-13, 4.667507842825229e+01, 1.449866472489882e+00, 2.440330445540311e+04, 4.962647826170007e-04
502, 3.600372828289534e-02, 8.000000000000000e-04, 7.882988171617582e-01, 5.956918013817240e-03, 7.939896681736902e-13, 4.739950851803430e+01, 1.221040703375378e+00, 3.295696373352517e+04, 8.206251219380034e-04
503, 3.612372712267745e-02, 8.000000000000000e-04, 7.457687329321894e-01, 5.635531986893570e-03, 7.510936733559157e-13, 4.776690587995933e+01, 1.031391552024092e+00, 4.057179521996010e+04, 1.459321616753433e-03
504, 3.624372596245954e-02, 8.000000000000000e-04, 7.068039736478212e-01, 5.341087962074770e-03, 7.117327033558006e-13, 4.783256712248900e+01, 9.927303546527505e-01, 4.749323232367649e+04, 2.667976078764255e-03
505, 3.636892907460768e-02, 8.000000000000000e-04, 6.676986853120935e-01, 5.045582004878197e-03, 6.720572845600850e-13, 4.742441893930382e+01, 1.005169853794606e+00, 5.433371895571193e+04, 4.992879409643433e-03
506, 3.653164083318280e-02, 8.000000000000000e-04, 6.240666072808161e-01, 4.715868568873420e-03, 6.282130604389371e-13, 4.661118058709205e+01, 8.464970694774044e-01, 6.238376558691465e+04, 1.041478341657532e-02
507, 3.674938247500471e-02, 8.000000000000000e-04, 5.771697623300416e-01, 4.361484350101625e-03, 5.811050418787013e-13, 4.597935196441485e+01, 8.154326800298505e-01, 7.124600951422527e+04, 2.365129445773050e-02
508, 3.699722984020368e-02, 8.000000000000000e-04, 5.329704653077125e-01, 4.027484624492145e-03, 5.365137598012455e-13, 4.627007912109642e+01, 9.728609231590066e-01, 7.932102280482432e+04, 5.111145676346284e-02
509, 3.724671319140629e-02, 8.000000000000000e-04, 4.968922860271602e-01, 3.754853546805315e-03, 5.002045536681109e-13, 4.721846241761756e+01, 1.083920838248266e+00, 8.557836381971015e+04, 9.662154009194880e-02
510, 3.746551417492720e-02, 8.000000000000000e-04, 4.699626004383211e-01, 3.551354663262125e-03, 4.733677581475769e-13, 4.818414393844261e+01, 1.094166636293046e+00, 9.000688443859482e+04, 1.570999398756135e-01
511, 3.762894613367809e-02, 8.000000000000000e-04, 4.505907377300506e-01, 3.404967791410875e-03, 4.541105506209818e-13, 4.908683564229549e+01, 1.025656690914296e+00, 9.287329700707502e+04, 2.233519380048530e-01
512, 3.775445836450939e-02, 8.000000000000000e-04, 4.362725179237836e-01, 3.296769656854796e-03, 4.396052584284336e-13, 4.936137393578307e+01, 9.626896561686169e-01, 9.509433917838152e+04, 2.931701238687749e-01
513, 3.787445720429094e-02, 8.000000000000000e-04, 4.236569591805867e-01, 3.201437978694704e-03, 4.268262659172894e-13, 4.940529618354456e+01, 8.985687748599778e-01, 9.717465846290656e+04, 3.789459737472110e-01
514, 3.799445604407300e-02, 8.000000000000000e-04, 4.118874928265261e-01, 3.112499945792512e-03, 4.149410680510069e-13, 4.933594796690470e+01, 8.323218123986403e-01, 9.915253436210594e+04, 4.879140834070759e-01
515, 3.811445488385509e-02, 8.000000000000000e-04, 4.007145778642288e-01, 3.028069857916233e-03, 4.036572335759090e-13, 4.920206410389206e+01, 7.702752652556898e-01, 1.010317798845708e+05, 6.264856719028340e-01
516, 3.823445372363736e-02, 8.000000000000000e-04, 3.896904319478159e-01, 2.944763969379218e-03, 3.924607261087965e-13, 4.899248321648795e+01, 7.109605858313752e-01, 1.028537874759886e+05, 8.037067200346766e-01
517, 3.835822338480616e-02, 8.000000000000000e-04, 3.782615207249919e-01, 2.858399400944994e-03, 3.807924466974043e-13, 4.861555302615194e+01, 7.155829763398660e-01, 1.047238670506040e+05, 1.035785785647563e+00
518, 3.851730640415020e-02, 8.000000000000000e-04, 3.645496819021298e-01, 2.754783490444689e-03, 3.670489052940847e-13, 4.804519961387761e+01, 7.431587733640447e-01, 1.070863650759037e+05, 1.407736175237122e+00
519, 3.873031131593163e-02, 8.000000000000000e-04, 3.489220564545115e-01, 2.636690602931039e-03, 3.514185833777839e-13, 4.739754954304586e+01, 8.463643749678170e-01, 1.099204913811837e+05, 2.014613867633839e+00
520, 3.898976148816020e-02, 8.000000000000000e-04, 3.332755697462356e-01, 2.518455186999450e-03, 3.356760874080241e-13, 4.697009552411448e+01, 9.627599698302800e-01, 1.126392601019981e+05, 2.905309067489664e+00
521, 3.925136284161346e-02, 8.000000000000000e-04, 3.194740311801743e-01, 2.414161444686601e-03, 3.218045673710688e-13, 4.681549268722181e+01, 1.014563107825357e+00, 1.148251017323085e+05, 4.005303182516841e+00
522, 3.946900692350715e-02, 8.000000000000000e-04, 3.088240874951158e-01, 2.333683280819530e-03, 3.111752521625160e-13, 4.680577948638268e+01, 9.962443280908844e-01, 1.163716017550598e+05, 5.139360566137120e+00
523, 3.963155470427294e-02, 8.000000000000000e-04, 3.009456781244229e-01, 2.274148701192043e-03, 3.032941125089711e-13, 4.677217638196441e+01, 1.001919066281193e+00, 1.174511406426266e+05, 6.189710061826942e+00
524, 3.975668855507335e-02, 8.000000000000000e-04, 2.947400489325546e-01, 2.227254777827859e-03, 2.969902669912406e-13, 4.661006425311219e+01, 1.021648599494144e+00, 1.183096949133833e+05, 7.165471633349721e+00
525, 3.987668739485515e-02, 8.000000000000000e-04, 2.890835576031098e-01, 2.184510510854769e-03, 2.912536794203139e-13, 4.636034527585237e+01, 9.979605238194249e-01, 1.191690826984814e+05, 8.238121876748917e+00
526, 3.999668623463686e-02, 8.000000000000000e-04, 2.837634670735075e-01, 2.144308315416999e-03, 2.858651544730029e-13, 4.609426254773735e+01, 9.704737430854131e-01, 1.200100535117028e+05, 9.451308442557830e+00
527, 4.011668507441896e-02, 8.000000000000000e-04, 2.786181848043064e-01, 2.105427089201393e-03, 2.806615080852593e-13, 4.582457832177766e+01, 9.453887493438350e-01, 1.208269443924960e+05, 1.083692815976253e+01
528, 4.023668391420106e-02, 8.000000000000000e-04, 2.734507613098687e-01, 2.066378548941198e-03, 2.754203325295276e-13, 4.553093267705457e+01, 9.281969217705263e-01, 1.216381110096433e+05, 1.243564087310499e+01
529, 4.036077634096698e-02, 8.000000000000000e-04, 2.678799827364447e-01, 2.024281985414185e-03, 2.697162045572804e-13, 4.513167062977679e+01, 9.365108077133580e-01, 1.224682682328388e+05, 1.433728448363344e+01
530, 4.052072469074300e-02, 8.000000000000000e-04, 2.611316984802993e-01, 1.973287394058001e-03, 2.628622899914003e-13, 4.456215549162617e+01, 9.504829587902817e-01, 1.235414132150256e+05, 1.708603382447705e+01
531, 4.073488826019651e-02, 8.000000000000000e-04, 2.528895941740986e-01, 1.911004489980920e-03, 2.545589857120645e-13, 4.385385551167908e+01, 9.527388920928352e-01, 1.249236500476513e+05, 2.120142407752002e+01
532, 4.100426966717018e-02, 8.000000000000000e-04, 2.445511422378344e-01, 1.847993518170302e-03, 2.462069388962652e-13, 4.320592410586337e+01, 9.658085862565907e-01, 1.263665841094083e+05, 2.671055275831256e+01
533, 4.127335275788860e-02, 8.000000000000000e-04, 2.372446403612448e-01, 1.792780657641790e-03, 2.389502660401311e-13, 4.279191524860384e+01, 9.737855681268711e-01, 1.274785675925468e+05, 3.280824837024508e+01
534, 4.148543011271552e-02, 8.000000000000000e-04, 2.316423174479484e-01, 1.750445723788065e-03, 2.333853842459868e-13, 4.251275382931192e+01, 1.020600572324088e+00, 1.282228377082292e+05, 3.838670480489569e+01
535, 4.164382038062544e-02, 8.000000000000000e-04, 2.273657287560345e-01, 1.718128932665226e-03, 2.291192593119876e-13, 4.229195421655983e+01, 1.060438681552734e+00, 1.287326188496653e+05, 4.322480541702430e+01
536, 4.176734041611336e-02, 8.000000000000000e-04, 2.239779100881043e-01, 1.692528287819447e-03, 2.256705752889558e-13, 4.205301281043032e+01, 1.051079346792426e+00, 1.291593864174414e+05, 4.750038614812109e+01
537, 4.188733925589577e-02, 8.000000000000000e-04, 2.208326614054447e-01, 1.668760665532383e-03, 2.224706523024941e-13, 4.177160395568205e+01, 1.058944927774601e+00, 1.296045639156826e+05, 5.203887615430810e+01
538, 4.200733809567949e-02, 8.000000000000000e-04, 2.177866280110501e-01, 1.645742780940011e-03, 2.193761468306518e-13, 4.146059888856890e+01, 1.063754039552920e+00, 1.300545381864582e+05, 5.697713091496859e+01
539, 4.212733693546323e-02, 8.000000000000000e-04, 2.148073795133403e-01, 1.623229568110995e-03, 2.163532633311971e-13, 4.113988911006108e+01, 1.054607253043552e+00, 1.305077293882851e+05, 6.235548239778159e+01
540, 4.224733577524649e-02, 8.000000000000000e-04, 2.118075188675338e-01, 1.600560595976471e-03, 2.133051058194449e-13, 4.081161433853064e+01, 1.036428582925359e+00, 1.309546486141784e+05, 6.823223797052991e+01
541, 4.237316269302732e-02, 8.000000000000000e-04, 2.085492695496770e-01, 1.575939064607331e-03, 2.099828984380270e-13, 4.041756466390375e+01, 1.020719536623609e+00, 1.314070900532830e+05, 7.496020465200640e+01
542, 4.253730944722265e-02, 8.000000000000000e-04, 2.045271959883490e-01, 1.545545561625005e-03, 2.059301595780293e-13, 3.987509126064219e+01, 1.001700732581290e+00, 1.320254737411892e+05, 8.433676004917704e+01
543, 4.275709448268179e-02, 8.000000000000000e-04, 1.996455956584726e-01, 1.508656894144807e-03, 2.010296135164547e-13, 3.921062135545987e+01, 9.971315311544998e-01, 1.328082370905963e+05, 9.746379063740285e+01
544, 4.303727923236490e-02, 8.000000000000000e-04, 1.945052593644529e-01, 1.469813043056450e-03, 1.958864735261763e-13, 3.855137454609964e+01, 1.028905454451302e+00, 1.336396408583381e+05, 1.146051453054188e+02
545, 4.330632151003248e-02, 8.000000000000000e-04, 1.901203852164770e-01, 1.436677973928112e-03, 1.915138829241716e-13, 3.805383719600746e+01, 1.052031584639566e+00, 1.343081224674496e+05, 1.323115645970083e+02
546, 4.351005287603191e-02, 8.000000000000000e-04, 1.867442945633241e-01, 1.411165953879052e-03, 1.881459707476083e-13, 3.767838459037792e+01, 1.065161233018775e+00, 1.347204055296891e+05, 1.474605234043524e+02
547, 4.366220991834381e-02, 8.000000000000000e-04, 1.841886319880345e-01, 1.391853642226979e-03, 1.855762228728193e-13, 3.736580089041644e+01, 1.057428454972039e+00, 1.350395825220404e+05, 1.601194575265075e+02
548, 4.378384604196161e-02, 8.000000000000000e-04, 1.820973007746529e-01, 1.376050131798427e-03, 1.834494960062412e-13, 3.709423240904249e+01, 1.033446266490297e+00, 1.352957932826061e+05, 1.711601502549262e+02
549, 4.390384488174404e-02, 8.000000000000000e-04, 1.801288757320578e-01, 1.361175383365731e-03, 1.814545927259656e-13, 3.681733315560110e+01, 1.013634896550564e+00, 1.355821803300997e+05, 1.827935837739885e+02
550, 4.402384372152664e-02, 8.000000000000000e-04, 1.781934319835395e-01, 1.346549863855528e-03, 1.794941094977689e-13, 3.653053749336959e+01, 1.003706319804336e+00, 1.358726687818765e+05, 1.951925415846034e+02
551, 4.414384256130996e-02, 8.000000000000000e-04, 1.762551963617314e-01, 1.331903247066063e-03, 1.775259149879931e-13, 3.622583607375000e+01, 9.987615915025884e-01, 1.361573024636343e+05, 2.083828499200752e+02
552, 4.426384140109370e-02, 8.000000000000000e-04, 1.742913334006682e-01, 1.317062972801131e-03, 1.755246810361785e-13, 3.591084907936807e+01, 9.894608738192525e-01, 1.364423485591904e+05, 2.224134699485585e+02
553, 4.439300129435270e-02, 8.000000000000000e-04, 1.720869561080835e-01, 1.300405209884923e-03, 1.732674858516011e-13, 3.551771545984602e+01, 9.910471159365141e-01, 1.367241439875362e+05, 2.383563589946000e+02
554, 4.456387243041970e-02, 8.000000000000000e-04, 1.693787281568267e-01, 1.279940011260855e-03, 1.705106391607285e-13, 3.500935870403944e+01, 1.001246953688455e+00, 1.371088084271527e+05, 2.599590880864051e+02
555, 4.479266111091665e-02, 8.000000000000000e-04, 1.661734712903311e-01, 1.255718926627387e-03, 1.672835403747634e-13, 3.442142272310706e+01, 9.817479589847692e-01, 1.376186314369967e+05, 2.891813301797117e+02
556, 4.508521844709902e-02, 8.000000000000000e-04, 1.627415761771545e-01, 1.229785210406783e-03, 1.639245128259954e-13, 3.380663185068710e+01, 9.768308102135724e-01, 1.381974198651603e+05, 3.270377570872954e+02
557, 4.534492177077429e-02, 8.000000000000000e-04, 1.598771279875817e-01, 1.208139506203394e-03, 1.610848407647511e-13, 3.329208048172141e+01, 1.019877776658849e+00, 1.386140809420340e+05, 3.630033852811099e+02
558, 4.553888153485808e-02, 8.000000000000000e-04, 1.577018051815023e-01, 1.191701298600771e-03, 1.588926893430987e-13, 3.288725135557864e+01, 1.070963383876982e+00, 1.388882744032362e+05, 3.925988556513213e+02
559, 4.568374066264717e-02, 8.000000000000000e-04, 1.560264121110038e-01, 1.179040897564264e-03, 1.571970234034409e-13, 3.254652382786029e+01, 1.090761500876147e+00, 1.390933916308320e+05, 4.167571181376807e+02
560, 4.580405279661814e-02, 8.000000000000000e-04, 1.546129612444158e-01, 1.168359908648006e-03, 1.557530022152362e-13, 3.222080847276366e+01, 1.100074826657393e+00, 1.392726410134704e+05, 4.381948559605555e+02
561, 4.592405163640078e-02, 8.000000000000000e-04, 1.532472883419516e-01, 1.158039962281796e-03, 1.543605389041369e-13, 3.188135828748300e+01, 1.106578263174606e+00, 1.394706798940018e+05, 4.605887152103671e+02
562, 4.604405047618343e-02, 8.000000000000000e-04, 1.518999530139551e-01, 1.147858587007284e-03, 1.529845859331562e-13, 3.154171894259714e+01, 1.105386129397584e+00, 1.396760448380808e+05, 4.840271158675093e+02
563, 4.616404931596573e-02, 8.000000000000000e-04, 1.505569411268148e-01, 1.137709882570481e-03, 1.516109085407442e-13, 3.119957848763537e+01, 1.088478905764635e+00, 1.398895626815382e+05, 5.085584632899576e+02
564, 4.628404815574833e-02, 8.000000000000000e-04, 1.491642586336467e-01, 1.127185833503757e-03, 1.501789469674519e-13, 3.084115410358028e+01, 1.053009168760870e+00, 1.400878359544685e+05, 5.341673802073906e+02
565, 4.641839824376347e-02, 8.000000000000000e-04, 1.475725532959744e-01, 1.115157833471021e-03, 1.485377008299165e-13, 3.043905493688712e+01, 1.024960501756191e+00, 1.402881665715590e+05, 5.635836519195128e+02
566, 4.659787779146875e-02, 8.000000000000000e-04, 1.456271505042052e-01, 1.100457056707063e-03, 1.465497293318308e-13, 2.995215695341471e+01, 9.936620823361123e-01, 1.405932369926374e+05, 6.032556102118671e+02
567, 4.683819276081711e-02, 8.000000000000000e-04, 1.432092714275318e-01, 1.082185930183038e-03, 1.441506546889064e-13, 2.933803392739243e+01, 9.729956635056127e-01, 1.409709322676731e+05, 6.566346290624662e+02
568, 4.713889768596269e-02, 8.000000000000000e-04, 1.407865049493172e-01, 1.063877871153634e-03, 1.417700637943603e-13, 2.873391904512912e+01, 9.837876223145067e-01, 1.414192707662123e+05, 7.219697834216539e+02
569, 4.738501217982578e-02, 8.000000000000000e-04, 1.388529816073102e-01, 1.049266863531380e-03, 1.398503930086870e-13, 2.825246191548645e+01, 1.007366703195169e+00, 1.417467877378893e+05, 7.788029791164724e+02
570, 4.756882310857284e-02, 8.000000000000000e-04, 1.373859436663648e-01, 1.038180934506576e-03, 1.383921656253457e-13, 2.785695326833090e+01, 1.022404840055071e+00, 1.419747154631715e+05, 8.244735793303651e+02
571, 4.770614832330797e-02, 8.000000000000000e-04, 1.362432713446398e-01, 1.029546131067857e-03, 1.372341152060642e-13, 2.753091531507599e+01, 1.016495460043060e+00, 1.421303236552747e+05, 8.606331224251056e+02
572, 4.782614716309084e-02, 8.000000000000000e-04, 1.352355628699113e-01, 1.021931205566145e-03, 1.362078119322634e-13, 2.724399545511953e+01, 1.001158885061889e+00, 1.422618803610336e+05, 8.933693120933671e+02
573, 4.794614600287349e-02, 8.000000000000000e-04, 1.342669157281443e-01, 1.014611453865145e-03, 1.352247972212336e-13, 2.696841958093850e+01, 9.890793477983651e-01, 1.424162319563048e+05, 9.271012813682618e+02
574, 4.806614484265613e-02, 8.000000000000000e-04, 1.333141006496076e-01, 1.007411339921548e-03, 1.342605657832202e-13, 2.669453689022275e+01, 9.710916536705749e-01, 1.425848183067206e+05, 9.619161564152528e+02
575, 4.818614368243850e-02, 8.000000000000000e-04, 1.323585752294804e-01, 1.000190744807243e-03, 1.332930183898634e-13, 2.641563217616086e+01, 9.449753152859481e-01, 1.427548991264481e+05, 9.976992817824332e+02
576, 4.830618864160183e-02, 8.000000000000000e-04, 1.313706063950437e-01, 9.927249853530773e-04, 1.322863275394398e-13, 2.611918082345261e+01, 9.146605174970068e-01, 1.429050565802078e+05, 1.034262972883274e+03
577, 4.844763426087609e-02, 8.000000000000000e-04, 1.302005819948314e-01, 9.838834911449382e-04, 1.310977628163155e-13, 2.575429100309899e+01, 8.722756938306894e-01, 1.430640586731360e+05, 1.077764672293555e+03
578, 4.863702349222902e-02, 8.000000000000000e-04, 1.287532028507574e-01, 9.729461172602565e-04, 1.296332884454249e-13, 2.530887294604019e+01, 8.222820852612573e-01, 1.432943011386215e+05, 1.135550562034274e+03
579, 4.889060708760726e-02, 8.000000000000000e-04, 1.270544623702210e-01, 9.601092874325329e-04, 1.279196430426529e-13, 2.481764710578038e+01, 8.449535988365630e-01, 1.435770630525972e+05, 1.210786454367960e+03
580, 4.919065382601136e-02, 8.000000000000000e-04, 1.253170933866919e-01, 9.469805545594254e-04, 1.262453827685852e-13, 2.431643541388384e+01, 9.152261920409502e-01, 1.438782050949020e+05, 1.299304259446135e+03
581, 4.942366631264138e-02, 8.000000000000000e-04, 1.239683956081777e-01, 9.367888836889843e-04, 1.249294369515808e-13, 2.389034530177036e+01, 9.608963592029811e-01, 1.441048000459247e+05, 1.372234527374825e+03
582, 4.959769200295627e-02, 8.000000000000000e-04, 1.229594582747383e-01, 9.291646721012749e-04, 1.239162060417515e-13, 2.354391565902903e+01, 9.650012785678928e-01, 1.443033071633754e+05, 1.429927092325849e+03
583, 4.972863805200168e-02, 8.000000000000000e-04, 1.221663339175014e-01, 9.231712890491221e-04, 1.231057161328765e-13, 2.326581187884777e+01, 9.585706808392883e-01, 1.444462494623688e+05, 1.475067244338452e+03
584, 4.984863689178390e-02, 8.000000000000000e-04, 1.214431900363875e-01, 9.177067257157835e-04, 1.223657913743157e-13, 2.300561657955640e+01, 9.436241625644748e-01, 1.445843965956493e+05, 1.517429726079286e+03
585, 4.996863573156655e-02, 8.000000000000000e-04, 1.207329878136014e-01, 9.123399582892007e-04, 1.216413828868475e-13, 2.274647828123632e+01, 9.257406660030275e-01, 1.447270403479947e+05, 1.560477934107670e+03
586, 5.008863457134919e-02, 8.000000000000000e-04, 1.200285823529526e-01, 9.070169951105063e-04, 1.209231655453486e-13, 2.249423746850242e+01, 8.965604904426178e-01, 1.448720871208259e+05, 1.604183256021426e+03
587, 5.020863341113181e-02, 8.000000000000000e-04, 1.193211061427652e-01, 9.016708272753521e-04, 1.202005843648375e-13, 2.224177720147174e+01, 8.688199622420150e-01, 1.450130045862349e+05, 1.648416796878436e+03
588, 5.032965289040573e-02, 8.000000000000000e-04, 1.185849563628788e-01, 8.961079825910933e-04, 1.194447635774196e-13, 2.197579793687783e+01, 8.349967523046598e-01, 1.451365454922991e+05, 1.693341750778194e+03
589, 5.047905179572732e-02, 8.000000000000000e-04, 1.176923601711446e-01, 8.893629232077263e-04, 1.185361296758469e-13, 2.165396774871459e+01, 8.026330041016273e-01, 1.452796154528713e+05, 1.748504372554420e+03
590, 5.067909014156474e-02, 8.000000000000000e-04, 1.165714332334642e-01, 8.808924425703499e-04, 1.174046768292953e-13, 2.126518866061529e+01, 7.677669540731578e-01, 1.454709126396385e+05, 1.821188939602969e+03
591, 5.094693239281976e-02, 8.000000000000000e-04, 1.152773227963380e-01, 8.711132705013634e-04, 1.161220753084795e-13, 2.078542908819240e+01, 7.831149551011589e-01, 1.457162445285163e+05, 1.915134064067563e+03
592, 5.123965470619835e-02, 8.000000000000000e-04, 1.140407667062378e-01, 8.617690179312722e-04, 1.149276469206784e-13, 2.030170655571487e+01, 8.447493698909876e-01, 1.459787285171161e+05, 2.016880243530554e+03
593, 5.146026268462323e-02, 8.000000000000000e-04, 1.130873918172396e-01, 8.545646736818872e-04, 1.139884630517861e-13, 1.989895274757986e+01, 8.722433482667987e-01, 1.461751988617399e+05, 2.096992220393931e+03
594, 5.162502404544570e-02, 8.000000000000000e-04, 1.123704111305222e-01, 8.491466836059401e-04, 1.132636493947216e-13, 1.956431121605397e+01, 8.853100506990943e-01, 1.463307336556877e+05, 2.158764645609749e+03
595, 5.175112778074302e-02, 8.000000000000000e-04, 1.117786705389915e-01, 8.446750922341918e-04, 1.126540361167955e-13, 1.931284839303931e+01, 8.754685600675199e-01, 1.464391378042554e+05, 2.207006498854961e+03
596, 5.187112662052533e-02, 8.000000000000000e-04, 1.112457360441521e-01, 8.406478794268456e-04, 1.121145644231560e-13, 1.906406801039965e+01, 8.763100515834336e-01, 1.465548638701733e+05, 2.253128718177969e+03
597, 5.199112546030779e-02, 8.000000000000000e-04, 1.107244004968209e-01, 8.367083160968865e-04, 1.115900053975580e-13, 1.881635608088104e+01, 8.583739249784693e-01, 1.466797129025484e+05, 2.299618785211708e+03
598, 5.211112430009044e-02, 8.000000000000000e-04, 1.102109918651663e-01, 8.328286538929474e-04, 1.110736054967900e-13, 1.856297905535463e+01, 8.408941047405319e-01, 1.468011888215041e+05, 2.346181228747043e+03
599, 5.223112313987308e-02, 8.000000000000000e-04, 1.096989372603947e-01, 8.289592236301932e-04, 1.105560226571883e-13, 1.832162686827018e+01, 8.127670156664064e-01, 1.469184843431289e+05, 2.392682106104292e+03
600, 5.235443647853917e-02, 8.000000000000000e-04, 1.091526178437287e-01, 8.248308653178633e-04, 1.100011204129202e-13, 1.805435648298330e+01, 7.741753586556164e-01, 1.470097849124861e+05, 2.440083924441025e+03
601, 5.251223589373566e-02, 8.000000000000000e-04, 1.084855896592470e-01, 8.197903500698876e-04, 1.093335223676639e-13, 1.773652713868335e+01, 7.521687576276603e-01, 1.471210430616201e+05, 2.499669294096641e+03
602, 5.272352214107469e-02, 8.000000000000000e-04, 1.076273476172426e-01, 8.133048938330743e-04, 1.084740830144735e-13, 1.737003334141779e+01, 7.185523898465883e-01, 1.472747394768503e+05, 2.577980647519863e+03
603, 5.300638781311461e-02, 8.000000000000000e-04, 1.066349120838771e-01, 8.058053809864367e-04, 1.075110818480158e-13, 1.692784366454738e+01, 7.273780120258337e-01, 1.474997230756006e+05, 2.679467590688305e+03
604, 5.328604699899226e-02, 8.000000000000000e-04, 1.057574393945291e-01, 7.991746049963525e-04, 1.066613797958152e-13, 1.649753420642566e+01, 7.850863205181225e-01, 1.477166948403483e+05, 2.778370493169672e+03
605, 5.349491082911598e-02, 8.000000000000000e-04, 1.050926805238937e-01, 7.941512382157180e-04, 1.059992550109437e-13, 1.612977683816769e+01, 8.247190962672128e-01, 1.478772461807737e+05, 2.853836729535678e+03
606, 5.365090106402857e-02, 8.000000000000000e-04, 1.045841440338272e-01, 7.903083932026209e-04, 1.054848364309275e-13, 1.583786048961663e+01, 8.389915070849837e-01, 1.479937353456785e+05, 2.910888578284691e+03
607, 5.377361750950169e-02, 8.000000000000000e-04, 1.041721580321082e-01, 7.871951488571475e-04, 1.050622453217553e-13, 1.559331369585082e+01, 8.360977526338669e-01, 1.480800651364928e+05, 2.956049783535964e+03
608, 5.389361634928434e-02, 8.000000000000000e-04, 1.037801672217555e-01, 7.842330016756466e-04, 1.046619168780158e-13, 1.536021530942843e+01, 8.306851875630972e-01, 1.481748173788586e+05, 3.000314678602947e+03
609, 5.401361518906699e-02, 8.000000000000000e-04, 1.033930493150440e-01, 7.813076774435739e-04, 1.042676602536274e-13, 1.512768892895856e+01, 8.264699558052210e-01, 1.482689381606632e+05, 3.044436336436558e+03
610, 5.413361402884963e-02, 8.000000000000000e-04, 1.030067889548777e-01, 7.783888334120970e-04, 1.038726447211004e-13, 1.489284454638647e+01, 8.197412091313270e-01, 1.483588410673736e+05, 3.088282563722193e+03
611, 5.425361286863208e-02, 8.000000000000000e-04, 1.026100696929588e-01, 7.753909548585650e-04, 1.034641829561455e-13, 1.464265033410250e+01, 8.176909464662527e-01, 1.484284612445703e+05, 3.131458543318494e+03
612, 5.438061361130678e-02, 8.000000000000000e-04, 1.021848158850857e-01, 7.721774500131912e-04, 1.030248749831325e-13, 1.437149296715939e+01, 8.108155336661799e-01, 1.484880165617462e+05, 3.176302246627745e+03
613, 5.454728588632973e-02, 8.000000000000000e-04, 1.016424723156799e-01, 7.680791358867110e-04, 1.024680873160689e-13, 1.404535774768909e+01, 7.932273087913464e-01, 1.485699556223789e+05, 3.233842799771019e+03
614, 5.477045248742646e-02, 8.000000000000000e-04, 1.009583256786929e-01, 7.629092620555943e-04, 1.017581569100023e-13, 1.364222509004851e+01, 7.554419861436927e-01, 1.486744620984835e+05, 3.307822179386359e+03
615, 5.506519815141078e-02, 8.000000000000000e-04, 1.002026687854440e-01, 7.571990084542167e-04, 1.009856215773403e-13, 1.317923577518034e+01, 7.651301114882282e-01, 1.488587095185865e+05, 3.401410708085210e+03
616, 5.532996958064700e-02, 8.000000000000000e-04, 9.958319499471568e-02, 7.525178463076289e-04, 1.003722529917696e-13, 1.273477224927300e+01, 8.113714669500404e-01, 1.490529776629291e+05, 3.484349950523458e+03
617, 5.552771447558404e-02, 8.000000000000000e-04, 9.912603273743928e-02, 7.490632196783341e-04, 9.990867468133950e-14, 1.237062043197520e+01, 8.275356453274435e-01, 1.492135962492237e+05, 3.546324928036883e+03
618, 5.567540052068982e-02, 8.000000000000000e-04, 9.877754213343815e-02, 7.464297894214085e-04, 9.954874642832810e-14, 1.207069660845410e+01, 8.314452039740090e-01, 1.493294665759560e+05, 3.592188036297974e+03
619, 5.579610723822552e-02, 8.000000000000000e-04, 9.848785895882596e-02, 7.442407477996646e-04, 9.924903490768274e-14, 1.182226979046594e+01, 8.242924847521380e-01, 1.494144929816566e+05, 3.628891794594050e+03
620, 5.591610607800761e-02, 8.000000000000000e-04, 9.820319169769766e-02, 7.420896098062597e-04, 9.895610894672637e-14, 1.158893873444316e+01, 8.075903623572377e-01, 1.494936134840126e+05, 3.664484681080350e+03
621, 5.603610491778992e-02, 8.000000000000000e-04, 9.792359733436770e-02, 7.399768060531420e-04, 9.866978515010452e-14, 1.136458433644668e+01, 7.823222986911242e-01, 1.495696179939606e+05, 3.699179469457059e+03
622, 5.615610375757256e-02, 8.000000000000000e-04, 9.765233710387830e-02, 7.379269806338296e-04, 9.839370905268222e-14, 1.114539166208013e+01, 7.533286605898845e-01, 1.496457700587948e+05, 3.733005412828316e+03
623, 5.627610259735520e-02, 8.000000000000000e-04, 9.738726288698960e-02, 7.359239009092319e-04, 9.812497357648621e-14, 1.092331691069658e+01, 7.230913511509467e-01, 1.497140525398019e+05, 3.765760120583299e+03
624, 5.640826265096806e-02, 8.000000000000000e-04, 9.708287677118255e-02, 7.336237539384019e-04, 9.781483781728198e-14, 1.068820967012705e+01, 7.129508497340327e-01, 1.497527256071393e+05, 3.799685098447786e+03
625, 5.658430670597741e-02, 8.000000000000000e-04, 9.668825302362051e-02, 7.306417105059470e-04, 9.741274791654545e-14, 1.040864489768119e+01, 7.088524783289535e-01, 1.497927223073073e+05, 3.842141921172557e+03
626, 5.682002169904970e-02, 8.000000000000000e-04, 9.617917702474542e-02, 7.267947886001320e-04, 9.686872278580691e-14, 1.005252769740637e+01, 7.019599662457507e-01, 1.498402130845061e+05, 3.894523932698487e+03
627, 5.712087768762928e-02, 8.000000000000000e-04, 9.569782971195352e-02, 7.231574033648948e-04, 9.640626656683062e-14, 9.604849225189920e+00, 7.409612933818945e-01, 1.499678703539951e+05, 3.955066174610068e+03
628, 5.737155392562938e-02, 8.000000000000000e-04, 9.534207524390058e-02, 7.204690824475608e-04, 9.608480986684881e-14, 9.199396304694492e+00, 7.695146373932122e-01, 1.500782570150401e+05, 3.999718768630448e+03
629, 5.755877178920075e-02, 8.000000000000000e-04, 9.510745321303350e-02, 7.186961199976738e-04, 9.585226843467990e-14, 8.856274306325185e+00, 8.115393390339334e-01, 1.501642300189888e+05, 4.029272237414712e+03
630, 5.769859572896087e-02, 8.000000000000000e-04, 9.494767278343992e-02, 7.174887112098215e-04, 9.568468413615976e-14, 8.581102017566465e+00, 8.248678610051297e-01, 1.502156466960563e+05, 4.048562630298479e+03
631, 5.781859696694713e-02, 8.000000000000000e-04, 9.482384966247612e-02, 7.165530201194214e-04, 9.555490843363623e-14, 8.334686864410063e+00, 8.217954534269496e-01, 1.502474376749241e+05, 4.062980664094758e+03
632, 5.793859580672889e-02, 8.000000000000000e-04, 9.471780771855760e-02, 7.157516956061901e-04, 9.544255566567358e-14, 8.096085973845065e+00, 8.124263377420501e-01, 1.502715143207955e+05, 4.075375911168884e+03
633, 5.805859464651099e-02, 8.000000000000000e-04, 9.463410140855076e-02, 7.151191542207543e-04, 9.535292007828663e-14, 7.860749109736199e+00, 7.985976641819533e-01, 1.502896824983904e+05, 4.085741450535033e+03
634, 5.817859348629358e-02, 8.000000000000000e-04, 9.457183309403894e-02, 7.146486128012748e-04, 9.528550170884053e-14, 7.628202538442802e+00, 7.831082954886990e-01, 1.502972096449412e+05, 4.093889609124759e+03
635, 5.829859232607622e-02, 8.000000000000000e-04, 9.453208362818481e-02, 7.143482390038931e-04, 9.524136560604584e-14, 7.389352872213522e+00, 7.611031930421821e-01, 1.502917147805919e+05, 4.099725153577126e+03
636, 5.843746637487607e-02, 8.000000000000000e-04, 9.451507770721579e-02, 7.142197307849893e-04, 9.521892825192976e-14, 7.119898479537381e+00, 7.310838779238999e-01, 1.502630319225126e+05, 4.103322902364123e+03
637, 5.862340914831134e-02, 8.000000000000000e-04, 9.455725527606064e-02, 7.145384529677079e-04, 9.525062524926838e-14, 6.796036993748515e+00, 6.942141544684411e-01, 1.502041640353921e+05, 4.103072873174333e+03
638, 5.887237808886039e-02, 8.000000000000000e-04, 9.475217029843927e-02, 7.160113624567309e-04, 9.543063408242376e-14, 6.411719939289754e+00, 6.472359190141284e-01, 1.500995740441979e+05, 4.093810831178001e+03
639, 5.920573611579460e-02, 8.000000000000000e-04, 9.529143425456683e-02, 7.200864049463441e-04, 9.598272064378781e-14, 5.969861074570217e+00, 6.358513162484332e-01, 1.498967713778586e+05, 4.064678663238424e+03
640, 5.960131677043291e-02, 8.000000000000000e-04, 9.632241785160971e-02, 7.278772129843926e-04, 9.710574468209401e-14, 5.514716372901617e+00, 6.770662586412047e-01, 1.495177572573575e+05, 4.004303313445042e+03
641, 6.000000000000000e-02, 4.515979690540125e-04, 9.688507486405408e-02, 7.321290291992391e-04, 9.776114745856122e-14, 5.122642351210897e+00, 5.137367157227716e-01, 1.492952582343119e+05, 3.970998555480733e+03
642, 2.210862485602916e-02, 0.000000000000000e+00, 1.549541267901954e+00, 1.170937985820148e-02, 1.561073799173191e-12, -2.050162392400610e+01, -4.494627850059138e-01, -1.097052694871273e+05, 3.603804526548996e-04
643, 2.221724971205844e-02, 0.000000000000000e+00, 1.570312514367946e+00, 1.186634141839847e-02, 1.581608429240917e-12, -1.157200871755918e+01, -3.770097161041222e+00, -1.109820192134309e+05, 3.652111434905893e-04
644, 2.232690066154806e-02, 0.000000000000000e+00, 1.570870593420705e+00, 1.187055864045974e-02, 1.582076212766693e-12, -5.279055621150688e+00, -1.631476925499256e+00, -1.106238738102207e+05, 3.653408357854346e-04
645, 2.245687571983252e-02, 0.000000000000000e+00, 1.570232453525641e+00, 1.186573642462808e-02, 1.581381689626124e-12, -1.613096918802669e+00, -1.014435507904404e+00, -1.104196007963003e+05, 3.651923069848491e-04
646, 2.259265678987277e-02, 0.000000000000000e+00, 1.570400772951691e+00, 1.186700835983755e-02, 1.581528122627471e-12, 1.305790478400026e+00, -1.051746540366577e+00, -1.103487891376052e+05, 3.652313355260629e-04
647, 2.272843785991592e-02, 0.000000000000000e+00, 1.570795867051440e+00, 1.186999395756865e-02, 1.581918247978362e-12, 4.043205880361156e+00, -9.344142805486666e-01, -1.103138599749321e+05, 3.653231016216495e-04
648, 2.286421892995830e-02, 0.000000000000000e+00, 1.571123928529907e+00, 1.187247301156210e-02, 1.582244577434547e-12, 7.146821647616118e+00, -9.637767291669460e-01, -1.102939688296398e+05, 3.653992788529439e-04
649, 2.314890371787906e-02, 0.000000000000000e+00, 1.571361643084732e+00, 1.187426934321066e-02, 1.582473784238390e-12, 1.317377314393833e+01, -1.014759930888996e+00, -1.102639591369971e+05, 3.654543128455893e-04
650, 2.330088689112012e-02, 0.000000000000000e+00, 1.571470813200915e+00, 1.187509430630523e-02, 1.582577982734030e-12, 1.603419026203490e+01, -1.028240413933453e+00, -1.102603226545965e+05, 3.654795637062635e-04
651, 2.345601323250427e-02, 0.000000000000000e+00, 1.572035581689315e+00, 1.187936207825789e-02, 1.583138827537203e-12, 1.953043687909338e+01, -1.274226246432683e+00, -1.103559623269660e+05, 3.656107606900334e-04
652, 2.361434776020855e-02, 0.000000000000000e+00, 1.571583315825708e+00, 1.187594445208455e-02, 1.582668841147300e-12, 2.267645853309751e+01, -8.460929352460936e-01, -1.103533155254839e+05, 3.655054200210976e-04
653, 2.377595680614839e-02, 0.000000000000000e+00, 1.571215161842742e+00, 1.187316243206214e-02, 1.582295295064922e-12, 2.578577162801992e+01, -7.054200302757142e-01, -1.103726424977545e+05, 3.654196338210510e-04
654, 2.394090810733472e-02, 0.000000000000000e+00, 1.570388810333361e+00, 1.186691796221794e-02, 1.581475858648353e-12, 2.831353678305503e+01, -6.243383910474937e-01, -1.103191245149797e+05, 3.652272853735995e-04
655, 2.410927077162670e-02, 0.000000000000000e+00, 1.569886441325651e+00, 1.186312172286494e-02, 1.580984065515022e-12, 3.055520958954597e+01, -6.093859171952161e-01, -1.102741632175554e+05, 3.651102796599001e-04
656, 2.428111536559040e-02, 0.000000000000000e+00, 1.569388778963928e+00, 1.185936105010631e-02, 1.580496275411222e-12, 3.305587688685680e+01, -6.018676142787462e-01, -1.101923118167885e+05, 3.649943595740476e-04
657, 2.445651387889919e-02, 0.000000000000000e+00, 1.569717162966931e+00, 1.186184254131288e-02, 1.580833464927219e-12, 3.533862055372162e+01, -6.619886738403643e-01, -1.102194588115823e+05, 3.650705522815514e-04
658, 2.463553982863451e-02, 0.000000000000000e+00, 1.569921037264612e+00, 1.186338315313414e-02, 1.581038264460179e-12, 3.794878677287427e+01, -7.073377661553748e-01, -1.102415416413757e+05, 3.651177866915577e-04
659, 2.481826821571971e-02, 0.000000000000000e+00, 1.569571154026935e+00, 1.186073919919701e-02, 1.580696944658336e-12, 4.061262886103679e+01, -7.053384168812789e-01, -1.101579460639307e+05, 3.650362210410928e-04
660, 2.500477563242677e-02, 0.000000000000000e+00, 1.570330936183742e+00, 1.186648062607463e-02, 1.581474579403721e-12, 4.343260553998778e+01, -9.707765924077171e-01, -1.102745548199244e+05, 3.652127215989377e-04
661, 2.519514021706271e-02, 0.000000000000000e+00, 1.570329353417286e+00, 1.186646866562281e-02, 1.581476861291449e-12, 4.641324613557376e+01, -9.216267945303378e-01, -1.103427525301359e+05, 3.652121554830159e-04
662, 2.538944173347288e-02, 0.000000000000000e+00, 1.569867405577852e+00, 1.186297787590417e-02, 1.581006442277905e-12, 4.881860256603230e+01, -8.659149168474272e-01, -1.103657780465621e+05, 3.651045203229705e-04
663, 2.558776163315268e-02, 0.000000000000000e+00, 1.569131593047985e+00, 1.185741757970872e-02, 1.580253415262054e-12, 5.110881182321211e+01, -4.199275010964184e-01, -1.103335443676176e+05, 3.649332119540249e-04
664, 2.579018298310960e-02, 0.000000000000000e+00, 1.568565169765866e+00, 1.185313730301766e-02, 1.579676061942547e-12, 5.318122847426142e+01, -3.834726706034817e-01, -1.103241345334888e+05, 3.648012966396161e-04
665, 2.599679062718628e-02, 0.000000000000000e+00, 1.567819593586702e+00, 1.184750322609701e-02, 1.578931655992412e-12, 5.488526829776266e+01, -3.938510393832656e-01, -1.102741161501802e+05, 3.646277124691445e-04
666, 2.620767114301820e-02, 0.000000000000000e+00, 1.567266686454345e+00, 1.184332508655778e-02, 1.578376315832131e-12, 5.648277701770689e+01, -4.084435756787003e-01, -1.102099045309046e+05, 3.644989352045282e-04
667, 2.642291289361529e-02, 0.000000000000000e+00, 1.567128368512094e+00, 1.184227986281281e-02, 1.578241243366024e-12, 5.849614326861488e+01, -4.607534821453520e-01, -1.101722152881914e+05, 3.644665658478055e-04
668, 2.664260613719563e-02, 0.000000000000000e+00, 1.567217304835381e+00, 1.184295192570918e-02, 1.578337446920584e-12, 6.070792791586391e+01, -5.538304476461574e-01, -1.101996446017003e+05, 3.644870259766136e-04
669, 2.686684275276728e-02, 0.000000000000000e+00, 1.567040499491111e+00, 1.184161586517313e-02, 1.578164750439632e-12, 6.288225827031187e+01, -5.689242316182357e-01, -1.102258041866629e+05, 3.644456719736310e-04
670, 2.709571683239051e-02, 0.000000000000000e+00, 1.566578137220318e+00, 1.183812194373136e-02, 1.577706487123133e-12, 6.506243301087521e+01, -4.577748272054218e-01, -1.102078820337967e+05, 3.643379125637122e-04
671, 2.732932438100780e-02, 0.000000000000000e+00, 1.566448506102961e+00, 1.183714236349944e-02, 1.577573597589550e-12, 6.727617609846855e+01, -5.599710242262944e-01, -1.102907643634989e+05, 3.643075467444446e-04
672, 2.756776308240555e-02, 0.000000000000000e+00, 1.565650880010761e+00, 1.183111496229894e-02, 1.576766688766244e-12, 6.923882277120725e+01, -4.393949615120660e-01, -1.102946450270434e+05, 3.641218965654073e-04
673, 2.781113299727998e-02, 0.000000000000000e+00, 1.564665397114733e+00, 1.182366798827354e-02, 1.575773134474387e-12, 7.090072029527070e+01, -3.532124028588915e-01, -1.102475042157802e+05, 3.638928469464172e-04
674, 2.805953599239162e-02, 0.000000000000000e+00, 1.563807405376373e+00, 1.181718442350004e-02, 1.574905253447385e-12, 7.234670737854320e+01, -2.781005116396594e-01, -1.101810174376843e+05, 3.636947130126180e-04
675, 2.831307636225226e-02, 0.000000000000000e+00, 1.563192273556250e+00, 1.181253607221448e-02, 1.574283335033163e-12, 7.389977969748337e+01, -2.782135982598763e-01, -1.101313640258559e+05, 3.635572264332019e-04
676, 2.857186008924121e-02, 0.000000000000000e+00, 1.562460683208799e+00, 1.180700768167959e-02, 1.573542127317173e-12, 7.577511695301196e+01, -3.889889733789829e-01, -1.100319105273735e+05, 3.633860386705681e-04
677, 2.883599575262180e-02, 0.000000000000000e+00, 1.562515230853055e+00, 1.180741988050268e-02, 1.573595673933992e-12, 7.839228010834972e+01, -4.635763584209685e-01, -1.100764283424364e+05, 3.633979668128456e-04
678, 2.910559406467333e-02, 0.000000000000000e+00, 1.561893226645620e+00, 1.180271959681930e-02, 1.572966048840365e-12, 8.056179609341937e+01, -4.566411927937066e-01, -1.100751212856041e+05, 3.632527869810167e-04
679, 2.938076794707230e-02, 0.000000000000000e+00, 1.561081161035489e+00, 1.179658308087373e-02, 1.572148097366935e-12, 8.266608622443709e+01, -3.897453840747002e-01, -1.101074107041265e+05, 3.630635748797744e-04
680, 2.966153275693104e-02, 0.000000000000000e+00, 1.559632476648147e+00, 1.178563584368976e-02, 1.570706819044535e-12, 8.419961516068666e+01, -1.801747635996135e-01, -1.100400085336936e+05, 3.627264212739906e-04
681, 2.993103616226907e-02, 0.000000000000000e+00, 1.558304079480535e+00, 1.177559757793954e-02, 1.569375101491951e-12, 8.540676572848281e+01, -1.556966471808179e-01, -1.099501008178183e+05, 3.624172943694971e-04
682, 3.019405181249105e-02, 0.000000000000000e+00, 1.557482499785867e+00, 1.176938916714860e-02, 1.568544972604734e-12, 8.638841901810798e+01, -2.885745382783474e-02, -1.098878381828427e+05, 3.622260639764614e-04
683, 3.047527123407274e-02, 0.000000000000000e+00, 1.557217547228535e+00, 1.176738700676574e-02, 1.568275627515327e-12, 8.719293297195887e+01, 1.620450154202150e-02, -1.098936736373422e+05, 3.621642984254710e-04
684, 3.077873457267196e-02, 0.000000000000000e+00, 1.557189416441325e+00, 1.176717443154752e-02, 1.568253641543673e-12, 8.797555659405477e+01, 2.406239703729807e-02, -1.099895701811826e+05, 3.621576071475362e-04
685, 3.108851078546105e-02, 0.000000000000000e+00, 1.556633129543922e+00, 1.176297075222205e-02, 1.567696379042910e-12, 8.854574420577586e+01, 1.388360950553398e-01, -1.100505647833121e+05, 3.620280912397840e-04
686, 3.140467316142343e-02, 0.000000000000000e+00, 1.555764774733328e+00, 1.175640887707902e-02, 1.566827715426359e-12, 8.884642125268770e+01, 2.028039207969758e-01, -1.100390955299176e+05, 3.618260012914935e-04
687, 3.169986237068822e-02, 0.000000000000000e+00, 1.555128196248925e+00, 1.175159846032030e-02, 1.566191365378376e-12, 8.879023161415118e+01, 3.071090203864738e-01, -1.100294269886709e+05, 3.616778291286852e-04
688, 3.196701195812758e-02, 0.000000000000000e+00, 1.555043507882275e+00, 1.175095849785191e-02, 1.566107165018424e-12, 8.850996838021439e+01, 3.168847760712026e-01, -1.100687189474945e+05, 3.616579944205059e-04
689, 3.223105718762517e-02, 0.000000000000000e+00, 1.555038397458310e+00, 1.175091988003858e-02, 1.566094588722193e-12, 8.835191448495691e+01, 2.389327728332840e-01, -1.101069639747976e+05, 3.616566703964997e-04
690, 3.251674980155905e-02, 0.000000000000000e+00, 1.555115355014007e+00, 1.175150142328063e-02, 1.566162886783107e-12, 8.828496926921758e+01, 2.391639940601943e-01, -1.101580626680797e+05, 3.616744211034437e-04
691, 3.284782005036279e-02, 0.000000000000000e+00, 1.555318851121511e+00, 1.175303917724162e-02, 1.566369540221598e-12, 8.818521451716724e+01, 3.002924505703700e-01, -1.102835009708664e+05, 3.617215742333346e-04
692, 3.320038710465922e-02, 0.000000000000000e+00, 1.555000940916620e+00, 1.175063683312404e-02, 1.566063694334270e-12, 8.764185830921743e+01, 6.237753535689433e-01, -1.104216407836026e+05, 3.616474472874568e-04
693, 3.352546543181867e-02, 0.000000000000000e+00, 1.553806716092103e+00, 1.174161246417303e-02, 1.564861711821053e-12, 8.664402075347678e+01, 7.399437785161462e-01, -1.103667330934274e+05, 3.613695134832755e-04
694, 3.380660900976676e-02, 0.000000000000000e+00, 1.553494588632808e+00, 1.173925381838492e-02, 1.564545123527143e-12, 8.529039491857704e+01, 4.384574680176376e-01, -1.103519614772427e+05, 3.612967785006493e-04
695, 3.406961042779465e-02, 0.000000000000000e+00, 1.553472338872050e+00, 1.173908568417269e-02, 1.564486045539414e-12, 8.446936273130669e+01, 5.516365088900316e-01, -1.101895780282795e+05, 3.612915013020588e-04
696, 3.433916037386442e-02, 0.000000000000000e+00, 1.559555300954481e+00, 1.178505265205001e-02, 1.570603400202341e-12, 8.516304182025684e+01, -9.883634112636028e-03, -1.110829333970734e+05, 3.627061240189052e-04
697, 3.464033741554502e-02, 0.000000000000000e+00, 1.578067193926661e+00, 1.192494101204086e-02, 1.589647098563358e-12, 8.184613970169563e+01, -7.827644159345487e+00, -1.188176074820793e+05, 3.670113143342728e-04
698, 3.536517387751117e-02, 0.000000000000000e+00, 1.166033401584730e+00, 8.811335528347810e-03, 1.175299421356924e-12, 4.744018509869050e+01, 1.320501544281575e+01, -3.593125800430193e+04, 2.727597861483485e-04
699, 3.567031678916634e-02, 0.000000000000000e+00, 1.004458307949988e+00, 7.590365047478898e-03, 1.013962140224474e-12, 4.729277370135289e+01, 6.333190536876374e+00, -7.372901601213398e+03, 2.627316035674138e-04
700, 3.594365238010423e-02, 0.000000000000000e+00, 8.701907398334188e-01, 6.575748663727293e-03, 8.778750656433202e-13, 4.825518297873879e+01, 1.956897660622364e+00, 1.676397857497124e+04, 4.527076304166627e-04
701, 3.621150540715429e-02, 0.000000000000000e+00, 7.709128493488686e-01, 5.825537904398014e-03, 7.778547800476896e-13, 4.795971389103081e+01, 8.126130557453324e-01, 3.501165468675729e+04, 1.464764848867629e-03
702, 3.649986469117796e-02, 0.000000000000000e+00, 6.771597045021905e-01, 5.117075852660846e-03, 6.826020589786558e-13, 4.840022907355277e+01, 3.928847272895825e-03, 5.229466837041720e+04, 5.881582369182987e-03
703, 3.683601602196587e-02, 0.000000000000000e+00, 5.911084907267928e-01, 4.466814791386677e-03, 5.952721278321087e-13, 4.837282469064117e+01, 4.075210089480111e-02, 6.810803151448778e+04, 2.204690014459997e-02
704, 3.721979088491061e-02, 0.000000000000000e+00, 5.263115633597077e-01, 3.977165466194199e-03, 5.303447134396301e-13, 4.881140527845881e+01, 7.010310400806311e-01, 8.008922140330379e+04, 6.708454339191502e-02
705, 3.754673820453348e-02, 0.000000000000000e+00, 4.778372722901796e-01, 3.610860999674187e-03, 4.812568223464674e-13, 5.015743401343290e+01, 1.101292802760721e-01, 8.799466942233026e+04, 1.516624853356087e-01
706, 3.783023566131991e-02, 0.000000000000000e+00, 4.420247643117950e-01, 3.340237513691690e-03, 4.450013145257077e-13, 5.095267645695374e+01, 7.104783800610374e-02, 9.382251317349292e+04, 2.932619441421053e-01
707, 3.809725204803643e-02, 0.000000000000000e+00, 4.132992349567008e-01, 3.123168022343083e-03, 4.162708586350018e-13, 5.057503934081625e+01, 1.853636130305502e-01, 9.861447114751158e+04, 5.294527323598281e-01
708, 3.837372563806484e-02, 0.000000000000000e+00, 3.868974604408346e-01, 2.923658391240795e-03, 3.896762560764881e-13, 4.968282288618794e+01, 3.278507790272358e-01, 1.031691163797579e+05, 9.311691705058635e-01
709, 3.868617728586801e-02, 0.000000000000000e+00, 3.616395220665692e-01, 2.732792358185512e-03, 3.645244789749107e-13, 4.888215751005330e+01, 3.919314531835663e-01, 1.075281884218476e+05, 1.626279322196378e+00
710, 3.906134792551141e-02, 0.000000000000000e+00, 3.367072417972015e-01, 2.544387217610837e-03, 3.394763700963414e-13, 4.826163756970385e+01, 4.936065077860277e-01, 1.118647289126190e+05, 2.839582658988765e+00
711, 3.941542557031643e-02, 0.000000000000000e+00, 3.157374346074848e-01, 2.385925198545279e-03, 3.180941660139931e-13, 4.792829487045328e+01, 3.402139638583958e-01, 1.150851002502466e+05, 4.465793488251452e+00
712, 3.971388382516929e-02, 0.000000000000000e+00, 3.003945517150554e-01, 2.269984017998130e-03, 3.025026015540016e-13, 4.767699475274740e+01, 2.234560797318263e-01, 1.173426517364983e+05, 6.349470898224509e+00
713, 3.998468306291333e-02, 0.000000000000000e+00, 2.880527885631631e-01, 2.176721324154897e-03, 2.902289546135725e-13, 4.716336876253384e+01, 3.157572469874537e-01, 1.192825912757218e+05, 8.690105073728969e+00
714, 4.025399159091737e-02, 0.000000000000000e+00, 2.762316726939502e-01, 2.087392992649336e-03, 2.784401710817193e-13, 4.642930471252239e+01, 3.151870778480492e-01, 1.211261572431315e+05, 1.185686908728079e+01
715, 4.054788655672118e-02, 0.000000000000000e+00, 2.633233512649261e-01, 1.989849002001985e-03, 2.652872291347125e-13, 4.560196456861762e+01, 3.617940462127000e-01, 1.233197695904547e+05, 1.651924223062990e+01
716, 4.089402096521687e-02, 0.000000000000000e+00, 2.503448210513486e-01, 1.891774466383177e-03, 2.520857971111985e-13, 4.468531179908528e+01, 3.775869044786335e-01, 1.253711195796837e+05, 2.309006815147711e+01
717, 4.127421556709431e-02, 0.000000000000000e+00, 2.391823308671507e-01, 1.807423155167514e-03, 2.408974568202896e-13, 4.391836193691538e+01, 4.234762836074228e-01, 1.271136002344196e+05, 3.132492363373720e+01
718, 4.159260718371739e-02, 0.000000000000000e+00, 2.306580591637022e-01, 1.743008003756016e-03, 2.323551880100919e-13, 4.340031966075701e+01, 3.444588190613511e-01, 1.282719102255107e+05, 3.972403188633206e+01
719, 4.187184856605462e-02, 0.000000000000000e+00, 2.233029375777572e-01, 1.687427739882329e-03, 2.249791255601774e-13, 4.289978974866393e+01, 2.707163487887177e-01, 1.292846298105237e+05, 4.917053360732278e+01
720, 4.213863551213688e-02, 0.000000000000000e+00, 2.162403032039917e-01, 1.634057706831271e-03, 2.178075161901827e-13, 4.222608930129053e+01, 2.639002631326842e-01, 1.303267500728455e+05, 6.053621017193580e+01
721, 4.241889253595045e-02, 0.000000000000000e+00, 2.092751557524755e-01, 1.581424350774510e-03, 2.107638111444725e-13, 4.141287891252351e+01, 2.910946464270268e-01, 1.314061989671502e+05, 7.448944044310572e+01
722, 4.273938014770101e-02, 0.000000000000000e+00, 2.021945543280125e-01, 1.527918546559277e-03, 2.037432395040894e-13, 4.059341775064556e+01, 3.234612899544935e-01, 1.324985143463291e+05, 9.245819528775311e+01
723, 4.312081887690729e-02, 0.000000000000000e+00, 1.948864538796481e-01, 1.472693606143371e-03, 1.964167092319791e-13, 3.968464537687477e+01, 4.531450270398171e-01, 1.336618988656112e+05, 1.161070008026268e+02
724, 4.346436119584509e-02, 0.000000000000000e+00, 1.885613799632806e-01, 1.424897077808218e-03, 1.899518997353318e-13, 3.890270996383906e+01, 3.654197574182872e-01, 1.344474126630293e+05, 1.406551367291798e+02
725, 4.375679592775639e-02, 0.000000000000000e+00, 1.835164669395414e-01, 1.386774309366903e-03, 1.848406998138497e-13, 3.823379628852621e+01, 1.968955950869181e-01, 1.351123918771612e+05, 1.652436093974327e+02
726, 4.402567843322826e-02, 0.000000000000000e+00, 1.792745094262905e-01, 1.354719214808237e-03, 1.806345987715352e-13, 3.764548112631940e+01, 2.431591295377245e-01, 1.358341405130565e+05, 1.915971039614873e+02
727, 4.429705997007949e-02, 0.000000000000000e+00, 1.748540343779421e-01, 1.321315121243784e-03, 1.762553556811267e-13, 3.700013455221385e+01, 2.364766109598869e-01, 1.364559033847583e+05, 2.222004878919815e+02
728, 4.459714491749213e-02, 0.000000000000000e+00, 1.700601370678031e-01, 1.285089196985891e-03, 1.713615104058989e-13, 3.617582109321228e+01, 3.596592687453361e-01, 1.372439009248464e+05, 2.599758788796568e+02
729, 4.495400334916956e-02, 0.000000000000000e+00, 1.648376941408263e-01, 1.245624892751947e-03, 1.659948334952493e-13, 3.521177947932672e+01, 4.108945622460565e-01, 1.379284665820093e+05, 3.075020219619703e+02
730, 4.532701982467814e-02, 0.000000000000000e+00, 1.602056535231219e-01, 1.210622066925506e-03, 1.613023396514065e-13, 3.432650258892790e+01, 3.121063742264221e-01, 1.385423716440379e+05, 3.597130642243735e+02
731, 4.563754938361862e-02, 0.000000000000000e+00, 1.567163326091238e-01, 1.184254402587915e-03, 1.578435292095285e-13, 3.363884148925212e+01, 2.916763873582878e-01, 1.391025130362308e+05, 4.082503295417794e+02
732, 4.591316646143025e-02, 0.000000000000000e+00, 1.537209260419855e-01, 1.161619088478534e-03, 1.548374731439808e-13, 3.303149245502188e+01, 2.819194756903723e-01, 1.395791724226465e+05, 4.571426286753147e+02
733, 4.618033803413694e-02, 0.000000000000000e+00, 1.507304139307457e-01, 1.139020760181944e-03, 1.518680929159292e-13, 3.241155521911653e+01, 2.511838183033471e-01, 1.400272721175190e+05, 5.106481297758668e+02
734, 4.646501176649791e-02, 0.000000000000000e+00, 1.476108941326137e-01, 1.115447562714985e-03, 1.487024560771554e-13, 3.166875975465836e+01, 3.350058569695478e-01, 1.405900101664519e+05, 5.722942500018647e+02
735, 4.679423254280582e-02, 0.000000000000000e+00, 1.440708167714038e-01, 1.088696348398553e-03, 1.451232050881115e-13, 3.084585315172517e+01, 3.102665959697690e-01, 1.410204353328667e+05, 6.463526525649528e+02
736, 4.717834362056669e-02, 0.000000000000000e+00, 1.406454373303690e-01, 1.062811868995275e-03, 1.416675470186985e-13, 2.990431370033701e+01, 4.300391266407848e-01, 1.416038621991132e+05, 7.342871143660229e+02
737, 4.751208740111706e-02, 0.000000000000000e+00, 1.375922098881427e-01, 1.039739621321119e-03, 1.385212556621841e-13, 2.907044912484013e+01, 3.353293528826971e-01, 1.419929087027928e+05, 8.177917070410509e+02
738, 4.779915029076533e-02, 0.000000000000000e+00, 1.352440833188043e-01, 1.021995591829920e-03, 1.361427766031404e-13, 2.839525578389208e+01, 1.996592314468317e-01, 1.423785865644854e+05, 8.945111035336976e+02
739, 4.806673300087299e-02, 0.000000000000000e+00, 1.331287695414199e-01, 1.006010852957933e-03, 1.340590884764268e-13, 2.782547726147093e+01, 2.264331101671856e-01, 1.428277234754709e+05, 9.725854838038374e+02
740, 4.834080799463639e-02, 0.000000000000000e+00, 1.309053499384941e-01, 9.892091934899561e-04, 1.318366376889711e-13, 2.724541153162799e+01, 2.290334962921441e-01, 1.432071690964925e+05, 1.056610156000220e+03
741, 4.864774600395469e-02, 0.000000000000000e+00, 1.285309019479689e-01, 9.712662615715976e-04, 1.294681112926610e-13, 2.658716627898663e+01, 2.677564922003654e-01, 1.435669063452519e+05, 1.151381680412847e+03
742, 4.901594543016387e-02, 0.000000000000000e+00, 1.259716488971667e-01, 9.519268178627944e-04, 1.268708797537623e-13, 2.577958804377607e+01, 3.792247785168082e-01, 1.439649677285167e+05, 1.265169443053808e+03
743, 4.937831697627157e-02, 0.000000000000000e+00, 1.235939855144328e-01, 9.339595882704029e-04, 1.244389141772298e-13, 2.494556944087109e+01, 3.153742152905617e-01, 1.442673928763645e+05, 1.380010899420905e+03
744, 4.968166503483358e-02, 0.000000000000000e+00, 1.217915850882564e-01, 9.203394339164231e-04, 1.226301342389866e-13, 2.424545291354947e+01, 1.669108067419153e-01, 1.445878504114947e+05, 1.481325620336787e+03
745, 4.995428430839629e-02, 0.000000000000000e+00, 1.202615969421263e-01, 9.087778106458319e-04, 1.211560496537777e-13, 2.370613375680867e+01, 1.981804539462806e-01, 1.450088047133047e+05, 1.579919120155346e+03
746, 5.022245507324314e-02, 0.000000000000000e+00, 1.186551105344253e-01, 8.966381148696860e-04, 1.195876298445277e-13, 2.317225991515652e+01, 1.753028742729359e-01, 1.452837654848493e+05, 1.679161696442488e+03
747, 5.051218533587586e-02, 0.000000000000000e+00, 1.169238045081812e-01, 8.835551977948363e-04, 1.178112772733108e-13, 2.249922452318616e+01, 2.791561592054977e-01, 1.456519524966458e+05, 1.791534788913426e+03
748, 5.085085124842114e-02, 0.000000000000000e+00, 1.149753877468742e-01, 8.688316454424439e-04, 1.158113683076426e-13, 2.181055066189535e+01, 2.514940661232861e-01, 1.458841458176999e+05, 1.916706460942936e+03
749, 5.123404388474907e-02, 0.000000000000000e+00, 1.132092595166137e-01, 8.554855882867910e-04, 1.140630623978248e-13, 2.110334761499984e+01, 2.805773222107614e-01, 1.462213452050714e+05, 2.053520337310878e+03
750, 5.155870870319700e-02, 0.000000000000000e+00, 1.117865917839990e-01, 8.447349505088138e-04, 1.126570342581587e-13, 2.046799280440959e+01, 2.452646609093839e-01, 1.464985339123824e+05, 2.172496843920653e+03
751, 5.184104329015110e-02, 0.000000000000000e+00, 1.105555328975773e-01, 8.354322385207291e-04, 1.114257892827345e-13, 1.987890970694085e+01, 2.256747693922030e-01, 1.468098920557391e+05, 2.282421162444707e+03
752, 5.210794135423515e-02, 0.000000000000000e+00, 1.093573383343164e-01, 8.263778715439622e-04, 1.102087493370485e-13, 1.932620129627649e+01, 2.208101202407272e-01, 1.470962867231601e+05, 2.389333139763795e+03
753, 5.238533410930810e-02, 0.000000000000000e+00, 1.081321491879010e-01, 8.171195152738263e-04, 1.089724946617897e-13, 1.879141711493545e+01, 2.043418364191595e-01, 1.473328077064751e+05, 2.498154021928045e+03
754, 5.269980025181281e-02, 0.000000000000000e+00, 1.068380611988076e-01, 8.073405128373017e-04, 1.077088414508098e-13, 1.824153514079304e+01, 2.043189208235687e-01, 1.475746782961808e+05, 2.617938773079703e+03
755, 5.307693920642675e-02, 0.000000000000000e+00, 1.054747898181986e-01, 7.970387139913646e-04, 1.063539051285063e-13, 1.756625673689787e+01, 3.144595663180433e-01, 1.478747609836153e+05, 2.757635216273409e+03
756, 5.342821751481525e-02, 0.000000000000000e+00, 1.042509001477714e-01, 7.877901774390433e-04, 1.051020253059729e-13, 1.689425939666410e+01, 2.916028006306560e-01, 1.480784183446804e+05, 2.884524277857211e+03
757, 5.372505312967898e-02, 0.000000000000000e+00, 1.032664320616335e-01, 7.803508720022437e-04, 1.041020454438265e-13, 1.627380615680725e+01, 1.557383680264754e-01, 1.482701541906486e+05, 2.991965554036521e+03
758, 5.399529678087379e-02, 0.000000000000000e+00, 1.024494307132481e-01, 7.741770582864601e-04, 1.032931577451932e-13, 1.580573715447342e+01, 1.745658275254282e-01, 1.485881198212914e+05, 3.094658600512563e+03
759, 5.426508267643307e-02, 0.000000000000000e+00, 1.015348249023528e-01, 7.672656793628021e-04, 1.023783675068642e-13, 1.533763915076931e+01, 1.575784013296592e-01, 1.487395397463410e+05, 3.193153765074008e+03
760, 5.456051712119801e-02, 0.000000000000000e+00, 1.005703100899186e-01, 7.599771543318409e-04, 1.013842694690860e-13, 1.471181979209509e+01, 2.782346370887376e-01, 1.489328115182482e+05, 3.300551017217959e+03
761, 5.490935631806700e-02, 0.000000000000000e+00, 9.946916563344450e-02, 7.516561634769027e-04, 1.002495579298571e-13, 1.397857175109955e+01, 2.815921594858671e-01, 1.490204914332836e+05, 3.416551131182117e+03
762, 5.528803801501085e-02, 0.000000000000000e+00, 9.853753681022284e-02, 7.446161471805037e-04, 9.930980824523198e-14, 1.327868035475589e+01, 2.701281651920952e-01, 1.492825370778147e+05, 3.537438042589615e+03
763, 5.560432802598157e-02, 0.000000000000000e+00, 9.780794020690117e-02, 7.391028227221288e-04, 9.858439889554813e-14, 1.269727336537468e+01, 2.060048311054270e-01, 1.495067822142010e+05, 3.634763808642348e+03
764, 5.588257067769381e-02, 0.000000000000000e+00, 9.718180877771446e-02, 7.343713509650506e-04, 9.794977440366494e-14, 1.214849226595587e+01, 2.334142031577824e-01, 1.497663491264386e+05, 3.721717657245764e+03
765, 5.614939828950402e-02, 0.000000000000000e+00, 9.652775771053577e-02, 7.294288995758095e-04, 9.727644722824176e-14, 1.162789237199873e+01, 2.186839789009905e-01, 1.499085628168994e+05, 3.799614560135181e+03
766, 5.643073785935245e-02, 0.000000000000000e+00, 9.586975494367807e-02, 7.244565864761414e-04, 9.660273383004307e-14, 1.111761033984747e+01, 2.172915287436221e-01, 1.500371230910674e+05, 3.876321141617173e+03
767, 5.675341913571481e-02, 0.000000000000000e+00, 9.516941211399109e-02, 7.191643232795162e-04, 9.589199134332181e-14, 1.057887059344964e+01, 2.281261573043357e-01, 1.501132459021822e+05, 3.953218341279357e+03
768, 5.713589441181068e-02, 0.000000000000000e+00, 9.450145353719321e-02, 7.141167773591254e-04, 9.521780097221778e-14, 9.896380315663432e+00, 3.046437156900889e-01, 1.502768853594208e+05, 4.034143205154196e+03
769, 5.747682973562994e-02, 0.000000000000000e+00, 9.398078904227097e-02, 7.101822849541775e-04, 9.468607221486074e-14, 9.285744487941930e+00, 2.218981879804382e-01, 1.503577631196002e+05, 4.090739974203225e+03
770, 5.776781153641851e-02, 0.000000000000000e+00, 9.367951946268439e-02, 7.079056886348833e-04, 9.437988651861279e-14, 8.730056478286699e+00, 2.386670313922592e-01, 1.505143244471082e+05, 4.132083358939974e+03
771, 5.803629841026652e-02, 0.000000000000000e+00, 9.343747277061026e-02, 7.060766204328184e-04, 9.413006012533574e-14, 8.207459238789411e+00, 1.968745288418304e-01, 1.505643915673413e+05, 4.159245739192071e+03
772, 5.830831766095096e-02, 0.000000000000000e+00, 9.329598885788293e-02, 7.050074724777083e-04, 9.397799286363668e-14, 7.767966800348760e+00, 1.679972032780586e-01, 1.505920889836718e+05, 4.177324416537979e+03
773, 5.861011256556171e-02, 0.000000000000000e+00, 9.324059018515921e-02, 7.045888427090317e-04, 9.390589537034647e-14, 7.322002142013631e+00, 1.716832137470668e-01, 1.504866869546334e+05, 4.181286458731102e+03
774, 5.896987111222354e-02, 0.000000000000000e+00, 9.344547305479954e-02, 7.061370759808707e-04, 9.411469190511030e-14, 6.694738713134955e+00, 2.846295748710835e-01, 1.503787266005435e+05, 4.172181579464861e+03
775, 5.941999270094694e-02, 0.000000000000000e+00, 9.412501750860637e-02, 7.112721726091245e-04, 9.481469210499211e-14, 6.003940836735262e+00, 2.557531848539306e-01, 1.499791424216124e+05, 4.122161846883967e+03
776, 5.823670603163812e-02, 9.032566475086056e-04, 9.485306599622935e-02, 7.167737984601410e-04, 9.557036563575543e-14, 7.425734634481704e+00, 8.756740548481375e-01, 1.502008956616768e+05, 4.077942628587882e+03
777, 5.763353059634756e-02, 9.209431725275462e-04, 9.537440505697446e-02, 7.207133883397928e-04, 9.612358527566058e-14, 8.571300435471839e+00, 9.412111277474443e-01, 1.500855377312753e+05, 4.018078838645856e+03
778, 5.585624789241889e-02, 9.038405020142381e-04, 9.862634743441050e-02, 7.452872602096279e-04, 9.938435274426371e-14, 1.155305274657112e+01, 9.156600235999102e-01, 1.493592209922784e+05, 3.630006230846578e+03
779, 5.651036749156479e-02, 9.369693835958750e-04, 9.726573942312014e-02, 7.350055875802414e-04, 9.800145882986696e-14, 1.034695047698925e+01, 8.096467013993622e-01, 1.496819529494803e+05, 3.801718259989217e+03
780, 5.407361460895835e-02, 9.039220436763430e-04, 1.034707213543086e-01, 7.818946198057670e-04, 1.043506296177780e-13, 1.482516431887634e+01, 9.170023212545911e-01, 1.482116790286745e+05, 3.051644160095349e+03
781, 2.163265306172623e-02, 1.705868271886581e-03, 1.569310127481717e+00, 1.185876670641171e-02, 1.580603890784258e-12, 3.011912739023797e+00, -4.339027919889890e+00, -1.107489916044732e+05, 3.649779083465769e-04
782, 5.217916578429242e-02, 9.170114632524781e-04, 1.101934536809805e-01, 8.326961235338515e-04, 1.110628913334114e-13, 1.818245591141018e+01, 9.446272512762511e-01, 1.467584840718191e+05, 2.359428111741194e+03
783, 5.154104850481221e-02, 9.445170146204289e-04, 1.130479295164443e-01, 8.542664698975448e-04, 1.139454751587560e-13, 1.940262695018809e+01, 1.034689477434709e+00, 1.461168118326607e+05, 2.113122768205066e+03
784, 2.319136487315060e-02, 9.754185555799061e-04, 1.577947975018873e+00, 1.192404011349370e-02, 1.589143618870674e-12, 2.093475527451558e+01, -8.802453706983359e+00, -1.115141105130780e+05, 3.669847029828977e-04
785, 5.014871390413381e-02, 9.039991098572041e-04, 1.198541076106988e-01, 9.056985461766016e-04, 1.207457261313587e-13, 2.209990247135475e+01, 9.850551288731455e-01, 1.448470521181832e+05, 1.619124172675278e+03
786, 4.950858885458961e-02, 9.329117453894350e-04, 1.236712397531227e-01, 9.345433734492844e-04, 1.246219951649107e-13, 2.330453115292576e+01, 1.101261440764270e+00, 1.440680949367017e+05, 1.393044243196076e+03
787, 4.824599385902591e-02, 9.086606758515706e-04, 1.319734574118065e-01, 9.972805345981142e-04, 1.329097738588315e-13, 2.594615589107673e+01, 1.052454999775785e+00, 1.427388364786759e+05, 1.012193505546683e+03
788, 4.764787522331777e-02, 9.232461815164724e-04, 1.367985473118682e-01, 1.033742171122465e-03, 1.378047938319747e-13, 2.724716328972185e+01, 1.165031119637283e+00, 1.419627976288127e+05, 8.424886298812620e+02
789, 4.586405218803448e-02, 9.022055109766673e-04, 1.538709989546222e-01, 1.162753140715060e-03, 1.550005936523194e-13, 3.167056612948247e+01, 1.254954623928058e+00, 1.392951195663002e+05, 4.493325261459165e+02
790, 4.421169087311115e-02, 9.066128196628361e-04, 1.749745931662109e-01, 1.322226144832911e-03, 1.762349685554235e-13, 3.568953936072847e+01, 1.122040278862632e+00, 1.362857120617623e+05, 2.169672231181624e+02
791, 5.872490733990786e-02, 5.214604376604154e-03, 4.643346970313261e-01, 3.508826425935763e-03, 4.630322580355663e-13, 9.682526906501019e-01, 2.598225607424966e+01, 8.115298400051681e+04, 1.368596389613926e+03
792, 4.218666241523722e-02, 9.031537781759636e-04, 2.129167082052764e-01, 1.608942379385098e-03, 2.144298976702340e-13, 4.062383159895945e+01, 1.170585083757191e+00, 1.307427112854703e+05, 6.583043021197125e+01
793, 2.392001209888169e-02, 9.051068407715494e-04, 1.579142442738975e+00, 1.193306631792772e-02, 1.590360133982676e-12, 3.186550685981533e+01, -7.334562640831730e+00, -1.119567386998605e+05, 3.672616150002841e-04
794, 5.519490941289604e-02, 1.001293121488662e-03, 1.004700420294716e-01, 7.592194611798632e-04, 1.012521339970335e-13, 1.261175180963590e+01, 9.687368670321346e-01, 1.487591209846239e+05, 3.409582438463684e+03
795, 4.017678480196203e-02, 9.015540727141040e-04, 2.754898633930138e-01, 2.081787380803714e-03, 2.775126223359909e-13, 4.537769124739509e+01, 1.049737686704473e+00, 1.212967039854693e+05, 1.180224459957331e+01
796, 4.359199419725514e-02, 9.284649825491849e-04, 1.850438725132287e-01, 1.398316416976576e-03, 1.864266680706517e-13, 3.706523838241124e+01, 1.223652325222041e+00, 1.348574735742136e+05, 1.551267397616117e+02
797, 5.339672370573882e-02, 9.565617963390313e-04, 1.058145832248478e-01, 7.996064223539058e-04, 1.067310474798596e-13, 1.594535898085527e+01, 9.553297914750363e-01, 1.476456962149587e+05, 2.797420206690434e+03
798, 5.714883649168882e-02, 5.097572688417066e-03, 4.692858042431795e-01, 3.546240334333913e-03, 4.705675066271305e-13, 1.594719878076308e+00, 2.629528394523755e+01, 8.030961741474479e+04, 1.436849515072204e+03
799, 4.652256628347920e-02, 9.395115444839821e-04, 1.465272042705553e-01, 1.107258470558541e-03, 1.474781697232251e-13, 2.968654549482910e+01, 1.170147864348710e+00, 1.403926328621874e+05, 5.851828348885452e+02
800, 5.396244538607921e-02, 4.891665725080986e-03, 4.611282500884742e-01, 3.484596348274647e-03, 4.651405728909644e-13, 4.019483608887779e+00, 2.584168540949349e+01, 8.062044921765826e+04, 1.029895488392395e+03
801, 3.793534731697826e-02, 9.030404342261599e-04, 4.160927032544228e-01, 3.144277354567630e-03, 4.191243882544249e-13, 4.898596591458669e+01, 9.365367817836167e-01, 9.844191653691967e+04, 4.449486357445155e-01
802, 5.211965391468200e-02, 4.782415262440293e-03, 4.589566064485425e-01, 3.468185942933411e-03, 4.643800638507837e-13, 5.165645513048394e+00, 2.483493702867665e+01, 8.106637534003179e+04, 7.501276648528241e+02
803, 5.583224662375021e-02, 5.006219374469878e-03, 4.608617001653618e-01, 3.482582117123447e-03, 4.603514147318466e-13, 3.468364803147043e+00, 2.521627213149877e+01, 8.068071366728401e+04, 1.319253834944230e+03
804, 2.572776940084154e-02, 9.081926304206016e-04, 1.581354313731780e+00, 1.194978070830150e-02, 1.592643605979782e-12, 5.167317750426234e+01, -4.227817198284439e+00, -1.128291926526556e+05, 3.677740730599131e-04
805, 5.053177328979538e-02, 4.670884315225821e-03, 4.568635138437407e-01, 3.452369122242226e-03, 4.625459697569588e-13, 5.746888871475658e+00, 2.502748184229979e+01, 8.115116893801055e+04, 5.387036869481137e+02
806, 4.156462524667048e-02, 9.220707421655531e-04, 2.288338225918145e-01, 1.729222840744260e-03, 2.305336055738133e-13, 4.198350260752969e+01, 1.199638938246887e+00, 1.284767459448780e+05, 4.134796249690086e+01
807, 3.606372770278637e-02, 9.039220436758171e-04, 7.577006289951809e-01, 5.725697448327112e-03, 7.629053526428521e-13, 4.660074092315136e+01, 1.607514112988645e+00, 3.845094621344737e+04, 1.175975610614776e-03
808, 3.735611368316672e-02, 9.655117190853242e-04, 4.788491162272803e-01, 3.618507175521908e-03, 4.817824166002252e-13, 4.718923092058707e+01, 1.356839340568025e+00, 8.841456893301259e+04, 1.321909588011605e-01
809, 2.136942607945859e-02, 2.121104375429299e-03, 1.571810802161809e+00, 1.187766349240736e-02, 1.583116532631477e-12, 5.506087645939849e+00, -6.052600962555453e+00, -1.109506603726462e+05, 3.655594080199431e-04
810, 4.869206601176645e-02, 4.570933047663830e-03, 4.766127790385373e-01, 3.601607902050085e-03, 4.835340288958777e-13, 6.203764495571058e+00, 2.584401978979529e+01, 7.873235034117560e+04, 3.270506284463709e+02
811, 2.620600999980837e-02, 9.062207371784817e-04, 1.580751711635023e+00, 1.194522704006403e-02, 1.592041087107879e-12, 5.593174803407403e+01, -3.901111543652058e+00, -1.128404378883307e+05, 3.676335023735221e-04
812, 3.969403008433032e-02, 9.028875245166093e-04, 2.970511604077832e-01, 2.244719096280528e-03, 2.992782126347125e-13, 4.636636664606398e+01, 1.164508005169574e+00, 1.179222810100130e+05, 6.793413470586773e+00
813, 3.420919539510338e-02, 9.145761240535481e-04, 1.562447654924091e+00, 1.180690923116536e-02, 1.573582175590915e-12, 7.572855847477244e+01, 3.364666622535413e+00, -1.125206698871777e+05, 3.633799161084164e-04
814, 3.372979451513025e-02, 9.080627601055905e-04, 1.562747282950542e+00, 1.180917342280098e-02, 1.573903360813303e-12, 7.857933783070678e+01, 1.889261132231155e+00, -1.124846411531871e+05, 3.634497228527263e-04
815, 2.442020128660556e-02, 9.432158200037344e-04, 1.581033378042057e+00, 1.194735550157824e-02, 1.592237777783564e-12, 3.921897818641114e+01, -6.073407321972909e+00, -1.123454920830754e+05, 3.677006682326915e-04
816, 3.843776489447821e-02, 9.224788034263218e-04, 3.705705502562012e-01, 2.800281236193144e-03, 3.732610052207963e-13, 4.792827423781034e+01, 7.956964043262349e-01, 1.060725348264311e+05, 1.241558220501781e+00
817, 3.554015977470599e-02, 9.320646938606408e-04, 1.012567646544259e+00, 7.651644684214703e-03, 1.019539928061825e-12, 3.409935096442916e+01, 5.774421442801738e+00, -4.925944084887391e+03, 2.636844082153297e-04
818, 4.528799300392800e-02, 4.294388225675662e-03, 4.409346594277881e-01, 3.331999945298218e-03, 4.441920400079246e-13, 9.484383975821292e+00, 2.332737566908322e+01, 8.584118085621970e+04, 1.094310516033290e+02
819, 3.224934904729504e-02, 9.021255793895193e-04, 1.565415241809847e+00, 1.182933432098213e-02, 1.576591049165561e-12, 8.086986614824797e+01, 1.709144814649932e-01, -1.124427735963689e+05, 3.640700253428353e-04
820, 3.177270138453489e-02, 9.037779372019280e-04, 1.565667269158329e+00, 1.183123880976158e-02, 1.576849953313399e-12, 8.144135666450750e+01, 7.194592902167002e-01, -1.124713469556524e+05, 3.641289557381696e-04
821, 4.711054328187609e-02, 4.473337981578241e-03, 4.746252154547064e-01, 3.586588529877706e-03, 4.831422980944428e-13, 6.785416006933318e+00, 2.617458813470046e+01, 7.999430981595918e+04, 1.958641250897855e+02
822, 2.782418620406301e-02, 8.959801652812977e-04, 1.577606300938530e+00, 1.192145819349105e-02, 1.588864428985007e-12, 6.700477740164202e+01, -3.059816551490516e+00, -1.129111042604865e+05, 3.669066218013819e-04
823, 2.830601201547351e-02, 9.146425273139952e-04, 1.577121618049035e+00, 1.191779560238653e-02, 1.588398107240320e-12, 7.024281961457262e+01, -3.642253672056620e+00, -1.129569980247428e+05, 3.667938710710848e-04
824, 4.393506778676071e-02, 4.250333690636541e-03, 4.753814111263091e-01, 3.592302854860139e-03, 4.777964124287416e-13, 1.045239726428403e+01, 2.603205128957890e+01, 7.920707277419593e+04, 5.311846649953905e+01
825, 2.503951693230197e-02, 9.760696366782493e-04, 1.584090748201668e+00, 1.197045905442153e-02, 1.595413428239905e-12, 4.587343779729567e+01, -5.342119160307491e+00, -1.129982064466898e+05, 3.684109215647550e-04
826, 2.390258648329496e-02, 4.140700890144589e-03, 1.566714047810532e+00, 1.183914897589900e-02, 1.577965338977595e-12, 1.130692204798373e+01, -2.268740371290674e+00, -1.102197205739425e+05, 3.643738386903904e-04
827, 3.020835489717690e-02, 9.003432580268800e-04, 1.569465772656029e+00, 1.185994286641928e-02, 1.580655086584085e-12, 8.197063102743512e+01, -1.124108696578620e+00, -1.125110978796902e+05, 3.650133143438028e-04
828, 2.972340379459074e-02, 9.084846836440914e-04, 1.571558493692223e+00, 1.187575687928721e-02, 1.582785667905959e-12, 8.014360403382052e+01, -2.205747219236619e+00, -1.126926929648099e+05, 3.655002882705084e-04
829, 4.234036000649129e-02, 4.144482292282363e-03, 4.972369156317270e-01, 3.757457800739910e-03, 5.035410555179884e-13, 1.154328230411167e+01, 2.561805549629653e+01, 7.649345942526226e+04, 2.130628926084214e+01
830, 4.050073830687560e-02, 4.026517489522639e-03, 5.295684828959243e-01, 4.001776948835928e-03, 5.333874143503582e-13, 1.317862459971672e+01, 2.635931302869606e+01, 7.277226480326346e+04, 5.245442323970686e+00
831, 5.080354587077336e-02, 9.940384304446361e-04, 1.164160641698443e-01, 8.797183690416970e-04, 1.172796503517059e-13, 2.056811475257646e+01, 9.283201640445479e-01, 1.454137334113130e+05, 1.847492617575866e+03
832, 2.105344207617108e-02, 2.489305673480355e-03, 1.574956212833115e+00, 1.190143233878996e-02, 1.586329935311438e-12, 7.598411160265826e+00, -7.041535473456987e+00, -1.111322793909946e+05, 3.662909407646139e-04
833, 5.902002870566044e-02, 1.036898172055527e-03, 9.578904892857082e-02, 7.238467173443935e-04, 9.646492194462875e-14, 6.064443460236030e+00, 8.050386357891465e-01, 1.498117693879966e+05, 4.035944560334805e+03
834, 3.915882125592584e-02, 3.941709990545894e-03, 5.649029750312210e-01, 4.268788224417818e-03, 5.688762373183410e-13, 1.433502274292019e+01, 2.545085068316868e+01, 6.763133736388833e+04, 1.357407878391867e+00
835, 3.661303148265552e-02, 9.554103106960107e-04, 5.998694300412709e-01, 4.533018363032458e-03, 6.042390018403914e-13, 4.526992892823585e+01, 1.372900178084008e+00, 6.699999646410739e+04, 1.565131448900784e-02
836, 2.293161111796118e-02, 4.293788128982365e-03, 1.569979730210371e+00, 1.186382667665358e-02, 1.581143367180208e-12, 1.153341384685941e+01, -2.456621070028732e+00, -1.104611547887076e+05, 3.651334234417779e-04
837, 2.586813837347652e-02, 3.821194504278578e-03, 1.561435499221388e+00, 1.179926069940694e-02, 1.572506286307153e-12, 1.025983490489295e+01, -1.860499543053422e+00, -1.099351855489550e+05, 3.631459745848552e-04
838, 3.911961969337332e-02, 1.018192163924490e-03, 3.244763405230398e-01, 2.451962270955283e-03, 3.267001923943432e-13, 4.621005755878257e+01, 1.250412660509310e+00, 1.139376988914825e+05, 3.578264192386359e+00
839, 2.488949609619713e-02, 3.979926559873515e-03, 1.564192733983113e+00, 1.182009622657361e-02, 1.575281871086883e-12, 9.383009847281713e+00, -1.982252468459377e+00, -1.101693687892971e+05, 3.637873684589217e-04
840, 4.521320169272160e-02, 9.852881661155644e-04, 1.610858347953704e-01, 1.217273310796305e-03, 1.622707680243152e-13, 3.282374480532942e+01, 1.229675041409044e+00, 1.382865741451051e+05, 3.452500632611016e+02
841, 2.681180547084486e-02, 1.019365888219803e-03, 1.583494598998426e+00, 1.196595414860363e-02, 1.594770226356145e-12, 5.965270909357959e+01, -3.885060526308189e+00, -1.135331634047277e+05, 3.682706671682255e-04
842, 2.882242664389576e-02, 9.681043958183944e-04, 1.577365441850191e+00, 1.191963809962449e-02, 1.588642862851459e-12, 7.398825934039216e+01, -4.160844265768942e+00, -1.132348303096185e+05, 3.668512874982888e-04
843, 3.598197181590940e-02, 3.724993999599629e-03, 7.774144666058505e-01, 5.874668513394638e-03, 7.830897637566793e-13, 1.359217207250087e+01, 2.418394091510524e+01, 3.654685607793000e+04, 6.211360801370387e-03
844, 3.320346143236669e-02, 9.833138804167480e-04, 1.564008897100370e+00, 1.181870703098610e-02, 1.575157691804918e-12, 7.877789493012678e+01, 8.956613496066975e-01, -1.126421350435345e+05, 3.637423980122906e-04
845, 3.785376074849473e-02, 3.840960697122981e-03, 6.162214490477517e-01, 4.656585257285080e-03, 6.230278187573962e-13, 1.622514216208741e+01, 2.467993629204426e+01, 6.086866910138248e+04, 2.557079620773094e-01
846, 3.439477198430892e-02, 3.617516518104767e-03, 1.508737845441567e+00, 1.140104165321254e-02, 1.518890842994450e-12, 9.056632317292078e+00, 1.749084977686607e+00, -1.058241914612566e+05, 3.696020802973365e-04
847, 2.069330384238419e-02, 2.832762422992214e-03, 1.579490384334820e+00, 1.193569559950822e-02, 1.590809306116651e-12, 1.105837394490697e+01, -7.875704096162786e+00, -1.114501242355357e+05, 3.673454492729875e-04
848, 4.289640933004054e-02, 1.020620809327391e-03, 1.965925080255668e-01, 1.485585702964134e-03, 1.979699918437900e-13, 3.802386476079706e+01, 1.287863841365138e+00, 1.331725224101977e+05, 1.070244353577282e+02
849, 2.783089740412156e-02, 3.498391861008978e-03, 1.552897056875237e+00, 1.173473846505316e-02, 1.563913977697386e-12, 1.256116560792226e+01, -2.160862781973892e+00, -1.092958385121745e+05, 3.611599401386382e-04
850, 2.180436489289134e-02, 1.371818201729269e-03, 1.568753108450200e+00, 1.185455749458667e-02, 1.580032706538184e-12, 1.846264051308746e+00, -3.321255381482296e+00, -1.106899147818127e+05, 3.648484142648159e-04
851, 3.230964311258482e-02, 3.509141412749370e-03, 1.526214704460602e+00, 1.153310859794001e-02, 1.537092832883468e-12, 1.118321142954561e+01, 9.185634310914584e-01, -1.071467711765277e+05, 3.549557534209329e-04
852, 4.875131889801182e-02, 1.028487645717580e-03, 1.283464913429408e-01, 9.698727305512873e-04, 1.292463582937908e-13, 2.445125963270659e+01, 1.021774074472736e+00, 1.432445060263220e+05, 1.158775420606678e+03
853, 5.480749039345341e-02, 4.953152918384301e-03, 4.561322913991991e-01, 3.446843511839066e-03, 4.547749163910825e-13, 2.593380139102051e+00, 2.523326511900273e+01, 8.192431582325810e+04, 1.129402606371308e+03
854, 4.087248700381713e-02, 1.040276945954833e-03, 2.474743503370370e-01, 1.870083251917414e-03, 2.491604897771694e-13, 4.271527190845666e+01, 1.213472067059741e+00, 1.257663899300636e+05, 2.468187904114667e+01
855, 5.295535383727770e-02, 4.831664748316124e-03, 4.582244355486528e-01, 3.462653165355141e-03, 4.616655604888048e-13, 3.978195524247561e+00, 2.531928244072507e+01, 8.068542071343737e+04, 8.766677963548680e+02
856, 3.047347455581505e-02, 3.378252112894797e-03, 1.529838967002292e+00, 1.156049597231042e-02, 1.540752579833675e-12, 1.331620264654580e+01, 5.508772106259414e-01, -1.073451833102015e+05, 3.557987916304498e-04
857, 3.129233855338698e-02, 9.716505475103894e-04, 1.568182551203563e+00, 1.185024597886913e-02, 1.579383952570097e-12, 8.071474922310888e+01, 1.083082304844260e-02, -1.128120069438639e+05, 3.647142577041635e-04
858, 2.041531975878886e-02, 3.074708418635452e-03, 1.586011213480311e+00, 1.198497138650181e-02, 1.597394432334443e-12, 1.485304647740469e+01, -8.361427835118731e+00, -1.119307123414049e+05, 3.688619458743709e-04
859, 2.855083291287961e-02, 3.367390150179921e-03, 1.547222447562795e+00, 1.169185728636970e-02, 1.558219683087038e-12, 1.400829874552186e+01, -2.377315816689057e+00, -1.087705690461510e+05, 3.598407041089718e-04
860, 2.010137799325375e-02, 3.263770484921738e-03, 1.593612429915386e+00, 1.204241130918494e-02, 1.605109527901732e-12, 1.603720844143737e+01, -8.630060958006034e+00, -1.124061001470692e+05, 3.706298426932758e-04
861, 1.978034162523108e-02, 3.442836240797632e-03, 1.602289316903028e+00, 1.210797972470888e-02, 1.613698152721807e-12, 1.872318382593484e+01, -8.068852092506809e+00, -1.130355894777249e+05, 3.726478567517334e-04
862, 3.682854842904380e-02, 3.789580492172324e-03, 6.953934996397654e-01, 5.254862717679869e-03, 7.015315232134390e-13, 1.507915018614268e+01, 2.578582159096941e+01, 4.942290495211509e+04, 3.996424249510163e-02
863, 1.942114164811515e-02, 3.591702459267500e-03, 1.611952658365504e+00, 1.218100245616364e-02, 1.623221730594931e-12, 1.836703629671576e+01, -6.123077827881035e+00, -1.137442241468142e+05, 3.748953960272446e-04
864, 2.219030243153261e-02, 4.438222505011483e-03, 1.574534136047484e+00, 1.189824284166955e-02, 1.585712656835387e-12, 1.198054383774033e+01, -2.997297660217150e+00, -1.107331262286385e+05, 3.661927846589749e-04
865, 3.469200715007674e-02, 9.756379007917475e-04, 1.573567703753467e+00, 1.189093982685380e-02, 1.584324372890643e-12, 6.650530274531909e+01, 9.386518907656011e+00, -1.169031464614035e+05, 3.659698243415342e-04
866, 3.067450112824080e-02, 9.692793555889039e-04, 1.569669733021701e+00, 1.186148412862838e-02, 1.580871184639554e-12, 8.120760024600227e+01, -8.431484049609038e-01, -1.128142513358834e+05, 3.650605193031215e-04
867, 4.950436739848804e-02, 4.591601531390864e-03, 4.506454276991875e-01, 3.405381065731037e-03, 4.584634965734688e-13, 6.077062714350284e+00, 2.382360301475224e+01, 8.301436863337620e+04, 4.394539970128054e+02
868, 2.739052651244881e-02, 9.510883906583116e-04, 1.580793066700817e+00, 1.194553954685847e-02, 1.592068119083433e-12, 6.354764622760841e+01, -3.366430403371636e+00, -1.132759964293246e+05, 3.676425691035769e-04
869, 4.131332992913958e-02, 4.051813951781719e-03, 4.906807643390951e-01, 3.707915095762186e-03, 4.939289698720785e-13, 1.273445535238272e+01, 2.422896456112612e+01, 7.826942632269369e+04, 1.102430568677911e+01
870, 5.262420819692748e-02, 9.651697175841400e-04, 1.084811047558320e-01, 8.197564591120677e-04, 1.093479531050880e-13, 1.723209855074193e+01, 8.746484703900989e-01, 1.470661564171958e+05, 2.520719961933297e+03
871, 2.264068711341043e-02, 9.244401645878144e-04, 1.572758688621176e+00, 1.188482636237753e-02, 1.583972880360794e-12, 1.224943556096855e+01, -6.927614605240497e+00, -1.107106114874023e+05, 3.657788082720418e-04
872, 2.684329129144438e-02, 3.641526292816263e-03, 1.557629869480519e+00, 1.177050279204515e-02, 1.568721913669184e-12, 1.231767037715020e+01, -2.219694560314000e+00, -1.096102209206417e+05, 3.622606153100885e-04
873, 4.602815334530420e-02, 4.371129906234809e-03, 4.453786127112747e-01, 3.365581456251291e-03, 4.523301078090189e-13, 8.109450974972013e+00, 2.350248704514349e+01, 8.346959604814377e+04, 1.447076608891490e+02
874, 5.976181822888824e-02, 5.098132973892658e-03, 3.714730530088721e-01, 2.807101156242374e-03, 3.713500358727387e-13, 2.149627536730697e+00, 2.008247123459666e+01, 9.735691562231722e+04, 1.565335884139946e+03
875, 5.798198305686453e-02, 5.154806987850121e-03, 4.702875349125416e-01, 3.553810087505425e-03, 4.697588709386899e-13, 3.348255397366793e-01, 2.642311012367909e+01, 7.976564201834881e+04, 1.453632632091678e+03
876, 3.523137966698209e-02, 3.687338390371294e-03, 1.050716672900283e+00, 7.939924480353258e-03, 1.060102592145506e-12, -1.343040676208149e+01, 1.912121484013273e+01, -7.630105600472261e+03, 7.365581780658186e-04
877, 5.135392358883154e-02, 4.699161631078313e-03, 4.436919669024337e-01, 3.352836021928169e-03, 4.504557069284634e-13, 4.822553328140012e+00, 2.415422431964963e+01, 8.296016682704081e+04, 6.914484242079092e+02
878, 4.318713365633820e-02, 4.171839262607344e-03, 4.544063918197727e-01, 3.433801449521565e-03, 4.562922020693436e-13, 1.150336002716270e+01, 2.400207448213913e+01, 8.387234748754358e+04, 3.800366148654377e+01
879, 5.447072587772203e-02, 9.327664819851193e-04, 1.022573957050892e-01, 7.727259121290810e-04, 1.031002463064018e-13, 1.398071213959063e+01, 9.162030386354957e-01, 1.484081528462770e+05, 3.187634415505255e+03
880, 3.339353769616946e-02, 3.540409061130996e-03, 1.523049808115134e+00, 1.150919250464931e-02, 1.533912665201679e-12, 1.380298964008952e+01, 1.034283445651465e+00, -1.067390237093862e+05, 3.542911887670706e-04
881, 4.793074682194867e-02, 4.469760113797406e-03, 4.313749390357074e-01, 3.259760244601549e-03, 4.352816797751113e-13, 8.103074435852667e+00, 2.327339456688109e+01, 8.613655434656540e+04, 2.845626674293856e+02
882, 3.151418129549972e-02, 3.423201252066751e-03, 1.526265194589509e+00, 1.153349013543807e-02, 1.537108510573305e-12, 1.343333530521281e+01, 5.356517445216565e-01, -1.070177790578856e+05, 3.549674129323789e-04
883, 2.143215158235692e-02, 4.506356101892474e-03, 1.582896061068770e+00, 1.196143119195625e-02, 1.594207161971802e-12, 1.916484541279489e+01, -5.283970361337060e+00, -1.112741365699484e+05, 3.681373724660841e-04
884, 2.959710287958076e-02, 3.211742414915768e-03, 1.534836356275057e+00, 1.159825961920786e-02, 1.545804756441606e-12, 2.122710641511789e+01, 6.815832030869977e-02, -1.075897255284033e+05, 3.569619093894542e-04
885, 1.911456402506649e-02, 3.736923571132164e-03, 1.618516771287900e+00, 1.223060532459470e-02, 1.629919934774970e-12, 2.373404680023624e+01, -8.304059200549103e+00, -1.141360525237793e+05, 3.764219315156240e-04
886, 1.719780244867372e-02, 4.085727347063412e-03, 1.685752639771576e+00, 1.273868493530234e-02, 1.697823086081384e-12, 1.920677454337904e+01, -7.088084811192011e-01, -1.187247226516428e+05, 3.920593517824198e-04
887, 1.875576997485554e-02, 3.858711007498805e-03, 1.629370698487812e+00, 1.231262492560150e-02, 1.640918735246606e-12, 2.202321053116947e+01, -5.714641308751573e+00, -1.148426162754461e+05, 3.789462727285243e-04
888, 2.073126227444651e-02, 4.660512936236572e-03, 1.589961871406292e+00, 1.201482522473341e-02, 1.601371420093342e-12, 2.059302121109961e+01, -6.096586248353596e+00, -1.115237752598120e+05, 3.697807609030580e-04
889, 1.757068748156452e-02, 4.083044713204643e-03, 1.672249173459825e+00, 1.263664362816066e-02, 1.684198255787730e-12, 2.335437904690859e+01, -1.486355276049390e+00, -1.177846432537690e+05, 3.889187244936523e-04
890, 1.840410838751742e-02, 3.945371848393162e-03, 1.643886916945846e+00, 1.242231927163194e-02, 1.655576610593376e-12, 2.116921073400251e+01, -3.361442116813063e+00, -1.158947464871625e+05, 3.823224052130507e-04
891, 1.792058389717523e-02, 4.034001378228380e-03, 1.660260271338102e+00, 1.254604739046513e-02, 1.672035747562186e-12, 2.358198258707759e+01, -2.700947847153703e+00, -1.169886117869626e+05, 3.861304209974201e-04
892, 1.677002276635821e-02, 4.133871407849625e-03, 1.697048911500260e+00, 1.282404719017916e-02, 1.709113081254166e-12, 2.175324804084372e+01, -4.766658576035175e-02, -1.194424513562063e+05, 3.946864959204805e-04
893, 1.627241124599622e-02, 4.224014040812684e-03, 1.712558568946474e+00, 1.294124863183804e-02, 1.724856706697304e-12, 2.998474309596769e+01, -1.009047591540337e+00, -1.205730163297940e+05, 3.982934598349506e-04
894, 1.569193344814981e-02, 4.241651134482021e-03, 1.727337244494463e+00, 1.305292628081535e-02, 1.739681591525044e-12, 2.339435538712535e+01, -5.307958538174087e-01, -1.215777557097405e+05, 4.017307153508846e-04
895, 1.437016940246096e-02, 5.714721958401059e-03, 1.758764217397056e+00, 1.329040970325314e-02, 1.771291536395305e-12, 1.973651608651881e+01, -2.998652562934840e+00, -1.236957904954231e+05, 4.090400795166119e-04
896, 1.998801906158908e-02, 4.783947214941805e-03, 1.607131207055739e+00, 1.214456831528343e-02, 1.618650422344581e-12, 2.310828658371640e+01, -5.904825878990662e+00, -1.128658397116605e+05, 3.737738725209175e-04
897, 1.495138077458897e-02, 4.283437753156108e-03, 1.746138911930358e+00, 1.319500437227042e-02, 1.758677252729477e-12, 2.533108598665068e+01, 9.635731646433788e-01, -1.231136348063448e+05, 4.061034705874060e-04
898, 4.698854522338989e-02, 1.010630136145176e-03, 1.419984623537507e-01, 1.073036239449136e-03, 1.429607504088730e-13, 2.823826444717209e+01, 1.187363466132063e+00, 1.410112080207263e+05, 6.865446649505433e+02
899, 5.695790218405683e-02, 9.957635039972779e-04, 9.655285400301310e-02, 7.296185441034064e-04, 9.724934309474235e-14, 9.582302793107633e+00, 8.500690698404435e-01, 1.497208395176008e+05, 3.887667920561419e+03
900, 4.468731809855336e-02, 9.796212430114924e-04, 1.674642113021782e-01, 1.265472629487703e-03, 1.685743845934078e-13, 3.403613291358692e+01, 1.197862338385886e+00, 1.372976258823681e+05, 2.763451830911826e+02
901, 1.926431194156676e-02, 4.904689517797468e-03, 1.626050539305177e+00, 1.228753556150094e-02, 1.637611596609806e-12, 2.758855156825055e+01, -7.229768765853223e+00, -1.143130126410784e+05, 3.781739600636569e-04
902, 1.389685960993739e-02, 4.376060786161328e-03, 1.765493366828792e+00, 1.334125969895884e-02, 1.778156811867110e-12, 2.773821793297258e+01, 6.312393248173209e-02, -1.246296433529897e+05, 4.106047714934508e-04
903, 1.730393202636032e-02, 5.226057602876848e-03, 1.688337663461200e+00, 1.275821911935498e-02, 1.700374094690790e-12, 2.948389778444857e+01, -6.086505266910724e+00, -1.190766286141061e+05, 3.926602720517049e-04
904, 1.828761977602412e-02, 5.075122243772670e-03, 1.655329209451602e+00, 1.250878495807349e-02, 1.667043727804074e-12, 2.828033551433467e+01, -6.124447744835336e+00, -1.164972882835169e+05, 3.849834035203115e-04
905, 6.110799587984788e-02, 4.828601994068364e-03, 3.457909055457106e-01, 2.613029512938072e-03, 3.497547242501057e-13, 2.834131424384562e+00, 1.704998060322436e+01, 1.012065013649256e+05, 1.629800126675091e+03
906, 2.217839091024499e-02, 8.800096363029693e-04, 1.569125984806672e+00, 1.185737520005139e-02, 1.580286810694663e-12, 2.955143321020702e+00, -3.387830698434183e+00, -1.105542794173233e+05, 3.649348442349251e-04
907, 2.941043232768263e-02, 9.501274979459886e-04, 1.573916614074828e+00, 1.189357642877796e-02, 1.585132644438340e-12, 7.815927475363114e+01, -2.785203422215723e+00, -1.129331054923583e+05, 3.660489085273686e-04
908, 3.971206542753784e-02, 4.000436999459661e-03, 5.634227915324959e-01, 4.257602958683620e-03, 5.678323450735162e-13, 1.409299064972607e+01, 2.712284338632625e+01, 6.581101080034090e+04, 2.274339760881237e+00
909, 2.542730184220186e-02, 9.397191165127374e-04, 1.582751217459595e+00, 1.196033665586686e-02, 1.594042285268446e-12, 4.911785624836608e+01, -4.540907060961882e+00, -1.129449819145470e+05, 3.680991345915767e-04
910, 3.514467918810295e-02, 1.014609278967993e-03, 1.345691203212096e+00, 1.016895115777663e-02, 1.353689623937910e-12, 1.958639866741555e+01, 1.306599904766387e+01, -7.038726048924720e+04, 3.127920790443126e-04
911, 3.254927482575452e-02, 9.651437900853462e-04, 1.566149360815022e+00, 1.183488181976176e-02, 1.577345183186761e-12, 7.864030323016614e+01, -1.723001111337075e-01, -1.128730736370281e+05, 3.642405453415524e-04
912, 2.151170004754919e-02, 1.919341013506573e-03, 1.570502745487204e+00, 1.186777893315343e-02, 1.581796234603482e-12, 4.214769172126664e+00, -5.271076560032741e+00, -1.108580941724736e+05, 3.652552136715234e-04
913, 5.853043776159334e-02, 9.406498098160736e-04, 9.496348687172768e-02, 7.176082131364747e-04, 9.566038826844536e-14, 6.861283039053752e+00, 8.335234774841440e-01, 1.501086181883503e+05, 4.077151322165686e+03
914, 2.121688036313567e-02, 2.313186316762854e-03, 1.573579816304546e+00, 1.189103135746581e-02, 1.584903972995622e-12, 6.829370967015131e+00, -6.780423209021349e+00, -1.110806755926711e+05, 3.659708128832329e-04
915, 7.662146158708248e-02, 8.359714552118564e-04, 1.178643814887807e+00, 8.906628324089783e-03, 1.187228485162987e-12, -2.459522060024064e+01, -1.115451672353252e-01, -5.751410775993531e+04, 2.828092114227149e-04
916, 3.841343783581875e-02, 3.888857451349394e-03, 5.973179305155095e-01, 4.513737510191060e-03, 6.030677445941579e-13, 1.477470371729620e+01, 2.597450849234092e+01, 6.303002702066304e+04, 5.450968768431840e-01
917, 7.370144103465995e-02, 7.407457819485002e-04, 1.021953188951886e+00, 7.722568178478266e-03, 1.029375679616670e-12, -2.258669296798206e+01, 2.937486032583044e-01, -2.842287408801744e+04, 2.513413714941542e-04
918, 7.069315857067583e-02, 7.805312363289043e-04, 8.479553252553413e-01, 6.407722860872126e-03, 8.540215078380083e-13, -1.604819546202111e+01, 7.895537878828790e-01, 3.583331134487092e+03, 2.160046079373006e-02
919, 6.793379138245272e-02, 8.359714552069829e-04, 6.605603180274040e-01, 4.991639682827120e-03, 6.653199915566942e-13, -6.751840506236058e+00, 2.168081631814754e+00, 3.830855250930470e+04, 2.060929679963754e+01
920, 6.483933084826979e-02, 8.612610118397995e-04, 3.049077376006915e-01, 2.304088697236817e-03, 3.054671504742472e-13, 5.327904754551929e+00, 1.664842871576674e+00, 1.082982542779394e+05, 1.442921778583193e+03
921, 2.087346763792516e-02, 2.667675556321647e-03, 1.577007058422689e+00, 1.191692991251477e-02, 1.588336271825130e-12, 8.930739630794408e+00, -7.104424828981245e+00, -1.112995240386478e+05, 3.667679151576221e-04
922, 6.302148171209443e-02, 4.699289452763930e-03, 4.226909360683235e-01, 3.194138055929221e-03, 4.280575681352250e-13, 2.886520009546527e+00, 1.708572229522958e+01, 8.544082715325573e+04, 1.130908051496222e+03
923, 4.446385394157053e-02, 4.269167714106426e-03, 4.582146284774452e-01, 3.462579056507557e-03, 4.593006512476656e-13, 1.062116626852219e+01, 2.427128943113795e+01, 8.186067934007006e+04, 7.099287632160465e+01
924, 5.639762572993001e-02, 5.040091744312702e-03, 4.503132051734470e-01, 3.402870568069648e-03, 4.473446799429208e-13, 1.129543080583668e+00, 2.470989391596859e+01, 8.301915317040352e+04, 1.385306343039810e+03
925, 1.816468160618450e-02, 3.992197699752130e-03, 1.652326560174615e+00, 1.248609491315934e-02, 1.663945850232399e-12, 2.122019359989596e+01, -3.051138545758640e+00, -1.165210394945458e+05, 3.842852555594407e-04
926, 2.648817444864483e-02, 9.353917457353290e-04, 1.581337777449767e+00, 1.194965574899160e-02, 1.592601006366679e-12, 5.798972994656911e+01, -3.684908316371620e+00, -1.130095104701820e+05, 3.677694890110046e-04
927, 2.191023367696990e-02, 1.150877546875156e-03, 1.568667803613926e+00, 1.185391287365772e-02, 1.579904673159563e-12, 1.487486573150071e+00, -2.517822987948123e+00, -1.106695931605660e+05, 3.648285821278357e-04
928, 4.245523607012495e-02, 9.255622831800057e-04, 2.062236353564881e-01, 1.558365002693994e-03, 2.076898094720679e-13, 3.972609399458452e+01, 1.155183305230031e+00, 1.317365993430790e+05, 8.027901506163400e+01
929, 4.043940412735984e-02, 9.344357460698077e-04, 2.641104966705883e-01, 1.995797204060049e-03, 2.659606216142017e-13, 4.439720166276741e+01, 1.075221101306960e+00, 1.230676467087616e+05, 1.591547965000981e+01
930, 1.608515381011609e-02, 5.434195244354154e-03, 1.720415113591767e+00, 1.300061798684049e-02, 1.732574575258920e-12, 2.442595043753888e+01, -4.394358286628769e+00, -1.213053901096677e+05, 4.001207744519305e-04
931, 5.040435234306699e-02, 9.170945953550309e-04, 1.183703773382668e-01, 8.944864786267582e-04, 1.192384959208427e-13, 2.152025384523255e+01, 9.266219747938230e-01, 1.451057576037129e+05, 1.711996626061094e+03
932, 5.560155749813692e-02, 9.162174753197061e-04, 9.926707026956302e-02, 7.501289944802813e-04, 1.000465519090077e-13, 1.203378734332478e+01, 9.499240474636501e-01, 1.491611829869815e+05, 3.550713401505352e+03
933, 4.561477499438860e-02, 9.105238836443942e-04, 1.567454218809840e-01, 1.184474220763112e-03, 1.579202176294215e-13, 3.228411410458229e+01, 1.248727516739391e+00, 1.389141297632168e+05, 4.052421309553822e+02
934, 2.367639116244408e-02, 9.074762531612410e-04, 1.578741173620456e+00, 1.193003405758627e-02, 1.589954868491940e-12, 2.810592909786074e+01, -7.872198244548271e+00, -1.118229980966102e+05, 3.671686072634054e-04
935, 3.769486035022050e-02, 9.115753189893711e-04, 4.408401045818709e-01, 3.331285425052058e-03, 4.441122284643243e-13, 4.879730235402781e+01, 1.070264160621734e+00, 9.439270136220350e+04, 2.679871721726406e-01
936, 3.630585760863417e-02, 9.023086175821164e-04, 6.821170621671155e-01, 5.154536993706520e-03, 6.870122226277030e-13, 4.691394593290062e+01, 1.395485234439283e+00, 5.191368495476900e+04, 3.885073413376337e-03
937, 3.282273106522011e-02, 3.521467905763379e-03, 1.523510864570609e+00, 1.151267655846907e-02, 1.534350300635376e-12, 1.193920091772753e+01, 6.766852425207242e-01, -1.068288861250526e+05, 3.543302994598822e-04
938, 4.802120797524857e-02, 9.019113599293468e-04, 1.337730135446962e-01, 1.010879195551921e-03, 1.347364549915154e-13, 2.649451033188304e+01, 1.092931101678295e+00, 1.424443522295246e+05, 9.458350642460679e+02
939, 4.194906696182346e-02, 9.029243943800933e-04, 2.187959446796986e-01, 1.653369859040658e-03, 2.203748677849068e-13, 4.124741702784606e+01, 1.196378544906138e+00, 1.298416088362365e+05, 5.513215239379796e+01
940, 4.397068571932262e-02, 9.020669103775741e-04, 1.788623589965169e-01, 1.351604727933431e-03, 1.801786127472382e-13, 3.633147766678117e+01, 1.120452180887015e+00, 1.357209537187844e+05, 1.903817725595764e+02
941, 5.800023327384103e-02, 8.945391686530007e-04, 9.494824306256570e-02, 7.174930206238797e-04, 9.567660809793424e-14, 7.882067763687972e+00, 8.972775947655840e-01, 1.501995972525467e+05, 4.063911014921261e+03
942, 3.201246641008085e-02, 9.039350259991991e-04, 1.565379596792937e+00, 1.182906496317172e-02, 1.576558727927565e-12, 8.113229325316956e+01, 6.155510631948565e-01, -1.124479359718602e+05, 3.640618947821927e-04
943, 4.991091892506021e-02, 9.092246539347150e-04, 1.212426624638615e-01, 9.161914040090456e-04, 1.221587814226981e-13, 2.258204414022690e+01, 1.042779094855481e+00, 1.445520243820859e+05, 1.532771097080143e+03
944, 4.610266975204414e-02, 9.011413436506154e-04, 1.511887369181992e-01, 1.142484158072113e-03, 1.522577122884598e-13, 3.099844402683711e+01, 1.244164315686366e+00, 1.397004046709899e+05, 4.957489962061971e+02
945, 5.383361690842901e-02, 9.021453094837411e-04, 1.042359429982959e-01, 7.876771511205300e-04, 1.051267652752240e-13, 1.527838644496639e+01, 9.219221522774456e-01, 1.480241442148382e+05, 2.964085919770568e+03
946, 5.193899351606214e-02, 8.898545474260845e-04, 1.111464201202950e-01, 8.398973812616749e-04, 1.120176206762979e-13, 1.873458795555936e+01, 9.594437779158215e-01, 1.465383824754853e+05, 2.269946890927862e+03
947, 3.817441175369014e-02, 9.047021824273583e-04, 3.938492194069929e-01, 2.976190574864173e-03, 3.966700015288025e-13, 4.870090065277843e+01, 8.564406637160437e-01, 1.021641899504746e+05, 7.307053136439923e-01
948, 3.396495887011761e-02, 9.058479595471224e-04, 1.562593279941308e+00, 1.180800967210149e-02, 1.573738761400889e-12, 7.753111598223443e+01, 2.481613636757835e+00, -1.124906943430933e+05, 3.634133733888770e-04
949, 5.609610433768134e-02, 9.039222111402670e-04, 9.807116438630932e-02, 7.410919223146713e-04, 9.881321781406120e-14, 1.111479403419208e+01, 8.593317859175076e-01, 1.495169019120190e+05, 3.699120348217979e+03
950, 2.805989127305052e-02, 9.073136817889100e-04, 1.577356148267158e+00, 1.191956787103736e-02, 1.588615176729297e-12, 6.861274393342542e+01, -3.206385800019873e+00, -1.129359318668365e+05, 3.668481578932660e-04
951, 3.994345046478766e-02, 9.057753033884973e-04, 2.854536374021008e-01, 2.157080383391251e-03, 2.875770778187219e-13, 4.585374045699393e+01, 1.094809076794413e+00, 1.197231327128871e+05, 9.065539981450426e+00
952, 2.997398818662027e-02, 9.040141289426967e-04, 1.570375667401194e+00, 1.186681864534998e-02, 1.581586232426520e-12, 8.121980681543650e+01, -1.639942560541404e+00, -1.126062818401250e+05, 3.652250716109750e-04
953, 3.582373002322289e-02, 9.039220436754776e-04, 8.508494393880421e-01, 6.429592740968467e-03, 8.567548609230494e-13, 4.478608824412745e+01, 1.909264549803026e+00, 2.169505133653892e+04, 4.280691466547961e-04
954, 2.416049056917784e-02, 9.039220436754806e-04, 1.579641899853297e+00, 1.193684055304856e-02, 1.590850263667623e-12, 3.523652132715385e+01, -6.866150092623436e+00, -1.120937989768894e+05, 3.673774703012525e-04
955, 2.596694711377597e-02, 9.177277612686778e-04, 1.581120789233495e+00, 1.194801603954871e-02, 1.592409630527955e-12, 5.382130769062235e+01, -4.079398256796082e+00, -1.128687950720770e+05, 3.677195357276999e-04
956, 5.529948233628508e-02, 4.980408459299581e-03, 4.580232783738699e-01, 3.461133085953723e-03, 4.574942737681300e-13, 2.523634666217215e+00, 2.522068601178939e+01, 8.160099210315858e+04, 1.214892121359385e+03
957, 5.003536711494603e-02, 4.643655680075373e-03, 4.600815921529154e-01, 3.476687094352358e-03, 4.653893287145854e-13, 5.232565397134696e+00, 2.532865677111852e+01, 8.103414072108353e+04, 4.777895978680247e+02
958, 4.661962206524113e-02, 4.418350520451761e-03, 4.500869750389845e-01, 3.401161020444693e-03, 4.541934621446686e-13, 6.814285593509077e+00, 2.414322096330811e+01, 8.244630723967764e+04, 1.745386723051443e+02
959, 3.732510503842842e-02, 3.820472260822468e-03, 6.565836459786720e-01, 4.961589264321839e-03, 6.621947325209765e-13, 1.542599412317212e+01, 2.543523172625384e+01, 5.445073692841583e+04, 1.045610665069558e-01
960, 3.096681162367636e-02, 3.413271707030109e-03, 1.527943653657875e+00, 1.154617370522419e-02, 1.538806421812471e-12, 1.205471288832038e+01, 6.720849885561383e-01, -1.072710125391756e+05, 3.553578535885534e-04
961, 4.184363887019333e-02, 4.112549947568492e-03, 5.069180826661074e-01, 3.830615234250445e-03, 5.125150819267648e-13, 1.100834015646620e+01, 2.579046649488714e+01, 7.509354857752037e+04, 1.525162339507404e+01
962, 1.486481367035591e-02, 5.645335627081008e-03, 1.748697664664836e+00, 1.321434003525151e-02, 1.761144964289733e-12, 2.011343358902698e+01, -3.644616516565273e+00, -1.230381899931908e+05, 4.066987858887543e-04
963, 1.657089179495363e-02, 5.367012356723934e-03, 1.706359820671936e+00, 1.289440670533055e-02, 1.718346380046605e-12, 2.384928432314417e+01, -4.888566510715060e+00, -1.203215899462266e+05, 3.968518704660219e-04
964, 1.560554410935845e-02, 5.532513671021600e-03, 1.732581248462340e+00, 1.309255351482967e-02, 1.744877478335761e-12, 2.175237975772253e+01, -3.968277808528509e+00, -1.219847015737586e+05, 4.029504205818568e-04
965, 2.539220123557332e-02, 3.899541145311334e-03, 1.562594216261063e+00, 1.180801674756572e-02, 1.573651692365644e-12, 9.332584429805371e+00, -1.670042432364768e+00, -1.100681280244343e+05, 3.634155367458377e-04
966, 2.635124750139471e-02, 3.715659413528565e-03, 1.560407321146110e+00, 1.179149109178518e-02, 1.571482031073813e-12, 1.160233693720364e+01, -2.107236913350596e+00, -1.098845273529737e+05, 3.629066396311040e-04
967, 2.342627534242239e-02, 4.227064146309514e-03, 1.568122111471494e+00, 1.184978925545294e-02, 1.579337290677882e-12, 1.082423470493255e+01, -2.250725735972520e+00, -1.103241695935656e+05, 3.647013974363960e-04
968, 2.733264141528693e-02, 3.562334176243026e-03, 1.555790336133720e+00, 1.175660203627590e-02, 1.566871201314802e-12, 1.319145234980455e+01, -2.361912973587702e+00, -1.094877470920189e+05, 3.618327324075367e-04
969, 2.438338359786177e-02, 4.060014328262445e-03, 1.565617373544796e+00, 1.183086176482300e-02, 1.576786852768124e-12, 1.045005195007724e+01, -2.205719357457394e+00, -1.102171775732956e+05, 3.641187307423414e-04
970, 1.779957657676543e-02, 5.162155907834253e-03, 1.671104125251685e+00, 1.262799087092051e-02, 1.682892495385166e-12, 2.685315564687455e+01, -5.504981795851780e+00, -1.177246841731292e+05, 3.886522558128980e-04
971, 1.877752722513994e-02, 4.999274078845400e-03, 1.639418871346421e+00, 1.238855570287060e-02, 1.651027165195341e-12, 2.784600648221949e+01, -6.336428203365690e+00, -1.152853478602465e+05, 3.812831007443867e-04
972, 5.345842509665139e-02, 4.860148697115750e-03, 4.641035643001880e-01, 3.507079830982816e-03, 4.682729389910552e-13, 4.167927005888067e+00, 2.536409343719250e+01, 8.039382676441087e+04, 9.569056723767799e+02
973, 3.389576323041830e-02, 3.603726937501169e-03, 1.522192398102966e+00, 1.150271333579165e-02, 1.533002843178576e-12, 1.274479860674334e+01, 1.158692057457488e+00, -1.068031468752962e+05, 3.549832136505068e-04
974, 7.764662371326196e-02, 4.653595855537811e-03, 1.229853647274681e+00, 9.293604387466448e-03, 1.239035434040653e-12, -7.689603954556749e+00, 6.223502024396475e+00, -6.592558870291365e+04, 2.894544998657359e-04
975, 6.214201124605928e-02, 8.200602393467833e-04, 1.251483638307714e-01, 9.457055201311858e-04, 1.265405420554828e-13, 3.147221356113757e+00, 1.173384520675293e+00, 1.430500060192063e+05, 3.021514229491843e+03
976, 6.686125849870050e-02, 4.657561563048552e-03, 7.354390646752047e-01, 5.557474040365892e-03, 7.419481547194661e-13, -5.087946707433738e-01, 1.748440019939715e+01, 2.355692821676300e+04, 8.718282642746378e+01
977, 6.968643345519265e-02, 4.565209073075285e-03, 8.932255149962609e-01, 6.749814974783461e-03, 8.996509991828355e-13, -4.449364899511644e+00, 1.560141493060748e+01, -5.912908914460852e+03, 4.504976216283850e-01
978, 7.270873867379553e-02, 4.708908888423447e-03, 1.040052858823562e+00, 7.859341502445473e-03, 1.047745716246345e-12, -5.417241076248996e+00, 1.363436465394979e+01, -3.227801326007903e+04, 5.321464009558904e-04
979, 7.551508832336383e-02, 4.681036450840115e-03, 1.145874578438520e+00, 8.659001852181237e-03, 1.153889741453450e-12, -7.468267934582124e+00, 9.973432392898575e+00, -5.119756124061731e+04, 2.702176006485914e-04
980, 6.503973407602101e-02, 4.617959902847207e-03, 5.738203384436439e-01, 4.336173842142925e-03, 5.787183518736952e-13, 2.863893620975130e+00, 1.814493708699436e+01, 5.438968990179732e+04, 4.939282847764842e+02
981, 2.293991004911061e-02, 9.479906681646519e-04, 1.575727065979147e+00, 1.190725742553609e-02, 1.586896003428920e-12, 1.672068799928681e+01, -7.928846481912485e+00, -1.111400603141556e+05, 3.664686500140630e-04
982, 2.304812160548702e-02, 1.193185137291407e-03, 1.579983138378122e+00, 1.193941918169963e-02, 1.591173075677113e-12, 2.176857501470032e+01, -9.648066268029680e+00, -1.118792795635119e+05, 3.674578294616313e-04
983, 1.382079785427470e-02, 5.759862972127956e-03, 1.766105264326755e+00, 1.334588360952294e-02, 1.778644032566407e-12, 1.879699006114464e+01, -4.013329637381431e-01, -1.239773423590055e+05, 4.107475412824151e-04
984, 7.920614337986656e-02, 2.291666666660721e-03, 1.310786814677933e+00, 9.905190035350208e-03, 1.320383550404079e-12, -2.199718591462144e+01, -6.550548142557884e-01, -8.203967741813220e+04, 3.136904778111071e-04
985, 1.297010961887752e-02, 4.401868018919894e-03, 1.787617403173860e+00, 1.350844385269991e-02, 1.800425984717238e-12, 2.702277102331239e+01, 1.387741360172692e+00, -1.263467832070217e+05, 4.157503123948586e-04
986, 2.477315412060895e-02, 9.741570323862105e-04, 1.583499297885267e+00, 1.196598965656464e-02, 1.594781128615766e-12, 4.352792521509958e+01, -5.521083624111730e+00, -1.127947731522612e+05, 3.682736506996392e-04
987, 2.491357322539811e-02, 1.203421245493163e-03, 1.588427738383881e+00, 1.200323227997980e-02, 1.599780675146445e-12, 4.539126766996483e+01, -6.101499800949305e+00, -1.138160950218779e+05, 3.694192287592693e-04
988, 1.462314626644345e-02, 4.484718783511544e-03, 1.754968572331931e+00, 1.326172724684156e-02, 1.767502817860786e-12, 3.484860458758268e+01, -1.676939570969322e-01, -1.242083413308780e+05, 4.081567644596843e-04
989, 2.334934780941843e-02, 1.183247530012279e-03, 1.582369759948063e+00, 1.195745410540190e-02, 1.593617246939289e-12, 2.600489212527318e+01, -9.999094529928781e+00, -1.123437756757445e+05, 3.680123909936267e-04
990, 2.318269823154159e-02, 1.446317683152688e-03, 1.585991148875201e+00, 1.198481976480094e-02, 1.597240065366181e-12, 2.719234658367139e+01, -1.126657843727955e+01, -1.129949703468790e+05, 3.688543607898435e-04
991, 2.346191520240265e-02, 1.453727040256105e-03, 1.588603223566483e+00, 1.200455836448312e-02, 1.599923875030455e-12, 3.131411932747394e+01, -1.155707467605524e+01, -1.135490853065849e+05, 3.694613704948880e-04
992, 2.331866127310312e-02, 1.715483308224325e-03, 1.593586772244229e+00, 1.204221742250132e-02, 1.604959892200864e-12, 3.293351674963473e+01, -1.278360175949981e+01, -1.144086750122386e+05, 3.706201987307178e-04
993, 2.363461814887935e-02, 1.739877678678913e-03, 1.595417239538602e+00, 1.205604966905831e-02, 1.606795953323096e-12, 3.614582086411937e+01, -1.230233441139415e+01, -1.148877246693160e+05, 3.710454645828398e-04
994, 2.343538773860976e-02, 2.054020923395366e-03, 1.600085700548517e+00, 1.209132771195436e-02, 1.611526400443121e-12, 3.727212378162664e+01, -1.351836903095825e+01, -1.156966206937445e+05, 3.721311715660034e-04
995, 2.381911996533383e-02, 2.063368370923248e-03, 1.600217847637057e+00, 1.209232630456297e-02, 1.611653171848008e-12, 3.944572132319671e+01, -1.228753471493878e+01, -1.159047716079286e+05, 3.721615157514676e-04
996, 2.306646014539581e-02, 2.029484883177208e-03, 1.598013295857628e+00, 1.207566722310637e-02, 1.609400393457501e-12, 3.413361897214624e+01, -1.409052200242171e+01, -1.151771846033574e+05, 3.716496622277933e-04
997, 2.358755599407586e-02, 2.436625666242477e-03, 1.602332059870073e+00, 1.210830271942203e-02, 1.613784170229299e-12, 3.942413233494144e+01, -1.323200818153568e+01, -1.162649003475196e+05, 3.726534624075157e-04
998, 2.404685242201247e-02, 2.443670999382008e-03, 1.599710072381692e+00, 1.208848921195317e-02, 1.611132690765840e-12, 4.028804625808846e+01, -1.139538076148700e+01, -1.160080606356630e+05, 3.720433730654086e-04
999, 2.394138135023192e-02, 1.753462239803914e-03, 1.596656833560224e+00, 1.206541687828971e-02, 1.608046111191094e-12, 3.900911302515412e+01, -1.125494829705409e+01, -1.152285601756861e+05, 3.713333627621958e-04
1000, 2.379797813473555e-02, 2.939349977872061e-03, 1.596572217404292e+00, 1.206477746149421e-02, 1.607982200709094e-12, 3.821801726801704e+01, -1.177035961895723e+01, -1.153598076036864e+05, 3.713143293267189e-04
1001, 2.431179568092344e-02, 2.889391711583643e-03, 1.593064735770421e+00, 1.203827256249768e-02, 1.604471038072621e-12, 3.873957484441087e+01, -1.011407135967443e+01, -1.149286256396698e+05, 3.704982976330336e-04
1002, 2.455714568829901e-02, 2.385085929864205e-03, 1.597304186386687e+00, 1.207030871325035e-02, 1.608717298050217e-12, 4.158204824550046e+01, -9.705005253107032e+00, -1.157447936253486e+05, 3.714834787599999e-04
1003, 2.328629066821371e-02, 2.842764225332046e-03, 1.602263134532690e+00, 1.210778187304381e-02, 1.613718885362539e-12, 3.867067645737268e+01, -1.394379150063517e+01, -1.161181511814573e+05, 3.726379572510377e-04
1004, 2.481026440421542e-02, 2.844499102576004e-03, 1.590223466129611e+00, 1.201680201105578e-02, 1.601622075667746e-12, 3.937395113011537e+01, -9.033217580517281e+00, -1.145748596030559e+05, 3.698372631856358e-04
1005, 2.508873376409068e-02, 2.445731867614940e-03, 1.594021671888753e+00, 1.204550381779994e-02, 1.605436608139449e-12, 4.261771869579929e+01, -8.704732516432152e+00, -1.153352560659829e+05, 3.707198710784588e-04
1006, 2.531672209857336e-02, 2.891826541845077e-03, 1.585604173250815e+00, 1.198189551575002e-02, 1.596972877605489e-12, 3.936768478895801e+01, -8.475026274609187e+00, -1.139009485866675e+05, 3.687629681727939e-04
1007, 2.557769583671464e-02, 2.371163356633226e-03, 1.591688212086249e+00, 1.202787062029994e-02, 1.603072415012139e-12, 4.464376140049868e+01, -8.047750814845930e+00, -1.151158889637642e+05, 3.701768700543297e-04
1008, 2.582904715721351e-02, 2.837422265295936e-03, 1.583199102480450e+00, 1.196372117743492e-02, 1.594549978986632e-12, 4.061829313915959e+01, -8.069788351516715e+00, -1.136393015842484e+05, 3.682034188241234e-04
1009, 2.607504262954798e-02, 2.409169522268570e-03, 1.588180084268873e+00, 1.200136083830465e-02, 1.599541132847383e-12, 4.570297407707824e+01, -7.808949692133758e+00, -1.146669347763162e+05, 3.693608767833541e-04
1010, 2.589809547270547e-02, 1.934679221396228e-03, 1.593168543969650e+00, 1.203905700732819e-02, 1.604539507588138e-12, 4.849204414405403e+01, -7.235182321283431e+00, -1.154344501553921e+05, 3.705205780453013e-04
1011, 2.628493851626634e-02, 2.023777574128346e-03, 1.590494408966772e+00, 1.201884943803692e-02, 1.601846098720551e-12, 4.933676225555521e+01, -7.160449165256706e+00, -1.151376669496733e+05, 3.698985430336548e-04
1012, 2.653686397068471e-02, 2.419070217037074e-03, 1.584932438171936e+00, 1.197681943203056e-02, 1.596273754295169e-12, 4.700828612752993e+01, -7.497033422807360e+00, -1.142503075245558e+05, 3.686054415046877e-04
1013, 2.670726088702802e-02, 1.964504650689718e-03, 1.588859016323261e+00, 1.200649130722955e-02, 1.600190520453175e-12, 5.155775848011185e+01, -6.418289120070239e+00, -1.149997707740166e+05, 3.695179421211044e-04
1014, 2.701941985649715e-02, 2.465681118528199e-03, 1.581868561536967e+00, 1.195366671186705e-02, 1.593208691615331e-12, 4.839938579092432e+01, -7.134821351414006e+00, -1.138614178081732e+05, 3.678927813405191e-04
1015, 2.723557276814512e-02, 1.923074736272484e-03, 1.586519949111956e+00, 1.198881573636326e-02, 1.597834774558896e-12, 5.350673744920836e+01, -6.013483662542664e+00, -1.147508007388011e+05, 3.689739039068157e-04
1016, 2.749825759916339e-02, 2.441071563531886e-03, 1.579469888103217e+00, 1.193554071614602e-02, 1.590800329846216e-12, 5.054408944125130e+01, -7.034007412170701e+00, -1.136033103446693e+05, 3.673348678001142e-04
1017, 2.770592738915198e-02, 1.914701292710716e-03, 1.583928258676692e+00, 1.196923117388016e-02, 1.595224293041807e-12, 5.525818128096329e+01, -6.609607683716328e+00, -1.144706431792397e+05, 3.683725277881241e-04
1018, 2.794642935096278e-02, 2.344245223510702e-03, 1.578137735509877e+00, 1.192547407186387e-02, 1.589445344282025e-12, 5.279354270511141e+01, -8.052006404943951e+00, -1.135295407060631e+05, 3.670257951556911e-04
1019, 2.815605578799136e-02, 1.937591316990877e-03, 1.581216358181040e+00, 1.194873822303139e-02, 1.592508450038715e-12, 5.727371840807609e+01, -7.672337824776448e+00, -1.141572396587929e+05, 3.677471146503627e-04
1020, 2.838240445216134e-02, 2.296765865163459e-03, 1.575920654343066e+00, 1.190872030989803e-02, 1.587218774374940e-12, 5.461475568113672e+01, -8.794664559936102e+00, -1.133193276309337e+05, 3.665143121866279e-04
1021, 2.855704829465445e-02, 1.901978858128554e-03, 1.579180050425900e+00, 1.193335050699759e-02, 1.590458316739995e-12, 6.051109596792620e+01, -7.955942456919916e+00, -1.140092730667025e+05, 3.672737687869609e-04
1022, 2.877704016875542e-02, 2.357345966666318e-03, 1.572131560016282e+00, 1.188008735528758e-02, 1.583405730079875e-12, 5.504760082786879e+01, -8.354615813254116e+00, -1.130505317764371e+05, 3.656346517552458e-04
1023, 2.909207922279301e-02, 1.866752628726002e-03, 1.576866806791496e+00, 1.191587007651089e-02, 1.588154629025534e-12, 6.294474236378937e+01, -6.595596526915060e+00, -1.139622969282203e+05, 3.667358299925039e-04
1024, 2.611853232192820e-02, 1.669313220732039e-03, 1.592045196225767e+00, 1.203056823344496e-02, 1.603393650417639e-12, 5.151579235389475e+01, -6.374069601954020e+00, -1.152461822631892e+05, 3.702591015309836e-04
1025, 2.570022252198050e-02, 1.648731073662906e-03, 1.593889860590926e+00, 1.204450776265269e-02, 1.605267178543819e-12, 4.956807866658539e+01, -6.676959133846863e+00, -1.153323736992001e+05, 3.706883953989603e-04
1026, 2.793936875768618e-02, 1.661434588243889e-03, 1.584366622426465e+00, 1.197254374629659e-02, 1.595660695269832e-12, 5.955480437779684e+01, -6.239843486483285e+00, -1.145793274518233e+05, 3.684857503140027e-04
1027, 2.281462063625730e-02, 1.425443449124664e-03, 1.581823188355340e+00, 1.195332384147704e-02, 1.593057423144658e-12, 2.208420941589456e+01, -1.051093386295580e+01, -1.122244314675170e+05, 3.678856991229535e-04
1028, 2.594478544618160e-02, 1.396517149488113e-03, 1.590353860771577e+00, 1.201778736099517e-02, 1.601694334289065e-12, 5.236229827853583e+01, -5.726911997867933e+00, -1.146734232119130e+05, 3.698660382532660e-04
1029, 2.929056780184861e-02, 2.287608302624715e-03, 1.567750043538573e+00, 1.184697765898251e-02, 1.578960681426375e-12, 5.592736342774434e+01, -5.654124797527800e+00, -1.129040472462278e+05, 3.646155241358412e-04
1030, 2.956971236607129e-02, 1.860871242586766e-03, 1.572190884487695e+00, 1.188053565104139e-02, 1.583423298524305e-12, 6.355181070479586e+01, -4.135658837461491e+00, -1.136731138788962e+05, 3.656481093236024e-04
1031, 2.973910423825507e-02, 2.250662344186226e-03, 1.562281256514474e+00, 1.180565181245285e-02, 1.573404564808837e-12, 5.575631392771953e+01, -2.586789435152613e+00, -1.124258091956604e+05, 3.633434620070794e-04
1032, 2.996290847163632e-02, 1.896968214926941e-03, 1.567924863335126e+00, 1.184829871537968e-02, 1.579102785811687e-12, 6.242548601199024e+01, -2.120613149836719e+00, -1.133421312414933e+05, 3.646557095647955e-04
1033, 3.016512234699290e-02, 2.235718109310855e-03, 1.559032479432983e+00, 1.178110185969600e-02, 1.570131662778726e-12, 5.561866531713433e+01, -1.306409839696480e+00, -1.120726800632767e+05, 3.625876499081045e-04
1034, 3.035713550219859e-02, 1.855639631516327e-03, 1.565728071357167e+00, 1.183169827222132e-02, 1.576875894351796e-12, 6.261158768151840e+01, -1.240395489187647e+00, -1.130823483458187e+05, 3.641445330453465e-04
1035, 3.058046067794622e-02, 2.210984729203831e-03, 1.557814968134688e+00, 1.177190152242928e-02, 1.568918615082062e-12, 5.581377137011509e+01, -6.079768163510233e-01, -1.118890859498885e+05, 3.623042270934799e-04
1036, 3.077495899874072e-02, 1.865626003221584e-03, 1.565012197139891e+00, 1.182628864337538e-02, 1.576185440846960e-12, 6.212126354655331e+01, -3.187259256494718e-01, -1.130255895091194e+05, 3.639777279777380e-04
1037, 3.101546893124230e-02, 2.202225554766570e-03, 1.558231155812017e+00, 1.177504651747201e-02, 1.569392756996395e-12, 5.615031122172672e+01, -3.648195399555048e-01, -1.119994215584153e+05, 3.624007188247197e-04
1038, 3.010166187194553e-02, 1.595746553778007e-03, 1.571483633660952e+00, 1.187519118635566e-02, 1.582714523598005e-12, 6.900000040412269e+01, -1.927130276817343e+00, -1.137286421213717e+05, 3.654832447056723e-04
1039, 3.118258808520923e-02, 1.752537895627324e-03, 1.565942110206276e+00, 1.183331569425487e-02, 1.577124781593342e-12, 6.346173494022404e+01, 1.429833203719260e-01, -1.132309043313403e+05, 3.641936683058864e-04
1040, 3.143422636125544e-02, 2.100290309736393e-03, 1.558932653789296e+00, 1.178034750974367e-02, 1.570067001847870e-12, 5.703566257946068e+01, 1.445393582773551e-01, -1.122542521670596e+05, 3.625635325721736e-04
1041, 3.171596949486714e-02, 1.791172769109007e-03, 1.563822747150227e+00, 1.181730035629986e-02, 1.574969637562148e-12, 6.136539411370035e+01, 3.088108094902166e-01, -1.131056835987319e+05, 3.637004025866557e-04
1042, 3.186467261223466e-02, 2.134780325960894e-03, 1.556987713637608e+00, 1.176565022900044e-02, 1.568101174959591e-12, 5.578913553142488e+01, 4.051861509533625e-01, -1.120986833111316e+05, 3.621109381785613e-04
1043, 3.206987370963178e-02, 1.732139470284124e-03, 1.563135567998929e+00, 1.181210756674349e-02, 1.574239176483189e-12, 6.124152173890067e+01, 3.108302416317433e-01, -1.131213813959562e+05, 3.635403126940123e-04
1044, 3.224594947305083e-02, 2.143502421779540e-03, 1.555084016012295e+00, 1.175126460462783e-02, 1.566157322828794e-12, 5.468239923540159e+01, 2.011755152954843e-01, -1.118437896284636e+05, 3.616680082681090e-04
1045, 3.244202318753342e-02, 1.790646315219434e-03, 1.560811377104005e+00, 1.179454441136622e-02, 1.571910172305078e-12, 5.996331431547522e+01, 1.603349973024844e-01, -1.127965321883727e+05, 3.629996070751666e-04
1046, 3.263041687978858e-02, 2.152589743137262e-03, 1.554663874486241e+00, 1.174808973163495e-02, 1.565766441587008e-12, 5.419532577288455e+01, -3.059723479259100e-01, -1.118125325861903e+05, 3.615704280054299e-04
1047, 3.201786937365493e-02, 2.540144680040575e-03, 1.546341246273697e+00, 1.168519833456281e-02, 1.557406978773371e-12, 4.931918078375487e+01, 7.072648223117429e-01, -1.102712848362205e+05, 3.596352205451488e-04
1048, 3.278785022908685e-02, 1.757729814710191e-03, 1.560866939814151e+00, 1.179496428071238e-02, 1.571990081825547e-12, 6.092849389733539e+01, 4.202966129201664e-02, -1.128003833652534e+05, 3.630124852622378e-04
1049, 3.308737089059614e-02, 2.038150592082303e-03, 1.555621914505345e+00, 1.175532932875668e-02, 1.566704238404569e-12, 5.557916120425070e+01, -3.661545197013166e-01, -1.120697766289762e+05, 3.617952312060933e-04
1050, 3.183658026810148e-02, 1.579575446722367e-03, 1.567024764326924e+00, 1.184149695965019e-02, 1.578218570250937e-12, 6.628344880189893e+01, 3.161989427580464e-01, -1.135040340377552e+05, 3.644448681119296e-04
1051, 3.285250600385073e-02, 2.519479617229719e-03, 1.547065367058792e+00, 1.169067028004209e-02, 1.558155836168893e-12, 4.880125818843364e+01, -8.007119368678851e-01, -1.105142803603039e+05, 3.598056093257640e-04
1052, 3.333280961463539e-02, 2.480973732255345e-03, 1.545898516005693e+00, 1.168185276578695e-02, 1.556964567137849e-12, 4.888423970902822e+01, -2.957522812316900e-01, -1.104123579857343e+05, 3.595529936978062e-04
1053, 3.356581823660394e-02, 2.055867982803009e-03, 1.553628721266700e+00, 1.174026741511452e-02, 1.564706190791695e-12, 5.532961606832463e+01, -7.825731521415646e-04, -1.117489798968789e+05, 3.613505389775472e-04
1054, 3.380317555949557e-02, 2.444664091958054e-03, 1.545797239784707e+00, 1.168108745429335e-02, 1.556867907532724e-12, 4.986336572528576e+01, 2.547262507359935e-01, -1.101965415090943e+05, 3.596634122919011e-04
1055, 3.403541360382103e-02, 1.956315320291292e-03, 1.554567933440617e+00, 1.174736473632800e-02, 1.565661960528852e-12, 5.759154832710064e+01, 1.105261537758788e+00, -1.116256101137874e+05, 3.616526639685195e-04
1056, 3.426006284812734e-02, 2.407452863678911e-03, 1.555748490809299e+00, 1.175628582475623e-02, 1.566948776027262e-12, 5.170389358858618e+01, 1.724467204727144e-01, -1.124305092530854e+05, 3.626824492525305e-04
1057, 3.449147945609077e-02, 2.017129486488467e-03, 1.572677605535746e+00, 1.188421364384764e-02, 1.584129824768432e-12, 5.874771732534223e+01, 4.775561725735028e+00, -1.168989233647201e+05, 3.662425794474143e-04
1058, 3.470457138856662e-02, 2.397219771088893e-03, 1.565435903257292e+00, 1.182949045282619e-02, 1.577197317935645e-12, 4.179107010659670e+01, 1.387730432173416e-01, -1.207062127947812e+05, 3.670770073695557e-04
1059, 3.496820946913599e-02, 1.925815600780903e-03, 1.570621587519180e+00, 1.186867698377242e-02, 1.582517206061930e-12, 3.236456769446276e+01, 6.248068528996112e+00, -1.300703655857629e+05, 3.666626964366113e-04
1060, 3.517753889477199e-02, 2.446580015201462e-03, 1.313125077607941e+00, 9.922859528523080e-03, 1.323619275666138e-12, 1.159776169452968e+01, -2.613005957210276e+00, -6.475386781505952e+04, 2.804637060016721e-04
1061, 3.543019040041091e-02, 1.925790523937847e-03, 1.254070873800190e+00, 9.476606099243562e-03, 1.265470269606106e-12, 1.459174908781642e+01, 7.521506213950659e+00, -5.449003472305725e+04, 2.885668753839446e-04
1062, 3.567317071463058e-02, 2.258779520116422e-03, 1.026829986978794e+00, 7.759420556515662e-03, 1.033917542713183e-12, 2.223423030062778e+01, -1.267319286605164e+00, -1.079745169780786e+04, 2.708416657789968e-04
1063, 3.595932320437578e-02, 1.931643703160140e-03, 8.710015635986539e-01, 6.581875795456742e-03, 8.769300701431101e-13, 3.262092311252672e+01, 2.929102080858752e+00, 1.774177531370088e+04, 7.990595256589471e-04
1064, 3.612545970476232e-02, 2.278614787930214e-03, 7.948462608726733e-01, 6.006394918434117e-03, 8.002264811129075e-13, 3.291284298596138e+01, -1.263949339512960e+00, 3.071920441770788e+04, 2.504035953388157e-03
1065, 3.630566314545667e-02, 1.917685145024293e-03, 7.308267218104196e-01, 5.522620064059220e-03, 7.358414430112244e-13, 3.784290179347150e+01, 1.318605415670253e+00, 4.223779706412381e+04, 4.404276083487745e-03
1066, 3.654523806899580e-02, 2.295934344667282e-03, 6.512489329122461e-01, 4.921276571125779e-03, 6.557835271837272e-13, 3.713348824449288e+01, -1.006497003814861e+00, 5.660929320933850e+04, 1.613408071037684e-02
1067, 3.670710461791062e-02, 1.873533934391965e-03, 6.044957084314431e-01, 4.567977645578957e-03, 6.079902699929392e-13, 4.052788136364672e+01, 1.494473998109916e+00, 6.507844658315023e+04, 2.450259123875345e-02
1068, 3.698764990940962e-02, 2.280867840342774e-03, 5.475700757504783e-01, 4.137809136654083e-03, 5.512497091156954e-13, 3.961370007276611e+01, 7.167698633219645e-01, 7.551101664964281e+04, 7.198047029173740e-02
1069, 3.630352919338601e-02, 2.740916615585642e-03, 6.713382595530095e-01, 5.073085084784140e-03, 6.758861732871248e-13, 3.242708557486520e+01, -3.341903981738768e+00, 5.418127214915842e+04, 1.247140226753086e-02
1070, 3.371323459367485e-02, 1.692688655453363e-03, 1.559202996445631e+00, 1.178239040135331e-02, 1.570314929961367e-12, 6.147175904213376e+01, 6.415756724675082e-01, -1.126772348959979e+05, 3.626374880817208e-04
1071, 3.608544713055785e-02, 1.616904767406612e-03, 7.960122892014339e-01, 6.015206215627197e-03, 8.026479547045767e-13, 3.814759095731846e+01, 3.889923461962988e+00, 3.146387671331694e+04, 1.468673422126067e-03
1072, 3.720911505491190e-02, 1.840950493334961e-03, 5.163268297649648e-01, 3.901714078828901e-03, 5.198850019911405e-13, 4.211333713078912e+01, 1.844604879283493e+00, 8.157289248820191e+04, 1.084873608190347e-01
1073, 3.744349924128652e-02, 2.258384156704007e-03, 4.752813517463204e-01, 3.591546738637549e-03, 4.786110163805952e-13, 4.121786786942221e+01, 1.541927911050734e+00, 8.814733898756464e+04, 2.368069515767139e-01
1074, 3.763534533650358e-02, 1.846893920322887e-03, 4.520638508180110e-01, 3.416099628348166e-03, 4.551429938319394e-13, 4.367969190861731e+01, 1.992883705265733e+00, 9.220184642142194e+04, 3.213585339288729e-01
1075, 3.788004450791901e-02, 2.202534320660182e-03, 4.220987338190037e-01, 3.189662975962545e-03, 4.250920808925941e-13, 4.206566818691417e+01, 1.875672337567931e+00, 9.715336660010861e+04, 6.026909865615392e-01
1076, 3.804047080128898e-02, 1.797997253883825e-03, 4.075775304275652e-01, 3.079930960410059e-03, 4.105020145727859e-13, 4.417473003379550e+01, 1.754389956913045e+00, 9.961114175612955e+04, 7.374271429415772e-01
1077, 3.829757028570855e-02, 2.155905464488110e-03, 3.818422774369394e-01, 2.885458015896480e-03, 3.845945259903779e-13, 4.207238872794106e+01, 2.136685728090720e+00, 1.037853429367598e+05, 1.300249970411611e+00
1078, 3.813842989413593e-02, 2.623733015778854e-03, 3.914910609855313e-01, 2.958370737925999e-03, 3.944379685810370e-13, 3.974471813598892e+01, 2.798978677991936e+00, 1.023027572910381e+05, 1.073381709616271e+00
1079, 3.859959173253970e-02, 2.618608137433847e-03, 3.547777667322207e-01, 2.680940302762543e-03, 3.573640691122902e-13, 3.942361591421146e+01, 3.017603450636788e+00, 1.082342812131041e+05, 2.250143343518120e+00
1080, 3.841086302226192e-02, 1.786427686541889e-03, 3.728598375079110e-01, 2.817580636080235e-03, 3.754660240569745e-13, 4.387060588956136e+01, 1.822325091182298e+00, 1.053441265115272e+05, 1.461653040612375e+00
1081, 3.722538119219979e-02, 2.762567068281584e-03, 4.872088658071138e-01, 3.681679086703833e-03, 4.907739789177206e-13, 3.815936708664574e+01, 1.154172752078730e+00, 8.639702030109004e+04, 1.872529858157786e-01
1082, 3.781479176227772e-02, 1.555017137108713e-03, 4.311937907900491e-01, 3.258391366171612e-03, 4.345211321851337e-13, 4.541773889085042e+01, 1.785766875048073e+00, 9.594356331753964e+04, 4.212319562280190e-01
1083, 3.555100186129852e-02, 2.813260325201128e-03, 9.927915720284052e-01, 7.502203315075446e-03, 1.000919637361193e-12, 1.388619767317980e+01, -6.939459906388852e+00, -3.802365274943335e+03, 5.609589298289145e-04
1084, 1.503100631027138e-02, 4.693790473039094e-03, 1.750237004292281e+00, 1.322597232462760e-02, 1.762731906504637e-12, 4.100006167777583e+01, -1.140207682789603e+00, -1.242369145800340e+05, 4.070561209607037e-04
1085, 1.464952041289397e-02, 4.978019657826739e-03, 1.758176749620658e+00, 1.328597040015691e-02, 1.770718482052881e-12, 4.152362510103800e+01, -2.858298294959501e+00, -1.248363401967502e+05, 4.089027172085415e-04
1086, 3.123305285371170e-02, 2.615231951346512e-03, 1.547633524197054e+00, 1.169496365892057e-02, 1.558791292284956e-12, 4.870531587505488e+01, -3.307190075487661e-01, -1.102327419654067e+05, 3.599363022752442e-04
1087, 3.043184946232758e-02, 2.607971590951501e-03, 1.548046384882739e+00, 1.169808351296866e-02, 1.559120117354723e-12, 4.751710263971940e+01, -6.540720209863756e-01, -1.102541580108351e+05, 3.600328524010958e-04
1088, 2.342066586667438e-02, 3.294648379873485e-03, 1.593622620230348e+00, 1.204248831408405e-02, 1.605010020022972e-12, 3.608388026081562e+01, -1.194217162135824e+01, -1.146034848362914e+05, 3.706291299490166e-04
1089, 2.294179194995336e-02, 3.282121477941448e-03, 1.599420900269914e+00, 1.208630403226715e-02, 1.610866876258766e-12, 3.756783928872446e+01, -1.396041161408662e+01, -1.154046224290583e+05, 3.719776760742119e-04
1090, 3.833831875485784e-02, 2.979261247777005e-03, 3.730871931248977e-01, 2.819298688601456e-03, 3.757816291451418e-13, 3.687843758298749e+01, 4.456712548844607e+00, 1.054490615374919e+05, 1.478273270975765e+00
1091, 3.898251613362103e-02, 2.930506260319786e-03, 3.324667923161595e-01, 2.512343518762000e-03, 3.349687140969155e-13, 3.666055229425517e+01, 3.992065926990399e+00, 1.115174557593868e+05, 3.603563059385515e+00
1092, 3.910736316068238e-02, 2.388638648481170e-03, 3.232384877710386e-01, 2.442608219932501e-03, 3.255466612973227e-13, 3.984173934545463e+01, 2.863072476256646e+00, 1.135373493883554e+05, 4.492897236312519e+00
1093, 3.941817214606759e-02, 2.850430007072064e-03, 3.092436374751066e-01, 2.336853683691019e-03, 3.116026884444083e-13, 3.662757113804910e+01, 4.088751870705244e+00, 1.153595519895219e+05, 6.159812608493115e+00
1094, 3.964804748414880e-02, 2.383614147383419e-03, 2.952808672301266e-01, 2.231341565970822e-03, 2.974796638687957e-13, 3.903393014730025e+01, 3.174383838889833e+00, 1.178546472910861e+05, 8.412037946009283e+00
1095, 3.992764418935657e-02, 2.881238028767089e-03, 2.874351325415109e-01, 2.172053898298667e-03, 2.895679366941131e-13, 3.605235634639670e+01, 4.544945135696037e+00, 1.184020455623877e+05, 1.033944965304973e+01
1096, 4.019478907258010e-02, 2.254085072287195e-03, 2.724031072366518e-01, 2.058461767531412e-03, 2.744627195405490e-13, 3.841949089109254e+01, 3.212616434395897e+00, 1.213284518792987e+05, 1.454459119733498e+01
1097, 4.048849544480846e-02, 2.826770849576110e-03, 2.671971415593304e-01, 2.019121976518970e-03, 2.691533818963377e-13, 3.546820456872985e+01, 4.434689524767101e+00, 1.214862322237277e+05, 1.736868124397314e+01
1098, 4.072923491525608e-02, 2.319038519657500e-03, 2.531403212361026e-01, 1.912899152917752e-03, 2.549837599985172e-13, 3.717197176053642e+01, 3.396098416832090e+00, 1.240340096709192e+05, 2.363952264391357e+01
1099, 4.099219207022024e-02, 2.739472602669469e-03, 2.488160334145793e-01, 1.880221914971939e-03, 2.504511019267760e-13, 3.481708412987262e+01, 4.147452158046934e+00, 1.242859959721928e+05, 2.741916853585867e+01
1100, 4.126419198036433e-02, 2.203253616208465e-03, 2.365912857607134e-01, 1.787843469224653e-03, 2.382955870957586e-13, 3.649574730136842e+01, 3.146787404570330e+00, 1.266937133020865e+05, 3.642770699355533e+01
1101, 4.151516246925548e-02, 2.708981331448129e-03, 2.345003181358234e-01, 1.772042706316413e-03, 2.359854062556426e-13, 3.380291215515197e+01, 4.165175705223787e+00, 1.264678755658028e+05, 4.067771970050462e+01
1102, 4.179158886447795e-02, 2.239126017792929e-03, 2.230656791464553e-01, 1.685634855011135e-03, 2.246498815425221e-13, 3.539838878845113e+01, 3.248568239338979e+00, 1.285935278130260e+05, 5.290458372635079e+01
1103, 4.205072815473165e-02, 2.675172292810017e-03, 2.217983103091643e-01, 1.676057760522928e-03, 2.232659160796332e-13, 3.273859407807685e+01, 4.287587079602537e+00, 1.282449467841140e+05, 5.852284973272157e+01
1104, 4.228685749817791e-02, 2.205286582098458e-03, 2.116875361806497e-01, 1.599653925798530e-03, 2.131563814841977e-13, 3.446916683342247e+01, 3.141752843949773e+00, 1.301693470832807e+05, 7.326921959352723e+01
1105, 4.257073185502214e-02, 2.659113619310910e-03, 2.105455410775278e-01, 1.591024239880873e-03, 2.119023735169287e-13, 3.166381156817690e+01, 4.070075355972392e+00, 1.298163822220995e+05, 8.120071658839927e+01
1106, 4.281305454343966e-02, 2.174611050555364e-03, 2.001326056929054e-01, 1.512337070727490e-03, 2.014596383381250e-13, 3.321151476836179e+01, 3.097247517588857e+00, 1.318198000881992e+05, 1.023395560259923e+02
1107, 4.310653047491268e-02, 2.613282890886240e-03, 1.999376039936593e-01, 1.510863506249559e-03, 2.012705468674941e-13, 3.057166163684072e+01, 4.091970492286327e+00, 1.313546515542780e+05, 1.114231119405660e+02
1108, 4.336272414424770e-02, 2.135706949492949e-03, 1.907465003857773e-01, 1.441409322814611e-03, 1.920651912585235e-13, 3.209629279319761e+01, 3.102277478084768e+00, 1.332494420612707e+05, 1.377663292743491e+02
1109, 4.364160174616730e-02, 2.574540573279912e-03, 1.907750137657201e-01, 1.441624789161715e-03, 1.921543356911235e-13, 2.950754419392040e+01, 4.005970895152589e+00, 1.327380350869999e+05, 1.484076969101071e+02
1110, 4.387386713736385e-02, 2.131679970534662e-03, 1.823268840666516e-01, 1.377785018136023e-03, 1.836310636746080e-13, 3.073366083272147e+01, 3.106504320910273e+00, 1.343521651957446e+05, 1.799314130321011e+02
1111, 4.414741801837750e-02, 2.594633564474502e-03, 1.836002046555834e-01, 1.387407088077483e-03, 1.849777600075200e-13, 2.832441585026874e+01, 3.878375299872241e+00, 1.336490744832390e+05, 1.889135082806436e+02
1112, 4.435541391177184e-02, 2.164117137584196e-03, 1.758570237222700e-01, 1.328894385810623e-03, 1.771814620897712e-13, 2.952678665221370e+01, 3.021916974299330e+00, 1.351775561395743e+05, 2.249702796237084e+02
1113, 4.464375558412947e-02, 2.592444172392970e-03, 1.770378365669001e-01, 1.337817404787639e-03, 1.783835549347722e-13, 2.728470978028938e+01, 3.816219129851296e+00, 1.344562467171295e+05, 2.368889074280854e+02
1114, 4.483054006165591e-02, 2.082077275060738e-03, 1.687218368535591e-01, 1.274976097130182e-03, 1.699878482196585e-13, 2.866100883851307e+01, 2.850554357408977e+00, 1.362125265612976e+05, 2.820805886000638e+02
1115, 4.515103651757198e-02, 2.563211761005338e-03, 1.701602253718799e-01, 1.285845531777483e-03, 1.713762844436324e-13, 2.632111242842532e+01, 3.741093505021926e+00, 1.354180851976243e+05, 2.963161566295452e+02
1116, 4.538887261807872e-02, 2.029033475479088e-03, 1.623088960192999e-01, 1.226515587047545e-03, 1.635666945032565e-13, 2.761348311401844e+01, 2.847235602898002e+00, 1.372352138371080e+05, 3.548681861108100e+02
1117, 4.566417798336854e-02, 2.523534116299169e-03, 1.639501549989279e-01, 1.238918047851013e-03, 1.650141680392806e-13, 2.546440043691864e+01, 3.526079220793243e+00, 1.364782985449479e+05, 3.665439542393271e+02
1118, 4.585254824119762e-02, 1.996297507904411e-03, 1.571292016779562e-01, 1.187374319984552e-03, 1.582894251108249e-13, 2.683711323529069e+01, 2.742880618060605e+00, 1.380107233075568e+05, 4.268889528665938e+02
1119, 4.620378331937941e-02, 2.393778235340557e-03, 1.574674202341731e-01, 1.189930127714291e-03, 1.585097960216657e-13, 2.479863169165295e+01, 3.216756048514009e+00, 1.376376591019552e+05, 4.588171272092970e+02
1120, 4.596631729266573e-02, 2.969202183332928e-03, 1.695414931589846e-01, 1.281169973494106e-03, 1.703701855309790e-13, 2.342912911743373e+01, 4.252909630339474e+00, 1.350368294477719e+05, 3.645179344762701e+02
1121, 4.657262952856128e-02, 2.954737521698962e-03, 1.639702979449828e-01, 1.239070261549604e-03, 1.647095527794647e-13, 2.256347561648402e+01, 4.071405206612764e+00, 1.358636428531237e+05, 4.519939348076356e+02
1122, 4.676623661906191e-02, 2.392392308496317e-03, 1.518561209542539e-01, 1.147527362375036e-03, 1.527287903233727e-13, 2.363304681815614e+01, 3.104008334197663e+00, 1.383779307866434e+05, 5.599545532124821e+02
1123, 4.713241670448846e-02, 2.794432007731295e-03, 1.548724136486994e-01, 1.170320506161999e-03, 1.556300707382728e-13, 2.203108333192970e+01, 3.574229402933451e+00, 1.374498543814097e+05, 5.722631606447027e+02
1124, 4.734139703594475e-02, 2.233395208475698e-03, 1.454527167321478e-01, 1.099138917371568e-03, 1.464176122380492e-13, 2.309395749802858e+01, 2.790942301347027e+00, 1.396509422506051e+05, 6.889035179127817e+02
1125, 4.766650055267581e-02, 2.679533802501909e-03, 1.487964583739520e-01, 1.124406486453346e-03, 1.497066449122076e-13, 2.137598212473731e+01, 3.351645601328009e+00, 1.387250755828908e+05, 6.946392333694178e+02
1126, 4.785609098728122e-02, 2.166056855219011e-03, 1.406750934314079e-01, 1.063035970514574e-03, 1.416271945060207e-13, 2.240256902822912e+01, 2.609032029377528e+00, 1.404683125300539e+05, 8.138879331494190e+02
1127, 4.817783029934769e-02, 2.579827296529239e-03, 1.437856482918052e-01, 1.086541422860159e-03, 1.447662862343703e-13, 2.063012208717808e+01, 3.120858532292077e+00, 1.396544283393539e+05, 8.241350308853010e+02
1128, 4.831284090454993e-02, 2.111614174677037e-03, 1.369128420991649e-01, 1.034605859691559e-03, 1.378581342352667e-13, 2.181942804026051e+01, 2.384377306449755e+00, 1.411046181376403e+05, 9.321548816575449e+02
1129, 4.871084892796222e-02, 2.395580741871196e-03, 1.377570690354410e-01, 1.040985408328325e-03, 1.387767185729516e-13, 2.004852502301729e+01, 2.780186665185385e+00, 1.407903712463950e+05, 9.887929545544395e+02
1130, 4.854947590636101e-02, 3.086274160687445e-03, 1.521178870253887e-01, 1.149505443517090e-03, 1.530862100898768e-13, 1.899759570854740e+01, 3.864904314949857e+00, 1.375248348259020e+05, 7.946769379919159e+02
1131, 4.909424504576596e-02, 2.896449651791693e-03, 1.436218637444835e-01, 1.085303756255784e-03, 1.445654467856082e-13, 1.840161501149773e+01, 3.455374418188227e+00, 1.392467395869436e+05, 9.711438442703244e+02
1132, 4.934225242317549e-02, 2.276668103899766e-03, 1.326460667169619e-01, 1.002363224561403e-03, 1.336878350490817e-13, 1.939150232417448e+01, 2.558793239113511e+00, 1.417362605214202e+05, 1.176993294637444e+03
1133, 4.966462909048103e-02, 2.737316658845904e-03, 1.377611906912518e-01, 1.041016554341872e-03, 1.388952012898145e-13, 1.764626202979990e+01, 3.330136442600444e+00, 1.406443966741755e+05, 1.159533198554633e+03
1134, 4.986747894817507e-02, 2.281914565268888e-03, 1.295261817155422e-01, 9.787872673718662e-04, 1.305231891316217e-13, 1.858588145704627e+01, 2.584847975660196e+00, 1.422170879094479e+05, 1.328335358471836e+03
1135, 5.019719013937074e-02, 2.618298889321861e-03, 1.324348934389678e-01, 1.000767456717592e-03, 1.335012173900534e-13, 1.706566926889840e+01, 3.012975724202096e+00, 1.415800109933628e+05, 1.343752385849166e+03
1136, 5.011167653264154e-02, 3.243774346476402e-03, 1.469094504068036e-01, 1.110146980404278e-03, 1.479157500527644e-13, 1.638503605991239e+01, 3.885606806124442e+00, 1.383154697134772e+05, 1.115969753886972e+03
1137, 5.066346528690655e-02, 3.009061923166461e-03, 1.374921788056361e-01, 1.038983718934388e-03, 1.384982546951469e-13, 1.586566333399271e+01, 3.384473113450969e+00, 1.403484464580856e+05, 1.348622079437469e+03
1138, 3.979435930744257e-02, 1.941351680399345e-03, 2.882494649356245e-01, 2.178207543594313e-03, 2.903246398039822e-13, 4.104221833777103e+01, 2.383505157277420e+00, 1.190794457830090e+05, 9.523110802309622e+00
1139, 5.070000414006944e-02, 2.374396808365962e-03, 1.260015069829003e-01, 9.521524457146321e-04, 1.269710505119637e-13, 1.677707151672584e+01, 2.514464050512700e+00, 1.428417948751952e+05, 1.565022316850909e+03
1140, 5.121064472996607e-02, 2.790764066054401e-03, 1.301893191832336e-01, 9.837983817373290e-04, 1.311842698526991e-13, 1.533541192184831e+01, 3.085681987409172e+00, 1.419440855737985e+05, 1.583170837695520e+03
1141, 5.133792455944832e-02, 2.099135931744347e-03, 1.204999838519564e-01, 9.105792230625133e-04, 1.215399346954319e-13, 1.638958976044847e+01, 2.236782875244348e+00, 1.441519345424539e+05, 1.835508836677693e+03
1142, 5.172956962534384e-02, 2.554425814066506e-03, 1.243445281488923e-01, 9.396311950796657e-04, 1.254158059931161e-13, 1.495153074294622e+01, 2.759813613092807e+00, 1.432876347114888e+05, 1.824193916736572e+03
1143, 5.167610344856556e-02, 3.176018914379145e-03, 1.374426880412542e-01, 1.038609733309341e-03, 1.384522635634411e-13, 1.405675414100813e+01, 3.729637862828515e+00, 1.404511239902305e+05, 1.569447091981320e+03
1144, 5.223726605181231e-02, 2.864386683137175e-03, 1.280769764609780e-01, 9.678360941633428e-04, 1.292436316443833e-13, 1.363546807085186e+01, 3.138508869507465e+00, 1.425519522751207e+05, 1.868885618735573e+03
1145, 5.185542193116008e-02, 2.101285448372571e-03, 1.182571423904370e-01, 8.936307989200810e-04, 1.192568086044668e-13, 1.573083667633173e+01, 2.229718311227585e+00, 1.445624501001965e+05, 2.005797796334874e+03
1146, 4.198331845170080e-02, 1.792729272148701e-03, 2.166261869570298e-01, 1.636973704964998e-03, 2.182407816730075e-13, 3.690370896143738e+01, 2.506072244748036e+00, 1.297803416090403e+05, 6.093037435552563e+01
1147, 4.809058399919784e-02, 1.734166398612788e-03, 1.359139189995027e-01, 1.027057322414408e-03, 1.369216263895882e-13, 2.323701280904218e+01, 2.012853844870951e+00, 1.414973002340809e+05, 9.169644899028988e+02
1148, 4.413435924499002e-02, 1.771688891214266e-03, 1.765926064228195e-01, 1.334452945260662e-03, 1.778922991426368e-13, 3.176375747193918e+01, 2.477974872558598e+00, 1.353991940105560e+05, 2.095565967842093e+02
1149, 4.493099917349233e-02, 3.082148062187867e-03, 1.842460630667223e-01, 1.392287630227179e-03, 1.855475640605859e-13, 2.476806866120823e+01, 4.895257692045915e+00, 1.324155096104798e+05, 2.311770813795557e+02
1150, 4.390938341697199e-02, 3.030555317744429e-03, 1.961680826852132e-01, 1.482378458578528e-03, 1.975901569244712e-13, 2.691464266685704e+01, 5.019050411030248e+00, 1.311136068580821e+05, 1.476098494565586e+02
1151, 4.746601236126919e-02, 3.209336788567733e-03, 1.635231719027939e-01, 1.235691475336615e-03, 1.643264580568478e-13, 2.026671736210076e+01, 4.174838870352753e+00, 1.354332757673778e+05, 5.547093443210784e+02
1152, 4.933087619967176e-02, 1.802317234788354e-03, 1.281536108390381e-01, 9.684151952572825e-04, 1.290892451203388e-13, 2.089959365025358e+01, 1.971814548358354e+00, 1.427711647318419e+05, 1.254504574932258e+03
1153, 4.986032393097616e-02, 1.743303592155205e-03, 1.248454614460742e-01, 9.434165852348856e-04, 1.257634092418907e-13, 2.028912867300137e+01, 1.865591248834867e+00, 1.434346990266994e+05, 1.425106441017618e+03
1154, 5.145329446234800e-02, 1.676640066335354e-03, 1.165069722784227e-01, 8.804053320787661e-04, 1.174188935228039e-13, 1.750109683275520e+01, 1.800569959755962e+00, 1.450601152754709e+05, 1.971036312914046e+03
1155, 5.187591545096587e-02, 1.571468228743932e-03, 1.141276815304154e-01, 8.624258050157207e-04, 1.150333955403583e-13, 1.703129411410287e+01, 1.628801244067887e+00, 1.456062148929652e+05, 2.141624652156708e+03
1156, 4.562240098709089e-02, 1.684822604973096e-03, 1.578315521851065e-01, 1.192681754547359e-03, 1.590435938900332e-13, 2.877728509757479e+01, 2.270938764525178e+00, 1.382135821199190e+05, 4.000509669195472e+02
1157, 4.602002814849859e-02, 1.728589510811143e-03, 1.535499763437893e-01, 1.160327277157171e-03, 1.546272123079193e-13, 2.775412760032274e+01, 2.400801761866836e+00, 1.386731191527782e+05, 4.669326084939686e+02
1158, 5.210313524220568e-02, 3.510712851819867e-03, 1.471055108171277e-01, 1.111628545217689e-03, 1.481983020272892e-13, 1.280743646232953e+01, 4.295420924450445e+00, 1.383285756060199e+05, 1.540457849837536e+03
1159, 5.270388208073148e-02, 3.375297666877330e-03, 1.388313188338238e-01, 1.049103164991197e-03, 1.398544527120269e-13, 1.235312043030147e+01, 3.852860500809202e+00, 1.399243304289964e+05, 1.776531026800688e+03
1160, 5.280083933319043e-02, 2.634277560155549e-03, 1.213231538040205e-01, 9.167996509118260e-04, 1.223956233545127e-13, 1.308689642932668e+01, 2.700389236148704e+00, 1.438644288121306e+05, 2.144114077099362e+03
1161, 5.329790292934194e-02, 3.081299516490032e-03, 1.281972251324414e-01, 9.687447743005160e-04, 1.292262348227304e-13, 1.178115856409037e+01, 3.321980292212019e+00, 1.423256272484213e+05, 2.097252810503106e+03
1162, 5.344777509278317e-02, 2.402157192385641e-03, 1.157038585017548e-01, 8.743364622297028e-04, 1.167400556811773e-13, 1.256290194359611e+01, 2.449969808621618e+00, 1.451296541521232e+05, 2.440838666070912e+03
1163, 5.387647651316789e-02, 2.852145288265058e-03, 1.215313652003468e-01, 9.183730367781984e-04, 1.226416076436602e-13, 1.127540800752028e+01, 2.940667271283941e+00, 1.439518115657378e+05, 2.384043335623060e+03
1164, 5.402558170674107e-02, 2.310337226808865e-03, 1.127839980458036e-01, 8.522720255348408e-04, 1.137998564906315e-13, 1.195274373847827e+01, 2.320780512043941e+00, 1.458004370051492e+05, 2.661912389204331e+03
1165, 5.441877471732721e-02, 2.663009730807300e-03, 1.164141825225753e-01, 8.797041500444671e-04, 1.174308347357785e-13, 1.090702453866811e+01, 2.591814418802216e+00, 1.450140690433604e+05, 2.637596694081936e+03
1166, 5.435097451431595e-02, 3.263069412190131e-03, 1.296925376820818e-01, 9.800443653556468e-04, 1.307686508959729e-13, 1.011876433286870e+01, 3.446777714530779e+00, 1.422741571969647e+05, 2.319456491779792e+03
1167, 5.492621984520574e-02, 3.014142927622467e-03, 1.216238623943905e-01, 9.190720080179117e-04, 1.226343310943467e-13, 9.749995355205199e+00, 2.948638324014886e+00, 1.439903587423084e+05, 2.618346442634862e+03
1168, 5.445227888266325e-02, 2.085316864178931e-03, 1.091735801152861e-01, 8.249892703923774e-04, 1.101633446354841e-13, 1.167263769230851e+01, 1.973108779188923e+00, 1.466199584239400e+05, 2.884218552622014e+03
1169, 5.412023667653113e-02, 1.853118597667494e-03, 1.082472579843237e-01, 8.179893550450067e-04, 1.092735735199379e-13, 1.256184700115422e+01, 1.860331827701119e+00, 1.469074103550658e+05, 2.852609097935618e+03
1170, 5.455074107690843e-02, 1.660466922230908e-03, 1.054362124686778e-01, 7.967471974961671e-04, 1.063499983358371e-13, 1.226872629770827e+01, 1.509341863329449e+00, 1.474325872733092e+05, 3.052592343643111e+03
1171, 5.487058031653296e-02, 1.948967042803034e-03, 1.066562646733305e-01, 8.059667355666415e-04, 1.075294403513028e-13, 1.131734268825430e+01, 1.794773456441778e+00, 1.471206078280573e+05, 3.063006471007584e+03
1172, 5.298456435616886e-02, 2.075210429686292e-03, 1.135491067050902e-01, 8.580537030610642e-04, 1.144948513944319e-13, 1.389053036767308e+01, 1.983977401537991e+00, 1.455555299971412e+05, 2.402586916274836e+03
1173, 5.427394326716887e-02, 1.479713813884239e-03, 1.052178542667141e-01, 7.950971355165827e-04, 1.061468455291857e-13, 1.307226142609591e+01, 1.418991860736357e+00, 1.475805109225846e+05, 3.008322854190302e+03
1174, 4.843371523598460e-02, 1.723771001371440e-03, 1.333289392914506e-01, 1.007523470716314e-03, 1.342947139662146e-13, 2.270190833727537e+01, 1.892823037102034e+00, 1.418977547427223e+05, 1.010035072758222e+03
1175, 5.490856545493188e-02, 3.751313084482330e-03, 1.450868138583696e-01, 1.096373908249758e-03, 1.460727009817433e-13, 8.962539878529643e+00, 4.034583408953309e+00, 1.388404794272181e+05, 2.188880932455409e+03
1176, 5.546199372829987e-02, 3.397447336718177e-03, 1.291978587051043e-01, 9.763062370663560e-04, 1.300736301647599e-13, 8.684512518818048e+00, 3.417872550523231e+00, 1.421532010932578e+05, 2.547818160711048e+03
1177, 4.828077462721288e-02, 1.473172166544299e-03, 1.331673519421894e-01, 1.006302407623640e-03, 1.341429143720379e-13, 2.381757837883279e+01, 1.659782673641470e+00, 1.420842023040666e+05, 9.906092587203359e+02
1178, 4.789139620353113e-02, 1.502115238235581e-03, 1.362756136265661e-01, 1.029790531183127e-03, 1.372991274780558e-13, 2.449993782968030e+01, 1.728678049780961e+00, 1.416336576520707e+05, 8.822270159222928e+02
1179, 4.584911204461638e-02, 1.395378345334666e-03, 1.542698722708275e-01, 1.165767296756967e-03, 1.553658211392144e-13, 2.947026267377706e+01, 1.964316255130760e+00, 1.388063277616425e+05, 4.438398167718109e+02
1180, 5.555732540111113e-02, 2.729533559103554e-03, 1.142443044750297e-01, 8.633070867132120e-04, 1.149742696246233e-13, 9.284911810331348e+00, 2.519659961111046e+00, 1.455768161686554e+05, 2.938085903260155e+03
1181, 5.604668852578334e-02, 3.148680319731896e-03, 1.209087761972860e-01, 9.136683339846252e-04, 1.217017480546659e-13, 8.098572457339683e+00, 3.094696197026256e+00, 1.441132054903013e+05, 2.841441350250198e+03
1182, 5.620722390263579e-02, 2.572299636906072e-03, 1.101647051265607e-01, 8.324788800495612e-04, 1.109829712246360e-13, 8.475049370110119e+00, 2.377527963069450e+00, 1.465916521142097e+05, 3.185682799448248e+03
1183, 5.664446291900284e-02, 2.951156965200628e-03, 1.151517491482862e-01, 8.701643512465361e-04, 1.159468178940870e-13, 7.471703134419565e+00, 2.763578297282480e+00, 1.454014539674437e+05, 3.086663994237476e+03
1184, 5.673721522329729e-02, 2.369810602767966e-03, 1.064037445305625e-01, 8.040585229009194e-04, 1.072238078104678e-13, 7.984258560020995e+00, 2.072248716485049e+00, 1.473659183805483e+05, 3.396662668131493e+03
1185, 5.725678801909060e-02, 2.682241159241692e-03, 1.098254362103368e-01, 8.299151350905065e-04, 1.107609944470276e-13, 6.867513370616005e+00, 2.433687659598613e+00, 1.467664666606912e+05, 3.344037279189915e+03
1186, 5.705820112388824e-02, 3.341853421754881e-03, 1.230731960519980e-01, 9.300241515264020e-04, 1.239594496427347e-13, 6.482040406493105e+00, 3.272819609180017e+00, 1.437417781960526e+05, 2.937758301317831e+03
1187, 5.769414014636805e-02, 3.231932586621530e-03, 1.195027007759197e-01, 9.030430789110238e-04, 1.204872951808011e-13, 5.768472943216164e+00, 3.182275800131907e+00, 1.446438349199495e+05, 3.094759854364990e+03
1188, 5.786955674121760e-02, 2.566739402118669e-03, 1.074842012522768e-01, 8.122231832663750e-04, 1.083964789772485e-13, 6.164014555174377e+00, 2.365447876031289e+00, 1.472621754200144e+05, 3.477067037185887e+03
1189, 5.833785583899226e-02, 2.944073341295513e-03, 1.134557638584643e-01, 8.573483414995656e-04, 1.143700289928854e-13, 5.250958485174156e+00, 2.835714683647866e+00, 1.459284406787115e+05, 3.301712565219509e+03
1190, 5.831723078221548e-02, 3.680467177215675e-03, 1.318909545898233e-01, 9.966570875810682e-04, 1.323929604427112e-13, 4.882230545908823e+00, 3.796304398326825e+00, 1.418640571430670e+05, 2.848088991046268e+03
1191, 5.887013722149709e-02, 3.368403417867046e-03, 1.235330417701693e-01, 9.334990561981449e-04, 1.241078646620226e-13, 4.471684917320160e+00, 3.249249560645077e+00, 1.436395559058750e+05, 3.036767434834846e+03
1192, 5.894964362633005e-02, 2.630387362695683e-03, 1.094528906471439e-01, 8.270999293234175e-04, 1.102937295307719e-13, 4.803781093747094e+00, 2.375092664929349e+00, 1.467664789976932e+05, 3.454028655971331e+03
1193, 5.977420854346047e-02, 1.124506139333090e-03, 9.834722482514024e-02, 7.431780213486910e-04, 9.907631776269344e-14, 5.086685050250658e+00, 9.520765900710874e-01, 1.489919211188115e+05, 3.901278905185267e+03
1194, 5.950509586913875e-02, 3.119943454770052e-03, 1.210901935109533e-01, 9.150392456750911e-04, 1.216828271732006e-13, 4.013200005765906e+00, 2.914615460114531e+00, 1.441983254613251e+05, 3.121301486063599e+03
1195, 6.022807885041460e-02, 1.210775672169835e-03, 1.013709087184774e-01, 7.660270180235582e-04, 1.022976520208866e-13, 4.478884526498732e+00, 1.111560779852324e+00, 1.482614944492593e+05, 3.767766524363556e+03
1196, 5.626824975008593e-02, 2.124311890966682e-03, 1.046946316895768e-01, 7.911433125157753e-04, 1.054120422396012e-13, 8.933083391839608e+00, 1.844337550789240e+00, 1.477487836271536e+05, 3.396230551285757e+03
1197, 5.880340685455380e-02, 3.993478480619684e-03, 1.464324106675276e-01, 1.106542146103547e-03, 1.464770113033105e-13, 3.996049925513522e+00, 4.382881296096136e+00, 1.389899994497639e+05, 2.633111145184700e+03
1198, 5.592300413956867e-02, 3.723818966346838e-03, 1.398786810807529e-01, 1.057017741164538e-03, 1.407258027959479e-13, 7.432349458081517e+00, 4.160366875610752e+00, 1.402590258269195e+05, 2.470975978593504e+03
1199, 5.429005546704563e-02, 3.867483713716626e-03, 1.553165816254398e-01, 1.173676939235376e-03, 1.562477768744947e-13, 9.464628544318597e+00, 4.695637303438690e+00, 1.369943073632170e+05, 1.957945465176163e+03
1200, 5.164388866752184e-02, 3.800345433560484e-03, 1.641819489233868e-01, 1.240669639220000e-03, 1.651596877551773e-13, 1.298919520275511e+01, 5.287343068864621e+00, 1.346456682178109e+05, 1.281981761383799e+03
1201, 4.285481152906448e-02, 3.120573496480421e-03, 2.172925310955275e-01, 1.642009051100123e-03, 2.186194064840456e-13, 2.852403561049347e+01, 5.366452708725397e+00, 1.278488712164521e+05, 8.102319780546728e+01
1202, 5.321649303285086e-02, 3.679065300431104e-03, 1.485152505585970e-01, 1.122281490367410e-03, 1.495272408842157e-13, 1.110621693497399e+01, 4.318089187546538e+00, 1.377767819011365e+05, 1.763584340967320e+03
1203, 5.815254329876244e-02, 4.252689845226494e-03, 1.640419861719117e-01, 1.239611986187256e-03, 1.640354443627683e-13, 4.523903353496825e+00, 5.247954155859509e+00, 1.358420208432535e+05, 2.466576588997489e+03
1204, 5.063378940891034e-02, 3.545661383318494e-03, 1.559890321087138e-01, 1.178758429033251e-03, 1.571340819671197e-13, 1.512387323476785e+01, 4.121177839082423e+00, 1.362862730859119e+05, 1.129312135956703e+03
1205, 4.897627930355576e-02, 3.345325506916656e-03, 1.589488091311613e-01, 1.201124502250693e-03, 1.601161538176339e-13, 1.755857382664667e+01, 4.318013642848861e+00, 1.360275666807404e+05, 8.155867091707956e+02
1206, 5.675381471182087e-02, 1.821964200721328e-03, 1.013521559029216e-01, 7.658853090900412e-04, 1.021363884110322e-13, 8.649318775197925e+00, 1.591654759780905e+00, 1.485776039749393e+05, 3.620348082780140e+03
1207, 4.994490638157576e-02, 3.641956009645295e-03, 1.664044862650247e-01, 1.257464631725469e-03, 1.678480295056256e-13, 1.542626622403710e+01, 4.693672186317012e+00, 1.344342920908978e+05, 9.295075654241592e+02
1208, 5.651101487603766e-02, 1.536646275265570e-03, 9.990161165074912e-02, 7.549240175119677e-04, 1.006374628419083e-13, 9.545186687606336e+00, 1.281610664822467e+00, 1.489527554615518e+05, 3.657996642956790e+03
1209, 5.613411867872007e-02, 1.673264923252263e-03, 1.015173726737366e-01, 7.671337985421737e-04, 1.022120238463741e-13, 9.909825228833350e+00, 1.441673100593832e+00, 1.485861699349038e+05, 3.522602225499222e+03
1210, 5.624388538170254e-02, 1.369157348331929e-03, 9.956807122960241e-02, 7.524035609290175e-04, 1.002878273138755e-13, 1.019971909075075e+01, 1.183762520628051e+00, 1.491059359191075e+05, 3.638850145135777e+03
1211, 4.805675219491000e-02, 1.278792201528247e-03, 1.341625487994012e-01, 1.013822786897264e-03, 1.351565176626701e-13, 2.516782466376974e+01, 1.452333038542361e+00, 1.421185450367146e+05, 9.402593743208104e+02
1212, 4.179215607898312e-02, 3.180229461541696e-03, 2.422593242250020e-01, 1.830674994144161e-03, 2.436732361314225e-13, 3.010787879697594e+01, 5.844258834699502e+00, 1.241630162491681e+05, 4.069066212197773e+01
1213, 2.273766591809513e-02, 2.732797631474564e-03, 1.605686550579752e+00, 1.213365151571684e-02, 1.617151199977259e-12, 3.827692564552539e+01, -1.598098388849590e+01, -1.164928871331219e+05, 3.734344188146534e-04
1214, 2.246547472515513e-02, 3.148439016187905e-03, 1.606156307356946e+00, 1.213720131504074e-02, 1.617606489629595e-12, 3.888875667843934e+01, -1.639069941953397e+01, -1.164269175312610e+05, 3.735441240985011e-04
1215, 2.218335322345128e-02, 2.727878396229075e-03, 1.606176567071569e+00, 1.213735441112099e-02, 1.617653210826696e-12, 3.716704529076370e+01, -1.795223656090350e+01, -1.163367306053945e+05, 3.735489331180848e-04
1216, 2.201245552741567e-02, 3.097830249737835e-03, 1.609439700687574e+00, 1.216201285154426e-02, 1.620884370269414e-12, 3.932127630957070e+01, -1.859757795933686e+01, -1.167825682704097e+05, 3.743080073192923e-04
1217, 2.178333245872796e-02, 2.760968103258513e-03, 1.603745649942700e+00, 1.211898476027309e-02, 1.615229945490613e-12, 3.591182432687638e+01, -1.983574410884597e+01, -1.157002426944693e+05, 3.729841183461038e-04
1218, 2.166549534297003e-02, 3.046879524328896e-03, 1.609248952924588e+00, 1.216057143268039e-02, 1.620698892514270e-12, 3.905611463407777e+01, -2.036111662286669e+01, -1.165429386029581e+05, 3.742640010562500e-04
1219, 2.180943754348243e-02, 3.380401503197633e-03, 1.610196254301359e+00, 1.216772988137132e-02, 1.621661702468021e-12, 4.129574067323455e+01, -1.864456542349897e+01, -1.166694482205797e+05, 3.744842691486642e-04
1220, 2.142984276716845e-02, 3.285305735799974e-03, 1.612343768511741e+00, 1.218395794845230e-02, 1.623818489808444e-12, 4.203266685885165e+01, -2.067158108591675e+01, -1.168559176884273e+05, 3.749839528695497e-04
1221, 2.202756141833113e-02, 2.401405415465312e-03, 1.596273701806629e+00, 1.206252167612137e-02, 1.607741459511798e-12, 3.103909318420394e+01, -1.806832156241106e+01, -1.145503562503148e+05, 3.712463267580989e-04
1222, 2.157344786957604e-02, 3.656662678269128e-03, 1.609511263973055e+00, 1.216255363203902e-02, 1.620990728451503e-12, 4.265917275279435e+01, -1.815140068498109e+01, -1.162739747664886e+05, 3.743253051476318e-04
1223, 2.122959082516190e-02, 3.575869785082951e-03, 1.615111553312472e+00, 1.220487319883565e-02, 1.626605317693550e-12, 4.515373645311931e+01, -1.980876366059535e+01, -1.170438035830486e+05, 3.756278365546597e-04
1224, 2.107581442336165e-02, 3.274031298441322e-03, 1.611425695640379e+00, 1.217702037007927e-02, 1.622910357495888e-12, 4.243527057044071e+01, -2.122138141238715e+01, -1.164628050048710e+05, 3.747708106298992e-04
1225, 2.090809125775507e-02, 3.500837671555302e-03, 1.617036873281362e+00, 1.221942221623283e-02, 1.628526397690800e-12, 4.647149968467475e+01, -2.084861964901854e+01, -1.171168389546368e+05, 3.760758312752842e-04
1226, 2.101073960230048e-02, 3.809213272618472e-03, 1.615788435010974e+00, 1.220998817388727e-02, 1.627309343984833e-12, 4.708662341521298e+01, -1.855011263881271e+01, -1.167799145087760e+05, 3.757855173136125e-04
1227, 2.069836173034830e-02, 3.701430254333029e-03, 1.621062145784635e+00, 1.224983989257994e-02, 1.632611322571553e-12, 4.996679516834463e+01, -2.026179375863114e+01, -1.173868869143482e+05, 3.770121240414182e-04
1228, 2.152148329365826e-02, 2.789621828443935e-03, 1.600025270040471e+00, 1.209087105824107e-02, 1.611528533192820e-12, 3.457009143816617e+01, -2.068219369412772e+01, -1.149339174379695e+05, 3.721192931505601e-04
1229, 2.087352025797653e-02, 3.304764560174854e-03, 1.609526671092961e+00, 1.216267005863792e-02, 1.620923263092112e-12, 4.228545397352660e+01, -2.106190824580745e+01, -1.159316965571113e+05, 3.743294243774955e-04
1230, 2.100839566484607e-02, 3.047097735516464e-03, 1.599219241773090e+00, 1.208478016453295e-02, 1.610670299386524e-12, 3.543291066617126e+01, -2.063167211029131e+01, -1.144830132856316e+05, 3.719323927301565e-04
1231, 2.077228224517362e-02, 4.012047463192535e-03, 1.615933651367887e+00, 1.221108552671028e-02, 1.627460177557617e-12, 4.762108125227383e+01, -1.728571182420407e+01, -1.164148652739078e+05, 3.758195519763618e-04
1232, 2.048511335367499e-02, 3.904407837079667e-03, 1.624602499807545e+00, 1.227659319753894e-02, 1.636182853216549e-12, 5.198779641079985e+01, -1.937031401341246e+01, -1.175555104966859e+05, 3.778356421326202e-04
1233, 2.039662129761478e-02, 3.635542816794480e-03, 1.621759324567583e+00, 1.225510824610345e-02, 1.633326936840546e-12, 5.038776897887653e+01, -2.014689922491199e+01, -1.170930267218536e+05, 3.771745427802037e-04
1234, 2.024355340257119e-02, 3.816454144128376e-03, 1.627393136708976e+00, 1.229768113382181e-02, 1.638983602901581e-12, 5.330408892746352e+01, -1.995264723662972e+01, -1.176365836742575e+05, 3.784848054750363e-04
1235, 2.027001705518238e-02, 4.076178384110085e-03, 1.627205239695147e+00, 1.229626125714295e-02, 1.638830875442570e-12, 5.289147873894617e+01, -1.847978027653102e+01, -1.174488025458942e+05, 3.784411293634905e-04
1236, 2.002290641558469e-02, 3.948569075402772e-03, 1.632626202981979e+00, 1.233722571522981e-02, 1.644315459002162e-12, 5.577853580563869e+01, -1.951880219983653e+01, -1.179366441936912e+05, 3.797019456336904e-04
1237, 2.194616675908775e-02, 3.727190935832031e-03, 1.601313878887181e+00, 1.210060865657898e-02, 1.612755738455243e-12, 3.928094785361553e+01, -1.541667029575954e+01, -1.150519807152648e+05, 3.724189182556667e-04
1238, 2.005537412938670e-02, 4.229441109649727e-03, 1.629349284696315e+00, 1.231246310853715e-02, 1.641012325427874e-12, 5.281698415751227e+01, -1.742813998996029e+01, -1.172471114954064e+05, 3.789399376351429e-04
1239, 1.982504412334337e-02, 4.107035059403305e-03, 1.637205243457971e+00, 1.237182803620706e-02, 1.648944837580253e-12, 5.709898777575494e+01, -1.890751896086783e+01, -1.181544657741808e+05, 3.807669624940517e-04
1240, 1.976903361345406e-02, 3.900745195982568e-03, 1.634528451218275e+00, 1.235160038704058e-02, 1.646265848661850e-12, 5.596477529529642e+01, -1.895897560443942e+01, -1.177031553582848e+05, 3.801445410349447e-04
1241, 1.961044714244176e-02, 4.014862606084356e-03, 1.638920617315194e+00, 1.238479055905762e-02, 1.650681660955117e-12, 5.772981494116585e+01, -1.894620257972613e+01, -1.180070683414752e+05, 3.811660332414486e-04
1242, 1.962281688534979e-02, 4.233146272442712e-03, 1.640602509613006e+00, 1.239750007264310e-02, 1.652357578382533e-12, 5.766490195087829e+01, -1.833996784399272e+01, -1.181712736683588e+05, 3.815571636285761e-04
1243, 1.943643512138826e-02, 4.133218055809126e-03, 1.643690431066636e+00, 1.242083449168816e-02, 1.655473529209557e-12, 5.942552393355191e+01, -1.866529713229644e+01, -1.183722043146690e+05, 3.822753731877676e-04
1244, 1.941303785698911e-02, 4.366834105414131e-03, 1.643612975716557e+00, 1.242024918677569e-02, 1.655417675335925e-12, 5.809123354796009e+01, -1.728323431342140e+01, -1.180926804947233e+05, 3.822574279954469e-04
1245, 1.921274360777743e-02, 4.195633615407862e-03, 1.648935143857840e+00, 1.246046708204986e-02, 1.660789894981073e-12, 6.084504189805537e+01, -1.803308298767778e+01, -1.186689353690640e+05, 3.834952170598587e-04
1246, 2.021745176037502e-02, 3.623546092774478e-03, 1.619870284819982e+00, 1.224083338654983e-02, 1.631401845675292e-12, 4.908512251315796e+01, -1.959228484416660e+01, -1.164334706048121e+05, 3.767354373025185e-04
1247, 2.037424699045513e-02, 3.439640255282229e-03, 1.610638757812774e+00, 1.217107373662129e-02, 1.622112109089171e-12, 4.310649607804887e+01, -1.879476144762878e+01, -1.153211553304245e+05, 3.745885719712346e-04
1248, 4.090394124582944e-02, 1.818808211940685e-03, 2.452854306729650e-01, 1.853542297276939e-03, 2.470620265280099e-13, 3.908054760047028e+01, 2.396523138753341e+00, 1.256483285485266e+05, 2.756974814085259e+01
1249, 4.691108004279955e-02, 1.908505838996738e-03, 1.455279041100557e-01, 1.099707083955344e-03, 1.464117153405336e-13, 2.502852226367327e+01, 2.262051274305146e+00, 1.398435132137599e+05, 6.345082525152945e+02
1250, 4.022504673646924e-02, 3.249337691142931e-03, 2.925913554986662e-01, 2.211017799738004e-03, 2.948412497658458e-13, 3.168678896855378e+01, 6.294271232160743e+00, 1.164739800992566e+05, 1.110026863642097e+01
1251, 1.943475616891582e-02, 3.939594045736609e-03, 1.635411962197912e+00, 1.235827679242838e-02, 1.647063238145802e-12, 5.404329176928616e+01, -1.736535463297009e+01, -1.171757113675779e+05, 3.803502674474241e-04
1252, 2.261863801673747e-02, 3.604048636827095e-03, 1.595210571628900e+00, 1.205448794681865e-02, 1.606643492254153e-12, 3.653399021077556e+01, -1.327761980719665e+01, -1.144048091958291e+05, 3.709992066074008e-04
1253, 2.670924633549874e-02, 2.814393202607145e-03, 1.577098872288267e+00, 1.191762372006325e-02, 1.588416942557721e-12, 4.261604102040610e+01, -7.466004605716205e+00, -1.128841074377941e+05, 3.667845199264325e-04
1254, 2.816148343380491e-02, 2.732529389258177e-03, 1.567895984231123e+00, 1.184808048537452e-02, 1.579153244867893e-12, 4.651504958122691e+01, -8.486342746710221e+00, -1.117577857051652e+05, 3.646452079765377e-04
1255, 2.464442729262278e-02, 1.235818724317309e-03, 1.588610784616497e+00, 1.200461550088120e-02, 1.599949909544677e-12, 4.337225232259934e+01, -6.710571622962556e+00, -1.137749231466006e+05, 3.694620053057852e-04
1256, 2.479573670226532e-02, 1.457783514770906e-03, 1.592777522044565e+00, 1.203610218169782e-02, 1.604150037786382e-12, 4.467874511284905e+01, -7.090176501327573e+00, -1.146758735292215e+05, 3.704305858883956e-04
1257, 2.505610935479897e-02, 1.460608824809444e-03, 1.592692871012001e+00, 1.203546250135101e-02, 1.604050673834967e-12, 4.648801286379789e+01, -6.586533047955121e+00, -1.147684060207459e+05, 3.704106623374825e-04
1258, 3.445073552668346e-02, 2.822782626478281e-03, 1.553067609621964e+00, 1.173602727674099e-02, 1.564350082202569e-12, 4.161961633120480e+01, -2.784010802494433e+00, -1.136686166213080e+05, 3.676993392162018e-04
1259, 3.693006453591026e-02, 1.516894085434115e-03, 5.488438228765536e-01, 4.147434429798483e-03, 5.523052473211060e-13, 4.242273817973406e+01, 2.071577685231851e+00, 7.629030272121426e+04, 4.910752651332727e-02
1260, 5.958418826719425e-02, 2.389566704454251e-03, 1.085108237778979e-01, 8.199810361051046e-04, 1.092372678212567e-13, 4.361021555182093e+00, 2.016944851163514e+00, 1.467663712332438e+05, 3.490217783826848e+03
1261, 6.020846153184754e-02, 2.828127868596421e-03, 1.215854693529274e-01, 9.187818842793095e-04, 1.222955521938517e-13, 3.561220593324893e+00, 2.669050411845930e+00, 1.441839595285830e+05, 3.141440743679463e+03
1262, 6.007489120659924e-02, 3.659307670759365e-03, 1.458383199417483e-01, 1.102052795530483e-03, 1.462767852270693e-13, 3.189103711704504e+00, 4.256768381266213e+00, 1.393256454509809e+05, 2.700926064204180e+03
1263, 6.091306200373495e-02, 3.337470676707757e-03, 1.515602175542653e-01, 1.145291316531183e-03, 1.525619120623043e-13, 2.988700751975057e+00, 4.368423534416213e+00, 1.385880556198383e+05, 2.678610150111935e+03
1264, 6.103629003997116e-02, 2.337719084616670e-03, 1.234321621361384e-01, 9.327367415828734e-04, 1.243961191011939e-13, 3.274621052390145e+00, 2.346181295690779e+00, 1.438256433246844e+05, 3.108329550064247e+03
1265, 6.180471765199226e-02, 2.997726396550995e-03, 1.629901189548495e-01, 1.231663367416636e-03, 1.645045044801949e-13, 3.026709460732412e+00, 4.507342944249083e+00, 1.364691403948451e+05, 2.520124959972018e+03
1266, 5.206811348245505e-02, 4.025042230553064e-03, 1.786467202176029e-01, 1.349975215750799e-03, 1.795876025613649e-13, 1.157767761556722e+01, 5.754021115471764e+00, 1.318278094850738e+05, 1.277518080873510e+03
1267, 4.623724315841902e-02, 3.439765674041081e-03, 1.854066048905069e-01, 1.401057467687767e-03, 1.857776438383771e-13, 2.121756955192074e+01, 5.465315272084760e+00, 1.316767574067918e+05, 3.329456625832273e+02
1268, 1.919058084848944e-02, 4.468736793147476e-03, 1.648229371121521e+00, 1.245513378681320e-02, 1.660073036517154e-12, 5.840070754567881e+01, -1.671619365210241e+01, -1.182766462497513e+05, 3.833311627553769e-04
1269, 1.901332708050812e-02, 4.328003387042826e-03, 1.654803124996242e+00, 1.250480950878845e-02, 1.666674868443083e-12, 6.221547961708721e+01, -1.701817727012111e+01, -1.190530585065593e+05, 3.848599786026490e-04
1270, 1.899135879739578e-02, 4.141321860464766e-03, 1.649692424836810e+00, 1.246618960833933e-02, 1.661530686983727e-12, 5.944759379227161e+01, -1.649018741196947e+01, -1.183280701476372e+05, 3.836715115706418e-04
1271, 1.883608853146656e-02, 4.228534509216260e-03, 1.655635984676783e+00, 1.251110315876736e-02, 1.667491444506824e-12, 6.174173132771398e+01, -1.500821063663892e+01, -1.188235474062813e+05, 3.850538078558369e-04
1272, 1.882429788198481e-02, 4.426618531276227e-03, 1.658732284847197e+00, 1.253450089305263e-02, 1.670598853458590e-12, 6.281842155601815e+01, -1.472293745262861e+01, -1.190926482693274e+05, 3.857738531802849e-04
1273, 1.864055352761952e-02, 4.286960118665807e-03, 1.662024900703180e+00, 1.255938212118346e-02, 1.673932044489719e-12, 6.312467776139044e+01, -1.280980643194693e+01, -1.192856378693500e+05, 3.865397213105814e-04
1274, 1.863605767126722e-02, 4.506296626255504e-03, 1.663221415010248e+00, 1.256842379101023e-02, 1.675091089387285e-12, 6.205373532209465e+01, -1.285280370525722e+01, -1.193195211137366e+05, 3.868179575323709e-04
1275, 1.845567786043258e-02, 4.387876107054609e-03, 1.669198407680110e+00, 1.261358998247008e-02, 1.681159968913707e-12, 6.410362754322637e+01, -1.190824841170378e+01, -1.198159186210405e+05, 3.882080695973845e-04
1276, 1.843173330056875e-02, 4.611936198355616e-03, 1.668602663543699e+00, 1.260908813761060e-02, 1.680525723456986e-12, 6.026967241850488e+01, -1.242114965809449e+01, -1.195718539483519e+05, 3.880695620032531e-04
1277, 1.827279901521260e-02, 4.466817323494074e-03, 1.674614261123204e+00, 1.265451582712823e-02, 1.686613139839155e-12, 6.384335122591295e+01, -1.149660607505121e+01, -1.200671914760097e+05, 3.894676645302780e-04
1278, 1.870130018805180e-02, 4.121413446455518e-03, 1.651602122596805e+00, 1.248062057378019e-02, 1.663379530066219e-12, 5.545004746241191e+01, -1.220310955819816e+01, -1.179530295331627e+05, 3.841159086935058e-04
1279, 5.875522252404980e-02, 4.466517614253239e-03, 1.818430032994681e-01, 1.374128488412682e-03, 1.805101871083385e-13, 3.727065949347122e+00, 6.051938845170565e+00, 1.319578223383022e+05, 2.295937666489754e+03
1280, 2.458272083192678e-02, 3.274786155847041e-03, 1.582021431013863e+00, 1.195482189683097e-02, 1.593375130311955e-12, 3.415753692273836e+01, -8.242401684992007e+00, -1.130261562602066e+05, 3.679308826253815e-04
1281, 4.310715889519870e-02, 1.712522351028972e-03, 1.927881969687848e-01, 1.456837760469545e-03, 1.941405898632651e-13, 3.453365330796800e+01, 2.238295523287043e+00, 1.332901679115449e+05, 1.232843737212365e+02
1282, 1.297580859611886e-02, 5.580693730452639e-03, 1.781758246111268e+00, 1.346416810663517e-02, 1.794377125185886e-12, 2.734080534652826e+01, -3.782726507774862e-01, -1.252645604878757e+05, 4.143879761679140e-04
1283, 2.917782776475754e-02, 1.484511754895205e-03, 1.578772969430681e+00, 1.193027432819241e-02, 1.590065260204538e-12, 6.971785648503516e+01, -5.102984490955111e+00, -1.140634601413634e+05, 3.671796281896071e-04
1284, 5.461338477078363e-02, 4.239048657366365e-03, 1.843416561656742e-01, 1.393009996215275e-03, 1.848925653611284e-13, 8.138276483220565e+00, 6.028648375723874e+00, 1.313611456246437e+05, 1.814624410342285e+03
1285, 3.464444815570052e-02, 1.626054001500365e-03, 1.579599338107197e+00, 1.193651892776310e-02, 1.590897668744455e-12, 6.299443383289704e+01, 9.873923340179658e+00, -1.183794843813310e+05, 3.675425076235012e-04
1286, 1.829418388910533e-02, 4.275846258345289e-03, 1.669049076732039e+00, 1.261246153701865e-02, 1.681026045026465e-12, 6.101688182780307e+01, -9.914727177622348e+00, -1.192526874339132e+05, 3.881735289755714e-04
1287, 1.813688222856662e-02, 4.362120226587426e-03, 1.675092806873614e+00, 1.265813204186685e-02, 1.687088746001302e-12, 6.244917802862903e+01, -1.015949069954303e+01, -1.197150853021837e+05, 3.895790816547823e-04
1288, 1.808930258402564e-02, 4.532671755697687e-03, 1.679481695684040e+00, 1.269129744849473e-02, 1.691525888928899e-12, 6.333884414140584e+01, -1.099502936598690e+01, -1.202418729565795e+05, 3.905997267962107e-04
1289, 1.795710000150056e-02, 4.383830350286715e-03, 1.679633764818667e+00, 1.269244658553223e-02, 1.691676264230561e-12, 6.150763872285835e+01, -8.924963865916348e+00, -1.199157244970486e+05, 3.906352281756151e-04
1290, 1.789999236978813e-02, 4.578052173673379e-03, 1.684708907330268e+00, 1.273079778839066e-02, 1.696795091823197e-12, 6.287967778788239e+01, -9.848235744558721e+00, -1.205173448118139e+05, 3.918154606631072e-04
1291, 1.774289865788370e-02, 4.423765536974039e-03, 1.685772377453154e+00, 1.273883408654851e-02, 1.697854690209532e-12, 6.084508251260041e+01, -7.130596741581600e+00, -1.203001974813189e+05, 3.920629276735781e-04
1292, 1.770394326298627e-02, 4.631118670204024e-03, 1.689254753653713e+00, 1.276514927194317e-02, 1.701348048684157e-12, 6.154209501424979e+01, -8.681354950533828e+00, -1.206949775645541e+05, 3.928727335617395e-04
1293, 1.754987794953452e-02, 4.498337647481016e-03, 1.691706668849782e+00, 1.278367759836183e-02, 1.703817894591342e-12, 6.058443684030730e+01, -6.769249694814755e+00, -1.206993437567453e+05, 3.934430663033682e-04
1294, 1.750884760858534e-02, 4.698153760879078e-03, 1.693989699502475e+00, 1.280092971916305e-02, 1.706098509394507e-12, 5.900102749089741e+01, -8.645417563819317e+00, -1.209779978086182e+05, 3.939739950229012e-04
1295, 1.735739909237904e-02, 4.558015890491053e-03, 1.697031846436284e+00, 1.282391823503568e-02, 1.709157375265507e-12, 5.898751229944980e+01, -7.001505236051240e+00, -1.210502387866050e+05, 3.946815666191100e-04
1296, 1.729762373790361e-02, 4.770990766833905e-03, 1.700186511846607e+00, 1.284775701647386e-02, 1.712349192276454e-12, 5.655793598198306e+01, -9.248522646464339e+00, -1.214226432163594e+05, 3.954152469343260e-04
1297, 1.712952901834309e-02, 4.581641048102924e-03, 1.702279726424363e+00, 1.286357475887504e-02, 1.714453100650527e-12, 5.648796583983550e+01, -6.694915417726395e+00, -1.213371993722111e+05, 3.959021160546129e-04
1298, 1.706200148410264e-02, 4.850949060364009e-03, 1.705370592735330e+00, 1.288693143125012e-02, 1.717554481770611e-12, 5.468970378665563e+01, -8.240184505561590e+00, -1.216508210402154e+05, 3.966209777841175e-04
1299, 1.688392941531709e-02, 4.669543539739591e-03, 1.708926196757289e+00, 1.291379997549666e-02, 1.721142661909639e-12, 5.495542068504503e+01, -6.226296143582327e+00, -1.218443589140837e+05, 3.974479192285429e-04
1300, 1.742113514035645e-02, 4.377795437299438e-03, 1.691131722315233e+00, 1.277933291422165e-02, 1.703248222661272e-12, 5.572403135644318e+01, -4.617463726135945e+00, -1.201932492359877e+05, 3.933095496379233e-04
1301, 1.782237995938029e-02, 4.274020708036294e-03, 1.677483533533560e+00, 1.267619798640053e-02, 1.689426898731612e-12, 5.334890673431612e+01, -6.003695397805219e+00, -1.192860581889073e+05, 3.901354063751061e-04
1302, 4.853422719684605e-02, 1.439383686158643e-03, 1.310971532936991e-01, 9.906585891212229e-04, 1.320368234879192e-13, 2.344754217314758e+01, 1.515108344466986e+00, 1.424258720970389e+05, 1.066270029863342e+03
1303, 4.874153433139865e-02, 1.645732703152462e-03, 1.307295498503520e-01, 9.878807293478211e-04, 1.316694565612370e-13, 2.237634200967410e+01, 1.652080748669045e+00, 1.423944039021563e+05, 1.105563420819075e+03
1304, 4.837708324202265e-02, 1.274982105198924e-03, 1.316874392030402e-01, 9.951191879323488e-04, 1.326410393247023e-13, 2.441014967186065e+01, 1.386214941552071e+00, 1.424820010908095e+05, 1.032760475303490e+03
1305, 4.827040046359979e-02, 3.540464177612997e-03, 1.740514229714996e-01, 1.315250047643678e-03, 1.753365106454801e-13, 1.798093032973261e+01, 5.124100272870697e+00, 1.330804654421042e+05, 6.205263328591262e+02
1306, 2.451404623248855e-02, 1.474716277972609e-03, 1.592748159417087e+00, 1.203588029786297e-02, 1.604119104232642e-12, 4.272389189846950e+01, -7.883593781431111e+00, -1.145928627417968e+05, 3.704240004171767e-04
1307, 1.961216893186804e-02, 4.485019365813935e-03, 1.633719963388087e+00, 1.234549090721552e-02, 1.645417534034182e-12, 5.127052372600063e+01, -1.536867240109733e+01, -1.167673693826697e+05, 3.799567605550319e-04
1308, 3.086747151701916e-02, 1.483133151016018e-03, 1.569881637504432e+00, 1.186308542194871e-02, 1.581114630617531e-12, 7.082685683239559e+01, -6.592801343947721e-01, -1.135532629272447e+05, 3.651099471862091e-04
1309, 5.032081032958599e-02, 4.058629577778203e-03, 2.002176202795473e-01, 1.512979498333991e-03, 2.019485431083197e-13, 1.309763349231946e+01, 5.797967442510693e+00, 1.278730176599785e+05, 8.522127401368896e+02
1310, 5.909548033373484e-02, 2.033366443422050e-03, 1.025065754514680e-01, 7.746088825048499e-04, 1.032096506647346e-13, 5.114991232678055e+00, 1.659060616004477e+00, 1.482041806085551e+05, 3.714351878818849e+03
1311, 2.904014985566904e-02, 2.752006741987850e-03, 1.558150458514045e+00, 1.177443671421276e-02, 1.569312910064934e-12, 4.459419182601395e+01, -6.502598087607695e+00, -1.110369792033366e+05, 3.623837598172047e-04
1312, 2.029949310188326e-02, 4.342511472174976e-03, 1.617039649494557e+00, 1.221944319517378e-02, 1.628579533980914e-12, 4.501567103873843e+01, -1.472591561240815e+01, -1.155770469171971e+05, 3.760772811287239e-04
1313, 5.492704552502501e-02, 1.575466093122884e-03, 1.037709188739793e-01, 7.841631149166739e-04, 1.045986852865437e-13, 1.184974800790017e+01, 1.446272454079730e+00, 1.478045365479918e+05, 3.195995753620622e+03
1314, 5.523533885412284e-02, 1.775951427411774e-03, 1.043175485300786e-01, 7.882938176076523e-04, 1.051010926026143e-13, 1.104283958129202e+01, 1.662417997035306e+00, 1.477139989468670e+05, 3.231738261089516e+03
1315, 4.161176964370236e-02, 1.845880396736052e-03, 2.259188003841104e-01, 1.707194965119261e-03, 2.276124502846720e-13, 3.756359247357110e+01, 2.566627230928606e+00, 1.285227002637450e+05, 4.704109641034110e+01
1316, 4.175137570697669e-02, 1.535084028792075e-03, 2.221902819881213e-01, 1.679019763134410e-03, 2.238905365682111e-13, 3.877428852291727e+01, 2.059234001212562e+00, 1.291648188836886e+05, 5.096547783592533e+01
1317, 4.215814453175087e-02, 1.526994069843041e-03, 2.120918985575615e-01, 1.602709560888450e-03, 2.136406848148884e-13, 3.779700630052638e+01, 2.089074089303447e+00, 1.304624420171036e+05, 6.790427940162527e+01
1318, 4.148923961085109e-02, 1.544950328978966e-03, 2.289684596226192e-01, 1.730240249037443e-03, 2.307080499202791e-13, 3.930629194300779e+01, 2.029607075800025e+00, 1.282833424739019e+05, 4.216905562152429e+01
1319, 4.196917152183156e-02, 1.273991766630203e-03, 2.173653237806991e-01, 1.642559121768514e-03, 2.190101086167613e-13, 3.964353531299322e+01, 1.688811126853524e+00, 1.299042334081066e+05, 5.801466431039836e+01
1320, 2.698340281742064e-02, 1.589755226193176e-03, 1.589211704014796e+00, 1.200915645351320e-02, 1.600542786487807e-12, 5.630739901511230e+01, -5.116284685309469e+00, -1.149466801801575e+05, 3.695996972225106e-04
1321, 2.963546513422530e-02, 1.543169404452094e-03, 1.575166031766371e+00, 1.190301787229081e-02, 1.586438606137529e-12, 7.052823535584037e+01, -3.657857899289205e+00, -1.138650201683547e+05, 3.663401178756698e-04
1322, 2.107738133012802e-02, 4.124318389209179e-03, 1.604458624359425e+00, 1.212437247626848e-02, 1.615923241262563e-12, 4.163084099843544e+01, -1.461120649835711e+01, -1.146661212499507e+05, 3.731510018103905e-04
1323, 5.344005705553232e-02, 1.830172949020590e-03, 1.102023479015496e-01, 8.327633342684712e-04, 1.111901715435406e-13, 1.374735443671773e+01, 1.819085807111771e+00, 1.464558935169397e+05, 2.626297210009081e+03
1324, 5.308472557810329e-02, 1.652768100035067e-03, 1.099211824456361e-01, 8.306386582792835e-04, 1.108516837649553e-13, 1.471791804941243e+01, 1.582960772464576e+00, 1.464555082820276e+05, 2.553015016473297e+03
1325, 5.263112909858899e-02, 1.743775504768442e-03, 1.121195452487540e-01, 8.472509716530637e-04, 1.129938252691819e-13, 1.512763778532539e+01, 1.616810131403402e+00, 1.459219636249843e+05, 2.376256680877526e+03
1326, 5.335320823518707e-02, 1.512869734407815e-03, 1.082892145027949e-01, 8.183064068220142e-04, 1.092282415464746e-13, 1.466373569561291e+01, 1.464394920936612e+00, 1.468970079728033e+05, 2.677779200026298e+03
1327, 4.574701467920302e-02, 3.466590818802365e-03, 1.927944202288474e-01, 1.456884787624803e-03, 1.932188271619997e-13, 2.193341631793270e+01, 5.743126137101807e+00, 1.303482544032393e+05, 2.721593736703492e+02
1328, 2.167992950411333e-02, 2.522277982517997e-03, 1.591533025768118e+00, 1.202669792771951e-02, 1.602981782991161e-12, 2.923605547699122e+01, -1.950722972131619e+01, -1.136774485727897e+05, 3.701443593521257e-04
1329, 2.143993511854205e-02, 2.551640198110019e-03, 1.585323045707752e+00, 1.197977112625583e-02, 1.596678193518270e-12, 2.486535479088520e+01, -1.841884225039493e+01, -1.127444791580470e+05, 3.687006514979347e-04
1330, 7.920614337986222e-02, 4.124999999996369e-03, 1.300775857012085e+00, 9.829540481200076e-03, 1.310430747610723e-12, -1.140436665676536e+01, 4.126704419176244e-01, -7.961667633729568e+04, 3.081781269116502e-04
1331, 2.438414726572636e-02, 1.243182098449722e-03, 1.588089197366401e+00, 1.200067403551521e-02, 1.599444675184148e-12, 4.103655195547296e+01, -7.653622692353186e+00, -1.136263865693408e+05, 3.693409598169072e-04
1332, 3.869765877290142e-02, 3.429209048329073e-03, 3.776255366605857e-01, 2.853593476024889e-03, 3.803283661667648e-13, 3.012662175850937e+01, 8.985862413510233e+00, 1.040050826979613e+05, 1.836664668920190e+00
1333, 3.258390680432195e-02, 1.475554676623491e-03, 1.565354270884793e+00, 1.182887358351319e-02, 1.576525232018966e-12, 6.749712654845371e+01, -2.116764779666792e-03, -1.133431129129780e+05, 3.640557840761631e-04
1334, 1.802413248835902e-02, 4.728208031688479e-03, 1.679049941169997e+00, 1.268803481992515e-02, 1.691080865172123e-12, 5.872124760094959e+01, -1.077863632979464e+01, -1.199301097677514e+05, 3.904994068581862e-04
1335, 2.237956634862749e-02, 2.409795057335296e-03, 1.601305128312918e+00, 1.210054253133270e-02, 1.612747769350406e-12, 3.383315682466645e+01, -1.692931959100411e+01, -1.155713554986847e+05, 3.724159072262288e-04
1336, 2.210888925495229e-02, 2.162015384691213e-03, 1.590212835962010e+00, 1.201672168233328e-02, 1.601665509067583e-12, 2.638966139911135e+01, -1.674426013008014e+01, -1.135754106443312e+05, 3.698369578376047e-04
1337, 2.186583751904520e-02, 2.233270775362678e-03, 1.585729016401175e+00, 1.198283891487104e-02, 1.597161353775834e-12, 2.407936012951212e+01, -1.740137082528422e+01, -1.128183439503189e+05, 3.687946097084088e-04
1338, 2.199252844137434e-02, 1.950549541296713e-03, 1.580187894030975e+00, 1.194096645363528e-02, 1.591576731849284e-12, 1.893340588479370e+01, -1.501031923747197e+01, -1.119930915525681e+05, 3.675061421193427e-04
1339, 2.220572070808790e-02, 1.936621407465116e-03, 1.584941986214261e+00, 1.197689158348384e-02, 1.596308262730951e-12, 2.226808933906343e+01, -1.523186344041970e+01, -1.127710238920383e+05, 3.686113066214014e-04
1340, 2.203317405345255e-02, 1.767652776252552e-03, 1.576754775324303e+00, 1.191502349111630e-02, 1.588144902419007e-12, 1.532284315349338e+01, -1.343488053298228e+01, -1.115079978000039e+05, 3.667079570692708e-04
1341, 2.225085643591095e-02, 1.725264527368256e-03, 1.580075191871182e+00, 1.194011480003488e-02, 1.591411914596154e-12, 1.818908792192803e+01, -1.363391652676515e+01, -1.120227365809571e+05, 3.674797262375984e-04
1342, 2.209621238529591e-02, 1.601980882821926e-03, 1.574557308815355e+00, 1.189841795074649e-02, 1.585877241863900e-12, 1.252663647217230e+01, -1.190314526857771e+01, -1.112224519271973e+05, 3.661970558977508e-04
1343, 2.226801547470971e-02, 1.527893828869532e-03, 1.576115182095406e+00, 1.191019029291316e-02, 1.587417556047734e-12, 1.476511431858017e+01, -1.164084074689985e+01, -1.114194493123875e+05, 3.665590867034216e-04
1344, 2.216791937519785e-02, 1.368926860389619e-03, 1.571963324122550e+00, 1.187881605130468e-02, 1.583245453894373e-12, 9.958657755852185e+00, -9.488756304625468e+00, -1.108650658560773e+05, 3.655940238964876e-04
1345, 2.234447014089154e-02, 1.342554518752012e-03, 1.573830844132639e+00, 1.189292829319456e-02, 1.585094152026493e-12, 1.306234309098244e+01, -9.864663073710162e+00, -1.110527475992881e+05, 3.660280051075101e-04
1346, 2.194112078090580e-02, 1.623697073801023e-03, 1.571819808808143e+00, 1.187773155270709e-02, 1.583145505489958e-12, 9.602909435157203e+00, -1.055760145282916e+01, -1.108989347743360e+05, 3.655607720744079e-04
1347, 2.221352151657944e-02, 1.222775473408109e-03, 1.570755452665664e+00, 1.186968855918719e-02, 1.582011200277651e-12, 8.614310461705548e+00, -7.986964263859722e+00, -1.106969450853310e+05, 3.653132609690659e-04
1348, 2.177539095195517e-02, 2.017439361581169e-03, 1.575839228365387e+00, 1.190810500024288e-02, 1.587228965530896e-12, 1.559000090971427e+01, -1.464578561875092e+01, -1.114440879213073e+05, 3.664952449265753e-04
1349, 2.244554439356829e-02, 1.866678976482652e-03, 1.587234516952510e+00, 1.199421549334475e-02, 1.598543278206968e-12, 2.446197595968593e+01, -1.432821884636506e+01, -1.131985619284440e+05, 3.691440752059814e-04
1350, 2.079787880751443e-02, 3.064519260865444e-03, 1.594060344767553e+00, 1.204579605617868e-02, 1.605537819074515e-12, 3.229038679913867e+01, -1.943682273747442e+01, -1.134706348831277e+05, 3.707329988671864e-04
1351, 2.361134414310170e-02, 1.223588705484386e-03, 1.584728501981076e+00, 1.197527835250272e-02, 1.596017433997115e-12, 3.056916267285731e+01, -1.016216956334045e+01, -1.128758975251863e+05, 3.685604535443797e-04
1352, 4.865369537820876e-02, 3.945193833275820e-03, 2.056548673205022e-01, 1.554067007459397e-03, 2.075038017990663e-13, 1.526568799369482e+01, 6.268206775266995e+00, 1.270767937461050e+05, 5.797083293586028e+02
1353, 4.505081480210545e-02, 1.702416509669104e-03, 1.640057933360467e-01, 1.239338488685532e-03, 1.652172132772188e-13, 2.992685173892724e+01, 2.223163297193686e+00, 1.372769886037240e+05, 3.187874968527546e+02
1354, 4.351268419219738e-02, 1.741883435798703e-03, 1.865013921070167e-01, 1.409330418944854e-03, 1.878100973425334e-13, 3.351553582467208e+01, 2.464964123105046e+00, 1.341272655883509e+05, 1.520085303902223e+02
1355, 2.169444097405650e-02, 4.010764693268097e-03, 1.596020560678510e+00, 1.206060877087113e-02, 1.607445519619922e-12, 3.693723940406698e+01, -1.377846761916576e+01, -1.138406475529273e+05, 3.711884236625210e-04
1356, 3.359688089463823e-02, 2.880878379208104e-03, 1.535168324505955e+00, 1.160076819525994e-02, 1.546196495343085e-12, 4.067725045976200e+01, 6.258202982791516e-01, -1.084848698549035e+05, 3.571910934244935e-04
1357, 1.680050893502140e-02, 4.960862989635213e-03, 1.711181918888811e+00, 1.293084573467693e-02, 1.723413969800658e-12, 5.224529250015743e+01, -7.782641899546404e+00, -1.219793402999297e+05, 3.979726216045000e-04
1358, 1.659957488122901e-02, 4.743357219013864e-03, 1.715506022561293e+00, 1.296352158106852e-02, 1.727741391287808e-12, 5.316935203733316e+01, -6.036940763089627e+00, -1.223165027296888e+05, 3.989782454077244e-04
1359, 3.293082266421465e-02, 1.431274333199891e-03, 1.564898509555044e+00, 1.182542954323802e-02, 1.576063804586756e-12, 6.751444912418543e+01, 2.707828163016166e-01, -1.132991198883948e+05, 3.639496583424693e-04
1360, 5.153352445005208e-02, 4.210586499701312e-03, 2.132308672741496e-01, 1.611316377386083e-03, 2.152088230971866e-13, 1.137807841634997e+01, 7.884124088221849e+00, 1.258164364226162e+05, 1.069289625402134e+03
1361, 5.121589688789330e-02, 3.976298463171530e-03, 1.861212886456151e-01, 1.406458100596175e-03, 1.878943457189743e-13, 1.280912272096478e+01, 5.979943457671149e+00, 1.308832040907725e+05, 1.101332964724723e+03
1362, 5.517245145069465e-02, 4.102984924809483e-03, 1.686935495060032e-01, 1.274762338833779e-03, 1.716859289666223e-13, 7.178352546393959e+00, 5.514902804084991e+00, 1.353705129528227e+05, 2.058954051956077e+03
1363, 4.742261460231175e-02, 1.748764674907701e-03, 1.410352987220627e-01, 1.065757924851939e-03, 1.420409989182320e-13, 2.460073886999287e+01, 2.118758146758214e+00, 1.407576528906523e+05, 7.498986024130951e+02
1364, 3.731512342368900e-02, 1.481140688391077e-03, 4.918481761982371e-01, 3.716736847845977e-03, 4.952818720790085e-13, 4.432687614595009e+01, 2.096723895568877e+00, 8.618479562203138e+04, 1.326581052001486e-01
1365, 1.757617680459479e-02, 4.333864908356680e-03, 1.686474732277331e+00, 1.274414155373371e-02, 1.698569543646226e-12, 5.535227798362035e+01, -4.677210787282015e+00, -1.198981465157189e+05, 3.922264840672934e-04
1366, 2.563874968658135e-02, 3.270015609844966e-03, 1.574629071154680e+00, 1.189896023542658e-02, 1.585925787090411e-12, 3.312733786788822e+01, -7.306496519676084e+00, -1.119612400696909e+05, 3.662116984432882e-04
1367, 2.604259613803606e-02, 3.194241889849450e-03, 1.573652658792855e+00, 1.189158180448083e-02, 1.584918247409184e-12, 3.430947273098192e+01, -7.259619587576151e+00, -1.119600352486555e+05, 3.659843984553618e-04
1368, 2.522598338129505e-02, 3.311362697451393e-03, 1.575575407306649e+00, 1.190611139022742e-02, 1.586827817301759e-12, 3.234329983498150e+01, -7.548842993377428e+00, -1.120349087197694e+05, 3.664319607940150e-04
1369, 3.833139809425951e-02, 3.393775230405480e-03, 3.939625038986078e-01, 2.977046628957613e-03, 3.963172356036262e-13, 3.152511364101469e+01, 8.416161882504609e+00, 1.014407028192333e+05, 1.166364890331543e+00
1370, 3.794800361217079e-02, 3.112811102282610e-03, 4.027717891851242e-01, 3.043615535404145e-03, 4.057201176954790e-13, 3.531638920036622e+01, 5.137604890979588e+00, 1.010434856201889e+05, 8.051572182872379e-01
1371, 6.043223267244422e-02, 5.512670163857093e-04, 9.967491742616451e-02, 7.532109629178430e-04, 1.006519577084486e-13, 4.507291029720409e+00, 6.556517116385669e-01, 1.484751646836600e+05, 3.832354520694504e+03
1372, 5.421121017611571e-02, 4.379014984626074e-03, 2.089460450513111e-01, 1.578937368147593e-03, 2.092909444838157e-13, 8.485329767432942e+00, 7.219382262650301e+00, 1.265649849169365e+05, 1.625081672616780e+03
1373, 1.921471987409024e-02, 4.041089836061668e-03, 1.642586606942713e+00, 1.241249325145715e-02, 1.654232354369509e-12, 5.595621479948279e+01, -1.748499534970800e+01, -1.178415188548739e+05, 3.820188995583693e-04
1374, 1.904206733685952e-02, 3.944849208462112e-03, 1.635710908753725e+00, 1.236053583441187e-02, 1.647336556286243e-12, 4.717227647065106e+01, -1.478422915033727e+01, -1.164138474966893e+05, 3.804201926575610e-04
1375, 2.466463184508180e-02, 1.718268756343485e-03, 1.596327867916195e+00, 1.206293099181090e-02, 1.607713987971777e-12, 4.389380112549701e+01, -8.169132085381312e+00, -1.153932052652286e+05, 3.712561611319839e-04
1376, 1.845929216950527e-02, 4.212511750765688e-03, 1.663247605717715e+00, 1.256862170567617e-02, 1.675161678222660e-12, 5.936123155689822e+01, -1.015391264713649e+01, -1.188889934796949e+05, 3.868242959681964e-04
1377, 2.121656382782137e-02, 3.063621840482018e-03, 1.605015773595003e+00, 1.212858267200339e-02, 1.616450529453883e-12, 3.807833343031641e+01, -2.150203288172871e+01, -1.155571156724695e+05, 3.732800955111084e-04
1378, 2.109957362677114e-02, 2.908684211207225e-03, 1.593776771190207e+00, 1.204365318279827e-02, 1.605222174367804e-12, 3.126530383545339e+01, -2.035596044150742e+01, -1.137325293718395e+05, 3.706667433481233e-04
1379, 5.245896470560041e-02, 3.890370265462658e-03, 1.663070538099891e-01, 1.256728366322321e-03, 1.676220267048341e-13, 1.140014753694956e+01, 5.172590637594142e+00, 1.346230874161808e+05, 1.449333583685727e+03
1380, 4.162797106882245e-02, 1.311351578237021e-03, 2.260054213473262e-01, 1.707849531591864e-03, 2.277504255043942e-13, 4.013359503424148e+01, 1.706383985050446e+00, 1.287969711671221e+05, 4.543880287154502e+01
1381, 4.137320662955701e-02, 1.314058746836327e-03, 2.324058249187810e-01, 1.756215301653358e-03, 2.341127234672739e-13, 4.062524262344419e+01, 1.684433864585585e+00, 1.278931435184645e+05, 3.775896876999725e+01
1382, 5.085194381822106e-02, 1.858157988450403e-03, 1.203272088236084e-01, 9.092736183144377e-04, 1.212539138816297e-13, 1.785380514031405e+01, 1.838405542208452e+00, 1.441829762859193e+05, 1.735933037989270e+03
1383, 3.415849379339870e-02, 1.669281694705594e-03, 1.557513559332878e+00, 1.176962387405285e-02, 1.568661889493809e-12, 6.371826681996411e+01, 2.978758073042131e+00, -1.120686323629067e+05, 3.622779721376769e-04
1384, 3.394847933826257e-02, 1.377423462134263e-03, 1.562423251468681e+00, 1.180672482218238e-02, 1.573571875945531e-12, 6.784604767489296e+01, 2.321792709493254e+00, -1.130842065336937e+05, 3.633785937205534e-04
1385, 1.794377167487625e-02, 4.238204247010726e-03, 1.672392931731117e+00, 1.263772996270450e-02, 1.684292917639050e-12, 5.216365974539742e+01, -6.783684058661533e+00, -1.188566240472684e+05, 3.889515079385354e-04
1386, 2.747424836167162e-02, 1.599495496079056e-03, 1.587143797827673e+00, 1.199352995839642e-02, 1.598450394427973e-12, 5.779399301724641e+01, -5.457974952319154e+00, -1.148423320895516e+05, 3.691203900263591e-04
1387, 2.054132917425625e-02, 3.489312489794282e-03, 1.615640746367122e+00, 1.220887213879524e-02, 1.627126959724301e-12, 4.661112969387013e+01, -2.078762239790535e+01, -1.164097754569689e+05, 3.757515698645617e-04
1388, 2.047525648496866e-02, 3.309270412866524e-03, 1.603454504477730e+00, 1.211678466859822e-02, 1.614925437735187e-12, 3.799758490721804e+01, -1.853818463192908e+01, -1.144300607145788e+05, 3.729178641647775e-04
1389, 2.033560220096799e-02, 3.299612572090003e-03, 1.599158262423985e+00, 1.208431936340619e-02, 1.610606285654789e-12, 3.239994642933470e+01, -1.478759939339656e+01, -1.135293636506178e+05, 3.719190005839603e-04
1390, 4.323885066214057e-02, 1.381159711180356e-03, 1.903123942756185e-01, 1.438128923997262e-03, 1.916460299294434e-13, 3.592214298088034e+01, 1.811233915727865e+00, 1.339011601271511e+05, 1.313379740768484e+02
1391, 4.365893171304703e-02, 1.357989127214413e-03, 1.835778536521832e-01, 1.387238188807501e-03, 1.849257952272924e-13, 3.505333698936951e+01, 1.821649734818119e+00, 1.348275078877915e+05, 1.635739629459108e+02
1392, 7.862335538137180e-02, 7.780644969332150e-04, 1.282424608197094e+00, 9.690866056905461e-03, 1.291901908072484e-12, -2.544379383851537e+01, -2.159376275263958e-01, -7.663479372767980e+04, 3.076994988349894e-04
1393, 3.138613813444406e-02, 1.498294278528847e-03, 1.568464683435612e+00, 1.185237796047150e-02, 1.579663726937589e-12, 6.917480771766002e+01, 3.390582205152380e-01, -1.134846483256003e+05, 3.647800443887813e-04
1394, 2.552373712508915e-02, 1.917198887413893e-03, 1.595137907549266e+00, 1.205393884798018e-02, 1.606534982077555e-12, 4.741230867983496e+01, -7.360455031604530e+00, -1.155959493839097e+05, 3.709787592081128e-04
1395, 3.216497698573959e-02, 1.506371596082230e-03, 1.566161089966217e+00, 1.183497045314609e-02, 1.577361774350267e-12, 6.802911145799766e+01, 8.661761114184050e-01, -1.133562298163513e+05, 3.642437209906818e-04
1396, 3.196970474622445e-02, 1.301874250700946e-03, 1.567906955935008e+00, 1.184816339497576e-02, 1.579113014743999e-12, 7.274229471066002e+01, 7.660653560230184e-01, -1.133582372207139e+05, 3.646498218588132e-04
1397, 5.586411043703093e-02, 2.078711321047640e-03, 1.051392218941097e-01, 7.945029362277211e-04, 1.057825461636336e-13, 9.717365433249155e+00, 1.822404257125390e+00, 1.476078329602187e+05, 3.308024808052186e+03
1398, 4.232169921065397e-02, 1.776311597646615e-03, 2.089672928881182e-01, 1.579097931144600e-03, 2.104467285204458e-13, 3.637668693689180e+01, 2.491472190220486e+00, 1.308138608201249e+05, 7.597728784961804e+01
1399, 4.240031737468069e-02, 1.475855253463228e-03, 2.067004394341942e-01, 1.561968056177872e-03, 2.082019270303666e-13, 3.737412192031435e+01, 2.000267006557096e+00, 1.313062642636205e+05, 7.970185374363682e+01
1400, 5.504381453162259e-02, 4.506579913548322e-03, 2.215268791416054e-01, 1.674006643389685e-03, 2.214748175034303e-13, 6.610474456045805e+00, 8.544070364284009e+00, 1.248763246324732e+05, 1.740206474527478e+03
1401, 2.197370233586673e-02, 1.487330187114587e-03, 1.570803246037870e+00, 1.187004971817102e-02, 1.582122149312562e-12, 7.709833814091716e+00, -9.203535229423446e+00, -1.107861900411960e+05, 3.653245165536653e-04
1402, 1.498229517419051e-02, 5.138503479010358e-03, 1.752806342612875e+00, 1.324538797944321e-02, 1.765296636487879e-12, 4.360182093902826e+01, -4.590360239329827e+00, -1.244671704029074e+05, 4.076537253571425e-04
1403, 1.531079328305532e-02, 5.002032505159648e-03, 1.747020072113993e+00, 1.320166301345667e-02, 1.759496398778797e-12, 4.576545208121941e+01, -5.070814403045690e+00, -1.241713896495383e+05, 4.063078720578801e-04
1404, 1.458327550270669e-02, 5.280288119267893e-03, 1.758658604694935e+00, 1.328961162238069e-02, 1.771179083703058e-12, 3.918457939214589e+01, -4.173797326892791e+00, -1.244563641873254e+05, 4.090150266649779e-04
1405, 1.427780205011473e-02, 5.195556998504778e-03, 1.764188368838015e+00, 1.333139825318477e-02, 1.776789847037374e-12, 3.959018609323513e+01, -2.926206958717228e+00, -1.249953617421731e+05, 4.103010448331089e-04
1406, 1.999729555778767e-02, 3.729951384931428e-03, 1.624586891252689e+00, 1.227647524876173e-02, 1.636144870276570e-12, 5.073571198639271e+01, -1.940100921617294e+01, -1.167208897404529e+05, 3.778324793239027e-04
1407, 1.979814842635005e-02, 3.678473812779712e-03, 1.619709430007495e+00, 1.223961785899964e-02, 1.631170525116492e-12, 4.455555394856984e+01, -1.679424944706744e+01, -1.155898445558762e+05, 3.766984867762727e-04
1408, 5.316493961260050e-02, 1.313252044908297e-03, 1.078424412381725e-01, 8.149302864344466e-04, 1.087752736893535e-13, 1.545450725543610e+01, 1.261312894362148e+00, 1.470495505285165e+05, 2.655499972154112e+03
1409, 1.811608587678801e-02, 4.178637164113099e-03, 1.663864154375846e+00, 1.257328076354627e-02, 1.675707924957547e-12, 4.961385854130854e+01, -7.175706127625971e+00, -1.180095455668978e+05, 3.869680015628046e-04
1410, 5.046691780961319e-02, 1.943568650995871e-03, 1.229981149612689e-01, 9.294567881204599e-04, 1.239250824012720e-13, 1.833743837726848e+01, 1.969611668904281e+00, 1.436568756481287e+05, 1.591174785738545e+03
1411, 5.059901358766359e-02, 1.636587563912912e-03, 1.201549458610062e-01, 9.079718830806924e-04, 1.210575594190013e-13, 1.905512567989815e+01, 1.541240897475822e+00, 1.443548561877784e+05, 1.692082051324433e+03
1412, 5.087361892119124e-02, 1.517869442552949e-03, 1.180280330144086e-01, 8.918994938116875e-04, 1.189213119432924e-13, 1.895208435971599e+01, 1.448922288331050e+00, 1.447649366066127e+05, 1.803957618009174e+03
1413, 5.236764344774139e-02, 4.282787527123942e-03, 2.130702472700300e-01, 1.610102624207329e-03, 2.143358234809211e-13, 1.009112347046027e+01, 7.673052754393291e+00, 1.261955858774567e+05, 1.221771229994907e+03
1414, 5.268827564452067e-02, 4.263259396476546e-03, 2.079450649568122e-01, 1.571373286827470e-03, 2.094257954047487e-13, 9.999271709759041e+00, 7.583273128883089e+00, 1.272718170807961e+05, 1.316578064753939e+03
1415, 3.563420626361711e-02, 1.594393787849716e-03, 1.066031216007537e+00, 8.055651506352464e-03, 1.075660557324180e-12, 2.340248347015575e+01, 1.167595561000394e+01, -1.581371873955210e+04, 2.836169457161521e-04
1416, 3.529990310322172e-02, 1.591861519909735e-03, 1.327682201332800e+00, 1.003286298236351e-02, 1.338138652547621e-12, 1.347267433658703e+01, 1.769497570916066e+01, -6.696984410600648e+04, 3.070795442708525e-04
1417, 3.548697770817014e-02, 1.349008640568898e-03, 1.112521005183728e+00, 8.406959736905957e-03, 1.120241747758522e-12, 2.134669379093888e+01, 1.426745029076126e+01, -2.255407764143158e+04, 2.698194204696623e-04
1418, 3.573582462221431e-02, 1.332071977252437e-03, 9.391198411727196e-01, 7.096623484932127e-03, 9.467391164278570e-13, 3.286080564020899e+01, 8.620294409879158e+00, 8.073320341925714e+03, 3.496280055918556e-04
1419, 5.178369161747472e-02, 4.413823661950070e-03, 2.482638242853789e-01, 1.876049050015420e-03, 2.502159581976583e-13, 9.731750552147275e+00, 9.557014011941597e+00, 1.194954965137022e+05, 1.012472561017765e+03
1420, 3.338605867799092e-02, 1.707445739539586e-03, 1.560676303357576e+00, 1.179352370295491e-02, 1.571796257413921e-12, 6.130889507932813e+01, 2.386387798580573e-01, -1.129010649011178e+05, 3.629707647546283e-04
1421, 3.353680818424336e-02, 1.456061416516176e-03, 1.563469080261586e+00, 1.181462781054187e-02, 1.574619295351757e-12, 6.626701919185578e+01, 1.015207054828539e+00, -1.132574461851954e+05, 3.636194289053551e-04
1422, 2.236866906464909e-02, 1.165951079195281e-03, 1.571656360521454e+00, 1.187649642711509e-02, 1.582903991019386e-12, 1.085027948216913e+01, -8.287251616051799e+00, -1.107172450696687e+05, 3.655225457950642e-04
1423, 1.523689092008872e-02, 5.338641663029903e-03, 1.745745694164488e+00, 1.319203295338482e-02, 1.758216776935985e-12, 3.888944904725592e+01, -5.425294628868727e+00, -1.235564228036217e+05, 4.060117947390862e-04
1424, 4.468474373103067e-02, 1.668476295857272e-03, 1.682558279397130e-01, 1.271454619191853e-03, 1.694816180673577e-13, 3.100446677776809e+01, 2.069386907976186e+00, 1.366727182354910e+05, 2.735807492466986e+02
1425, 4.484349810123562e-02, 1.373896950865143e-03, 1.655807763730554e-01, 1.251240123725985e-03, 1.667425110594951e-13, 3.176784050426415e+01, 1.662208313279725e+00, 1.372870030788910e+05, 2.960660632631109e+02
1426, 4.450459910658219e-02, 1.351751817134705e-03, 1.700103066763384e-01, 1.284712644909460e-03, 1.712172364790035e-13, 3.276660293845050e+01, 1.655252096738216e+00, 1.366123308343812e+05, 2.542588296299403e+02
1427, 2.185752971709037e-02, 1.832331164334875e-03, 1.573692810767262e+00, 1.189188521990440e-02, 1.585071528653307e-12, 1.280204106889995e+01, -1.257623624273348e+01, -1.111285974403208e+05, 3.659962018786609e-04
1428, 2.094488152762783e-02, 2.895986518534292e-03, 1.588143518686113e+00, 1.200108452407711e-02, 1.599586537430328e-12, 2.695862532241225e+01, -1.807208624847776e+01, -1.127785893939579e+05, 3.693570094967040e-04
1429, 5.385023536874516e-02, 4.081682804394153e-03, 1.736558125573655e-01, 1.312260548292960e-03, 1.745798051006986e-13, 9.474980495060599e+00, 5.366140063914534e+00, 1.333876327803889e+05, 1.716682917699733e+03
1430, 2.721642541943771e-02, 1.315826274261753e-03, 1.587143857338914e+00, 1.199353040810351e-02, 1.598471640806565e-12, 5.895169197273501e+01, -4.420235452644104e+00, -1.145373869954399e+05, 3.691189729983842e-04
1431, 2.412984770160939e-02, 3.295323878833471e-03, 1.585306837154190e+00, 1.197964864348337e-02, 1.596632075650248e-12, 3.434666628264090e+01, -9.482294997932218e+00, -1.134553288422223e+05, 3.686950708112693e-04
1432, 5.718355130860475e-02, 2.129327474717741e-03, 1.031903952847171e-01, 7.797762867862153e-04, 1.039887349164921e-13, 7.750015146503540e+00, 1.866375292489049e+00, 1.480986063280592e+05, 3.583789657043453e+03
1433, 5.724390620071333e-02, 1.699627506136482e-03, 9.961971997815505e-02, 7.527938537391571e-04, 1.003894646919541e-13, 8.168598777830155e+00, 1.544005793914116e+00, 1.489447515352594e+05, 3.754098733095230e+03
1434, 1.834051537153231e-02, 4.135473537786981e-03, 1.659004299010101e+00, 1.253655641569430e-02, 1.670819638020263e-12, 5.040487673555776e+01, -7.389221317053916e+00, -1.178577494060424e+05, 3.858376909942332e-04
1435, 2.207989627187697e-02, 1.256627677885241e-03, 1.569740407209120e+00, 1.186201819049792e-02, 1.581004954809436e-12, 6.280308646202538e+00, -7.041444408236428e+00, -1.106453900916796e+05, 3.650774491798975e-04
1436, 2.210711111412825e-02, 1.115654173664731e-03, 1.569366276882774e+00, 1.185919100919058e-02, 1.580601052566959e-12, 4.962156105412708e+00, -5.516819297133760e+00, -1.106019582070931e+05, 3.649905858802508e-04
1437, 3.823708559900994e-02, 1.538213994783650e-03, 3.876957452784154e-01, 2.929690770365908e-03, 3.906118254610236e-13, 4.544402547354168e+01, 1.564099955070210e+00, 1.029181665724608e+05, 9.973203436602099e-01
1438, 3.849312562884424e-02, 1.441634730406743e-03, 3.650332820478618e-01, 2.758437899606227e-03, 3.676372826920882e-13, 4.534176692205924e+01, 1.485700772864546e+00, 1.068116113251224e+05, 1.560382395049595e+00
1439, 3.874611317510283e-02, 1.684517760223776e-03, 3.480577184412497e-01, 2.630159081420236e-03, 3.505401296291880e-13, 4.381563896744618e+01, 1.851450093466237e+00, 1.096611042212734e+05, 2.420643710408587e+00
1440, 3.801727369888574e-02, 1.329579420143409e-03, 4.084423569764880e-01, 3.086466173626000e-03, 4.114674134002974e-13, 4.685999622919010e+01, 1.347662357941326e+00, 9.953364712443571e+04, 5.963173269216322e-01
1441, 3.878257006475011e-02, 1.373083486731761e-03, 3.440128286957651e-01, 2.599593163948158e-03, 3.463862289137953e-13, 4.516077942183726e+01, 1.503672700261602e+00, 1.105171420096212e+05, 2.424730867266031e+00
1442, 3.903063563653887e-02, 1.551086459830799e-03, 3.299981442144013e-01, 2.493688747212281e-03, 3.323678089086074e-13, 4.412582309811406e+01, 1.771745937572870e+00, 1.127450782709970e+05, 3.490417178371764e+00
1443, 2.874038402317724e-02, 1.492430753895116e-03, 1.581129985937948e+00, 1.194808553605591e-02, 1.592416113485141e-12, 6.731821943735487e+01, -6.432628903230984e+00, -1.142761772047928e+05, 3.677285118956893e-04
1444, 2.840507740844026e-02, 1.618096584929258e-03, 1.581937351905978e+00, 1.195418653833321e-02, 1.593231227222418e-12, 6.384265700347346e+01, -6.907512930640863e+00, -1.143026520054372e+05, 3.679173850424825e-04
1445, 2.856061627509854e-02, 1.270557633032360e-03, 1.581315300768046e+00, 1.194948590001133e-02, 1.592596643063190e-12, 6.888929606174706e+01, -5.449473640665794e+00, -1.140361387603319e+05, 3.677718281893414e-04
1446, 2.823855460470567e-02, 1.297429282646994e-03, 1.582269889460290e+00, 1.195669941657739e-02, 1.593558020846288e-12, 6.604012521461111e+01, -5.002713640298168e+00, -1.141313638497116e+05, 3.679946578616647e-04
1447, 4.032520394957672e-02, 1.873228007945309e-03, 2.660548668052172e-01, 2.010490177369526e-03, 2.679981655112101e-13, 4.049884669356460e+01, 2.376033470173933e+00, 1.224484180346110e+05, 1.621045296851064e+01
1448, 4.006112983382514e-02, 1.579196595004957e-03, 2.774013306768501e-01, 2.096231717961312e-03, 2.793488051465070e-13, 4.259961129626895e+01, 1.917222143126929e+00, 1.207231098376933e+05, 1.182841226280927e+01
1449, 2.225503016946287e-02, 1.066503999585440e-03, 1.569858490043878e+00, 1.186291050411077e-02, 1.581079338615942e-12, 6.975500211270726e+00, -6.555719099082288e+00, -1.105661506637610e+05, 3.651048099213412e-04
1450, 2.102392832657673e-02, 2.783644586139866e-03, 1.584948527165850e+00, 1.197694101132950e-02, 1.596398688500132e-12, 2.385487292582573e+01, -1.719702339533503e+01, -1.123697050325385e+05, 3.686140570084984e-04
1451, 2.116342592801624e-02, 2.769925538724974e-03, 1.588683436669135e+00, 1.200516450883540e-02, 1.600186181206455e-12, 2.758858577502982e+01, -1.919480689066173e+01, -1.129832763109388e+05, 3.694823507217976e-04
1452, 1.694927275466276e-02, 4.438326717641479e-03, 1.702829943400588e+00, 1.286773256977853e-02, 1.714984500969454e-12, 5.067973944504619e+01, -4.070139251090480e+00, -1.209434557955917e+05, 3.960302938570094e-04
1453, 5.758325780615824e-02, 1.923703566041916e-03, 1.008221464986326e-01, 7.618802002415061e-04, 1.015927035792457e-13, 7.486717679403306e+00, 1.723981832581500e+00, 1.486464985329483e+05, 3.724536345729488e+03
1454, 5.759221753467289e-02, 1.523328531533867e-03, 9.812010418582619e-02, 7.414617444771854e-04, 9.890515126117667e-14, 7.873164502572512e+00, 1.467485810258139e+00, 1.493674953411797e+05, 3.863768238283367e+03
1455, 5.788262131801489e-02, 1.748902105619331e-03, 9.926027664694016e-02, 7.500776572816330e-04, 1.000037604350788e-13, 7.288937254952012e+00, 1.633914149856077e+00, 1.490592938425755e+05, 3.822031025328191e+03
1456, 5.788436946037314e-02, 1.429281332472201e-03, 9.730921580290400e-02, 7.353341244551159e-04, 9.807691829979339e-14, 7.496129062659310e+00, 1.409594451739149e+00, 1.495820713873807e+05, 3.925519762821119e+03
1457, 5.812108826500165e-02, 1.606620695906559e-03, 9.817270071357591e-02, 7.418591993468957e-04, 9.890377068333390e-14, 7.042808525136748e+00, 1.485757735315677e+00, 1.493301919076882e+05, 3.888731626044739e+03
1458, 5.810607876391525e-02, 1.333847192079738e-03, 9.666733634768110e-02, 7.304836499824159e-04, 9.741735904036372e-14, 7.225144629041170e+00, 1.291774218862934e+00, 1.497344275728547e+05, 3.970281622180903e+03
1459, 5.833380104141500e-02, 1.481945292313588e-03, 9.739812731009850e-02, 7.360059998243924e-04, 9.812616880363300e-14, 6.784046229071231e+00, 1.320076958601672e+00, 1.495216580285778e+05, 3.937800466090777e+03
1460, 5.833789752946770e-02, 1.751139894717227e-03, 9.912351674335629e-02, 7.490442071286233e-04, 9.985002424572446e-14, 6.537457183481600e+00, 1.543708587164493e+00, 1.490853416273946e+05, 3.849025994838259e+03
1461, 5.793680244523473e-02, 1.229614049329242e-03, 9.627921920020119e-02, 7.275507748125435e-04, 9.702754834891245e-14, 7.616215852865648e+00, 1.219524964401719e+00, 1.498480009567815e+05, 3.984606499884082e+03
1462, 5.815827144612105e-02, 1.154706451016194e-03, 9.581891288342045e-02, 7.240723895472083e-04, 9.655608128076165e-14, 7.300031228501977e+00, 1.111918734480793e+00, 1.499455652755461e+05, 4.019436017439532e+03
1463, 5.770699976815333e-02, 1.320118852745439e-03, 9.690173110033368e-02, 7.322548949646776e-04, 9.765744554426562e-14, 7.924912376240766e+00, 1.304583396916690e+00, 1.496608911903594e+05, 3.935915197013981e+03
1464, 5.732574984840930e-02, 1.342174061203652e-03, 9.749403519812012e-02, 7.367307445700865e-04, 9.828012831641138e-14, 8.486834664152997e+00, 1.263150952233245e+00, 1.495389982408335e+05, 3.876139094310630e+03
1465, 5.858592594202444e-02, 1.617555151453844e-03, 9.831480162155996e-02, 7.429330097347189e-04, 9.901990037460742e-14, 6.283316559226579e+00, 1.378351040173409e+00, 1.492519502998497e+05, 3.896202571131514e+03
1466, 5.855699516284056e-02, 1.328405400644332e-03, 9.663259159737501e-02, 7.302210951942603e-04, 9.733974445901703e-14, 6.539791977923576e+00, 1.139838925847325e+00, 1.496767021783793e+05, 3.984397712536888e+03
1467, 5.883128876215356e-02, 1.459467844964147e-03, 9.759756050501589e-02, 7.375130516752287e-04, 9.827273561519940e-14, 6.057461217298468e+00, 1.148708650269798e+00, 1.493971773418424e+05, 3.937963720018206e+03
1468, 5.698885578480874e-02, 1.473044845763472e-03, 9.862384052216200e-02, 7.452683162883997e-04, 9.934018224429105e-14, 8.875033031263650e+00, 1.275140398463497e+00, 1.492043086624329e+05, 3.778470694277315e+03
1469, 6.081235228206686e-02, 1.057125526341660e-03, 1.049466805043732e-01, 7.930479635089293e-04, 1.058958199539311e-13, 3.984437907879409e+00, 9.976531370240181e-01, 1.472291987314851e+05, 3.604188620044343e+03
1470, 1.746748919871948e-02, 4.240753920037242e-03, 1.684322535145109e+00, 1.272787809933401e-02, 1.696426988397563e-12, 4.634747335656792e+01, -2.970391016960506e+00, -1.192095425524313e+05, 3.917262015162271e-04
1471, 1.732748223847267e-02, 4.267174850338368e-03, 1.688635631357361e+00, 1.276047076592541e-02, 1.700717550243480e-12, 4.662107422857456e+01, -2.206863978331214e+00, -1.195154419298247e+05, 3.927292976078450e-04
1472, 1.725203302962786e-02, 4.408055382459034e-03, 1.695208688301116e+00, 1.281014122141981e-02, 1.707307969748150e-12, 5.416519511677499e+01, -4.424052275452956e+00, -1.204314256638231e+05, 3.942577526486148e-04
1473, 1.718701848909859e-02, 4.276271617460538e-03, 1.691993574092239e+00, 1.278584564805297e-02, 1.704078996278930e-12, 4.547759169261395e+01, -2.348636229031889e+00, -1.196836927799990e+05, 3.935102850504700e-04
1474, 3.657598659839153e-02, 1.537256474320625e-03, 6.209764520990256e-01, 4.692517270270907e-03, 6.246626834051090e-13, 4.193548297513013e+01, 2.622289722315954e+00, 6.226320795426295e+04, 1.472213667482656e-02
1475, 1.882744127336899e-02, 4.642989581203903e-03, 1.653506804859059e+00, 1.249501363873425e-02, 1.665303716034291e-12, 5.642041218398710e+01, -1.368662952138174e+01, -1.180557544437338e+05, 3.845587377602132e-04
1476, 3.058579242321915e-02, 1.480899947682807e-03, 1.570511545319262e+00, 1.186784543062498e-02, 1.581763142471240e-12, 7.168709343975760e+01, -9.421769621876814e-01, -1.135199683214072e+05, 3.652567059665457e-04
1477, 1.884020347636622e-02, 4.069206786436868e-03, 1.645648320036475e+00, 1.243562962244268e-02, 1.657385717666710e-12, 5.347529338477586e+01, -1.379659382627250e+01, -1.174015007196582e+05, 3.827312236445954e-04
1478, 2.426500161516284e-02, 1.467764123313180e-03, 1.592099615124068e+00, 1.203097945937668e-02, 1.603477333320945e-12, 4.066962857393001e+01, -8.936949062250999e+00, -1.144033784202630e+05, 3.702734417306239e-04
1479, 2.415775868116063e-02, 1.274665893844601e-03, 1.587720313714040e+00, 1.199788650161828e-02, 1.599067641963122e-12, 3.874212138948963e+01, -8.735202484615716e+00, -1.135244606272074e+05, 3.692553923061130e-04
1480, 2.423368386684519e-02, 1.102832577600294e-03, 1.584387378345884e+00, 1.197270059203526e-02, 1.595689961563669e-12, 3.825420002896023e+01, -7.784396915845335e+00, -1.129178045962174e+05, 3.684805191010626e-04
1481, 2.406082108047631e-02, 1.132193640865967e-03, 1.584054650165811e+00, 1.197018627329417e-02, 1.595345359619142e-12, 3.627807186606011e+01, -8.346481059930474e+00, -1.128469318587855e+05, 3.684033035658062e-04
1482, 2.397460959605026e-02, 1.276086484778685e-03, 1.586643914391236e+00, 1.198975250169788e-02, 1.597951801581268e-12, 3.636040301383130e+01, -9.326066829788891e+00, -1.133249329280038e+05, 3.690053000438524e-04
1483, 2.391331791743023e-02, 1.134448372189833e-03, 1.583422821410996e+00, 1.196541174869861e-02, 1.594688800242263e-12, 3.406047589029820e+01, -8.808270828983787e+00, -1.127339953154028e+05, 3.682565653720197e-04
1484, 1.745844595172566e-02, 4.968567217216864e-03, 1.691243768841155e+00, 1.278017961341001e-02, 1.703320303498675e-12, 4.924016530919641e+01, -9.184690233368322e+00, -1.202895995248479e+05, 3.933356189574597e-04
1485, 4.599352581477469e-02, 3.851390220578434e-03, 2.273043639286915e-01, 1.717665218607461e-03, 2.269556666930073e-13, 1.920981626719092e+01, 7.973333256349954e+00, 1.236708273453660e+05, 2.397933055508360e+02
1486, 4.554417448298471e-02, 3.862222354767726e-03, 2.375816708708536e-01, 1.795327487690462e-03, 2.382699012422647e-13, 1.973084497602521e+01, 8.118472503929162e+00, 1.216676352970572e+05, 1.969698803482653e+02
1487, 4.644080381882807e-02, 3.833165124766672e-03, 2.192151695508689e-01, 1.656537805172106e-03, 2.195351749793176e-13, 1.855396330486288e+01, 7.654233101420028e+00, 1.253729122690967e+05, 2.901863067061545e+02
1488, 4.669676461825036e-02, 3.499985955589306e-03, 1.845624751563886e-01, 1.394678653576058e-03, 1.849690652119459e-13, 2.017551900836366e+01, 5.495914171040329e+00, 1.316744374180085e+05, 3.816539951720850e+02
1489, 4.687773125615903e-02, 3.917690078575588e-03, 2.228547966738392e-01, 1.684041284690818e-03, 2.232546362360559e-13, 1.716493377755186e+01, 7.797140170334985e+00, 1.243354344879738e+05, 3.234740913521193e+02
1490, 4.711288738913025e-02, 1.461060952155938e-03, 1.420187689983505e-01, 1.073189690163955e-03, 1.430123975528764e-13, 2.596751976326173e+01, 1.787790713094046e+00, 1.407012623601953e+05, 6.999175203023279e+02
1491, 4.671050423652445e-02, 1.510624020729316e-03, 1.455281946633039e-01, 1.099709279571717e-03, 1.464948353884060e-13, 2.665069566829120e+01, 1.775886202392235e+00, 1.400740649025709e+05, 6.138742969673065e+02
1492, 4.654209396272659e-02, 1.823185928975283e-03, 1.483667625644383e-01, 1.121159414844847e-03, 1.492851699006214e-13, 2.617614910976767e+01, 2.245916709650372e+00, 1.393610897128857e+05, 5.648875010852028e+02
1493, 4.743876946664345e-02, 1.419497805153432e-03, 1.393924270908131e-01, 1.053343277764397e-03, 1.403960550716162e-13, 2.570933089374034e+01, 1.748129055119879e+00, 1.411671299196939e+05, 7.730296727992660e+02
1494, 2.237663401334393e-02, 1.019197943227331e-03, 1.570388341547019e+00, 1.186691441975164e-02, 1.581606943330214e-12, 8.667298942018473e+00, -6.820769849474813e+00, -1.105408799533008e+05, 3.652278633098860e-04
1495, 2.433176709219952e-02, 3.613485397896792e-03, 1.574564772940255e+00, 1.189847435471302e-02, 1.585862209524973e-12, 2.799677820136837e+01, -7.120839102286352e+00, -1.115960881919601e+05, 3.661978602789271e-04
1496, 2.400407030053936e-02, 3.639793356045045e-03, 1.576081694880601e+00, 1.190993724091219e-02, 1.587333876699453e-12, 2.801249509885795e+01, -7.582598844521929e+00, -1.117694015388100e+05, 3.665507125402282e-04
1497, 5.777587339272999e-02, 3.929663446773703e-03, 1.432234613621168e-01, 1.082293158908156e-03, 1.438388519368350e-13, 5.155772875982976e+00, 4.200226487898884e+00, 1.396012671223695e+05, 2.655624176995245e+03
1498, 5.710471529819999e-02, 4.087314186902880e-03, 1.544739336355943e-01, 1.167309322182787e-03, 1.558882657532209e-13, 5.429616765045611e+00, 4.648047535863091e+00, 1.376298860891010e+05, 2.468288733855350e+03
1499, 5.776716228914165e-02, 4.429550948516007e-03, 1.838523865758233e-01, 1.389312744907933e-03, 1.833075506641169e-13, 4.704159395927712e+00, 6.122106709986397e+00, 1.322283055198771e+05, 2.321220480729954e+03
1500, 5.808708599293225e-02, 4.706063396133780e-03, 2.252038678100820e-01, 1.701792451969580e-03, 2.237037672944789e-13, 4.038941510598051e+00, 8.395688405897932e+00, 1.243084410783143e+05, 2.124549644869034e+03
1501, 5.773497639832027e-02, 4.797531345667346e-03, 2.584932186630877e-01, 1.953349259423458e-03, 2.569018932522363e-13, 3.954438068952791e+00, 1.029582381051570e+01, 1.188644172323670e+05, 2.027533343322754e+03
1502, 5.742140901462676e-02, 4.627209860680113e-03, 2.174977078257871e-01, 1.643559504984476e-03, 2.163046329066743e-13, 4.677215170539180e+00, 7.775576280909828e+00, 1.259342029223906e+05, 2.132623809266820e+03
1503, 2.018344772666401e-02, 3.422145452778204e-03, 1.604985040848763e+00, 1.212835043462614e-02, 1.616505652483215e-12, 3.683256668991602e+01, -1.700993578255890e+01, -1.140898356392487e+05, 3.732740692132363e-04
1504, 4.529708516003823e-02, 3.503199608540681e-03, 2.014733708673333e-01, 1.522468797486940e-03, 2.023099540679128e-13, 2.249610161192199e+01, 5.919847031616740e+00, 1.287397242316042e+05, 2.210579094317483e+02
1505, 4.514955513407097e-02, 3.876640334244939e-03, 2.485561331373367e-01, 1.878257933028963e-03, 2.494652896283051e-13, 1.991516133660094e+01, 8.146027488021968e+00, 1.196892385642803e+05, 1.622649818349061e+02
1506, 4.494057060963969e-02, 3.577602040076729e-03, 2.134949416145331e-01, 1.613311901369593e-03, 2.147779637298790e-13, 2.236760187620689e+01, 6.597023277242038e+00, 1.268325966650170e+05, 1.805589664688446e+02
1507, 4.483173745440557e-02, 3.919019899281730e-03, 2.678287785848676e-01, 2.023895052279535e-03, 2.690728546900900e-13, 1.918969730064694e+01, 9.977118437066414e+00, 1.169470463640190e+05, 1.349997017741297e+02
1508, 4.452155665412659e-02, 3.670352823008767e-03, 2.291369660494391e-01, 1.731513597351640e-03, 2.302621368507550e-13, 2.188451178442122e+01, 7.714092125037262e+00, 1.242206285648833e+05, 1.404546156934733e+02
1509, 3.941139609945429e-02, 1.974370510458177e-03, 3.072003456457543e-01, 2.321413191277978e-03, 3.093677444704638e-13, 4.148302458675062e+01, 2.390029822894718e+00, 1.161696520268364e+05, 6.194987429522487e+00
1510, 3.958258707981603e-02, 1.659169444925891e-03, 2.990499487333198e-01, 2.259823290176440e-03, 3.011605782787893e-13, 4.283301026162560e+01, 1.994439464162213e+00, 1.174548733183736e+05, 7.134317151863217e+00
1511, 1.958877784692838e-02, 3.839942714497978e-03, 1.630787158093163e+00, 1.232332865057880e-02, 1.642487060317828e-12, 5.217388010256268e+01, -1.738406942815350e+01, -1.166986483588725e+05, 3.792747017211860e-04
1512, 3.860341670237494e-02, 1.188661500526760e-03, 3.557983641569282e-01, 2.688652625871117e-03, 3.584066387014822e-13, 4.629050176790759e+01, 1.260734222195659e+00, 1.085190974475375e+05, 1.783582482062912e+00
1513, 5.841636908582311e-02, 2.339687350018061e-03, 1.047286655299826e-01, 7.914004951886961e-04, 1.055388987188710e-13, 5.790498295320887e+00, 2.137660760121596e+00, 1.478357710658285e+05, 3.611729890686428e+03
1514, 2.658502881246903e-02, 1.579840342087942e-03, 1.590173066558209e+00, 1.201642115787149e-02, 1.601503457414414e-12, 5.493638838357126e+01, -5.606528648680090e+00, -1.150008145704945e+05, 3.698234045202235e-04
1515, 5.453188755641048e-02, 4.590152660137665e-03, 2.540765816639516e-01, 1.919974168748352e-03, 2.536629864401363e-13, 6.671395801584991e+00, 1.010477445618834e+01, 1.191895285246774e+05, 1.558904322945056e+03
1516, 2.205996650191969e-02, 4.070315311576853e-03, 1.587464295000868e+00, 1.199595185139268e-02, 1.598860633441999e-12, 3.215422749800211e+01, -1.085182494872443e+01, -1.125897261263986e+05, 3.691987788450122e-04
1517, 2.184393259688625e-02, 4.271289966518264e-03, 1.582254479571347e+00, 1.195658296905384e-02, 1.593531616746128e-12, 2.586432265272984e+01, -8.459042221135364e+00, -1.115608349698188e+05, 3.679876644127321e-04
1518, 5.800645231264286e-02, 1.055593826812159e-03, 9.550159238738536e-02, 7.216745016678473e-04, 9.624010490065128e-14, 7.692740245355089e+00, 1.052062572547596e+00, 1.500465210512887e+05, 4.031573832647822e+03
1519, 5.372644644887488e-02, 1.724295580748817e-03, 1.084541691883575e-01, 8.195529157809080e-04, 1.094007413270854e-13, 1.361675727095073e+01, 1.722260846257653e+00, 1.468186964934387e+05, 2.753243628762938e+03
1520, 5.377969830136081e-02, 1.335029164052694e-03, 1.060877595425529e-01, 8.016707270216739e-04, 1.070228755597888e-13, 1.433842566240805e+01, 1.345681108472114e+00, 1.475075491447289e+05, 2.868044448797345e+03
1521, 5.828403118317462e-02, 1.255045717901622e-03, 9.622686789137794e-02, 7.271551729826519e-04, 9.696784932062318e-14, 6.988550160461693e+00, 1.160419243668917e+00, 1.498176115276951e+05, 4.000190358962497e+03
1522, 5.829003715601418e-02, 1.104003079449562e-03, 9.555819957766720e-02, 7.221022638110508e-04, 9.628301582165596e-14, 7.141218726610702e+00, 1.037798649109201e+00, 1.499817547182108e+05, 4.037198917902951e+03
1523, 2.466502362583611e-02, 3.624511506659773e-03, 1.571416566924693e+00, 1.187468438482222e-02, 1.582619383831973e-12, 2.615859672412365e+01, -5.774300357567910e+00, -1.111903558206563e+05, 3.654658840824602e-04
1524, 3.706274666136550e-02, 1.235585467232031e-03, 5.196989908469097e-01, 3.927196404385142e-03, 5.232542000073139e-13, 4.437044296577653e+01, 1.706572683814848e+00, 8.169322243666874e+04, 6.986147462533905e-02
1525, 4.223022589835157e-02, 1.300606411158040e-03, 2.104606665520881e-01, 1.590382870670811e-03, 2.119646875206404e-13, 3.872138419783730e+01, 1.690919097829373e+00, 1.308462448417666e+05, 7.052028530046364e+01
1526, 4.245327897644642e-02, 1.258455287851371e-03, 2.054797852513994e-01, 1.552743969154278e-03, 2.069414681051577e-13, 3.822894266201784e+01, 1.643448528353718e+00, 1.316379034165942e+05, 8.197382575610251e+01
1527, 4.263354948747665e-02, 1.419147432262949e-03, 2.015155010526156e-01, 1.522787161606779e-03, 2.029552947278834e-13, 3.702892489363839e+01, 1.772986077588378e+00, 1.321330726257447e+05, 9.278752259780903e+01
1528, 3.883899507900298e-02, 1.054650391203099e-03, 3.403853874902514e-01, 2.572181769447961e-03, 3.428025284383868e-13, 4.632562306089811e+01, 1.178376823056337e+00, 1.113009525983161e+05, 2.489481166468916e+00
1529, 2.107370872441158e-02, 2.672996552060188e-03, 1.581314238549569e+00, 1.194947787317117e-02, 1.592763679074742e-12, 1.993431012432361e+01, -1.512683841018978e+01, -1.118968075887982e+05, 3.677690063920189e-04
1530, 2.120780852025773e-02, 2.639556855793813e-03, 1.584273031143283e+00, 1.197183650738051e-02, 1.595807734531264e-12, 2.347214872948983e+01, -1.753958772267550e+01, -1.123748597040010e+05, 3.684568265504960e-04
1531, 5.527843888958180e-02, 1.425475139208955e-03, 1.021108319996009e-01, 7.716183778306891e-04, 1.029186622909643e-13, 1.156762115543212e+01, 1.367315525795652e+00, 1.483178053277377e+05, 3.344296748512883e+03
1532, 5.556972056718890e-02, 1.562784812746205e-03, 1.022160639299639e-01, 7.724135813346779e-04, 1.030270334325041e-13, 1.086600811694244e+01, 1.509694657913983e+00, 1.483621459419745e+05, 3.396147978347947e+03
1533, 5.551468556010791e-02, 1.327569949178499e-03, 1.010591647582925e-01, 7.636712702137489e-04, 1.018552341138013e-13, 1.140256741359384e+01, 1.309192485275203e+00, 1.486254851135279e+05, 3.440178021733720e+03
1534, 5.580893783500442e-02, 1.507894603124607e-03, 1.012782524641545e-01, 7.653268448172887e-04, 1.020348310591110e-13, 1.064582971621074e+01, 1.425469885162182e+00, 1.485950118638161e+05, 3.480795753295577e+03
1535, 5.580760067111714e-02, 1.220760979451267e-03, 9.988204569551322e-02, 7.547761639459281e-04, 1.006414256282967e-13, 1.113195755526107e+01, 1.211287937840700e+00, 1.489805972777184e+05, 3.552689889051556e+03
1536, 5.119304094269982e-02, 4.371495128781650e-03, 2.676419029665102e-01, 2.022482893951349e-03, 2.712880467465414e-13, 1.025097936656867e+01, 1.167656575270329e+01, 1.171123164889409e+05, 9.211015720417431e+02
1537, 5.087318290407902e-02, 4.178713935703384e-03, 2.183337612486967e-01, 1.649877289032289e-03, 2.205968291697290e-13, 1.184396793626636e+01, 7.433392892096475e+00, 1.251854792113109e+05, 9.285370448255934e+02
1538, 5.384088806104144e-02, 4.448474284799198e-03, 2.281057537986202e-01, 1.723721061451106e-03, 2.293945385197303e-13, 8.326109684504916e+00, 8.020194373773663e+00, 1.236257256311906e+05, 1.490360516458462e+03
1539, 5.353946372013883e-02, 4.289054316707508e-03, 2.015633746087492e-01, 1.523148926515439e-03, 2.023959175891345e-13, 9.148552590959712e+00, 6.686013035296387e+00, 1.283762406723807e+05, 1.515327081726893e+03
1540, 2.186731162670156e-02, 1.536153406237931e-03, 1.569882878359288e+00, 1.186309479868552e-02, 1.581191848009303e-12, 6.008034141151365e+00, -7.829688665892579e+00, -1.107286391695470e+05, 3.651106865811013e-04
1541, 2.180508825507465e-02, 1.634236757456822e-03, 1.569996536181349e+00, 1.186395367391521e-02, 1.581303230999354e-12, 6.414846770546454e+00, -7.940502351060317e+00, -1.107453011330692e+05, 3.651371245803560e-04
1542, 5.272763823449481e-02, 1.333965481609559e-03, 1.093808975874946e-01, 8.265559011649653e-04, 1.102323511048781e-13, 1.623789834587898e+01, 1.207927231025784e+00, 1.466886005237958e+05, 2.498856149640320e+03
1543, 5.239206269490604e-02, 1.507122859845566e-03, 1.116181304782375e-01, 8.434619431604830e-04, 1.124971769867113e-13, 1.623180425116028e+01, 1.425772272224144e+00, 1.461550842206923e+05, 2.343711409783008e+03
1544, 5.232372532898527e-02, 1.794514282364187e-03, 1.137624536018711e-01, 8.596658962357471e-04, 1.146951795006816e-13, 1.559703304266357e+01, 1.711501014972218e+00, 1.456362561227040e+05, 2.253567002114193e+03
1545, 5.251662029218870e-02, 2.162820892364204e-03, 1.161146078703179e-01, 8.774403617403511e-04, 1.170904811688133e-13, 1.450049034868233e+01, 2.055880799305888e+00, 1.449690974645221e+05, 2.216889014119956e+03
1546, 5.583625739302259e-02, 1.738024247423941e-03, 1.026723637734863e-01, 7.758616909835531e-04, 1.034169503705092e-13, 1.021152504269197e+01, 1.580382134755017e+00, 1.482814447555089e+05, 3.420886629042533e+03
1547, 1.427023564587281e-02, 4.724375726782933e-03, 1.762767656452528e+00, 1.332066239132969e-02, 1.775358562057811e-12, 3.762155825746758e+01, -1.510853981444736e+00, -1.250009470897972e+05, 4.099705206129858e-04
1548, 1.385778977417868e-02, 4.906962781635897e-03, 1.771880407563847e+00, 1.338952449040767e-02, 1.784542542430355e-12, 3.927492997496091e+01, -7.130035583251677e-01, -1.258221354746554e+05, 4.120899086920226e-04
1549, 3.922617332618259e-02, 3.272347032777349e-03, 3.321243279395014e-01, 2.509755626746722e-03, 3.348025020570271e-13, 3.201815897577615e+01, 6.028529649312132e+00, 1.111164099247444e+05, 4.080327220885597e+00
1550, 3.965848397257255e-02, 3.285203027304815e-03, 3.185416083466195e-01, 2.407115428311543e-03, 3.213257381737774e-13, 3.156512022401152e+01, 6.958013209131386e+00, 1.133799117314052e+05, 6.283742305223019e+00
1551, 4.883409821112101e-02, 1.317591743537382e-03, 1.285329445839199e-01, 9.712816971078119e-04, 1.294311354438722e-13, 2.332857616349325e+01, 1.348884760647500e+00, 1.429699427951355e+05, 1.163934986265058e+03
1552, 5.253357783013575e-02, 4.558936691543399e-03, 2.912844937157167e-01, 2.201142269893167e-03, 2.927395047007880e-13, 8.079392508819787e+00, 1.386035959195575e+01, 1.131835941263437e+05, 1.099205894196455e+03
1553, 5.376959495366844e-02, 3.540012026289100e-03, 1.404119340391295e-01, 1.061047360497444e-03, 1.413039888461691e-13, 1.053038145248345e+01, 3.955713740974065e+00, 1.397938279860180e+05, 1.998266287045335e+03
1554, 1.945686231945502e-02, 3.763087378385324e-03, 1.624132920811162e+00, 1.227304474164681e-02, 1.635768321205787e-12, 4.511025174575788e+01, -1.471555873720062e+01, -1.153868281535131e+05, 3.777274631873481e-04
1555, 1.932990997159700e-02, 3.819043152588433e-03, 1.625520349805336e+00, 1.228352909172887e-02, 1.637051300379820e-12, 4.468005232382706e+01, -1.440313921360259e+01, -1.154508354033679e+05, 3.780501595091198e-04
1556, 1.957568717289139e-02, 3.691817825690944e-03, 1.620103314981986e+00, 1.224259431976384e-02, 1.631739377868813e-12, 4.224089007479392e+01, -1.510645102462008e+01, -1.150345960012586e+05, 3.767903386865441e-04
1557, 5.118090680143645e-02, 3.497001657294485e-03, 1.501801005257015e-01, 1.134862220597745e-03, 1.510163473588816e-13, 1.457521868416599e+01, 4.172251574281891e+00, 1.374281372283186e+05, 1.292744963206952e+03
1558, 2.632157911240289e-02, 2.844007846498594e-03, 1.579521984550129e+00, 1.193593439206724e-02, 1.590857829334738e-12, 4.121027260756792e+01, -7.676736406576133e+00, -1.131677000188142e+05, 3.673482058846176e-04
1559, 2.643520769810802e-02, 3.240702095263518e-03, 1.568941347555051e+00, 1.185597995633624e-02, 1.580166265522682e-12, 3.225695775924243e+01, -6.194615213746629e+00, -1.113153698017138e+05, 3.648890571508568e-04
1560, 3.563566076007211e-02, 1.165823351244731e-03, 9.731602608538122e-01, 7.353855875470279e-03, 9.802844648917898e-13, 3.139775352416175e+01, 8.380563407886688e+00, 2.017531444804948e+03, 2.913654951377337e-04
1561, 3.582405068703195e-02, 1.138267208199652e-03, 8.615173498621256e-01, 6.510206674020198e-03, 8.689685084043566e-13, 3.932845034737430e+01, 4.634066800275973e+00, 2.101045356950519e+04, 4.623866184192575e-04
1562, 3.593055387781716e-02, 1.289192754296539e-03, 8.300333661266938e-01, 6.272292439243500e-03, 8.373003019969773e-13, 3.961857672736642e+01, 5.155405736245966e+00, 2.631061836217146e+04, 7.032098867519787e-04
1563, 3.598906696516202e-02, 1.140878824621805e-03, 7.874130757096955e-01, 5.950224753473228e-03, 7.939041570591242e-13, 4.280991105928733e+01, 3.295015569375257e+00, 3.337997547212030e+04, 9.215094012312316e-04
1564, 3.609166029006659e-02, 1.261667669485068e-03, 7.577107129554999e-01, 5.725773649537146e-03, 7.639859051236038e-13, 4.253247662337045e+01, 3.630469780028843e+00, 3.838904584936308e+04, 1.528473507063270e-03
1565, 3.614852024622123e-02, 1.110329374588288e-03, 7.289316682532490e-01, 5.508299760099976e-03, 7.345848342919759e-13, 4.448774741584151e+01, 2.789041066282101e+00, 4.361674316045150e+04, 1.985124898281596e-03
1566, 3.624335135982518e-02, 1.237478543972647e-03, 7.014948336818845e-01, 5.300968516488165e-03, 7.065040566852264e-13, 4.353292065842047e+01, 3.054161354941680e+00, 4.820162768262188e+04, 3.277398937852868e-03
1567, 3.542731013830767e-02, 1.107057131520385e-03, 1.126100613606717e+00, 8.509576425240573e-03, 1.134018254921979e-12, 2.209838093989503e+01, 1.172521197114892e+01, -2.508908515847887e+04, 2.705883139510076e-04
1568, 3.630703994561241e-02, 1.105351056043063e-03, 6.788449953819740e-01, 5.129811048226833e-03, 6.837221517931696e-13, 4.481483397314242e+01, 2.457710508673508e+00, 5.245236372163762e+04, 4.310331813458401e-03
1569, 3.642382648124811e-02, 1.216478205232316e-03, 6.496610462805933e-01, 4.909277427813518e-03, 6.541853064810872e-13, 4.379364315263663e+01, 2.593891534773258e+00, 5.770836906767603e+04, 7.509384654984252e-03
1570, 3.518481057174246e-02, 1.308273962304134e-03, 1.345303222962422e+00, 1.016601931709954e-02, 1.352967890884175e-12, 1.658370940455114e+01, 1.732332039457894e+01, -7.011672089769905e+04, 3.120905516014112e-04
1571, 4.906770827335746e-02, 1.573317831409467e-03, 1.282602301048961e-01, 9.692208824048431e-04, 1.291760977119285e-13, 2.207664323453489e+01, 1.659469350923960e+00, 1.428729744494887e+05, 1.206674663394768e+03
1572, 4.920392413687988e-02, 1.240084886458094e-03, 1.262160542509800e-01, 9.537737097052075e-04, 1.271277501016331e-13, 2.293951689420879e+01, 1.381631877639053e+00, 1.434785927020979e+05, 1.276732244013504e+03
1573, 2.320084762053368e-02, 3.630125880120595e-03, 1.586524684777695e+00, 1.198885152225036e-02, 1.597898792934770e-12, 3.257625583972168e+01, -1.070015057028704e+01, -1.131439713216016e+05, 3.689792025230563e-04
1574, 2.353792598319188e-02, 3.695718326421816e-03, 1.580403673441094e+00, 1.194259702852287e-02, 1.591752135110179e-12, 2.927961224868527e+01, -8.523543251629381e+00, -1.122449012895840e+05, 3.675559805128547e-04
1575, 2.282940806811126e-02, 3.879645749638842e-03, 1.581075489810037e+00, 1.194767372652507e-02, 1.592333514702298e-12, 2.939220793152816e+01, -8.525111743385480e+00, -1.121104108503783e+05, 3.677126156798653e-04
1576, 4.231692455869053e-02, 1.128468045100570e-03, 2.089496440200970e-01, 1.578964564383741e-03, 2.104324740666861e-13, 3.923995742163249e+01, 1.477657037540507e+00, 1.312157027572551e+05, 7.391374895482092e+01
1577, 4.213514374250416e-02, 1.122409433644304e-03, 2.132158703096368e-01, 1.611203050198919e-03, 2.147213433204845e-13, 3.980517468503596e+01, 1.434794885172661e+00, 1.305347991186644e+05, 6.486035146995711e+01
1578, 4.853635663916545e-02, 9.769070412463535e-04, 1.297756615331560e-01, 9.806725052884154e-04, 1.306940154738176e-13, 2.507425515415193e+01, 1.019159234999030e+00, 1.430345175607318e+05, 1.097267950795786e+03
1579, 1.738216298213647e-02, 4.135671737120921e-03, 1.681461370993609e+00, 1.270625721153931e-02, 1.693542479644432e-12, 3.047032798738894e+01, -9.718907281970466e-01, -1.185477588332090e+05, 3.910611095675074e-04
1580, 5.931988190542142e-02, 5.160619334073309e-03, 3.988145533985333e-01, 3.013711990424816e-03, 3.961955910039264e-13, 1.606483754340450e+00, 2.176223216255308e+01, 9.124140131005412e+04, 1.492964688960694e+03
1581, 5.948480069237144e-02, 4.740646862187623e-03, 2.420817120791198e-01, 1.829332836873718e-03, 2.411194262815890e-13, 2.330384123376063e+00, 1.131643860289714e+01, 1.226716861717879e+05, 2.057997432718831e+03
1582, 5.997301438642613e-02, 4.646533697254647e-03, 2.376633136979961e-01, 1.795944436008032e-03, 2.372645195391135e-13, 2.455916180847717e+00, 1.107615995597966e+01, 1.233161486416855e+05, 2.067758713509858e+03
1583, 4.951351034557831e-02, 3.428795319725200e-03, 1.576104688077209e-01, 1.191011099303166e-03, 1.585011873056049e-13, 1.679180574655214e+01, 4.332802742276084e+00, 1.361108064517721e+05, 9.081513530960274e+02
1584, 4.942609615198830e-02, 3.883357421493793e-03, 1.898925552276138e-01, 1.434956336732786e-03, 1.912545898202257e-13, 1.524996549750451e+01, 5.506632514924210e+00, 1.296802901301951e+05, 7.350617722989643e+02
1585, 4.983994627505747e-02, 4.179746737234383e-03, 2.284016086667062e-01, 1.725956740554972e-03, 2.298872177951651e-13, 1.275182276993229e+01, 7.715752414899831e+00, 1.232026880545250e+05, 7.115116521885022e+02
1586, 2.063240945775593e-02, 3.352976697981771e-03, 1.608513835730730e+00, 1.215501639091319e-02, 1.619937934127847e-12, 4.227172525596578e+01, -2.104994268752997e+01, -1.154889367761498e+05, 3.740941604747799e-04
1587, 2.058693454033492e-02, 3.200673694564950e-03, 1.598255700896272e+00, 1.207749899921696e-02, 1.609663868800157e-12, 3.411736485098074e+01, -1.853316416888961e+01, -1.138851765574556e+05, 3.717088311691891e-04
1588, 4.447029367363290e-02, 9.709918534107086e-04, 1.706392867167275e-01, 1.289465642695831e-03, 1.718086101005217e-13, 3.467067223692875e+01, 1.195990520716310e+00, 1.368199207907346e+05, 2.490171849415928e+02
1589, 2.402159677654276e-02, 1.489431890846650e-03, 1.591544482642443e+00, 1.202678450359616e-02, 1.602892577278724e-12, 3.842394041975821e+01, -1.007958221900753e+01, -1.142573311822640e+05, 3.701445924803985e-04
1590, 2.386173117056448e-02, 1.410050043207234e-03, 1.588859965381440e+00, 1.200649847895385e-02, 1.600166470881796e-12, 3.590765122630680e+01, -1.034521296474373e+01, -1.137438683928722e+05, 3.695205940221008e-04
1591, 2.351145346150922e-02, 1.070576681382205e-03, 1.581236487937128e+00, 1.194889033705735e-02, 1.592446510897349e-12, 2.685685363876983e+01, -9.226950767110255e+00, -1.122001624668766e+05, 3.677488305333342e-04
1592, 5.905646449827488e-02, 4.866607688576206e-03, 2.647359602288709e-01, 2.000523628939059e-03, 2.626645569008916e-13, 2.597775984371068e+00, 1.239629037252834e+01, 1.184658279519982e+05, 1.971691305132421e+03
1593, 5.490801787405576e-02, 1.005972643604854e-03, 1.011852690904339e-01, 7.646241996758107e-04, 1.019743235821477e-13, 1.307496926614335e+01, 9.127407940417046e-01, 1.485590906545450e+05, 3.318940641865030e+03
1594, 3.311485431541382e-02, 2.947316866333928e-03, 1.535544866614911e+00, 1.160361360162481e-02, 1.546600787788320e-12, 3.904861742829296e+01, -3.762608143621621e-01, -1.085260168745902e+05, 3.571399832144591e-04
1595, 3.267591545408592e-02, 2.885173089628544e-03, 1.536646264540561e+00, 1.161193650786402e-02, 1.547670769252060e-12, 4.051486191333856e+01, -2.518555457542884e-01, -1.085994424036050e+05, 3.573823494289620e-04
1596, 2.132236909442937e-02, 2.785311788500131e-03, 1.594006632070243e+00, 1.204539016677837e-02, 1.605477895259605e-12, 3.148339884654840e+01, -2.004696426988135e+01, -1.138989953895540e+05, 3.707199591877837e-04
1597, 6.200951515616832e-02, 1.980026369478304e-03, 1.361477909294466e-01, 1.028824616595018e-03, 1.374149649356134e-13, 3.022400134447982e+00, 2.380801476051081e+00, 1.411043885441728e+05, 2.807015195979889e+03
1598, 6.274068482271611e-02, 2.632472557871041e-03, 1.821416323344145e-01, 1.376385130989779e-03, 1.841025639802963e-13, 3.155952680811652e+00, 4.545749676298038e+00, 1.326773849708549e+05, 2.235706180660105e+03
1599, 2.083182519220987e-02, 4.345096177235257e-03, 1.600761460918638e+00, 1.209643421349176e-02, 1.612192210987137e-12, 3.685739691152911e+01, -1.210949481313684e+01, -1.136250790044915e+05, 3.722916081164704e-04
1600, 2.115032388626809e-02, 4.407277782874457e-03, 1.590960012305024e+00, 1.202236785117226e-02, 1.602326588742472e-12, 2.949909150942880e+01, -9.037168321370984e+00, -1.122864973669531e+05, 3.700123765983692e-04
1601, 2.135082668817381e-02, 4.226474606365969e-03, 1.593977679474935e+00, 1.204517138142349e-02, 1.605353028401373e-12, 3.466557788651036e+01, -1.113559651617800e+01, -1.131086241922319e+05, 3.707137639357794e-04
1602, 5.109635720203209e-02, 1.032232347747025e-03, 1.152121873209873e-01, 8.706210628790196e-04, 1.160936851716645e-13, 1.995178727872467e+01, 1.026418100041381e+00, 1.456246218515852e+05, 1.944094452075483e+03
1603, 2.251036535719724e-02, 1.496908024124023e-03, 1.578724040099372e+00, 1.192990458513468e-02, 1.589957810645600e-12, 1.851346682155679e+01, -1.098325232000113e+01, -1.117712127204718e+05, 3.671653738655112e-04
1604, 5.242069359910420e-02, 9.546449670436382e-04, 1.092593474747639e-01, 8.256373864591729e-04, 1.101202974457968e-13, 1.761953664494411e+01, 9.046863567725376e-01, 1.469140396426208e+05, 2.446635212943300e+03
1605, 5.250661151075204e-02, 1.131701020475355e-03, 1.094830235684524e-01, 8.273276340185215e-04, 1.103544928566775e-13, 1.710638080692916e+01, 1.052603525338353e+00, 1.467952396094283e+05, 2.452961624075928e+03
1606, 5.232411024287112e-02, 1.112002425163147e-03, 1.101311750048758e-01, 8.322255038151913e-04, 1.109911369155732e-13, 1.746922024977289e+01, 1.074113155720390e+00, 1.466573447750452e+05, 2.388315394699913e+03
1607, 1.934702030989325e-02, 3.694500419935614e-03, 1.617341647130386e+00, 1.222172529317775e-02, 1.628716050227284e-12, 3.109554620568232e+01, -1.020448181633350e+01, -1.143043056135124e+05, 3.761484219677282e-04
1608, 5.466705903203862e-02, 1.372689807095527e-03, 1.033845168771862e-01, 7.812432005832045e-04, 1.042346085199365e-13, 1.267274689517597e+01, 1.250596720412420e+00, 1.479390049424341e+05, 3.165756053829833e+03
1609, 5.357507619011687e-02, 9.287496623430615e-04, 1.051649846389665e-01, 7.946976169190306e-04, 1.060772018056180e-13, 1.568176641365482e+01, 9.615793908889582e-01, 1.478091189532656e+05, 2.865886033846299e+03
1610, 5.351367981003151e-02, 1.098491114102662e-03, 1.058974342953220e-01, 8.002325009720863e-04, 1.068220888242971e-13, 1.539320784246989e+01, 1.103870564803270e+00, 1.475777521719830e+05, 2.817283701582871e+03
1611, 5.368524346404674e-02, 1.056778106788715e-03, 1.052201048447364e-01, 7.951141424034303e-04, 1.061372792733022e-13, 1.519674342853927e+01, 1.085254170396232e+00, 1.477620077730134e+05, 2.886029925566628e+03
1612, 2.899833357891281e-02, 1.179455307211703e-03, 1.579163842684320e+00, 1.193322803036097e-02, 1.590454328525015e-12, 7.228897177109353e+01, -4.723171720327835e+00, -1.138406730532311e+05, 3.672703555363105e-04
1613, 3.590904776899343e-02, 1.020831219020525e-03, 8.136400384394822e-01, 6.148413388710815e-03, 8.203938930657014e-13, 4.381208712538159e+01, 2.510588106286719e+00, 2.864115610281147e+04, 6.183943673405693e-04
1614, 3.448475054882719e-02, 9.787165412482879e-04, 1.565490345452965e+00, 1.182990185480929e-02, 1.576583835281816e-12, 7.290692612800572e+01, 5.725502303516723e+00, -1.130980850123652e+05, 3.640902233481870e-04
1615, 3.459543671409269e-02, 1.158808491971470e-03, 1.572922194239744e+00, 1.188606192120808e-02, 1.584080742579896e-12, 6.762981778778212e+01, 9.070961779523870e+00, -1.156116576320247e+05, 3.658283581019195e-04
1616, 3.438366512455402e-02, 1.151198254385341e-03, 1.563555191783871e+00, 1.181527852733497e-02, 1.574701194766390e-12, 7.059941448524340e+01, 5.610578845759068e+00, -1.128216532780331e+05, 3.636439914403160e-04
1617, 3.488819977060318e-02, 1.190750287560787e-03, 1.560901833702009e+00, 1.179522796248525e-02, 1.571377544027588e-12, 4.321118610833033e+01, 1.469912491781845e+01, -1.210054024600176e+05, 3.630142332138501e-04
1618, 3.310780827913050e-02, 3.537168349847742e-03, 1.523327703932326e+00, 1.151129247304122e-02, 1.534177036814917e-12, 1.287236938804137e+01, 9.270635876826112e-01, -1.067852700173666e+05, 3.542991264760219e-04
1619, 4.288767512297322e-02, 4.168207033502058e-03, 4.675428114596089e-01, 3.533069104230771e-03, 4.692966154218245e-13, 1.191827882334292e+01, 2.404472465929159e+01, 8.011446666275008e+04, 3.097365406138908e+01
1620, 4.305176383387569e-02, 3.906223141232735e-03, 3.150171026289285e-01, 2.380481883847217e-03, 3.162486806516494e-13, 1.875985752454013e+01, 1.385407323999893e+01, 1.108090052695306e+05, 5.198416980846752e+01
1621, 4.336501437176402e-02, 3.935367760125343e-03, 3.140109121515048e-01, 2.372878429357606e-03, 3.154952749738264e-13, 1.856057627880056e+01, 1.387180700794692e+01, 1.105889103776588e+05, 6.078022372073656e+01
1622, 4.271087893444703e-02, 3.870882793194325e-03, 3.151695469793745e-01, 2.381633856267957e-03, 3.169075708783856e-13, 2.023929955019885e+01, 1.256870860737921e+01, 1.099593653904154e+05, 4.331669486679940e+01
1623, 4.323914888313255e-02, 3.651781978797793e-03, 2.523624851986834e-01, 1.907021298731186e-03, 2.538284256266881e-13, 2.285215615994652e+01, 8.605762280263896e+00, 1.212469451263522e+05, 7.269960660492131e+01
1624, 4.355196645535393e-02, 3.685249917447991e-03, 2.507717646508504e-01, 1.895000740434568e-03, 2.526900149729597e-13, 2.225212294373845e+01, 8.386554647273279e+00, 1.208227859540340e+05, 8.436657960433786e+01
1625, 4.341188465885196e-02, 3.414936647847886e-03, 2.245956197569335e-01, 1.697196119069608e-03, 2.265929941669244e-13, 2.476580934451700e+01, 6.345807890356027e+00, 1.256173258084134e+05, 9.400526314801382e+01
1626, 4.363738527157286e-02, 3.974015406196085e-03, 3.180334540494830e-01, 2.403275471406862e-03, 3.202436960005959e-13, 1.777696253652807e+01, 1.404015549896095e+01, 1.093831962713054e+05, 6.873431998485565e+01
1627, 4.388549580032520e-02, 3.779686855329161e-03, 2.556284808490584e-01, 1.931701366618105e-03, 2.571116485998386e-13, 2.107412281018075e+01, 9.113067600289220e+00, 1.193840895131247e+05, 9.420897851662910e+01
1628, 5.724335113188528e-02, 9.833706325297269e-04, 9.606639709564710e-02, 7.259425473222390e-04, 9.680272775835585e-14, 9.185336891253165e+00, 8.979398651181854e-01, 1.498556365837440e+05, 3.944045821511675e+03
1629, 3.468865622999817e-02, 3.630405433493725e-03, 1.457806394849964e+00, 1.101616923060630e-02, 1.467513523697509e-12, -3.248044250131187e+00, 6.312957252697239e+00, -9.752778026026353e+04, 4.340533333410405e-04
1630, 3.455139324201550e-02, 3.383988880651288e-03, 1.496949409830937e+00, 1.131196027580264e-02, 1.506689301276788e-12, 1.113723045354068e+01, -3.133539789118970e+00, -1.040304592252577e+05, 3.945531547710812e-04
1631, 3.485174463615268e-02, 3.404548953742185e-03, 1.384126691341769e+00, 1.045939565245955e-02, 1.392624029755860e-12, -1.929870894360808e+01, 1.383274156652911e+00, -8.521258515205709e+04, 5.079201542260113e-04
1632, 3.428192711967758e-02, 3.382414933740402e-03, 1.522815332073776e+00, 1.150742064539479e-02, 1.533558340696027e-12, 2.129928377286155e+01, 4.909621164302748e-01, -1.073618883380734e+05, 3.646571153861304e-04
1633, 5.107392458294650e-02, 4.684623802439058e-03, 4.527109953839654e-01, 3.420989889546731e-03, 4.596607529101004e-13, 6.351829766508154e+00, 2.509019076599872e+01, 8.148028048715720e+04, 6.415286348770633e+02
1634, 4.494657449861178e-02, 9.822334714302788e-04, 1.641361915317016e-01, 1.240323865478999e-03, 1.652763898156831e-13, 3.340177720134639e+01, 1.182332804849106e+00, 1.378294277854759e+05, 3.096002809457232e+02
1635, 5.421734351519831e-02, 4.905437576872141e-03, 4.609717817176738e-01, 3.483413967641308e-03, 4.631136779142449e-13, 4.174227452538837e+00, 2.539745497969606e+01, 8.002977962548027e+04, 1.075930450993212e+03
1636, 4.119763314536122e-02, 1.526135043295479e-03, 2.369137685873799e-01, 1.790280367159135e-03, 2.386582286130342e-13, 3.999250267831752e+01, 2.017666717651146e+00, 1.271662395429734e+05, 3.380028382376816e+01
1637, 5.913358567390149e-02, 4.419225785467446e-03, 1.812536871337429e-01, 1.369675217638970e-03, 1.799256346703837e-13, 3.132707233437621e+00, 6.318007124102465e+00, 1.324722718703242e+05, 2.320000060592152e+03
1638, 4.726195493289440e-02, 9.861631688565765e-04, 1.398433937588670e-01, 1.056751086339181e-03, 1.407980267322436e-13, 2.784820806755864e+01, 1.208661177218930e+00, 1.414147599911877e+05, 7.469557040915472e+02
1639, 2.541180532663598e-02, 3.540031083845874e-03, 1.568417486296611e+00, 1.185202130702818e-02, 1.579583139221577e-12, 2.594571295321313e+01, -6.113126445303256e+00, -1.108224419236675e+05, 3.647682382757574e-04
1640, 2.512789800795552e-02, 3.582041924070205e-03, 1.569279709151041e+00, 1.185853684497092e-02, 1.580495951641928e-12, 2.607777022702336e+01, -5.651606709808378e+00, -1.109437285277511e+05, 3.649688383657743e-04
1641, 6.289243221825100e-02, 1.629870098186926e-03, 1.597666337061949e-01, 1.207304536821815e-03, 1.615909311487430e-13, 3.095655139852850e+00, 2.341746352632549e+00, 1.366021955138305e+05, 2.446680440311466e+03
1642, 6.366615090037450e-02, 2.255324816049558e-03, 2.223368227481021e-01, 1.680127124040339e-03, 2.246058283551075e-13, 3.892737344976908e+00, 4.312695929013224e+00, 1.247986769710675e+05, 1.884005702550818e+03
1643, 6.354637090532785e-02, 3.222295056351837e-03, 2.593293486553855e-01, 1.959667622080227e-03, 2.619300351335566e-13, 3.974578986628525e+00, 7.596870940011438e+00, 1.180835283875652e+05, 1.657904908795031e+03
1644, 6.445660438510431e-02, 2.865933956458830e-03, 3.214469009559686e-01, 2.429069780523379e-03, 3.241983491096039e-13, 4.659675363282635e+00, 7.518878932127934e+00, 1.053418005554968e+05, 1.298187077691770e+03
1645, 6.385218292372202e-02, 1.329434491212612e-03, 2.129565973990556e-01, 1.609243809060883e-03, 2.146101136591955e-13, 3.947633490595166e+00, 2.308482484447136e+00, 1.266298634541346e+05, 1.984835252858880e+03
1646, 2.673223755327727e-02, 1.303113807434352e-03, 1.587974185553191e+00, 1.199980492861444e-02, 1.599290160428819e-12, 5.747595913946490e+01, -4.670152366558828e+00, -1.144920278556334e+05, 3.693120890965759e-04
1647, 2.646198192579796e-02, 1.322910092443094e-03, 1.588313192978525e+00, 1.200236669757161e-02, 1.599638974457452e-12, 5.593050683813809e+01, -4.913742132215673e+00, -1.144773624553856e+05, 3.693910963868915e-04
1648, 2.038481616954176e-02, 3.192384624114513e-03, 1.593051219805955e+00, 1.203817042674593e-02, 1.604513061534895e-12, 2.468943368269939e+01, -1.272944992864594e+01, -1.127711692911323e+05, 3.704989130628271e-04
1649, 3.995714577404029e-02, 3.578231757748863e-03, 3.447675201161036e-01, 2.605296121784900e-03, 3.468204432760173e-13, 2.722902745328653e+01, 1.063918183078994e+01, 1.075139454131676e+05, 6.427640852039474e+00
1650, 2.027373906155837e-02, 3.185544221226375e-03, 1.590854085747201e+00, 1.202156739859404e-02, 1.602381849908784e-12, 1.878716337147193e+01, -9.522688882581759e+00, -1.122816671012575e+05, 3.699882163572627e-04
1651, 3.626996832919598e-02, 3.738321167980149e-03, 7.304998817822816e-01, 5.520150240169297e-03, 7.353903576869770e-13, 1.545171720595015e+01, 2.325525612869294e+01, 4.449682034070540e+04, 1.275143319096086e-02
1652, 3.613415778674199e-02, 3.491797646681854e-03, 6.276774471090524e-01, 4.743154512159808e-03, 6.319188242962087e-13, 2.232986215583911e+01, 1.178720933743565e+01, 6.703659738447642e+04, 1.595835267573164e-02
1653, 3.584816668356636e-02, 3.481698623188441e-03, 6.874581859257856e-01, 5.194898130421246e-03, 6.929357677236297e-13, 1.829231300166089e+01, 1.159313933091599e+01, 5.788083606230691e+04, 6.953951335392579e-03
1654, 3.648824945650789e-02, 3.465716235135382e-03, 5.781756103496676e-01, 4.369085216748676e-03, 5.822041179252794e-13, 2.576089734676011e+01, 1.050203133005792e+01, 7.451010629923189e+04, 3.713265329694068e-02
1655, 3.596407233181288e-02, 3.278583422742198e-03, 6.531449710853601e-01, 4.935604315506988e-03, 6.577896123871778e-13, 2.281096796992083e+01, 1.563263282383125e+00, 6.233262398640086e+04, 1.037355579994819e-02
1656, 3.569583869245610e-02, 3.208388691380010e-03, 7.611113629202220e-01, 5.751471256325006e-03, 7.663165896394140e-13, 1.601986899533750e+01, -2.655675619787149e+00, 4.445681137402805e+04, 3.386115769706925e-03
1657, 3.558572887218301e-02, 3.476930591596015e-03, 7.598227104380064e-01, 5.741733328246012e-03, 7.663679899674474e-13, 9.916636935706524e+00, 9.415414635054235e+00, 4.777034501007803e+04, 2.864159669415593e-03
1658, 3.535314680316904e-02, 3.230860443209060e-03, 9.157960806593483e-01, 6.920373405486719e-03, 9.225928576604835e-13, -1.866913909411930e+00, -5.643155284145047e+00, 1.888852269820299e+04, 1.017351909227244e-03
1659, 3.512128373953956e-02, 2.947264352510184e-03, 1.236381427434167e+00, 9.342932701013162e-03, 1.246502189391923e-12, -5.042303983945266e+00, -1.318869238017680e+01, -4.957655314804757e+04, 3.835083953168722e-04
1660, 3.274093139227397e-02, 1.183905847565585e-03, 1.566114257142157e+00, 1.183461655271241e-02, 1.577302761912405e-12, 7.360626540628867e+01, -8.150172221213774e-02, -1.132183981029110e+05, 3.642322988782282e-04
1661, 3.828746688508864e-02, 1.294606499188231e-03, 3.826851991245742e-01, 2.891827701193177e-03, 3.856633120943355e-13, 4.660170631209250e+01, 1.295264781171743e+00, 1.039324075253740e+05, 1.023369096470424e+00
1662, 5.964028649045472e-02, 1.665915407255574e-03, 1.013214377495716e-01, 7.656531819867265e-04, 1.020441372848444e-13, 4.797903288704117e+00, 1.371101002726965e+00, 1.484028254462043e+05, 3.773956847749191e+03
1663, 5.520205268085992e-02, 2.208468444858337e-03, 1.081306750846303e-01, 8.171083759545047e-04, 1.088599182232965e-13, 1.048069951932871e+01, 2.038965209079347e+00, 1.467763329794083e+05, 3.068562701070844e+03
1664, 1.649310493573663e-02, 4.995401120938290e-03, 1.717922713182135e+00, 1.298178372681796e-02, 1.730160569116816e-12, 5.103400209189797e+01, -7.498724511274093e+00, -1.223838731978127e+05, 3.995404067154668e-04
1665, 1.629747338767017e-02, 4.799508910095848e-03, 1.722765229236556e+00, 1.301837704712846e-02, 1.735031837898840e-12, 5.148079766207709e+01, -5.524647701568885e+00, -1.228381656380338e+05, 4.006665930895164e-04
1666, 1.621246684712265e-02, 5.051503611161032e-03, 1.724497058981113e+00, 1.303146392177250e-02, 1.736754954238982e-12, 4.856936495475195e+01, -7.136094474465053e+00, -1.227736744193305e+05, 4.010695018954347e-04
1667, 1.599904647975934e-02, 4.865042420447338e-03, 1.731703601946969e+00, 1.308592142529276e-02, 1.744065267941282e-12, 4.961011528823233e+01, -5.021146461547116e+00, -1.235169024198467e+05, 4.027454739284797e-04
1668, 1.596301678616347e-02, 5.189286340962399e-03, 1.730897628346253e+00, 1.307983094468280e-02, 1.743263062628937e-12, 4.317943023083379e+01, -6.712142722369267e+00, -1.229993055869987e+05, 4.025582807001384e-04
1669, 1.612117616999779e-02, 4.549694654709892e-03, 1.723697826952240e+00, 1.302542438503031e-02, 1.736011234761037e-12, 4.466250026564414e+01, -2.511113776107136e+00, -1.224637598686686e+05, 4.008836786107197e-04
1670, 1.566709622953857e-02, 4.976998115846913e-03, 1.740832211225021e+00, 1.315490335938382e-02, 1.753273174681408e-12, 4.769452779229047e+01, -5.591236519412051e+00, -1.241144899158991e+05, 4.048686257613513e-04
1671, 2.228770224789644e-02, 3.813488648088682e-03, 1.592761271758865e+00, 1.203597938356904e-02, 1.604145123608881e-12, 3.567273175994492e+01, -1.288385912791839e+01, -1.137387951917610e+05, 3.704300637640824e-04
1672, 2.236075623036356e-02, 4.093435851943353e-03, 1.581258199013992e+00, 1.194905440061036e-02, 1.592520634134606e-12, 2.737344195169382e+01, -8.194192513249801e+00, -1.118188233288352e+05, 3.677556375267685e-04
1673, 2.993562570732700e-02, 3.294844776978971e-03, 1.531928612782063e+00, 1.157628674646486e-02, 1.542849611235331e-12, 1.661337554324678e+01, 7.898780722558219e-01, -1.073946805700407e+05, 3.562851736427004e-04
1674, 2.989673569586979e-02, 2.977758465484658e-03, 1.538235715048083e+00, 1.162394746887811e-02, 1.549197778568533e-12, 3.349965702429644e+01, -5.354385590356058e-02, -1.084515035830908e+05, 3.577520237003738e-04
1675, 4.317180037119871e-02, 1.004716992827682e-03, 1.917137618757151e-01, 1.448718603594984e-03, 1.930526189568631e-13, 3.759051639891640e+01, 1.283993908256734e+00, 1.339177174840911e+05, 1.246824236937822e+02
1676, 4.634490038300490e-02, 9.429851959253581e-04, 1.483979714542403e-01, 1.121395250284076e-03, 1.493941695665641e-13, 3.014811521808112e+01, 1.205246430369255e+00, 1.400752455006405e+05, 5.468010141188943e+02
1677, 4.643670557693206e-02, 1.081884631829565e-03, 1.474341820445000e-01, 1.114112206885569e-03, 1.483979326353426e-13, 2.927111720781738e+01, 1.364151981549351e+00, 1.400941819627744e+05, 5.652472140367738e+02
1678, 4.627202941103253e-02, 1.084600447373449e-03, 1.492711740068674e-01, 1.127993758238411e-03, 1.502934596614876e-13, 2.968998364520499e+01, 1.427244244113933e+00, 1.398282807216605e+05, 5.301212486577816e+02
1679, 4.636263439050024e-02, 1.232538995345735e-03, 1.483548788236808e-01, 1.121069613277341e-03, 1.493427338925876e-13, 2.879827282555417e+01, 1.557208754435427e+00, 1.398227132342725e+05, 5.475741052621011e+02
1680, 4.619329462681093e-02, 1.232915934740479e-03, 1.502423310127201e-01, 1.135332476166769e-03, 1.512746516016383e-13, 2.924829408771137e+01, 1.612413926127836e+00, 1.395526910840230e+05, 5.122522381204909e+02
1681, 4.627652488674295e-02, 1.386437836218766e-03, 1.496265941688813e-01, 1.130679552913585e-03, 1.506460282827356e-13, 2.834351849023734e+01, 1.803004922269139e+00, 1.395268639008373e+05, 5.266079859477779e+02
1682, 4.660184786432898e-02, 1.056879765101823e-03, 1.456802887737598e-01, 1.100858605343480e-03, 1.466123182042904e-13, 2.896348208242159e+01, 1.300703791971869e+00, 1.403842989231616e+05, 6.012130226904476e+02
1683, 4.611190461080240e-02, 1.105404451794670e-03, 1.510344465414435e-01, 1.141318235829646e-03, 1.520892151904514e-13, 3.001787439647833e+01, 1.500173409281175e+00, 1.395278231553039e+05, 4.969902978010829e+02
1684, 4.603737116819555e-02, 1.220163267306645e-03, 1.519110376239328e-01, 1.147942349803126e-03, 1.529690098461233e-13, 2.968632367913104e+01, 1.659436585344025e+00, 1.392831273303833e+05, 4.813435734378000e+02
1685, 4.597298803515784e-02, 1.106009643722049e-03, 1.525781472305468e-01, 1.152983480331668e-03, 1.536618361281591e-13, 3.038184590958445e+01, 1.547960363467292e+00, 1.392798080407176e+05, 4.696150098814127e+02
1686, 4.590150098717356e-02, 1.229316165514327e-03, 1.534483811676748e-01, 1.159559555423327e-03, 1.545327662042779e-13, 3.001505648645777e+01, 1.742523913310855e+00, 1.390479066707259e+05, 4.552938954554900e+02
1687, 4.583971575710975e-02, 1.104402219578245e-03, 1.540661693004204e-01, 1.164227979600216e-03, 1.551780825057128e-13, 3.074842200778568e+01, 1.583043516891982e+00, 1.390544056616535e+05, 4.446532340972053e+02
1688, 4.574452906222430e-02, 1.236335245475531e-03, 1.551323152937049e-01, 1.172284498441199e-03, 1.562263395968182e-13, 3.035529358859314e+01, 1.769990632261379e+00, 1.387762288107568e+05, 4.273925193699902e+02
1689, 4.566497724791663e-02, 1.414515095091981e-03, 1.562824961809862e-01, 1.180976041670014e-03, 1.573923866107389e-13, 2.972747669885430e+01, 1.966286519468095e+00, 1.384978536430617e+05, 4.124695379967463e+02
1690, 4.556569433398162e-02, 1.226055910799250e-03, 1.571188001487746e-01, 1.187295719008474e-03, 1.582334397794900e-13, 3.085987911573412e+01, 1.703109935497284e+00, 1.385464110995344e+05, 3.978607947542911e+02
1691, 4.542782727844125e-02, 1.389592202709647e-03, 1.587784658439902e-01, 1.199837273380393e-03, 1.598970303749291e-13, 3.031746405562419e+01, 1.862583837030434e+00, 1.382108679907465e+05, 3.761741137263432e+02
1692, 4.570152128437203e-02, 1.098674467647255e-03, 1.556327704614360e-01, 1.176066275527283e-03, 1.567626857817108e-13, 3.115496575167863e+01, 1.561621392706721e+00, 1.388571266378042e+05, 4.202530377526300e+02
1693, 1.872867583608995e-02, 3.986319552882114e-03, 1.639264001010855e+00, 1.238738539806780e-02, 1.650896806650137e-12, 4.131920228168730e+01, -9.946493680147615e+00, -1.162054485817105e+05, 3.812467523887714e-04
1694, 1.860138727524407e-02, 4.028272482160864e-03, 1.645077289111388e+00, 1.243131452729099e-02, 1.656732176893948e-12, 4.280638766767349e+01, -8.881625599245480e+00, -1.167082738695349e+05, 3.825987633430305e-04
1695, 5.934013360887791e-02, 3.810621658674891e-03, 1.418141909860860e-01, 1.071643760601381e-03, 1.419306141774452e-13, 3.615239039215934e+00, 4.134818729876864e+00, 1.400372498457896e+05, 2.716326175623307e+03
1696, 1.787030568382847e-02, 4.148302445293899e-03, 1.667649684466113e+00, 1.260188678437954e-02, 1.679496810955947e-12, 4.069557578222369e+01, -4.333514322964962e+00, -1.179643022695018e+05, 3.878486418504168e-04
1697, 1.775319283294085e-02, 4.159680953271886e-03, 1.671577819532587e+00, 1.263157042468033e-02, 1.683476910863258e-12, 3.977058322263835e+01, -3.647279323034282e+00, -1.182074833175175e+05, 3.887622456060617e-04
1698, 2.922340629339352e-02, 3.137673821668624e-03, 1.539941844628158e+00, 1.163684013573001e-02, 1.550962618706140e-12, 2.472789502540403e+01, -2.413660345961368e+00, -1.080354571142159e+05, 3.581501328081159e-04
1699, 2.887801149482505e-02, 3.104649238569671e-03, 1.547990713456661e+00, 1.169766282209152e-02, 1.559050483625689e-12, 2.770075211065566e+01, -6.161624618931650e+00, -1.090358014321887e+05, 3.600229101075761e-04
1700, 2.862458466352370e-02, 2.808191373672750e-03, 1.561944473415126e+00, 1.180310685200432e-02, 1.573118339557880e-12, 4.287200349180860e+01, -7.873109687839897e+00, -1.111367380443617e+05, 3.632659474361331e-04
1701, 1.702329615195806e-02, 5.124902052780855e-03, 1.699714364216875e+00, 1.284418915025430e-02, 1.711818655458924e-12, 4.304457662538440e+01, -8.188700014495076e+00, -1.204709259486733e+05, 3.953058522882416e-04
1702, 5.633505984275593e-02, 9.409202966722483e-04, 9.765105408282324e-02, 7.379172852606196e-04, 9.838930587320087e-14, 1.063400745643288e+01, 8.294496057160060e-01, 1.496114832129419e+05, 3.757183514378543e+03
1703, 5.642850486569989e-02, 1.080392668660770e-03, 9.793680008322619e-02, 7.400765749361953e-04, 9.868510055980644e-14, 1.027737119383320e+01, 9.401354284081874e-01, 1.495170372156744e+05, 3.753642907035005e+03
1704, 5.626450051813621e-02, 1.079328209926442e-03, 9.828967464957411e-02, 7.427431333720765e-04, 9.903934462066221e-14, 1.054636796459693e+01, 9.680526165772142e-01, 1.494531469788530e+05, 3.712004930488908e+03
1705, 5.657775711298535e-02, 1.090225627606309e-03, 9.762814476366412e-02, 7.377441669798314e-04, 9.835590567621315e-14, 1.000706632141172e+01, 9.266882554894824e-01, 1.495316952666741e+05, 3.786992550466762e+03
1706, 5.653456982208333e-02, 1.289115933110464e-03, 9.854306690986621e-02, 7.446579363466031e-04, 9.927248751736669e-14, 9.838140640561885e+00, 1.081869784045879e+00, 1.492854397839408e+05, 3.730698945091489e+03
1707, 3.676665380268709e-02, 1.294037627743971e-03, 5.705353068630521e-01, 4.311349925917838e-03, 5.743505014774783e-13, 4.312657863046660e+01, 2.134030204864377e+00, 7.226306148236383e+04, 2.904921526712888e-02
1708, 5.286461609436503e-02, 9.808834168832672e-04, 1.076223241517597e-01, 8.132669331366765e-04, 1.085096319999918e-13, 1.676167446281403e+01, 8.571964819265353e-01, 1.472298669660032e+05, 2.605813783278951e+03
1709, 3.046625849249172e-02, 9.623942270407521e-04, 1.570016396145314e+00, 1.186410374920984e-02, 1.581214869398756e-12, 8.131854523378227e+01, -9.852063027174494e-01, -1.127853964385256e+05, 3.651412723993635e-04
1710, 3.057454602141360e-02, 1.143569165790458e-03, 1.571210259909960e+00, 1.187312538974869e-02, 1.582438742312514e-12, 7.801034306052678e+01, -9.219891882396253e-01, -1.132656584479480e+05, 3.654190189041350e-04
1711, 3.036324965640102e-02, 1.106915269552628e-03, 1.571540099676183e+00, 1.187561788168489e-02, 1.582768830405323e-12, 7.855465911687635e+01, -9.807021062120388e-01, -1.132220733272246e+05, 3.654958782777210e-04
1712, 3.084957573996217e-02, 1.149097734569974e-03, 1.570828516431646e+00, 1.187024067832565e-02, 1.582060795228333e-12, 7.759058495690975e+01, -9.513371870803895e-01, -1.133359440539062e+05, 3.653300300914351e-04
1713, 3.936018488256049e-02, 9.646279056876173e-04, 3.126994349265826e-01, 2.362968022115492e-03, 3.148936241797540e-13, 4.628717638611445e+01, 1.228182630168312e+00, 1.157483276045094e+05, 4.694925889087635e+00
1714, 3.931459630551564e-02, 1.173722668503866e-03, 3.139168230155648e-01, 2.372167428329511e-03, 3.160754427076583e-13, 4.546731921142796e+01, 1.475264911641704e+00, 1.154780377820879e+05, 4.667468276080449e+00
1715, 3.954045839239863e-02, 1.176079085620298e-03, 3.028710123542966e-01, 2.288697826355210e-03, 3.049394236033705e-13, 4.535143419755228e+01, 1.526368707005503e+00, 1.170809000366166e+05, 6.057489319654694e+00
1716, 3.945163779239516e-02, 3.616660228815285e-03, 3.712257295005346e-01, 2.805232212850786e-03, 3.737580338575887e-13, 2.656842481256038e+01, 1.017546750680849e+01, 1.037503717824316e+05, 3.580714929713434e+00
1717, 4.966502663215085e-02, 9.202114135706135e-04, 1.227248834245811e-01, 9.273920661807108e-04, 1.236662143356973e-13, 2.305528378847729e+01, 1.085348851573148e+00, 1.442610260445502e+05, 1.446239173277135e+03
1718, 4.960633473119428e-02, 1.055884731686134e-03, 1.233421367312626e-01, 9.320564488508600e-04, 1.242805442051022e-13, 2.276112771408715e+01, 1.210493717100913e+00, 1.440708516483591e+05, 1.417702257263392e+03
1719, 4.976863480404079e-02, 1.027868828302350e-03, 1.223592215174541e-01, 9.246288779656479e-04, 1.232959464014885e-13, 2.252285949070936e+01, 1.188397640428343e+00, 1.442892022134213e+05, 1.474462854265619e+03
1720, 4.970388282173594e-02, 1.173656026122413e-03, 1.230827538555230e-01, 9.300963767420001e-04, 1.240172151188826e-13, 2.216622364174918e+01, 1.344262966432153e+00, 1.440471367011223e+05, 1.441058647779452e+03
1721, 4.985590422675913e-02, 1.146995757285988e-03, 1.221329066021730e-01, 9.229186896889802e-04, 1.230578364249475e-13, 2.194351130474973e+01, 1.297391194214453e+00, 1.442428811474241e+05, 1.495114644839772e+03
1722, 4.980208806417082e-02, 1.294569774677152e-03, 1.229260299635101e-01, 9.289120652154646e-04, 1.238517999767149e-13, 2.156920981111883e+01, 1.467713531300605e+00, 1.440070066711051e+05, 1.462708693228130e+03
1723, 4.995779504912262e-02, 1.264410870157542e-03, 1.219210407002422e-01, 9.213176879111875e-04, 1.228296940355119e-13, 2.138623057485391e+01, 1.359643265754624e+00, 1.442259611998815e+05, 1.519414080008185e+03
1724, 4.960019334587504e-02, 1.349118491070089e-03, 1.242482210378446e-01, 9.389034335353883e-04, 1.251726736464396e-13, 2.176530811288075e+01, 1.552620421264627e+00, 1.437242821944327e+05, 1.391142186763311e+03
1725, 5.000940175973814e-02, 1.111677060741354e-03, 1.211547233992029e-01, 9.155268770720822e-04, 1.220686124602648e-13, 2.176525516585609e+01, 1.226077602367821e+00, 1.444671191791110e+05, 1.552081494959679e+03
1726, 5.011751061431979e-02, 1.229437604668988e-03, 1.208973445520723e-01, 9.135819487562483e-04, 1.218006987299746e-13, 2.119779415940955e+01, 1.292524970313100e+00, 1.444537659108112e+05, 1.579133538954023e+03
1727, 5.006912011010562e-02, 1.394920315096868e-03, 1.218223398513661e-01, 9.205718376678022e-04, 1.227250604263827e-13, 2.078834121093507e+01, 1.441949902441408e+00, 1.441879138947456e+05, 1.543526983152611e+03
1728, 5.024426766843661e-02, 1.346468405643892e-03, 1.206052870312794e-01, 9.113749649719339e-04, 1.214977820161334e-13, 2.061329639175290e+01, 1.366912705419666e+00, 1.444259591971461e+05, 1.610601436892032e+03
1729, 5.019742044354945e-02, 1.570059819804090e-03, 1.219648414556152e-01, 9.216486759870741e-04, 1.228655527928948e-13, 2.005664879254943e+01, 1.631801887935350e+00, 1.440611684953056e+05, 1.564022216211209e+03
1730, 5.027366808183816e-02, 1.154770774653692e-03, 1.197294304814650e-01, 9.047564016232033e-04, 1.206186076038191e-13, 2.112973839107765e+01, 1.198594978929168e+00, 1.447029042271856e+05, 1.642683273678299e+03
1731, 5.041739256035743e-02, 1.281862955539904e-03, 1.193029180915037e-01, 9.015333860819730e-04, 1.201641838916809e-13, 2.052339766428644e+01, 1.234271791591502e+00, 1.446829777965906e+05, 1.680009770205041e+03
1732, 4.942734401726165e-02, 1.108400220729466e-03, 1.245167136503329e-01, 9.409323449647939e-04, 1.254244155183879e-13, 2.295698315469996e+01, 1.259031175939895e+00, 1.438171509666301e+05, 1.355567369149264e+03
1733, 3.449824422571327e-02, 1.360460801948415e-03, 1.566176479313234e+00, 1.183508674544100e-02, 1.577321209019885e-12, 6.906532742064587e+01, 7.864013822244319e+00, -1.134503846181520e+05, 3.642772698385945e-04
1734, 3.427644184375744e-02, 1.321956772821030e-03, 1.561544650336222e+00, 1.180008551891443e-02, 1.572684677748804e-12, 6.869353137942619e+01, 4.459561906533943e+00, -1.126474598986565e+05, 3.631811170520329e-04
1735, 3.419433333716582e-02, 1.160683480304201e-03, 1.562956513818708e+00, 1.181075451248486e-02, 1.574106958678035e-12, 7.122057281945685e+01, 3.740749405788520e+00, -1.128968634496026e+05, 3.635010760950305e-04
1736, 3.434247900924996e-02, 1.534056366443626e-03, 1.561546891898263e+00, 1.180010245767040e-02, 1.572691931205403e-12, 6.637942632146091e+01, 5.050498632866248e+00, -1.126054249446340e+05, 3.632131417283786e-04
1737, 1.542506989231287e-02, 4.700250897804849e-03, 1.743289698298309e+00, 1.317347379066808e-02, 1.755762102651150e-12, 4.480404170217187e+01, -3.104141397758194e+00, -1.239815776914287e+05, 4.054402422315306e-04
1738, 4.777283272290095e-02, 1.756954189538681e-03, 1.383857149150793e-01, 1.045735880970430e-03, 1.393912919043284e-13, 2.383322378907919e+01, 2.057924190423444e+00, 1.411398867327027e+05, 8.336340980161710e+02
1739, 5.315270218480300e-02, 1.016153695567127e-03, 1.067947996093167e-01, 8.070135990627480e-04, 1.077144146357710e-13, 1.621810050891666e+01, 9.397430587082889e-01, 1.474144348091636e+05, 2.701976840765292e+03
1740, 5.874651755443028e-02, 9.819554810185165e-04, 9.523038956375998e-02, 7.196251100536147e-04, 9.591258358608400e-14, 6.495571663738945e+00, 8.155209596272353e-01, 1.499939247995435e+05, 4.064298560533528e+03
1741, 5.466563546308709e-02, 9.610932632775068e-04, 1.017247922654768e-01, 7.687012009985275e-04, 1.025440400921555e-13, 1.357080227692150e+01, 8.967378533070913e-01, 1.484742655372428e+05, 3.248534891532258e+03
1742, 5.136354799248744e-02, 9.546693991152284e-04, 1.138543739566766e-01, 8.603605084887183e-04, 1.147596689898781e-13, 1.969040033174598e+01, 1.020471675034800e+00, 1.459381314967507e+05, 2.046753068152446e+03
1743, 5.147339813911234e-02, 1.103348553038332e-03, 1.137717224699685e-01, 8.597359380602062e-04, 1.146681423413262e-13, 1.907389092435730e+01, 1.174928170522556e+00, 1.458772266926483e+05, 2.070384609732798e+03
1744, 5.165700254084921e-02, 1.064917880567065e-03, 1.128819205834414e-01, 8.530119943332913e-04, 1.137783112379054e-13, 1.882618359690706e+01, 1.151077032871043e+00, 1.461061698162635e+05, 2.142896914800614e+03
1745, 5.159576427087900e-02, 1.244531256000336e-03, 1.137356358255040e-01, 8.594632430138660e-04, 1.146389858680186e-13, 1.847046787026757e+01, 1.320749554249797e+00, 1.458332668614396e+05, 2.096217335377025e+03
1746, 5.177001481422761e-02, 1.206467794479179e-03, 1.128483856832409e-01, 8.527585819892089e-04, 1.137439195323030e-13, 1.824998083457244e+01, 1.286930685127611e+00, 1.460393759211839e+05, 2.165891084057741e+03
1747, 5.139499715199795e-02, 1.289278137463605e-03, 1.147634437772539e-01, 8.672300537324035e-04, 1.156566886039940e-13, 1.873076993248445e+01, 1.354954378584636e+00, 1.455829952970867e+05, 2.017199456451993e+03
1748, 5.182607941107260e-02, 1.045250471931546e-03, 1.120811144140522e-01, 8.469605623227992e-04, 1.129681693977299e-13, 1.855511475260199e+01, 1.130383714196696e+00, 1.462761503431955e+05, 2.208702768582972e+03
1749, 5.192489456759300e-02, 1.173735527246833e-03, 1.120585254848680e-01, 8.467898651249383e-04, 1.129429942901797e-13, 1.804413819263351e+01, 1.241484338617703e+00, 1.462188048653485e+05, 2.228597322001742e+03
1750, 5.189057516936833e-02, 1.344006595450524e-03, 1.128821032860898e-01, 8.530133749578546e-04, 1.137691173094589e-13, 1.767072288195517e+01, 1.406758454956812e+00, 1.459698567600784e+05, 2.189022562684404e+03
1751, 5.204219120267055e-02, 1.285275657423599e-03, 1.119719870826991e-01, 8.461359225392963e-04, 1.128446467188492e-13, 1.755182962877378e+01, 1.293698498851979e+00, 1.461887880335996e+05, 2.255526308563948e+03
1752, 5.206783519909021e-02, 1.134602029304819e-03, 1.112930722682287e-01, 8.410055838908974e-04, 1.121656592611966e-13, 1.788683394542986e+01, 1.167829443263843e+00, 1.463987583484846e+05, 2.288328596764292e+03
1753, 5.172743045640396e-02, 9.647210663368024e-04, 1.122647389910526e-01, 8.483481535847762e-04, 1.131464846033619e-13, 1.896345884306008e+01, 1.043883650578056e+00, 1.462643014248562e+05, 2.181142001496597e+03
1754, 5.213708565476334e-02, 1.579422097908818e-03, 1.131016247011115e-01, 8.546722269605192e-04, 1.140052356932026e-13, 1.647897727783882e+01, 1.551033241564825e+00, 1.458403709158935e+05, 2.235649488611620e+03
1755, 4.263222311525017e-02, 9.699390559420255e-04, 2.019186942702319e-01, 1.525833961739934e-03, 2.033398690173410e-13, 3.897042944052678e+01, 1.185875951527414e+00, 1.323671950468324e+05, 9.091541265667283e+01
1756, 6.016908558015671e-02, 2.061986301046102e-03, 1.083719681356216e-01, 8.189317491357831e-04, 1.090977471694669e-13, 4.084420786582896e+00, 1.697874351677763e+00, 1.467487959122573e+05, 3.503945392067280e+03
1757, 4.062811271308968e-02, 9.700591267992251e-04, 2.566114665576871e-01, 1.939129470209428e-03, 2.583956984242676e-13, 4.369050639697065e+01, 1.095566097912121e+00, 1.242918789162502e+05, 1.944411441837483e+01
1758, 4.050629350849866e-02, 1.106836778541917e-03, 2.609229206997200e-01, 1.971709728209641e-03, 2.627681316613056e-13, 4.354636759404340e+01, 1.297688467820689e+00, 1.235584753192652e+05, 1.748276260583273e+01
1759, 4.031957599968424e-02, 1.060865929759075e-03, 2.682386099015444e-01, 2.026992014369498e-03, 2.701581396080448e-13, 4.427807973443522e+01, 1.258118431281628e+00, 1.223342906394056e+05, 1.428504223122183e+01
1760, 4.038081873739108e-02, 1.237963984843343e-03, 2.649537528004270e-01, 2.002169416628129e-03, 2.668015773584035e-13, 4.332859862742800e+01, 1.470360828108004e+00, 1.228038489133405e+05, 1.571945558820113e+01
1761, 4.021436900419441e-02, 1.197264047480700e-03, 2.720592135244888e-01, 2.055863074492514e-03, 2.740100894148180e-13, 4.400569306291834e+01, 1.425392871897928e+00, 1.216923727020969e+05, 1.304245877234493e+01
1762, 4.057434967087823e-02, 1.297761875533384e-03, 2.572425083700965e-01, 1.943898048137011e-03, 2.590008214415213e-13, 4.252302899719112e+01, 1.541062741934765e+00, 1.240046897539404e+05, 1.930737606146743e+01
1763, 4.043473021766947e-02, 1.448714484094129e-03, 2.618908632202712e-01, 1.979024155317193e-03, 2.636705253808850e-13, 4.219800417305401e+01, 1.725605378093966e+00, 1.231630328621019e+05, 1.722769899928081e+01
1764, 3.861863412194803e-02, 9.600611721927244e-04, 3.563108634281432e-01, 2.692525416333536e-03, 3.590525960543977e-13, 4.717118587602634e+01, 9.584526473589008e-01, 1.086103789060332e+05, 1.729371857874423e+00
1765, 4.140126365977454e-02, 9.559732322467018e-04, 2.332305405855571e-01, 1.762447409966474e-03, 2.349811863243449e-13, 4.211748622233627e+01, 1.203207238233259e+00, 1.279615832408431e+05, 3.674016897019553e+01
1766, 4.117302122980729e-02, 9.921528044296688e-04, 2.394461518569003e-01, 1.809416764661856e-03, 2.411706327167950e-13, 4.231091133280828e+01, 1.225925023334952e+00, 1.271310981616460e+05, 3.103689225529910e+01
1767, 2.421925446882452e-02, 3.865171188897967e-03, 1.568556451585475e+00, 1.185307142256106e-02, 1.579788593030478e-12, 2.012397582270354e+01, -5.109349241044730e+00, -1.105530879654799e+05, 3.648014646450958e-04
1768, 5.218926604201267e-02, 1.215803577039639e-03, 1.110481257026769e-01, 8.391546022872462e-04, 1.119098074008831e-13, 1.747103073196612e+01, 1.205499276101178e+00, 1.464017698652968e+05, 2.321792380017214e+03
1769, 4.342480660713303e-02, 9.387598967461473e-04, 1.878759445566247e-01, 1.419717465163444e-03, 1.892844041299075e-13, 3.732016576530383e+01, 1.254470604005742e+00, 1.345329104339668e+05, 1.418962656912521e+02
1770, 4.352846099203315e-02, 1.077015438874578e-03, 1.858159172395867e-01, 1.404150508107781e-03, 1.871798267173704e-13, 3.660178119449188e+01, 1.416427871934787e+00, 1.346975921876882e+05, 1.510511995883437e+02
1771, 4.369221591772271e-02, 1.039641701307703e-03, 1.832471122218465e-01, 1.384738883288545e-03, 1.846192681931574e-13, 3.643599102155788e+01, 1.338648374407134e+00, 1.350572620966436e+05, 1.645091904761601e+02
1772, 5.057865496768682e-02, 9.509567619165399e-04, 1.174793084367644e-01, 8.877529604793858e-04, 1.183430550369026e-13, 2.108964735922815e+01, 9.109358414495912e-01, 1.452515536404398e+05, 1.772105987207343e+03
1773, 5.062051223489755e-02, 1.153949491116452e-03, 1.177952948491405e-01, 8.901407671220253e-04, 1.186642348117544e-13, 2.049915818177501e+01, 1.086295164731712e+00, 1.450686732463115e+05, 1.766558012284849e+03
1774, 5.542869810104557e-02, 9.530223930151339e-04, 9.977647237098837e-02, 7.539783806371490e-04, 1.005627618594395e-13, 1.229820568335874e+01, 9.641063517783693e-01, 1.489875089573498e+05, 3.490703257505944e+03
1775, 4.543140843737795e-02, 9.541465603877487e-04, 1.586724895093651e-01, 1.199036444655201e-03, 1.598393956969875e-13, 3.250110531969244e+01, 1.263413091127785e+00, 1.386106022766675e+05, 3.766394613525837e+02
1776, 5.870459320163474e-02, 4.811580358028165e-03, 2.397137988435343e-01, 1.811439285976983e-03, 2.373236560026102e-13, 3.159613288230188e+00, 9.649159183894943e+00, 1.220087759136304e+05, 2.018943625324385e+03
1777, 5.432292965927517e-02, 9.273344186637611e-04, 1.027265340022297e-01, 7.762710378001519e-04, 1.035854261729340e-13, 1.427645003791955e+01, 9.387586686956577e-01, 1.483354953485205e+05, 3.137102327995630e+03
1778, 5.439534012433892e-02, 1.062075556444328e-03, 1.029277104431578e-01, 7.777912627945670e-04, 1.037896231998352e-13, 1.385694222734524e+01, 1.047681710716381e+00, 1.482236992721809e+05, 3.139525956930932e+03
1779, 5.423211996124974e-02, 1.048884532198253e-03, 1.034034882306639e-01, 7.813865609369115e-04, 1.042840188194554e-13, 1.417718330884344e+01, 1.061228586158861e+00, 1.481325372061859e+05, 3.084688284719460e+03
1780, 5.432235305976992e-02, 1.198001015369880e-03, 1.036645317918299e-01, 7.833591823059237e-04, 1.045467095284025e-13, 1.367461348284297e+01, 1.171955197615140e+00, 1.479937146048983e+05, 3.088005303070099e+03
1781, 5.416683670672469e-02, 1.194839952300645e-03, 1.041599209502745e-01, 7.871026772059916e-04, 1.050597240850873e-13, 1.396659214546047e+01, 1.198508372333396e+00, 1.478998269062699e+05, 3.034132850625582e+03
1782, 5.408901076806783e-02, 1.080663007910921e-03, 1.039955173041333e-01, 7.858603322729347e-04, 1.048940457989586e-13, 1.437243288593251e+01, 1.092344166628600e+00, 1.480106067286289e+05, 3.028201961875207e+03
1783, 5.401675134574277e-02, 1.204106055510974e-03, 1.047104968162724e-01, 7.912632001228427e-04, 1.056227277457895e-13, 1.421050497004107e+01, 1.201490215950179e+00, 1.478110617641102e+05, 2.979386826166139e+03
1784, 5.395652789297084e-02, 1.078727855589207e-03, 1.044337412307285e-01, 7.891718480910280e-04, 1.053419797791619e-13, 1.461684792933872e+01, 1.082458110133830e+00, 1.479372881845919e+05, 2.981075844959792e+03
1785, 5.409639763762805e-02, 1.338005665219113e-03, 1.050414299171178e-01, 7.937639540335092e-04, 1.059595959615841e-13, 1.372534166489307e+01, 1.336925829795118e+00, 1.476775913068597e+05, 2.979897123224480e+03
1786, 5.388328893362583e-02, 1.194472088201442e-03, 1.051328495608329e-01, 7.944547825754307e-04, 1.060570272486317e-13, 1.447225423298785e+01, 1.194011058545114e+00, 1.477655422798007e+05, 2.933810360845638e+03
1787, 5.745932081110772e-02, 9.515124144136012e-04, 9.567467876748766e-02, 7.229824592000984e-04, 9.642566034775774e-14, 8.854891194327013e+00, 9.273689161417730e-01, 1.499836453742119e+05, 3.986520186883687e+03
1788, 5.757340926240445e-02, 1.073811252456070e-03, 9.596616736607125e-02, 7.251851438241461e-04, 9.672412253842407e-14, 8.489835741510083e+00, 1.067974573369437e+00, 1.498984203137648e+05, 3.977980361686510e+03
1789, 5.772600023832516e-02, 1.030241847398950e-03, 9.564579231378784e-02, 7.227641736557600e-04, 9.639816297040569e-14, 8.258829377970926e+00, 1.050489973743222e+00, 1.500081736911354e+05, 4.007963872540794e+03
1790, 4.749337577628640e-02, 9.241377007089082e-04, 1.380575084543728e-01, 1.043255731393278e-03, 1.390762390587677e-13, 2.757278344240695e+01, 1.176489983012994e+00, 1.417789094540603e+05, 8.029597799282589e+02
1791, 4.757674343984323e-02, 1.056311603115019e-03, 1.374814588341249e-01, 1.038902711592933e-03, 1.384835336414337e-13, 2.687318744402159e+01, 1.314040136204866e+00, 1.417367172176332e+05, 8.207226674363067e+02
1792, 4.773456051052356e-02, 1.046459388386551e-03, 1.362428776333205e-01, 1.029543155919328e-03, 1.372492292733862e-13, 2.660686850537038e+01, 1.277918778484179e+00, 1.419626428074509e+05, 8.619335559270212e+02
1793, 4.767190309537285e-02, 1.181429690425074e-03, 1.369758515747478e-01, 1.035082001824325e-03, 1.379849909990850e-13, 2.619471117327787e+01, 1.421928926273750e+00, 1.417540641194319e+05, 8.409466640193920e+02
1794, 4.782285004999280e-02, 1.162553504807178e-03, 1.357412824989936e-01, 1.025752764476051e-03, 1.367437768284135e-13, 2.594811852027030e+01, 1.403687863443123e+00, 1.419425425562755e+05, 8.814130725775168e+02
1795, 4.787867524462785e-02, 1.028399029570159e-03, 1.351077025673408e-01, 1.020965006806123e-03, 1.361093710193655e-13, 2.636694410216624e+01, 1.255299830933932e+00, 1.421681427782913e+05, 9.014183398356802e+02
1796, 4.777309347529616e-02, 1.327023264097275e-03, 1.365681713962392e-01, 1.032001295185703e-03, 1.375873442256617e-13, 2.544050029150244e+01, 1.550487351631483e+00, 1.417200590030522e+05, 8.608723974776609e+02
1797, 3.148659413184212e-02, 9.369958778057237e-04, 1.567159680930093e+00, 1.184251648058094e-02, 1.578363078892652e-12, 8.096981760958077e+01, 3.084984934028083e-01, -1.126980340391525e+05, 3.644762356931162e-04
1798, 3.140503418934765e-02, 1.128831469158087e-03, 1.568910833904887e+00, 1.185574937459701e-02, 1.580124525364688e-12, 7.736953907255702e+01, 1.552041544886115e-01, -1.131772840653720e+05, 3.648836339318044e-04
1799, 3.160181286244875e-02, 1.088985144223628e-03, 1.567835050042417e+00, 1.184762002551034e-02, 1.579039354578075e-12, 7.799795169672480e+01, 5.491677043245120e-01, -1.130184574224266e+05, 3.646332935314071e-04
1800, 3.114449816292304e-02, 1.204309784417506e-03, 1.569679283172117e+00, 1.186155629601184e-02, 1.580903852188912e-12, 7.609192234347208e+01, -6.104490532046010e-02, -1.132994576200940e+05, 3.650625739133567e-04
1801, 3.247589103567117e-02, 1.199701187917451e-03, 1.567375782483203e+00, 1.184414948979840e-02, 1.578574942873068e-12, 7.370124820270749e+01, -9.733521249371477e-02, -1.133535638168357e+05, 3.645258700696389e-04
1802, 3.237188536987316e-02, 1.059095738391402e-03, 1.567530653036403e+00, 1.184531979624577e-02, 1.578727173104985e-12, 7.741416924029818e+01, -1.548186367639700e-02, -1.130778875652134e+05, 3.645619318828076e-04
1803, 3.227020517445594e-02, 1.201199221077803e-03, 1.567650705415114e+00, 1.184622699306221e-02, 1.578857961235808e-12, 7.435768510517909e+01, 5.560220475022120e-01, -1.132601564153932e+05, 3.645899662386702e-04
1804, 2.960014697718352e-02, 9.049993064210823e-04, 1.572496051558373e+00, 1.188284169943444e-02, 1.583738483061003e-12, 7.942862378542875e+01, -2.470169716404948e+00, -1.127612688620526e+05, 3.657183791107873e-04
1805, 2.966061372658024e-02, 1.022876674855196e-03, 1.573557302899715e+00, 1.189086123098110e-02, 1.584803642610664e-12, 7.841237729184105e+01, -2.655416493918451e+00, -1.131125279130087e+05, 3.659654247313929e-04
1806, 2.979482788535872e-02, 1.022251402224907e-03, 1.572650068311971e+00, 1.188400555399563e-02, 1.583889832860310e-12, 7.901216672189531e+01, -2.300789074985155e+00, -1.130370165840367e+05, 3.657543411433856e-04
1807, 2.973350451319591e-02, 1.137279897704630e-03, 1.574158860449564e+00, 1.189540700591697e-02, 1.585416891056711e-12, 7.682965537448034e+01, -2.705543334754684e+00, -1.133911645509012e+05, 3.661055089275014e-04
1808, 2.987497908917259e-02, 1.136068902561434e-03, 1.573343124543058e+00, 1.188924275473431e-02, 1.584591156615094e-12, 7.755450935258644e+01, -2.349163380203098e+00, -1.133176080319803e+05, 3.659156582775960e-04
1809, 2.958436523082121e-02, 1.151941692676408e-03, 1.575449003346531e+00, 1.190515619657416e-02, 1.586711848085105e-12, 7.593216875210965e+01, -3.090952154284424e+00, -1.135228810160639e+05, 3.664057179325454e-04
1810, 2.981949214149355e-02, 1.252384433226495e-03, 1.574319220256558e+00, 1.189661879287160e-02, 1.585571915137584e-12, 7.569724897478144e+01, -2.746835526370845e+00, -1.135630435914010e+05, 3.661428660131857e-04
1811, 2.996143646398225e-02, 1.257982107025187e-03, 1.573662327777670e+00, 1.189165486985732e-02, 1.584915114854058e-12, 7.580107899273939e+01, -2.166582116571202e+00, -1.135512280765589e+05, 3.659899590031489e-04
1812, 3.002298969643954e-02, 1.127987786157663e-03, 1.572777231620922e+00, 1.188496648580130e-02, 1.584021067161853e-12, 7.806425924483830e+01, -1.898246452026959e+00, -1.132810079915751e+05, 3.657839119352990e-04
1813, 3.010800187528879e-02, 1.239651888881184e-03, 1.573147118446220e+00, 1.188776160035014e-02, 1.584394891325443e-12, 7.620561662220760e+01, -1.715554133462992e+00, -1.135432073158459e+05, 3.658699779400002e-04
1814, 2.986234986145265e-02, 1.429890214645252e-03, 1.574213015406565e+00, 1.189581623733008e-02, 1.585469792998681e-12, 7.266555087974471e+01, -2.735115469395220e+00, -1.137880827524723e+05, 3.661182250811103e-04
1815, 3.016844010590823e-02, 1.106975273604382e-03, 1.572107841256538e+00, 1.187990812032737e-02, 1.583339036105979e-12, 7.864825969786060e+01, -1.431752510375701e+00, -1.132192650214823e+05, 3.656280803502134e-04
1816, 3.006026517366572e-02, 1.007796214555533e-03, 1.571438654511088e+00, 1.187485129353556e-02, 1.582662794704740e-12, 8.010155562665810e+01, -1.628859959627308e+00, -1.129295112078561e+05, 3.654723984022819e-04
1817, 3.956880716281336e-02, 9.084988458871758e-04, 3.034278464580533e-01, 2.292905640740900e-03, 3.057879024054038e-13, 4.640171577004591e+01, 1.178250996052431e+00, 1.171246294123029e+05, 5.874765086883640e+00
1818, 3.644052374217169e-02, 9.213050809224715e-04, 6.426919084014641e-01, 4.856613917391702e-03, 6.473245719410049e-13, 4.619209204198177e+01, 1.289909399786907e+00, 5.899309914277706e+04, 7.477967242246822e-03
1819, 2.845446289691143e-02, 9.248090930320451e-04, 1.577106895650104e+00, 1.191768435000167e-02, 1.588386241559155e-12, 7.133271075127971e+01, -3.848889164536176e+00, -1.129869790862059e+05, 3.667906614554999e-04
1820, 2.836985737796012e-02, 1.042667320292966e-03, 1.579272464316141e+00, 1.193404884873747e-02, 1.590558078475135e-12, 6.956099120919583e+01, -4.195253700416179e+00, -1.134351843545915e+05, 3.672951745319752e-04
1821, 2.821714583009673e-02, 1.047315286798810e-03, 1.579419729973200e+00, 1.193516168745583e-02, 1.590683713838412e-12, 6.855771259832375e+01, -3.907444895516272e+00, -1.134350435048702e+05, 3.673293580535632e-04
1822, 3.756593324010915e-02, 9.088751668796935e-04, 4.563758444180876e-01, 3.448683962857167e-03, 4.598079949936516e-13, 4.824562171221191e+01, 1.196175470347128e+00, 9.214108772732825e+04, 2.024368539913091e-01
1823, 3.763124488066720e-02, 1.032801147835166e-03, 4.463831716208477e-01, 3.373172581518259e-03, 4.494159831850213e-13, 4.808009836290006e+01, 1.206986016123107e+00, 9.355459363766089e+04, 2.434134259822642e-01
1824, 3.776498249118124e-02, 1.023860445448160e-03, 4.324693074415129e-01, 3.268030031044473e-03, 4.355651279985397e-13, 4.841393034100103e+01, 1.097386952368288e+00, 9.578932246997058e+04, 3.216459735012704e-01
1825, 3.770833838608559e-02, 1.155224119880632e-03, 4.388082088528601e-01, 3.315931049266418e-03, 4.418154793413496e-13, 4.768961716912590e+01, 1.306419650081617e+00, 9.477622479481822e+04, 2.960040548775082e-01
1826, 3.756140657419746e-02, 1.152428155391375e-03, 4.546968669247386e-01, 3.435996475502697e-03, 4.574927573670993e-13, 4.719644082204572e+01, 1.310688794873971e+00, 9.227602870017635e+04, 2.165020283188543e-01
1827, 3.784208298320065e-02, 1.121651015866101e-03, 4.245541983166757e-01, 3.208218123300141e-03, 4.275686358019812e-13, 4.801857500761697e+01, 1.199107406171313e+00, 9.702892370443624e+04, 3.890360687614685e-01
1828, 3.763595542891238e-02, 1.330882762394800e-03, 4.506937464283260e-01, 3.405746194672436e-03, 4.541588623897509e-13, 4.610483760983932e+01, 1.654137706437718e+00, 9.305418689650994e+04, 2.666328084194016e-01
1829, 2.560478364660247e-02, 9.047695619212862e-04, 1.581773283054762e+00, 1.195294672333660e-02, 1.593081103675626e-12, 5.047606807191234e+01, -4.335171797923547e+00, -1.128383311839792e+05, 3.678716291255981e-04
1830, 2.566538653378334e-02, 1.022336996431931e-03, 1.584137736718412e+00, 1.197081413137425e-02, 1.595464513530946e-12, 5.111272736038722e+01, -4.739141141800427e+00, -1.133253688822622e+05, 3.684211935521978e-04
1831, 2.578989556550811e-02, 1.015331281690493e-03, 1.583708771410718e+00, 1.196757257993073e-02, 1.595025995221622e-12, 5.218304625555876e+01, -4.622486971956843e+00, -1.132998399155436e+05, 3.683213353204210e-04
1832, 2.574003434340392e-02, 1.148534338411550e-03, 1.586460831058154e+00, 1.198836900044033e-02, 1.597791400144285e-12, 5.157275450537127e+01, -5.123151797938709e+00, -1.138080080590966e+05, 3.689611593737216e-04
1833, 2.558242712152157e-02, 1.154595015197622e-03, 1.586910974679667e+00, 1.199177058951977e-02, 1.598243621234636e-12, 5.032034706911605e+01, -5.174170443474281e+00, -1.138230158356783e+05, 3.690659700793627e-04
1834, 2.587491743410386e-02, 1.131534258195422e-03, 1.585828333759740e+00, 1.198358942387802e-02, 1.597139654663108e-12, 5.270377251432287e+01, -4.969414248690023e+00, -1.137414408162819e+05, 3.688139771119361e-04
1835, 2.567082837502238e-02, 1.297620622446792e-03, 1.589278753810720e+00, 1.200966312703404e-02, 1.600615035591533e-12, 5.078471623512473e+01, -5.610004121515414e+00, -1.143252440614112e+05, 3.696163449952275e-04
1836, 2.548838140205014e-02, 1.311525327338075e-03, 1.589487188979483e+00, 1.201123820387610e-02, 1.600802054182220e-12, 4.951433441775617e+01, -5.625023229814372e+00, -1.143028067715658e+05, 3.696649685391309e-04
1837, 4.796084231767805e-02, 1.146015367523798e-03, 1.346140031374843e-01, 1.017234280635938e-03, 1.356016096320762e-13, 2.573328217070582e+01, 1.382623417919725e+00, 1.421241536239570e+05, 9.198878684823649e+02
1838, 4.373310014342058e-02, 9.097147253161540e-04, 1.827625851675631e-01, 1.381077469780112e-03, 1.841245804688979e-13, 3.684321648955346e+01, 1.175291135725665e+00, 1.351690299367419e+05, 1.672526199296632e+02
1839, 4.382064645706749e-02, 1.006799976121919e-03, 1.812102422704428e-01, 1.369346918920255e-03, 1.825640438622950e-13, 3.629445750691752e+01, 1.271694367013813e+00, 1.353501388407312e+05, 1.760960533635972e+02
1840, 4.380422760945578e-02, 1.133214752353812e-03, 1.813635108202170e-01, 1.370505119548238e-03, 1.827443307909580e-13, 3.580646959089914e+01, 1.434775524135512e+00, 1.352815754064126e+05, 1.754001304142782e+02
1841, 4.392439944023580e-02, 1.088389816722350e-03, 1.793728477365578e-01, 1.355462325465182e-03, 1.807272293901838e-13, 3.569303486844217e+01, 1.358450319444060e+00, 1.355493011219446e+05, 1.869828020105116e+02
1842, 4.391315554082063e-02, 1.212143162016550e-03, 1.794701809277591e-01, 1.356197840763903e-03, 1.808467792139424e-13, 3.509512668857290e+01, 1.561163327805996e+00, 1.354574592123364e+05, 1.866240921844447e+02
1843, 4.404335056353088e-02, 1.162625638394436e-03, 1.773681919888228e-01, 1.340313793366423e-03, 1.787067508129150e-13, 3.498962588683379e+01, 1.482790942072191e+00, 1.357643351775834e+05, 1.998529742549017e+02
1844, 4.402263618489150e-02, 1.330836756354582e-03, 1.776641358271165e-01, 1.342550144789277e-03, 1.790224214779544e-13, 3.425440908350865e+01, 1.752911554930949e+00, 1.356147328503627e+05, 1.984432335816861e+02
1845, 4.416790941615092e-02, 1.254953142042275e-03, 1.753255590654608e-01, 1.324878280091661e-03, 1.766352687598783e-13, 3.416654082762154e+01, 1.647870687659689e+00, 1.359564340785083e+05, 2.139199614283051e+02
1846, 4.385054164787034e-02, 1.383234150555395e-03, 1.804675332496107e-01, 1.363734508183459e-03, 1.818397957826651e-13, 3.448202096845142e+01, 1.825492810804646e+00, 1.352221736026649e+05, 1.813147806151698e+02
1847, 4.416959583710721e-02, 1.109333466702555e-03, 1.753517670245880e-01, 1.325076325122871e-03, 1.766458234964169e-13, 3.488609903098754e+01, 1.407476399542683e+00, 1.360686800235107e+05, 2.134887241787730e+02
1848, 4.431344747396403e-02, 1.202610905879748e-03, 1.730080061585781e-01, 1.307365285833140e-03, 1.742694297568914e-13, 3.400580623229413e+01, 1.508887250624412e+00, 1.363307540813037e+05, 2.307223169135740e+02
1849, 4.416544226789516e-02, 1.484066539786155e-03, 1.755062194108458e-01, 1.326243471618502e-03, 1.768217900055058e-13, 3.327982565024342e+01, 1.978478341971244e+00, 1.358052638096900e+05, 2.139093744031875e+02
1850, 4.403628117715919e-02, 1.020067156595733e-03, 1.776018266356403e-01, 1.342079294475923e-03, 1.789094060208717e-13, 3.569171369201082e+01, 1.277226092190824e+00, 1.358236802631169e+05, 1.981917701631355e+02
1851, 3.359223465600397e-02, 9.092989516010469e-04, 1.563045589703752e+00, 1.181142763000407e-02, 1.574209487316269e-12, 7.898608712576072e+01, 1.528378099539605e+00, -1.125025161570120e+05, 3.635185526755700e-04
1852, 3.366326976962569e-02, 1.023219094334978e-03, 1.563666167780038e+00, 1.181611713687777e-02, 1.574835998554947e-12, 7.635482098310666e+01, 1.831606928227375e+00, -1.127829817372524e+05, 3.636638854654402e-04
1853, 3.379384834039410e-02, 1.016437876513614e-03, 1.563348983345848e+00, 1.181372027717357e-02, 1.574511999881304e-12, 7.607535790066406e+01, 2.229328871999905e+00, -1.127500171984022e+05, 3.635861098365768e-04
1854, 3.373774591272046e-02, 1.137277494458528e-03, 1.563914007412882e+00, 1.181798998045090e-02, 1.575084033547718e-12, 7.339145509002323e+01, 2.070274819369697e+00, -1.130116423170391e+05, 3.637219774136795e-04
1855, 3.386163870716370e-02, 1.123304057466642e-03, 1.563659649999285e+00, 1.181606788412650e-02, 1.574822123410689e-12, 7.348066643839942e+01, 2.508432958830968e+00, -1.129627155082881e+05, 3.636620516413092e-04
1856, 3.350767332114604e-02, 1.049455001265137e-03, 1.564189213699425e+00, 1.182006962493359e-02, 1.575361488734691e-12, 7.621671801367678e+01, 1.478571628610669e+00, -1.128552414507396e+05, 3.637848411716130e-04
1857, 3.382373857674127e-02, 1.261920432768847e-03, 1.563635755584695e+00, 1.181588732179961e-02, 1.574797605147408e-12, 7.040819826874586e+01, 2.230289770625824e+00, -1.131472067017590e+05, 3.636564767843577e-04
1858, 3.572264572902130e-02, 1.041037002096186e-03, 9.040033002197368e-01, 6.831259195614825e-03, 9.113632377826348e-13, 3.832479441115451e+01, 4.771904748476152e+00, 1.363317786935817e+04, 3.363387508204282e-04
1859, 5.538018468432510e-02, 1.156785394755995e-03, 1.006358143962050e-01, 7.604721490896477e-04, 1.014413999250074e-13, 1.197585866995586e+01, 1.148844956819385e+00, 1.487412877615705e+05, 3.437065835184540e+03
1860, 1.863565941129383e-02, 3.900646272757305e-03, 1.633838380097659e+00, 1.234638574381195e-02, 1.645405613606001e-12, 2.267830924480796e+01, -5.074726322517830e+00, -1.151685490207150e+05, 3.799853178765169e-04
1861, 4.920103532992852e-02, 4.572868688349364e-03, 4.497171294798543e-01, 3.398366217725824e-03, 4.576355996355629e-13, 6.283555684775186e+00, 2.292134329507422e+01, 8.286993555320786e+04, 4.051776240284092e+02
1862, 4.762793498472502e-02, 4.452450670067817e-03, 4.328584254288076e-01, 3.270970469233284e-03, 4.376410131065960e-13, 8.742750077700620e+00, 2.325028894556808e+01, 8.566765628043259e+04, 2.578096718347072e+02
1863, 4.780590394175156e-02, 4.190247113468155e-03, 2.790306305077087e-01, 2.108543807363161e-03, 2.811166958813073e-13, 1.395925265253095e+01, 1.245330157676324e+01, 1.152057154133174e+05, 3.759119448801023e+02
1864, 4.744558735372205e-02, 4.182305963900359e-03, 2.797007515629580e-01, 2.113607694430138e-03, 2.820836496620551e-13, 1.406823666683667e+01, 1.202746486121657e+01, 1.149949141233532e+05, 3.317081675101268e+02
1865, 4.812702858797706e-02, 4.227710511349682e-03, 2.841178147499674e-01, 2.146986005667178e-03, 2.864000333737248e-13, 1.339278852184528e+01, 1.251051720288740e+01, 1.140521032640321e+05, 4.116136195166564e+02
1866, 4.766673887672844e-02, 3.873194573389777e-03, 2.115765468268855e-01, 1.598815215316564e-03, 2.132131992347868e-13, 1.672682122677448e+01, 7.122380313363003e+00, 1.267830267821072e+05, 4.363009352642507e+02
1867, 4.729306665030401e-02, 3.859329270116512e-03, 2.119691507095441e-01, 1.601781995286621e-03, 2.133752978337485e-13, 1.686437274741479e+01, 7.080246063363316e+00, 1.269097569610049e+05, 3.884000712331984e+02
1868, 4.712084918580037e-02, 4.127310600875190e-03, 2.608785189487808e-01, 1.971374198605119e-03, 2.631593365582878e-13, 1.400340829432059e+01, 1.005975359066054e+01, 1.177306831777163e+05, 3.058167685778490e+02
1869, 4.684755550373177e-02, 4.225839449947333e-03, 3.073840621809563e-01, 2.322801477437462e-03, 3.101171351798625e-13, 1.196275782914513e+01, 1.401116791531861e+01, 1.102534647296213e+05, 2.562415130803692e+02
1870, 5.043701305430465e-02, 1.077734113208383e-03, 1.185597282563721e-01, 8.959173419877526e-04, 1.194328472487882e-13, 2.104088438203316e+01, 1.067879870799847e+00, 1.449683193640576e+05, 1.709370461968053e+03
1871, 5.770599071647870e-02, 5.111358234300310e-03, 4.487280228946925e-01, 3.390891860672439e-03, 4.465024388327549e-13, 1.714273348852712e+00, 2.359811181001083e+01, 8.267865263089670e+04, 1.522761669751580e+03
1872, 4.576910771968410e-02, 4.143957067778007e-03, 3.130640478897385e-01, 2.365723283801219e-03, 3.155249778015346e-13, 1.417790735327766e+01, 1.413538707344451e+01, 1.088048723815293e+05, 1.753555543157046e+02
1873, 1.547757199238487e-02, 5.203517257331997e-03, 1.743019892178539e+00, 1.317143495349102e-02, 1.755466492460394e-12, 4.294032054434860e+01, -6.735097656583406e+00, -1.237541000284050e+05, 4.053776509432534e-04
1874, 4.016452575668847e-02, 1.066989065131959e-03, 2.750328695746366e-01, 2.078334027012451e-03, 2.770570273082370e-13, 4.471309977628691e+01, 1.292851443079132e+00, 1.212845188976690e+05, 1.201264350139186e+01
1875, 4.006226799758401e-02, 1.160233014207170e-03, 2.788469486462189e-01, 2.107155783220943e-03, 2.808624936918557e-13, 4.454676982762129e+01, 1.419240205867322e+00, 1.206627654000970e+05, 1.092263735551071e+01
1876, 4.009634081908024e-02, 1.308378338695455e-03, 2.765409179031454e-01, 2.089729858210385e-03, 2.784877263380303e-13, 4.379085765508965e+01, 1.575227755325084e+00, 1.209399845530082e+05, 1.170825471903108e+01
1877, 3.994763642613419e-02, 1.260503181151331e-03, 2.833017498524009e-01, 2.140819268406272e-03, 2.853009381350208e-13, 4.433024580648466e+01, 1.536345935082075e+00, 1.199286732104846e+05, 9.824624562493430e+00
1878, 3.991940895988046e-02, 1.118098733953886e-03, 2.852271892136327e-01, 2.155369188012483e-03, 2.872959781267805e-13, 4.502488227038801e+01, 1.366483836273552e+00, 1.196828365542243e+05, 9.225988818776482e+00
1879, 3.980335349969604e-02, 1.207146306436142e-03, 2.899896953917515e-01, 2.191357899686028e-03, 2.920193456182111e-13, 4.488570231527118e+01, 1.474270123782873e+00, 1.188954108808384e+05, 8.256742852052277e+00
1880, 3.981636814842410e-02, 1.369399831755143e-03, 2.886355740878435e-01, 2.181125244996607e-03, 2.906073000577462e-13, 4.407165370267051e+01, 1.660610718689464e+00, 1.190444263257726e+05, 8.701787447668105e+00
1881, 3.978096011070258e-02, 1.079906495888910e-03, 2.916704626029787e-01, 2.204058911357718e-03, 2.937522907770188e-13, 4.548932700775288e+01, 1.327683953526368e+00, 1.186686406198970e+05, 7.816854713878560e+00
1882, 4.003270609321368e-02, 1.025149044089445e-03, 2.812765701457988e-01, 2.125515643419161e-03, 2.833932783009065e-13, 4.522261411856764e+01, 1.236221014622140e+00, 1.204045446840482e+05, 1.024043527635633e+01
1883, 3.964754996876310e-02, 1.030095037832649e-03, 2.985859302427714e-01, 2.256316853220059e-03, 3.007727725392367e-13, 4.588319877793982e+01, 1.329749839935218e+00, 1.176960646721061e+05, 6.612053260806270e+00
1884, 1.923297777786205e-02, 3.750703020055903e-03, 1.618886257393406e+00, 1.223339741103428e-02, 1.630298889044883e-12, 3.240744380287053e+01, -1.094474993914593e+01, -1.143886769236571e+05, 3.765076234516939e-04
1885, 1.919852565962074e-02, 3.842185189146752e-03, 1.626176296172084e+00, 1.228848586528115e-02, 1.637684358774806e-12, 4.161603902867427e+01, -1.370944162672099e+01, -1.154026079542345e+05, 3.782028235902747e-04
1886, 5.196663474169556e-02, 1.050682307202657e-03, 1.114674647664157e-01, 8.423234113331111e-04, 1.123446024060286e-13, 1.827550910869007e+01, 1.117877447217559e+00, 1.463954098719940e+05, 2.261324863733161e+03
1887, 2.852578098267707e-02, 1.069031394261836e-03, 1.579520389649882e+00, 1.193592233992441e-02, 1.590821738361067e-12, 7.043894810102837e+01, -4.591673543696809e+00, -1.135447078564600e+05, 3.673531130243724e-04
1888, 4.544943235327885e-02, 3.049844841217986e-03, 1.769643617900578e-01, 1.337262179774242e-03, 1.778487928198585e-13, 2.410486881354910e+01, 4.579406716301464e+00, 1.336398006049565e+05, 2.903996062874566e+02
1889, 4.170700952546505e-02, 9.137253948804736e-04, 2.251056657376146e-01, 1.701050370813263e-03, 2.267844513925803e-13, 4.178811129397052e+01, 1.176546128863069e+00, 1.289744136198679e+05, 4.596186660354193e+01
1890, 4.166123206094907e-02, 1.032900683140415e-03, 2.259623686738477e-01, 1.707524196527882e-03, 2.276425429902222e-13, 4.143024398956796e+01, 1.307213692466116e+00, 1.288412406025756e+05, 4.499777447490169e+01
1891, 4.178393053617797e-02, 1.021533152056991e-03, 2.226883749143751e-01, 1.682783689529338e-03, 2.243456032418972e-13, 4.119257524375266e+01, 1.313457736777986e+00, 1.292672233705435e+05, 4.931006632625804e+01
1892, 1.846483423407056e-02, 4.062025710540936e-03, 1.651828359546611e+00, 1.248233017289714e-02, 1.663593139151542e-12, 4.426545474461749e+01, -7.072795427812010e+00, -1.172102383215026e+05, 3.841688921956073e-04
1893, 1.707343319328729e-02, 4.105498044020258e-03, 1.689738351364188e+00, 1.276880366270246e-02, 1.701809658257213e-12, 2.130171940669866e+01, -9.990369686646143e-01, -1.190045395787774e+05, 3.929862744944982e-04
1894, 3.595646643806231e-02, 2.980122972272754e-03, 7.407853473610387e-01, 5.597874161417848e-03, 7.468632249314872e-13, 2.437647129812327e+01, -5.703807634675490e+00, 4.412169329209576e+04, 5.674972016657643e-03
1895, 2.756124695425433e-02, 9.264137265449463e-04, 1.579744515442399e+00, 1.193761598571170e-02, 1.591033863016618e-12, 6.484483800694990e+01, -3.258521422418960e+00, -1.131799857366274e+05, 3.673999800262946e-04
1896, 2.749794053426500e-02, 1.096918707951761e-03, 1.583143879127691e+00, 1.196330387250232e-02, 1.594451586890132e-12, 6.290320430176046e+01, -3.846355816102173e+00, -1.138505306145481e+05, 3.681902081915584e-04
1897, 2.767314653126239e-02, 1.064162590949243e-03, 1.581606157382712e+00, 1.195168380893826e-02, 1.592899927507891e-12, 6.437484098525189e+01, -3.658679324674883e+00, -1.136524057112619e+05, 3.678373091362076e-04
1898, 2.761507723349304e-02, 1.236167104635667e-03, 1.584233494678995e+00, 1.197153774316711e-02, 1.595537004170833e-12, 6.235988584507003e+01, -4.233593029119912e+00, -1.141958384570643e+05, 3.684489453259328e-04
1899, 2.779181809435412e-02, 1.189439184307328e-03, 1.583019743723489e+00, 1.196236582158898e-02, 1.594317285623148e-12, 6.388423683153254e+01, -4.230864527473034e+00, -1.140276631608198e+05, 3.681673314792345e-04
1900, 2.773612907650310e-02, 1.369366188480904e-03, 1.584801817248303e+00, 1.197583237215433e-02, 1.596091406261537e-12, 6.199301814281191e+01, -4.796271932711782e+00, -1.144215384418603e+05, 3.685846031404927e-04
1901, 2.791688999435027e-02, 1.314025578447339e-03, 1.583877596211982e+00, 1.196884833409649e-02, 1.595170483526267e-12, 6.365808435675673e+01, -4.831408427574381e+00, -1.143005778056056e+05, 3.683688522770279e-04
1902, 2.795454682650034e-02, 1.159297635903840e-03, 1.582074588801132e+00, 1.195522359295656e-02, 1.593359671177416e-12, 6.543710667930337e+01, -4.197970630940898e+00, -1.139050958852909e+05, 3.679476870313514e-04
1903, 2.785980922571343e-02, 1.073106123151495e-03, 1.581001058431250e+00, 1.194711127278116e-02, 1.592265187522007e-12, 6.578950103068311e+01, -3.836955079389049e+00, -1.136238575117491e+05, 3.676971769705398e-04
1904, 2.798662839644174e-02, 1.019430088838148e-03, 1.579763512561585e+00, 1.193775954076855e-02, 1.591033028967130e-12, 6.715093160380700e+01, -3.646301568809472e+00, -1.134170050007385e+05, 3.674090555220428e-04
1905, 2.808683681140026e-02, 1.112263092759970e-03, 1.580855326263866e+00, 1.194601002214600e-02, 1.592127439147258e-12, 6.694077633238705e+01, -4.013136480496914e+00, -1.137062067990832e+05, 3.676638051097584e-04
1906, 2.807462081779592e-02, 1.250658399185885e-03, 1.582719108204469e+00, 1.196009401665936e-02, 1.594007318355042e-12, 6.535868610437136e+01, -4.706723159461002e+00, -1.141213725142346e+05, 3.680986742184176e-04
1907, 2.806232822278320e-02, 1.440442870117121e-03, 1.583786085465929e+00, 1.196815681712379e-02, 1.595075476029203e-12, 6.319371762696296e+01, -5.451153129314730e+00, -1.144321036066741e+05, 3.683489147388403e-04
1908, 5.817196885161199e-02, 1.016810651783364e-03, 9.525879487981793e-02, 7.198397597970718e-04, 9.598671089834472e-14, 7.426496025833245e+00, 9.851743238148669e-01, 1.500843611591354e+05, 4.051246373595153e+03
1909, 4.101522194241511e-02, 4.032966294507711e-03, 4.926748486251675e-01, 3.722983742761076e-03, 4.951549234476727e-13, 1.393792628282971e+01, 2.345225521401422e+01, 7.756530844548615e+04, 8.685088465992138e+00
1910, 4.118025646160148e-02, 3.776787627266581e-03, 3.461657539734620e-01, 2.615862120707658e-03, 3.477592644593645e-13, 2.147908371233356e+01, 1.294595291686430e+01, 1.062659852197405e+05, 1.553832408835896e+01
1911, 4.083297296612134e-02, 3.753303233824405e-03, 3.505052697148741e-01, 2.648654431095832e-03, 3.523012362701682e-13, 2.285796805737258e+01, 1.249583961764181e+01, 1.055791554019024e+05, 1.189393019143195e+01
1912, 4.151573821931728e-02, 3.795390749379631e-03, 3.447405039481742e-01, 2.605091969380050e-03, 3.486239781872604e-13, 2.016220838245379e+01, 1.334728325462440e+01, 1.067472901568391e+05, 1.994574951244145e+01
1913, 4.104923164731408e-02, 3.473384473746941e-03, 2.857683529561705e-01, 2.159458586571429e-03, 2.872340988071613e-13, 2.773357737521784e+01, 7.355877508470043e+00, 1.166525859885194e+05, 1.907740758876359e+01
1914, 4.071480610571590e-02, 3.431718318753061e-03, 2.911474817098856e-01, 2.200106914684262e-03, 2.933138789211362e-13, 2.842087657866081e+01, 7.207073643760403e+00, 1.160453971374445e+05, 1.499280525395228e+01
1915, 5.937734930879074e-02, 1.161507582898769e-03, 9.718064347250828e-02, 7.343625451323169e-04, 9.789418970733652e-14, 5.521105467813700e+00, 8.832313081953763e-01, 1.494167337926181e+05, 3.965806294257263e+03
1916, 2.197055280499140e-02, 9.169091830073564e-04, 1.568914277717732e+00, 1.185577539837172e-02, 1.580090448896811e-12, 6.724256818029489e-01, -1.314787714397505e+00, -1.106998982025141e+05, 3.648860072426191e-04
1917, 2.193842661019530e-02, 1.026222191481769e-03, 1.568735412850530e+00, 1.185442377469004e-02, 1.579941398775632e-12, 8.565117605711166e-01, -1.731080169715921e+00, -1.106866071857859e+05, 3.648443795953024e-04
1918, 2.205365865795666e-02, 1.001316362953978e-03, 1.568799508971366e+00, 1.185490812824800e-02, 1.579993569741844e-12, 2.155709065880501e+00, -3.100467709916475e+00, -1.106043161471866e+05, 3.648590399114953e-04
1919, 4.476489342376766e-02, 4.243783877329975e-03, 4.295447491272646e-01, 3.245930094164032e-03, 4.302044453414442e-13, 1.136333212710856e+01, 2.197457579124580e+01, 8.785996773110995e+04, 8.895679270363502e+01
1920, 2.185219405557811e-02, 1.268954942871163e-03, 1.568714570685388e+00, 1.185426627722036e-02, 1.579977272493627e-12, 1.724722282699234e+00, -2.945910456515337e+00, -1.106824552056547e+05, 3.648394617619111e-04
1921, 2.590720764312161e-02, 3.446930599881686e-03, 1.567702515648819e+00, 1.184661850616327e-02, 1.578858358167293e-12, 2.657622752121567e+01, -5.663057848622978e+00, -1.108442234679308e+05, 3.646016764086711e-04
1922, 4.837750194634605e-02, 9.166934395646712e-04, 1.309293755086590e-01, 9.893907469169022e-04, 1.318549918820845e-13, 2.559386085504221e+01, 1.024606713428730e+00, 1.428943838098519e+05, 1.051767226913631e+03
1923, 4.830606231314161e-02, 1.022548208165985e-03, 1.316748854706049e-01, 9.950243234554963e-04, 1.326354728489902e-13, 2.547216313758062e+01, 1.154116845447315e+00, 1.427216841501032e+05, 1.025557576788989e+03
1924, 4.818067831920600e-02, 1.011743207260244e-03, 1.326138443178349e-01, 1.002119730361545e-03, 1.335611105677545e-13, 2.575040787288888e+01, 1.180342754853657e+00, 1.425403086941718e+05, 9.886917823887381e+02
1925, 3.814328244682106e-02, 3.859167885753628e-03, 6.029507893972627e-01, 4.556303194435316e-03, 6.093762013007882e-13, 1.586956208502517e+01, 2.493055906459540e+01, 6.225162702239043e+04, 3.870962808430662e-01
1926, 5.207534041013107e-02, 1.005138331862488e-03, 1.108426193374260e-01, 8.376016574616539e-04, 1.117147625521827e-13, 1.817929791835808e+01, 1.047675388002719e+00, 1.465450682127802e+05, 2.308719275636581e+03
1927, 5.739443973401680e-02, 5.114722512815752e-03, 4.709855699453624e-01, 3.559084911430313e-03, 4.709474353553655e-13, 1.889439162665761e+00, 2.536870660980260e+01, 7.923948402433362e+04, 1.447767186499563e+03
1928, 2.157652096274506e-02, 1.815041168242939e-03, 1.569847946380629e+00, 1.186283082907351e-02, 1.581142791557146e-12, 3.678125308087424e+00, -4.953757087988020e+00, -1.107953877276972e+05, 3.651029437918905e-04
1929, 2.162970829169755e-02, 1.921792356815702e-03, 1.571432578745449e+00, 1.187480538094871e-02, 1.582746699711506e-12, 8.095077228937519e+00, -9.462887370847875e+00, -1.109449949708544e+05, 3.654710561796516e-04
1930, 2.155962702144300e-02, 2.026420245439379e-03, 1.572380446293876e+00, 1.188196810801491e-02, 1.583698741854259e-12, 9.156988933121049e+00, -1.000273386798986e+01, -1.110484031843261e+05, 3.656914839125614e-04
1931, 2.169970016730084e-02, 1.814453742637710e-03, 1.570669520437082e+00, 1.186903919725826e-02, 1.581989929373341e-12, 7.283251366570958e+00, -9.241795451765741e+00, -1.108349530990992e+05, 3.652935980620539e-04
1932, 4.778244602056597e-02, 9.155492219022705e-04, 1.357026724674249e-01, 1.025461001013331e-03, 1.366931455225015e-13, 2.697773115606572e+01, 1.137209793958696e+00, 1.421338459316854e+05, 8.785731856564413e+02
1933, 2.144035581613187e-02, 2.021161536005405e-03, 1.571163871072426e+00, 1.187277484437677e-02, 1.582463585697286e-12, 4.809388083892374e+00, -5.617033580604812e+00, -1.109082876128931e+05, 3.654089668744609e-04
1934, 2.148989727738145e-02, 2.130966072573850e-03, 1.573355947789492e+00, 1.188933965584072e-02, 1.584685308078084e-12, 1.040366018609076e+01, -1.072434856778849e+01, -1.111397267924992e+05, 3.659183228285367e-04
1935, 2.141713938322870e-02, 2.232484838722136e-03, 1.574343214956970e+00, 1.189680011302568e-02, 1.585679297931585e-12, 1.165055782804767e+01, -1.132916981204358e+01, -1.112337067998570e+05, 3.661479059068568e-04
1936, 2.154469153326336e-02, 2.242820644403246e-03, 1.577129404317513e+00, 1.191785444068717e-02, 1.588514793748450e-12, 1.657143977488841e+01, -1.506034286340118e+01, -1.116077795303845e+05, 3.667954633298740e-04
1937, 2.146694231999016e-02, 2.345793059837989e-03, 1.578584750807248e+00, 1.192885202121414e-02, 1.589974689286820e-12, 1.824412143561048e+01, -1.579086246097946e+01, -1.117793890937278e+05, 3.671339137725056e-04
1938, 2.134447719918595e-02, 2.331106254251140e-03, 1.575636226577322e+00, 1.190657098169335e-02, 1.586963025505002e-12, 1.288061980980168e+01, -1.190575338151815e+01, -1.113707520560240e+05, 3.664485955628636e-04
1939, 2.192690316886194e-02, 1.364480484487264e-03, 1.569249570115104e+00, 1.185830909406957e-02, 1.580527315894051e-12, 4.223663021243376e+00, -6.016261636442045e+00, -1.106624829265463e+05, 3.649635231759667e-04
1940, 4.978539052214767e-02, 1.500788582368880e-03, 1.239036470693135e-01, 9.362996000200662e-04, 1.248095996745013e-13, 2.103004398111939e+01, 1.673861034399876e+00, 1.437256923360992e+05, 1.433997142228633e+03
1941, 1.410647860533576e-02, 5.751793546405078e-03, 1.762945543734484e+00, 1.332200662771731e-02, 1.775516856309460e-12, 1.984753170515925e+01, -2.021602137029983e+00, -1.239010513499322e+05, 4.100125952646946e-04
1942, 1.421207233578809e-02, 5.495984312026057e-03, 1.762799146223269e+00, 1.332090034929512e-02, 1.775300695828129e-12, 3.161117640680837e+01, -3.185330561968247e+00, -1.243054656868983e+05, 4.099783029049590e-04
1943, 5.836894024456572e-02, 9.110458836512814e-04, 9.485138778827873e-02, 7.167611167879779e-04, 9.556138525883027e-14, 7.167233410340090e+00, 8.522321211452407e-01, 1.501784021070172e+05, 4.081266947191980e+03
1944, 2.113467435318245e-02, 2.404781128465876e-03, 1.574364319432836e+00, 1.189695959269215e-02, 1.585714140121550e-12, 7.328195940521526e+00, -6.941248563445585e+00, -1.111171463366465e+05, 3.661532698566136e-04
1945, 2.125514955038452e-02, 2.427909569965693e-03, 1.576996648262914e+00, 1.191685124631995e-02, 1.588355873399045e-12, 1.398625726005750e+01, -1.240715274223053e+01, -1.114890662539690e+05, 3.667650012880337e-04
1946, 2.728979159929490e-02, 2.752784889152661e-03, 1.573908914336209e+00, 1.189351824435505e-02, 1.585175282755875e-12, 4.431720487015185e+01, -7.217808363422307e+00, -1.125729631389978e+05, 3.660424504380681e-04
1947, 2.706617110198401e-02, 3.174657408117823e-03, 1.564922072425155e+00, 1.182560760019095e-02, 1.576108383772356e-12, 3.234720349779447e+01, -5.777484519288567e+00, -1.108956639044368e+05, 3.639543501929595e-04
1948, 2.778541492935529e-02, 2.672232522799708e-03, 1.572086374899127e+00, 1.187974590603955e-02, 1.583357429722813e-12, 4.709879076681077e+01, -7.706737283321532e+00, -1.124005540735182e+05, 3.656185203448269e-04
1949, 2.803962741325103e-02, 3.084759449998151e-03, 1.558649732480696e+00, 1.177820956534616e-02, 1.569800359947806e-12, 3.453404019319233e+01, -6.842563465326703e+00, -1.101116082044520e+05, 3.624957674987530e-04
1950, 2.759611053449289e-02, 3.120778559218487e-03, 1.560841746248608e+00, 1.179477390112381e-02, 1.572022339644815e-12, 3.408411242259819e+01, -5.748019562795511e+00, -1.104363668562358e+05, 3.630053346789761e-04
1951, 2.833661918457709e-02, 3.037998980438538e-03, 1.558517179879962e+00, 1.177720790841373e-02, 1.569609903006090e-12, 3.493988417019925e+01, -7.005608856499319e+00, -1.102610540708386e+05, 3.624655818976524e-04
1952, 2.819449845628126e-02, 3.256263635104495e-03, 1.553081412302733e+00, 1.173613157911482e-02, 1.564108893315852e-12, 2.431107704774577e+01, -4.525049000209275e+00, -1.093518575229594e+05, 3.612019155171773e-04
1953, 3.427734828387712e-02, 1.043978270749217e-03, 1.562616283196924e+00, 1.180818350022959e-02, 1.573748875510273e-12, 7.336400529110634e+01, 4.073672614718878e+00, -1.126599241122328e+05, 3.634206587263968e-04
1954, 3.413254223373042e-02, 1.028362120211090e-03, 1.563137458034335e+00, 1.181212184912689e-02, 1.574284091109487e-12, 7.422692437884612e+01, 3.267777141029132e+00, -1.127900922627507e+05, 3.635407235403614e-04
1955, 3.405719030607107e-02, 1.134775693598782e-03, 1.563599097678571e+00, 1.181561030991455e-02, 1.574755046339782e-12, 7.250553875823535e+01, 3.017176391491702e+00, -1.129990610930916e+05, 3.636485671478510e-04
1956, 3.433724409919825e-02, 9.271533300652193e-04, 1.562422892070604e+00, 1.180672210632796e-02, 1.573524230893649e-12, 7.465694720505100e+01, 3.891512797814030e+00, -1.124419913115827e+05, 3.633747029437081e-04
1957, 3.409343998035615e-02, 1.278967558848518e-03, 1.562664851450210e+00, 1.180855051473802e-02, 1.573816112986999e-12, 6.947326568107449e+01, 3.107894140200438e+00, -1.130132142550237e+05, 3.634344101043845e-04
1958, 2.617893471799508e-02, 3.500249334478644e-03, 1.564985674490113e+00, 1.182608822032922e-02, 1.576128001118047e-12, 2.343441447832575e+01, -5.245172553491760e+00, -1.104910177294403e+05, 3.639702487261512e-04
1959, 5.776801384900127e-02, 9.062914033280326e-04, 9.518553687312298e-02, 7.192861728447008e-04, 9.592747688047741e-14, 8.327599801929869e+00, 9.318962422081428e-01, 1.501427318838168e+05, 4.038038501184986e+03
1960, 5.784259988985670e-02, 1.001508090747035e-03, 9.543104570174395e-02, 7.211414032876762e-04, 9.617700932125984e-14, 8.066458885111231e+00, 1.021888230255696e+00, 1.500690497222904e+05, 4.027491221905997e+03
1961, 5.782365446470728e-02, 1.126561093642170e-03, 9.592586764255041e-02, 7.248806119083776e-04, 9.667653947991506e-14, 7.945724232991780e+00, 1.134613943019588e+00, 1.499362766938822e+05, 3.998042540835863e+03
1962, 2.097945917788816e-02, 2.587033993731176e-03, 1.576173501076679e+00, 1.191063099050456e-02, 1.587545402946772e-12, 9.463472384371508e+00, -8.017691711022064e+00, -1.112329861305432e+05, 3.665739820695028e-04
1963, 2.332725777769926e-02, 3.858690942577409e-03, 1.576469001508888e+00, 1.191286399125183e-02, 1.587769740712784e-12, 2.621464270940148e+01, -7.735051040229179e+00, -1.114747734966943e+05, 3.666413941021270e-04
1964, 4.345507599495867e-02, 4.198112767732161e-03, 4.583796463604356e-01, 3.463826043028505e-03, 4.598764201202616e-13, 1.113720899716891e+01, 2.460702095434223e+01, 8.284496995841745e+04, 4.305241218667621e+01
1965, 2.078384091277428e-02, 2.753370871523526e-03, 1.578413645002856e+00, 1.192755903024906e-02, 1.589724459978312e-12, 9.915009960750194e+00, -7.583851108615398e+00, -1.113980951978734e+05, 3.670950320624497e-04
1966, 5.863126050938625e-02, 1.970356911439601e-03, 1.010349351109403e-01, 7.634881746419009e-04, 1.017370551382777e-13, 5.937925323249300e+00, 1.674659532976482e+00, 1.485759338199363e+05, 3.766535127743884e+03
1967, 2.060057442339156e-02, 2.910503681643668e-03, 1.580728156852493e+00, 1.194504904422618e-02, 1.592027879667079e-12, 1.159594631335331e+01, -7.816060985783802e+00, -1.115364435958911e+05, 3.676333248005454e-04
1968, 2.050355500026686e-02, 2.987317522361461e-03, 1.582692810174831e+00, 1.195989529099447e-02, 1.594000835295605e-12, 1.191202338704526e+01, -7.729128582837185e+00, -1.116861178982996e+05, 3.680902513374054e-04
1969, 2.060777999507848e-02, 3.029792998907319e-03, 1.586089884382612e+00, 1.198556587694757e-02, 1.597357457191744e-12, 2.113198040897178e+01, -1.320104958304525e+01, -1.122639282448200e+05, 3.688798948829889e-04
1970, 2.072046561067364e-02, 2.970955163611187e-03, 1.585356269338938e+00, 1.198002218644115e-02, 1.596680602929395e-12, 2.210330416016759e+01, -1.449148103229513e+01, -1.122440670270684e+05, 3.687091640628177e-04
1971, 5.612373127303258e-02, 5.021132505488966e-03, 4.493162357508024e-01, 3.395336794094696e-03, 4.464705755543046e-13, 2.504474773969628e+00, 2.426091868709604e+01, 8.212528843799312e+04, 1.360464290907527e+03
1972, 5.627835863155282e-02, 4.794723753468559e-03, 2.920492382891196e-01, 2.206921196145581e-03, 2.895644978325055e-13, 4.550314020790536e+00, 1.347408629734847e+01, 1.135492995859078e+05, 1.795711207099144e+03
1973, 5.655641025349273e-02, 4.828840849634818e-03, 2.964761309073854e-01, 2.240373785200536e-03, 2.940502787003516e-13, 3.706554557924743e+00, 1.364450513789818e+01, 1.130173120743504e+05, 1.809691335519504e+03
1974, 5.644573035300572e-02, 4.578729587198458e-03, 2.175341795708703e-01, 1.643835110112727e-03, 2.151371679345227e-13, 5.611938549232449e+00, 7.959703839584984e+00, 1.253332773952786e+05, 2.003035792121486e+03
1975, 5.673105312988951e-02, 4.604593501854102e-03, 2.201339950624485e-01, 1.663481071004816e-03, 2.188031467255016e-13, 4.907507163229404e+00, 8.049813340536131e+00, 1.258063144358725e+05, 2.043156749490005e+03
1976, 5.615200954084863e-02, 4.511706299997448e-03, 2.111456020767226e-01, 1.595558705872290e-03, 2.104715326093738e-13, 6.186435670084016e+00, 7.746504894742305e+00, 1.270047753234928e+05, 2.005833314949061e+03
1977, 5.660968195607825e-02, 4.317831995237513e-03, 1.767045456048436e-01, 1.335298833287887e-03, 1.765011145136202e-13, 5.679683513277967e+00, 5.689316155293828e+00, 1.332598865262892e+05, 2.226178368439097e+03
1978, 5.683328343659588e-02, 4.865210672753833e-03, 3.026395460172603e-01, 2.286948710462821e-03, 3.011823646924947e-13, 3.319810557599244e+00, 1.382854028236876e+01, 1.116142399970053e+05, 1.812856813345068e+03
1979, 5.706541097571346e-02, 4.662616934940233e-03, 2.286624282561366e-01, 1.727927669445199e-03, 2.278040459852928e-13, 4.772747514661904e+00, 8.430114745259512e+00, 1.242842688583698e+05, 2.050929924099273e+03
1980, 3.944973613328655e-02, 3.907534182734321e-03, 5.224565773711064e-01, 3.948034589705228e-03, 5.270918575595947e-13, 1.708312515383053e+01, 2.246372416438320e+01, 7.549219828869808e+04, 2.127021496431631e+00
1981, 3.179891837627136e-02, 3.433528785010394e-03, 1.526101209413266e+00, 1.153225095274604e-02, 1.536969344060161e-12, 1.366588660715789e+01, 7.844552350152486e-01, -1.069647312015486e+05, 3.549292296252074e-04
1982, 3.165260179774289e-02, 3.166039017231257e-03, 1.528850791109161e+00, 1.155302864818099e-02, 1.539746621379360e-12, 2.723122412549228e+01, 6.677710436158055e-01, -1.072814275272486e+05, 3.555685607865322e-04
1983, 3.199030074572783e-02, 3.196257034388543e-03, 1.528268014935184e+00, 1.154862479799974e-02, 1.539207924290782e-12, 2.745759936072635e+01, 1.335172936321495e+00, -1.072300311322923e+05, 3.554329466792385e-04
1984, 3.133432580740369e-02, 3.173229535572822e-03, 1.528974899719418e+00, 1.155396649662128e-02, 1.539816448182808e-12, 2.531137159902681e+01, 3.224305079116238e-01, -1.072845127984263e+05, 3.555975686014445e-04
1985, 3.182007491366007e-02, 2.873258107443494e-03, 1.536803363924355e+00, 1.161312365685997e-02, 1.547808636410775e-12, 3.973692255685768e+01, 8.666148127344926e-01, -1.086268928224327e+05, 3.574175967709903e-04
1986, 3.684985460577816e-02, 1.030343388346618e-03, 5.521073736463386e-01, 4.172096022516923e-03, 5.558493392532176e-13, 4.483010390264865e+01, 1.441400403879727e+00, 7.587878627907399e+04, 3.661151317471002e-02
1987, 4.635020086496897e-02, 4.385158166670123e-03, 4.383587839627771e-01, 3.312534891404285e-03, 4.430269923666071e-13, 8.459389099755990e+00, 2.335197866602194e+01, 8.464833057087769e+04, 1.634383765326380e+02
1988, 3.164408755447515e-02, 9.228037557939554e-04, 1.566158154896648e+00, 1.183494827377910e-02, 1.577344913131329e-12, 8.125507235985174e+01, 6.580271893422259e-01, -1.125544017583508e+05, 3.642432088944821e-04
1989, 1.999148937245623e-02, 3.325249422481660e-03, 1.596193096047716e+00, 1.206191256459306e-02, 1.607653379022120e-12, 1.661661096627245e+01, -8.088743398239851e+00, -1.125849306130164e+05, 3.712300475730550e-04
1990, 1.988787366823297e-02, 3.384827859144986e-03, 1.598902840981075e+00, 1.208238922655805e-02, 1.610332724758531e-12, 1.770940909579163e+01, -8.049891029664115e+00, -1.127654856344386e+05, 3.718602571471434e-04
1991, 1.999164486712527e-02, 3.445247034483389e-03, 1.603651599026896e+00, 1.211827404806291e-02, 1.615171370163099e-12, 3.195726695799076e+01, -1.421516226644582e+01, -1.135657950160185e+05, 3.729642363969541e-04
1992, 1.988730202114034e-02, 3.503356363534616e-03, 1.606594621000583e+00, 1.214051350882133e-02, 1.618084270246293e-12, 3.342005102400103e+01, -1.389853797505800e+01, -1.138006303957454e+05, 3.736487090188104e-04
1993, 1.999555771838682e-02, 3.565452717053382e-03, 1.613596669304488e+00, 1.219342571262904e-02, 1.625227310054836e-12, 4.357692392730831e+01, -1.754417044577302e+01, -1.150025004303494e+05, 3.752767979057134e-04
1994, 1.967083850601259e-02, 3.498249539363047e-03, 1.605882858720361e+00, 1.213513495254768e-02, 1.617313127668388e-12, 1.948651247934838e+01, -8.383082898427819e+00, -1.133092904231495e+05, 3.734836143840690e-04
1995, 1.955024636238961e-02, 3.570122328574892e-03, 1.609558765460620e+00, 1.216291258534574e-02, 1.620918645616685e-12, 2.224512975116113e+01, -7.969824985377950e+00, -1.135919192163420e+05, 3.743384903825095e-04
1996, 2.007600498265477e-02, 4.532090483985715e-03, 1.616201273651691e+00, 1.221310786134852e-02, 1.627800345643150e-12, 4.019805727572094e+01, -1.235987416870437e+01, -1.147810937269529e+05, 3.758826403233796e-04
1997, 2.032229886915338e-02, 4.627544095616151e-03, 1.602594964724852e+00, 1.211028940598197e-02, 1.614101123642175e-12, 2.939861456596516e+01, -8.725895438579396e+00, -1.129603051637446e+05, 3.727185759847828e-04
1998, 3.656443410093921e-02, 3.762745563667733e-03, 7.127041714367635e-01, 5.385673839572225e-03, 7.184484215656741e-13, 1.518921309133011e+01, 2.469795530900415e+01, 4.662640577646763e+04, 2.353052652660355e-02
1999, 5.898597071899076e-02, 5.187557151228771e-03, 4.347359889073304e-01, 3.285158606359009e-03, 4.332457569972762e-13, 2.783086005254300e+00, 2.471102097359532e+01, 8.583108650200159e+04, 1.454591575695365e+03
2000, 3.996973940038961e-02, 3.929446144728816e-03, 5.033418492087264e-01, 3.803590800066241e-03, 5.069033687545890e-13, 1.674930418448382e+01, 2.272846198115858e+01, 7.777220231833868e+04, 3.706880360697347e+00
2001, 2.398287341554229e-02, 1.018841381914745e-03, 1.581396412427824e+00, 1.195009883446813e-02, 1.592634822373056e-12, 3.387973582556180e+01, -7.895074611964237e+00, -1.123730289889588e+05, 3.677854605535723e-04
2002, 2.385648640410182e-02, 1.012763801417084e-03, 1.580842754619750e+00, 1.194591502231644e-02, 1.592069046984889e-12, 3.194317709876189e+01, -8.181607418684193e+00, -1.122592781926579e+05, 3.676568893762439e-04
2003, 2.377124771805977e-02, 1.118361204897685e-03, 1.582747156290518e+00, 1.196030596693181e-02, 1.593983729167581e-12, 3.167519062272552e+01, -9.131013564606898e+00, -1.125845165119587e+05, 3.680996709213335e-04
2004, 1.898887627286561e-02, 3.775207580196258e-03, 1.622172011437700e+00, 1.225822678668381e-02, 1.633638544591235e-12, 2.184422780231722e+01, -6.697733027719879e+00, -1.143862418496638e+05, 3.772720754404825e-04
2005, 1.887402753604786e-02, 3.814616458559708e-03, 1.625751490036566e+00, 1.228527574335027e-02, 1.637275123964961e-12, 2.138315907236113e+01, -6.254657078388354e+00, -1.146125709119690e+05, 3.781045631804527e-04
2006, 2.117304933519761e-02, 2.513142771764638e-03, 1.577915514946605e+00, 1.192379482327473e-02, 1.589326009701578e-12, 1.502948719691696e+01, -1.275796843650611e+01, -1.115264923589276e+05, 3.669787125334502e-04
2007, 5.554363890180589e-02, 1.938643466878875e-03, 1.047665415919852e-01, 7.916867122820958e-04, 1.054845336135620e-13, 1.035940742178905e+01, 1.801799140412084e+00, 1.476470568592815e+05, 3.269044339469373e+03
2008, 4.109819558729910e-02, 1.259151637168360e-03, 2.403859901796288e-01, 1.816518817478452e-03, 2.421139885111992e-13, 4.142138928855842e+01, 1.541225409659959e+00, 1.268256974128538e+05, 3.033565541806348e+01
2009, 1.828382125044671e-02, 3.966260001248478e-03, 1.646994199796529e+00, 1.244579999846344e-02, 1.658599679506079e-12, 2.020292961840060e+01, -3.052481778792694e+00, -1.160871111662192e+05, 3.830451019696989e-04
2010, 1.804339087452020e-02, 4.010211692704815e-03, 1.656485385199851e+00, 1.251752180251870e-02, 1.668203117101444e-12, 2.258213958557632e+01, -2.882286903442361e+00, -1.167609329836626e+05, 3.852524951213353e-04
2011, 5.218736878037096e-02, 1.059964699823728e-03, 1.105461128992175e-01, 8.353610546540360e-04, 1.114147143365323e-13, 1.783981669450045e+01, 1.076463622867087e+00, 1.466030762193554e+05, 2.344204218218406e+03
2012, 3.122027766105307e-02, 3.424557995083518e-03, 1.526858926284749e+00, 1.153797677293359e-02, 1.537704174828868e-12, 1.239184056033475e+01, 4.849223352889243e-01, -1.071441518854584e+05, 3.551055393220445e-04
2013, 3.325697377157932e-02, 1.428004877164425e-03, 1.564564523706679e+00, 1.182290572070630e-02, 1.575727318463373e-12, 6.708141956791933e+01, 4.992369211672166e-01, -1.133241966163971e+05, 3.638723617131640e-04
2014, 2.160862463327984e-02, 2.366466242323458e-03, 1.582780438429185e+00, 1.196055746923883e-02, 1.594220547222582e-12, 2.286799986971787e+01, -1.786052988878478e+01, -1.123756944794107e+05, 3.681092560860385e-04
2015, 2.168635291132196e-02, 2.250468119023461e-03, 1.580711372399130e+00, 1.194492220956588e-02, 1.592134132557534e-12, 2.067488613717087e+01, -1.685380162590658e+01, -1.121060390998667e+05, 3.676280963897634e-04
2016, 5.452812028242519e-02, 4.895374669880178e-03, 4.316051160655981e-01, 3.261499617628835e-03, 4.312553992886395e-13, 3.252637720978744e+00, 2.261441869130590e+01, 8.611107880206646e+04, 1.183770807126566e+03
2017, 4.935910096033358e-02, 1.469818750710692e-03, 1.261122782654940e-01, 9.529895083035557e-04, 1.270222409735488e-13, 2.188044666020809e+01, 1.644980753107452e+00, 1.433384261967677e+05, 1.303815850677751e+03
2018, 2.633558457470720e-02, 9.121737275277327e-04, 1.580880451475668e+00, 1.194619988520745e-02, 1.592170109379622e-12, 5.696555351268751e+01, -3.823680038683353e+00, -1.128899955657366e+05, 3.676633093231228e-04
2019, 2.626778406128889e-02, 1.016709374147748e-03, 1.583330676848366e+00, 1.196471544217996e-02, 1.594645989397398e-12, 5.616391116497693e+01, -4.253353165545624e+00, -1.133542656329326e+05, 3.682329750945554e-04
2020, 2.614633945646735e-02, 1.010039438806677e-03, 1.583123881413039e+00, 1.196315275627071e-02, 1.594427833486194e-12, 5.519707452339566e+01, -4.349452962530440e+00, -1.132879145760891e+05, 3.681850127738222e-04
2021, 2.620391634580136e-02, 1.129645134662346e-03, 1.585658897702668e+00, 1.198230905065077e-02, 1.596979531066035e-12, 5.530987559019928e+01, -4.714038548983121e+00, -1.138053866301128e+05, 3.687742828055628e-04
2022, 2.606856189604073e-02, 1.118464626800243e-03, 1.585387206166200e+00, 1.198025596599235e-02, 1.596688030575198e-12, 5.433498912537911e+01, -4.807905793014169e+00, -1.137155755240182e+05, 3.687112369880096e-04
2023, 2.614278296926886e-02, 1.234811209494303e-03, 1.587692411245848e+00, 1.199767565173275e-02, 1.599014220340378e-12, 5.431717321903858e+01, -5.092357962204153e+00, -1.141981150666731e+05, 3.692470993509032e-04
2024, 2.598895766267263e-02, 1.240567814699745e-03, 1.588021972182895e+00, 1.200016603664744e-02, 1.599363711930969e-12, 5.325367337861746e+01, -5.264292411914757e+00, -1.142073607853237e+05, 3.693238501342295e-04
2025, 2.596995459156356e-02, 1.046668543139222e-03, 1.583926731881152e+00, 1.196921963638240e-02, 1.595224905171510e-12, 5.365569203332290e+01, -4.594694331371526e+00, -1.134079057678680e+05, 3.683718115294231e-04
2026, 2.636632294331539e-02, 1.149974517217479e-03, 1.585892490928890e+00, 1.198407423875824e-02, 1.597208671498207e-12, 5.630108184722113e+01, -4.489377348026472e+00, -1.139065307178305e+05, 3.688284311531583e-04
2027, 5.079567505182636e-02, 4.681649804900241e-03, 4.569445481515140e-01, 3.452981472173569e-03, 4.636333422409403e-13, 5.867763937484902e+00, 2.526700834943992e+01, 8.128658143706869e+04, 5.800066191227990e+02
2028, 4.068554222666046e-02, 1.520093019501809e-03, 2.524623721926813e-01, 1.907776112287540e-03, 2.541859117567932e-13, 4.122858579450426e+01, 1.822060556594063e+00, 1.246883860434451e+05, 2.212098603505394e+01
2029, 3.213414839475805e-02, 2.885364684885923e-03, 1.535565258006454e+00, 1.160376769274484e-02, 1.546565487439809e-12, 3.949479286324308e+01, 1.023636237473908e+00, -1.084426004322006e+05, 3.571295723610879e-04
2030, 3.227337702675869e-02, 3.132465286535710e-03, 1.528931339165298e+00, 1.155363732366813e-02, 1.539857570812417e-12, 3.063077473284715e+01, 1.187380661502086e+00, -1.073901847128946e+05, 3.555871946195673e-04
2031, 4.432842134772209e-02, 9.065666120219174e-04, 1.730519915028439e-01, 1.307697668787322e-03, 1.742900577241988e-13, 3.537116642545385e+01, 1.118606471357626e+00, 1.365602728234612e+05, 2.310131785203326e+02
2032, 3.497260039049059e-02, 3.656384424146243e-03, 1.314122750402621e+00, 9.930398617652460e-03, 1.324119716666547e-12, -2.320874427644653e+01, 1.221005884025912e+01, -7.095979716056961e+04, 5.466204428881878e-04
2033, 3.032638277661433e-02, 9.064483081591567e-04, 1.569493075281106e+00, 1.186014918348535e-02, 1.580683399372913e-12, 8.206011042608758e+01, -1.021655273257311e+00, -1.125560283101484e+05, 3.650195983085876e-04
2034, 3.403298077310037e-02, 2.803264070774197e-03, 1.539464180065983e+00, 1.163323057984453e-02, 1.550523901158401e-12, 4.336543224804972e+01, 6.838101221533575e-02, -1.090841983904971e+05, 3.590368023052515e-04
2035, 3.387485131197589e-02, 3.149110754730647e-03, 1.528024811467130e+00, 1.154678698841742e-02, 1.538996801069201e-12, 3.201802942755442e+01, 1.412283713788865e+00, -1.073091081051030e+05, 3.562595930791467e-04
2036, 3.356589885316016e-02, 3.267904886576301e-03, 1.524906789261195e+00, 1.152322510776817e-02, 1.535773895242632e-12, 2.570965738267614e+01, 1.057434995844209e+00, -1.069091938708674e+05, 3.548555840628416e-04
2037, 5.228082364316902e-02, 9.840887702153248e-04, 1.099418033544130e-01, 8.307944837864918e-04, 1.108096846841841e-13, 1.783366799870846e+01, 9.770703541057272e-01, 1.467804110494000e+05, 2.389989441503793e+03
2038, 2.129529331767952e-02, 2.217912112442686e-03, 1.572585494417264e+00, 1.188351759005562e-02, 1.583897724056143e-12, 6.226903124469327e+00, -6.458707666054924e+00, -1.110061095006429e+05, 3.657395685086873e-04
2039, 4.820662021789331e-02, 4.498839551657838e-03, 4.421259930859352e-01, 3.341002466643248e-03, 4.464029814857323e-13, 6.734181260820070e+00, 2.419944276350233e+01, 8.444277524887996e+04, 3.055902081579540e+02
2040, 4.838059934572785e-02, 4.304644165383107e-03, 3.032177005503108e-01, 2.291317636399991e-03, 3.058704082904769e-13, 1.169814844652845e+01, 1.394153881853376e+01, 1.109247847128334e+05, 4.248478095670110e+02
2041, 4.548904152496308e-02, 4.136915337451487e-03, 3.220395983080958e-01, 2.433548601823013e-03, 3.253461925025384e-13, 1.408855651466000e+01, 1.425411066343268e+01, 1.076532927165546e+05, 1.544864350035869e+02
2042, 2.438550393422584e-02, 1.719342471822701e-03, 1.596307032114536e+00, 1.206277354242810e-02, 1.607688175517233e-12, 4.210682465617684e+01, -9.115041721149714e+00, -1.153016257281102e+05, 3.712515829270139e-04
2043, 2.420446103203306e-02, 2.001336516055157e-03, 1.599229103218949e+00, 1.208485468427503e-02, 1.610646390126452e-12, 4.115248860885244e+01, -1.059883562688542e+01, -1.158797911497955e+05, 3.719312330788440e-04
2044, 2.129080872410714e-02, 2.546239415711891e-03, 1.582291989966770e+00, 1.195686642292337e-02, 1.593705217709891e-12, 2.119124743599714e+01, -1.712274420557640e+01, -1.122078750064405e+05, 3.679961107837868e-04
2045, 6.152651115046638e-02, 3.951936086004814e-03, 2.218734726551726e-01, 1.676625737947326e-03, 2.243568983651779e-13, 3.010794943271516e+00, 8.983575237192055e+00, 1.263402710765459e+05, 2.178701916629489e+03
2046, 6.260097593841450e-02, 3.760142464543153e-03, 2.532654684496455e-01, 1.913844849744547e-03, 2.558809600203683e-13, 3.295753075249234e+00, 9.438317909796295e+00, 1.192243836271484e+05, 1.866088534769764e+03
2047, 4.836076910887167e-02, 3.992183303478825e-03, 2.161744423243540e-01, 1.633560017565150e-03, 2.173334411834857e-13, 1.580115281897349e+01, 7.460887063319340e+00, 1.248059093910915e+05, 5.141287034221332e+02
2048, 4.874927468155857e-02, 4.214669736238985e-03, 2.563235465264568e-01, 1.936953752088227e-03, 2.589601921557588e-13, 1.294042517894783e+01, 9.111564125851055e+00, 1.183038805567570e+05, 5.100518040427532e+02
2049, 4.893862343056575e-02, 4.076420566813818e-03, 2.231573240764213e-01, 1.686327385967461e-03, 2.252205584412962e-13, 1.405173033060122e+01, 7.053177337096838e+00, 1.239551370528961e+05, 5.861431004777697e+02
2050, 4.899148406552236e-02, 4.346340745089388e-03, 2.989904859941792e-01, 2.259373949578332e-03, 3.012253749258925e-13, 1.168812139908419e+01, 1.229557103381529e+01, 1.109825779402268e+05, 5.002980049702663e+02
2051, 4.802067949172288e-02, 3.888253626805807e-03, 2.095221477621952e-01, 1.583290789134883e-03, 2.112302931317053e-13, 1.667253434079321e+01, 7.148093960548466e+00, 1.266990403679680e+05, 4.871055158292486e+02
2052, 4.784349415208070e-02, 3.518582673311106e-03, 1.764666525387393e-01, 1.333501152685698e-03, 1.778494349539743e-13, 1.844020462496351e+01, 5.021676169694482e+00, 1.328234152975425e+05, 5.486868152197527e+02
2053, 2.081393404383304e-02, 2.869802977664440e-03, 1.582862534719434e+00, 1.196117784422820e-02, 1.594232430453557e-12, 2.006665218720678e+01, -1.392357528551292e+01, -1.119568359763828e+05, 3.681292395227963e-04
2054, 4.259684971719024e-02, 4.145618036150689e-03, 4.793704205180023e-01, 3.622446502652038e-03, 4.848028854591796e-13, 1.271777062905141e+01, 2.431839515751948e+01, 7.894102426352641e+04, 2.611054376290633e+01
2055, 2.655808237997270e-02, 1.099730135265584e-03, 1.585154907001203e+00, 1.197850055668504e-02, 1.596467269059011e-12, 5.778327424700570e+01, -4.203394169687450e+00, -1.137991120227423e+05, 3.686568066324646e-04
2056, 4.231132962989939e-02, 9.053195553652701e-04, 2.098479648520930e-01, 1.585752883013442e-03, 2.113313244348098e-13, 4.025705257388306e+01, 1.155204304692182e+00, 1.312055337999615e+05, 7.219950909121602e+01
2057, 6.429922273381188e-02, 3.826526886328959e-03, 3.902925370379999e-01, 2.949313881898721e-03, 3.937729235100981e-13, 4.943031654158750e+00, 1.311399814779940e+01, 9.240620037291051e+04, 1.085541735260548e+03
2058, 6.521048401872298e-02, 3.530800987457467e-03, 4.479212036938046e-01, 3.384794990129434e-03, 4.514871166023991e-13, 3.898734810009881e+00, 1.185012753640860e+01, 8.083464862668328e+04, 7.278781422002257e+02
2059, 6.537963367093443e-02, 2.514807810090499e-03, 4.060724014932103e-01, 3.068557190125195e-03, 4.090690489229753e-13, 4.375808010363953e+00, 6.484761821498537e+00, 8.831457829647273e+04, 8.414337670752374e+02
2060, 6.614272684822912e-02, 3.141680610851416e-03, 5.139092488372335e-01, 3.883445205319344e-03, 5.177399581638507e-13, 2.176004925446307e+00, 8.706853986629431e+00, 6.749101653458233e+04, 3.729766927669717e+02
2061, 6.630584578314017e-02, 2.138929648870337e-03, 5.099795446414216e-01, 3.853749707618081e-03, 5.136251521362160e-13, 2.198237124470577e+00, 4.843742767395057e+00, 6.689014414536305e+04, 3.783555858132883e+02
2062, 6.708848346985126e-02, 2.731309069236879e-03, 5.927078007903075e-01, 4.478900257861702e-03, 5.969245260678380e-13, -1.378603526838176e+00, 6.219202132590183e+00, 5.161748695039323e+04, 1.097039189956148e+02
2063, 6.731012396879169e-02, 1.641314680838305e-03, 6.078670889466476e-01, 4.593454072645185e-03, 6.120993805798819e-13, -2.604505764501198e+00, 3.577521012643318e+00, 4.736021398291540e+04, 7.633081407083066e+01
2064, 6.801995787146359e-02, 2.346926497264129e-03, 6.620234267149151e-01, 5.002695919760301e-03, 6.669061311161702e-13, -5.718897480829574e+00, 4.787323793556382e+00, 3.867932696509582e+04, 1.680489999435215e+01
2065, 6.785654023997738e-02, 3.278071800773819e-03, 6.667309679702652e-01, 5.038269279372954e-03, 6.713776740477972e-13, -3.937274968257356e+00, 9.328635549899550e+00, 3.847417218947176e+04, 2.586704644635328e+01
2066, 6.880595541419428e-02, 2.949064664227099e-03, 7.195911572814889e-01, 5.437716553765017e-03, 7.246419084945609e-13, -7.405576335235221e+00, 7.386412691262888e+00, 2.887929988754416e+04, 3.257437158729863e+00
2067, 6.895965846272875e-02, 2.003164128145222e-03, 7.284035014244313e-01, 5.504308574996207e-03, 7.335829201793996e-13, -9.335885616368158e+00, 3.107639387834186e+00, 2.626015827879451e+04, 1.978881787936887e+00
2068, 6.973779602340513e-02, 2.584408642592417e-03, 7.732509213461821e-01, 5.843205954757478e-03, 7.788272727996091e-13, -1.023043607486447e+01, 4.303635592215814e+00, 1.857273222836511e+04, 3.611729404899512e-01
2069, 6.860599077959564e-02, 3.972734776021666e-03, 7.664379103263662e-01, 5.791722244280192e-03, 7.721413711755613e-13, -4.161746590604622e+00, 1.446536148043754e+01, 1.985987740733900e+04, 5.418364332785763e+00
2070, 6.999516360798021e-02, 1.545858021850713e-03, 7.957397037533447e-01, 6.013146375970479e-03, 8.013312658781492e-13, -1.264713927678888e+01, 1.780239669383949e+00, 1.306587065552513e+04, 1.484021871858599e-01
2071, 7.070525831150370e-02, 2.250063903238796e-03, 8.334109542532572e-01, 6.297815775213997e-03, 8.394261645376387e-13, -1.288421214260497e+01, 2.589183157688285e+00, 6.669704046916625e+03, 3.138447273703029e-02
2072, 7.052089529944676e-02, 3.167815375879885e-03, 8.237615877349838e-01, 6.224898647872095e-03, 8.295416139038152e-13, -1.033135971120041e+01, 6.732054089198109e+00, 9.668479099451972e+03, 6.594272304534193e-02
2073, 7.145873008276669e-02, 2.817552666932334e-03, 8.761219061745955e-01, 6.620568560513890e-03, 8.823776204867793e-13, -1.283520273342436e+01, 4.346324121030037e+00, -6.955887968816889e+02, 5.954405162120795e-03
2074, 7.132602456278558e-02, 3.837229266723605e-03, 8.928366825449184e-01, 6.746876694294962e-03, 8.990040386435738e-13, -9.411638410349898e+00, 1.067922214313739e+01, -3.026212580730780e+03, 1.042495428011805e-02
2075, 7.228234704068504e-02, 3.363797847177090e-03, 9.244593332257441e-01, 6.985838790119775e-03, 9.309008492975539e-13, -1.229593991880014e+01, 6.229128765327182e+00, -9.313974117395186e+03, 1.062755060946318e-03
2076, 7.238552425085581e-02, 2.425106469112917e-03, 9.327701072691729e-01, 7.048640609087518e-03, 9.394654222049693e-13, -1.574415983150487e+01, 2.471323004866909e+00, -1.188315490024811e+04, 6.288278041153448e-04
2077, 7.319341532846507e-02, 3.013107411460851e-03, 9.762726866182921e-01, 7.377375465629997e-03, 9.832809462696493e-13, -1.497239447704631e+01, 4.064364754075418e+00, -1.937817474746934e+04, 2.833930553827054e-04
2078, 7.327342450268318e-02, 2.096961966658777e-03, 9.879803703197542e-01, 7.465846627101979e-03, 9.951109946995171e-13, -1.870600062328321e+01, 1.525816816922141e+00, -2.228561107085142e+04, 2.613618260380995e-04
2079, 7.409423831050582e-02, 2.668045085701324e-03, 1.028611377829323e+00, 7.772881948332850e-03, 1.036155910231045e-12, -1.784789059318891e+01, 1.918188086435964e+00, -2.939933338292599e+04, 2.519462637732377e-04
2080, 7.408553564536360e-02, 3.740542168590036e-03, 1.029727804148912e+00, 7.781318419262015e-03, 1.037049083715870e-12, -1.261539597224624e+01, 7.034757658582378e+00, -2.853362470367621e+04, 2.529488393954205e-04
2081, 7.492982941452564e-02, 3.227878719549896e-03, 1.069509814969718e+00, 8.081938148386140e-03, 1.077431774289633e-12, -1.610971991210455e+01, 2.315134007816309e+00, -3.650763758928974e+04, 2.573035402122314e-04
2082, 7.502785940826094e-02, 2.282183355174211e-03, 1.083871397920979e+00, 8.190463964138925e-03, 1.091760949658004e-12, -2.007916798119168e+01, 3.363487108957347e-01, -3.999018835148348e+04, 2.607580273243072e-04
2083, 7.581102662031200e-02, 2.871175613700869e-03, 1.122115687978521e+00, 8.479463637117660e-03, 1.130445321875853e-12, -1.842668572380301e+01, 3.843131511295385e-01, -4.666584203619807e+04, 2.684803650783457e-04
2084, 7.250385415768000e-02, 1.528581828464825e-03, 9.467649025194895e-01, 7.154394729366896e-03, 9.536487985264910e-13, -1.872090081496085e+01, 1.128325467550419e+00, -1.473579307145426e+04, 4.039370682649171e-04
2085, 7.600937507400531e-02, 1.747313932053600e-03, 1.141029414237622e+00, 8.622388520687892e-03, 1.149322082044607e-12, -2.218811392335809e+01, -1.306133045249618e-01, -5.065925683087949e+04, 2.736271702755788e-04
2086, 7.673598643848277e-02, 2.522556844491139e-03, 1.175227604936042e+00, 8.880813135537326e-03, 1.183868624949291e-12, -2.001317815669955e+01, -2.547653284976555e-01, -5.685261316507211e+04, 2.810293998381620e-04
2087, 7.660045143243814e-02, 3.477045562471708e-03, 1.158588616328150e+00, 8.755077705251005e-03, 1.167083322911441e-12, -1.543384891771560e+01, 1.406294381459958e+00, -5.280896954575946e+04, 2.758094168141046e-04
2088, 7.750119728957519e-02, 3.076342892720585e-03, 1.212967108874008e+00, 9.165998303834405e-03, 1.221809628943397e-12, -1.746525347234124e+01, -1.585516965239653e-01, -6.375044699770496e+04, 2.892484180768780e-04
2089, 7.762884511581633e-02, 2.124832060531469e-03, 1.227000143780252e+00, 9.272041388768233e-03, 1.235950215039355e-12, -2.181550468300251e+01, -2.164881473320734e-01, -6.642267691420355e+04, 2.936571829163976e-04
2090, 7.512066640802796e-02, 1.445035446829345e-03, 1.093604061281705e+00, 8.264010538653492e-03, 1.101338781934594e-12, -2.221246270847330e+01, 2.190917311565005e-01, -4.168515806509641e+04, 2.632232805894524e-04
2091, 6.643838950474974e-02, 1.122736356435312e-03, 5.111042774408189e-01, 3.862248947916437e-03, 5.141468830860446e-13, 2.461808960365981e+00, 2.550423668512110e+00, 6.694123624119992e+04, 3.859240081736792e+02
2092, 6.602037987097675e-02, 4.103468871488265e-03, 5.747435601743170e-01, 4.343150328773076e-03, 5.793329248192273e-13, 1.536027414732914e+00, 1.557932710892567e+01, 5.671199249886995e+04, 3.196047391392548e+02
2093, 6.900588915074646e-02, 9.622514950502191e-04, 7.347945096238357e-01, 5.552603347284100e-03, 7.398665606081671e-13, -1.015750328948094e+01, 1.817043153405059e+00, 2.438471164309436e+04, 1.652743569398218e+00
2094, 2.457747723329806e-02, 9.202704365287893e-04, 1.581176236717678e+00, 1.194843503816987e-02, 1.592364268558672e-12, 4.094689178520117e+01, -5.538124793785066e+00, -1.123535767741715e+05, 3.677337710519106e-04
2095, 5.238207585516053e-02, 4.795573712296774e-03, 4.556980014977751e-01, 3.443561724163959e-03, 4.596026082241973e-13, 4.930659962607080e+00, 2.492825411085619e+01, 8.102960230586959e+04, 7.921900536744249e+02
2096, 4.029873012758377e-02, 9.051037604496671e-04, 2.701398177659694e-01, 2.041358824428070e-03, 2.721080457473354e-13, 4.499361948281876e+01, 1.046358513882709e+00, 1.221211720073652e+05, 1.357530872868138e+01
2097, 3.570323199873721e-02, 9.287832633153991e-04, 9.154077505944139e-01, 6.917438921368231e-03, 9.226334130972127e-13, 4.119104201839691e+01, 3.240365304462432e+00, 1.122730534456449e+04, 3.130747311016424e-04
2098, 2.770373473705793e-02, 9.039222948702250e-04, 1.578478505699836e+00, 1.192804916146060e-02, 1.589760994030994e-12, 6.599086709463050e+01, -3.098968307044651e+00, -1.130268696378133e+05, 3.671108145263239e-04
2099, 3.946745806368751e-02, 1.397747327267055e-03, 3.057605341236015e-01, 2.310533003453168e-03, 3.078899003890717e-13, 4.440750006369672e+01, 1.693822545775317e+00, 1.165657265798879e+05, 5.854915106172490e+00
2100, 3.829907007378957e-02, 9.079626032156741e-04, 3.828578293391096e-01, 2.893132211630820e-03, 3.855788377704898e-13, 4.841286020166896e+01, 7.935855132269697e-01, 1.040123758524773e+05, 9.410597246073470e-01
2101, 3.823572779847220e-02, 1.011324755416142e-03, 3.873799027288673e-01, 2.927304050848173e-03, 3.901152132397592e-13, 4.807621527675544e+01, 9.711639271658424e-01, 1.032122286623161e+05, 8.531477700745015e-01
2102, 3.811231580994732e-02, 1.009075983916043e-03, 3.983824468133285e-01, 3.010446701360449e-03, 4.012199655471785e-13, 4.836241181096379e+01, 9.905934461016659e-01, 1.013500518593532e+05, 6.638864849532147e-01
2103, 3.818203472437401e-02, 1.130201408901625e-03, 3.915639204722847e-01, 2.958921313392783e-03, 3.944131223134447e-13, 4.763277480833924e+01, 1.090275875685728e+00, 1.024343718707251e+05, 7.933065194000876e-01
2104, 3.805072543205869e-02, 1.114203083564158e-03, 4.039154982308419e-01, 3.052258173029229e-03, 4.068672071625108e-13, 4.798940528689293e+01, 1.091120819321522e+00, 1.003809855153611e+05, 6.018487015114706e-01
2105, 3.832795389373396e-02, 1.119565107066957e-03, 3.793258194571161e-01, 2.866441960633225e-03, 3.821504803321394e-13, 4.736142672972034e+01, 1.132995946811506e+00, 1.045746094149274e+05, 1.052322970887950e+00
2106, 3.408401883087892e-02, 9.126083367055229e-04, 1.562697428063727e+00, 1.180879668562104e-02, 1.573838924709571e-12, 7.673341551991872e+01, 2.791032439409571e+00, -1.125434076309456e+05, 3.634377046690907e-04
2107, 3.573355589499772e-02, 3.716446568230706e-03, 8.377968573384779e-01, 6.330958619685358e-03, 8.448464267076829e-13, 1.046711282759863e+01, 2.415457651868930e+01, 2.687689507758289e+04, 2.934865316005890e-03
2108, 2.404194493610915e-02, 9.094404349363917e-04, 1.579530252418676e+00, 1.193599686966351e-02, 1.590742690614227e-12, 3.363554080479092e+01, -7.133803058523037e+00, -1.120493751204612e+05, 3.673516389976734e-04
2109, 2.985244342054303e-02, 9.102496552409481e-04, 1.570945088742043e+00, 1.187112157739669e-02, 1.582163034740756e-12, 8.070434730187877e+01, -1.919955097940425e+00, -1.126538792478392e+05, 3.653575727639853e-04
2110, 4.025229903732297e-02, 4.002464162030440e-03, 5.278311592824253e-01, 3.988648558810277e-03, 5.310716530425784e-13, 1.272282275195904e+01, 2.618163328068814e+01, 7.349762751839730e+04, 4.292025054501082e+00
2111, 4.039382897306049e-02, 3.809874746892834e-03, 3.894304230289917e-01, 2.942799166465982e-03, 3.923445764117927e-13, 2.092494114859799e+01, 1.604073487301954e+01, 9.980018536545937e+04, 7.367617971821603e+00
2112, 5.371361765452833e-02, 9.039222948700513e-04, 1.046432708272423e-01, 7.907551951679730e-04, 1.055453040985533e-13, 1.548874345998403e+01, 9.439401700914629e-01, 1.479355872811731e+05, 2.919876153626895e+03
2113, 4.418830759159748e-02, 4.260216679185264e-03, 4.648970292076962e-01, 3.513075787465852e-03, 4.666289197722967e-13, 1.085343068785521e+01, 2.513262418525858e+01, 8.043419656520139e+04, 6.122365824626134e+01
2114, 4.406853988124954e-02, 4.029377525295245e-03, 3.214489049753916e-01, 2.429084924248153e-03, 3.231390454287869e-13, 1.691280705867500e+01, 1.455825534994716e+01, 1.083433419470181e+05, 8.307019099335658e+01
2115, 2.584417489304404e-02, 9.049262604771779e-04, 1.581020449597352e+00, 1.194725780552244e-02, 1.592308161540832e-12, 5.274740550011182e+01, -4.125197151105907e+00, -1.128121447583685e+05, 3.676963325510151e-04
2116, 4.159303718741195e-02, 4.086666752495958e-03, 5.018147864927910e-01, 3.792051283319995e-03, 5.063841890124208e-13, 1.133921776976239e+01, 2.562901279493332e+01, 7.602909554411971e+04, 1.301236172437939e+01
2117, 2.428151985918438e-02, 9.045169743906127e-04, 1.579804024767656e+00, 1.193806567834598e-02, 1.591011376582304e-12, 3.698071362939579e+01, -6.478954931065285e+00, -1.121333984278676e+05, 3.674150291941009e-04
2118, 3.384791250618423e-02, 9.054013157097252e-04, 1.562577813399218e+00, 1.180789279646857e-02, 1.573727320429638e-12, 7.811360886746085e+01, 2.223979945045288e+00, -1.124731907015322e+05, 3.634099672389310e-04
2119, 2.663366884115158e-02, 9.308975538441433e-04, 1.581556274734936e+00, 1.195130686197778e-02, 1.592809973494948e-12, 5.902571161323632e+01, -3.637797298995396e+00, -1.130764614307588e+05, 3.678201872768987e-04
2120, 3.869237679872699e-02, 2.086761468332630e-03, 3.501110434731061e-01, 2.645675391484695e-03, 3.525765458564459e-13, 4.194468028297118e+01, 2.300410176669751e+00, 1.091188906988302e+05, 2.457314370645928e+00
2121, 5.068267053383937e-02, 4.443065444940613e-03, 2.974440844098405e-01, 2.247688295286390e-03, 3.013708267670116e-13, 9.481315164818465e+00, 1.343010273410485e+01, 1.120550199184142e+05, 7.594819117802259e+02
2122, 5.041701765435637e-02, 4.452244178918133e-03, 3.051673272806357e-01, 2.306050332094049e-03, 3.087155135933966e-13, 9.223935295254684e+00, 1.386412662513276e+01, 1.109814984662872e+05, 7.006649571878258e+02
2123, 5.027124752944657e-02, 9.061426506717796e-04, 1.191435110744503e-01, 9.003287990513085e-04, 1.200233288153642e-13, 2.184401787008506e+01, 9.588752592301322e-01, 1.449875800711400e+05, 1.663954407441312e+03
2124, 5.020970630477390e-02, 1.015399572442515e-03, 1.197394657063965e-01, 9.048322345571886e-04, 1.206318323754811e-13, 2.167155463909250e+01, 1.074983868429593e+00, 1.448059178974782e+05, 1.632547447341699e+03
2125, 5.009025781617268e-02, 1.006422117442191e-03, 1.204088246498913e-01, 9.098903625936649e-04, 1.213114163376250e-13, 2.194060723501955e+01, 1.101146219903434e+00, 1.446730340974927e+05, 1.589918174402197e+03
2126, 5.666579660898137e-02, 5.056695691244064e-03, 4.537062182023195e-01, 3.428510465011276e-03, 4.522563693958118e-13, 8.421541422973109e-01, 2.478277974807455e+01, 8.306551723960764e+04, 1.420546843943402e+03
2127, 5.573431350078620e-02, 9.092424876129563e-04, 9.893064571421602e-02, 7.475867434323301e-04, 9.969851699094640e-14, 1.178426745400525e+01, 9.392544356768961e-01, 1.492672661481060e+05, 3.592534095465347e+03
2128, 5.567506484226321e-02, 1.022031548124063e-03, 9.942945486112777e-02, 7.513560820739753e-04, 1.002051795607795e-13, 1.170555445726977e+01, 1.053153938199881e+00, 1.491046084788664e+05, 3.554182961563154e+03
2129, 4.978003523606390e-02, 4.621422984596260e-03, 4.565720366738333e-01, 3.450166523980491e-03, 4.624949511451299e-13, 5.390459991388342e+00, 2.494623919261242e+01, 8.147693022184975e+04, 4.547374881996433e+02
2130, 4.574628762903112e-02, 8.996782456871949e-04, 1.552349458615475e-01, 1.173060044293822e-03, 1.563922072883304e-13, 3.201053883150160e+01, 1.242440846101433e+00, 1.391146906727103e+05, 4.278788579258311e+02
2131, 3.213195300924864e-02, 9.036441034739574e-04, 1.565268909082830e+00, 1.182822853211298e-02, 1.576445417467218e-12, 8.100126922501036e+01, 4.642863060040617e-01, -1.124275359379592e+05, 3.640360731685166e-04
2132, 3.207258022412174e-02, 1.007950331096323e-03, 1.566391666660783e+00, 1.183671284630406e-02, 1.577575766228575e-12, 7.930436992246092e+01, 5.727098726087568e-01, -1.127255293056606e+05, 3.642972510126464e-04
2133, 3.195224310982609e-02, 1.007972185741896e-03, 1.566429778523843e+00, 1.183700084526924e-02, 1.577616091313561e-12, 7.940534825078583e+01, 6.792529534355408e-01, -1.127319017635577e+05, 3.643061988781890e-04
2134, 3.201238281512735e-02, 1.109847360247916e-03, 1.567245060373283e+00, 1.184316166529020e-02, 1.578437836837140e-12, 7.743250453295411e+01, 6.392632990583222e-01, -1.129809933562934e+05, 3.644957889144679e-04
2135, 3.189111539892295e-02, 1.111772332006010e-03, 1.567260984534647e+00, 1.184328199900328e-02, 1.578453467118751e-12, 7.752079121214909e+01, 7.189012997330110e-01, -1.129798087459663e+05, 3.644995837468898e-04
2136, 3.214553057108260e-02, 1.104648975113718e-03, 1.567241250414170e+00, 1.184313287466717e-02, 1.578437089244607e-12, 7.723912590938494e+01, 5.646702774642028e-01, -1.129862945148942e+05, 3.644948071790066e-04
2137, 2.274769133815176e-02, 1.143345709955480e-03, 1.576193709697183e+00, 1.191078370048340e-02, 1.587403665646755e-12, 1.691116857693970e+01, -8.511952665166033e+00, -1.112417999673886e+05, 3.665771184479760e-04
2138, 5.162026495200787e-02, 4.747753997732647e-03, 4.619304434474046e-01, 3.490658262821662e-03, 4.691312829873950e-13, 3.226954148153342e+00, 2.545113602742160e+01, 8.098831206340001e+04, 6.873458090219070e+02
2139, 5.555474049279398e-02, 4.995094920108614e-03, 4.605315305566711e-01, 3.480087132673254e-03, 4.612864656427053e-13, 2.943024939987925e+00, 2.544907291024421e+01, 8.175746031919938e+04, 1.258448725433449e+03
2140, 5.544329654488012e-02, 4.769530731550991e-03, 3.008892401562439e-01, 2.273722217808446e-03, 3.006773303991723e-13, 5.438837535246823e+00, 1.437123692121873e+01, 1.118742547013567e+05, 1.616497962097688e+03
2141, 4.813106830879766e-02, 9.016932161112596e-04, 1.328862347530897e-01, 1.004178096371026e-03, 1.338352257781149e-13, 2.624193772464245e+01, 1.066570798903154e+00, 1.425925327440538e+05, 9.780848723356221e+02
2142, 6.462409630265954e-02, 1.903427603610273e-03, 2.991862102386318e-01, 2.260852974095922e-03, 3.011559170352788e-13, 4.925106157915913e+00, 4.156016437289857e+00, 1.093909075882201e+05, 1.422580171438691e+03
2143, 6.960649411131357e-02, 3.553759699160425e-03, 7.879433077940988e-01, 5.954231545044389e-03, 7.933629576313775e-13, -8.134881883242834e+00, 1.036659746127132e+01, 1.639554456366262e+04, 6.300593113544122e-01
2144, 7.163004146933355e-02, 1.897090861689431e-03, 8.933638866961017e-01, 6.750860604757021e-03, 8.997479267367809e-13, -1.594735092458954e+01, 1.737782340063530e+00, -4.640923167378546e+03, 2.632558574505377e-03
2145, 4.183206594459767e-02, 9.066733546855632e-04, 2.218297416765283e-01, 1.676295277152679e-03, 2.234662992804650e-13, 4.153399073479584e+01, 1.179681748986975e+00, 1.294206635397919e+05, 5.048499427660739e+01
2146, 4.978863747189219e-02, 9.039220436767088e-04, 1.219647047594049e-01, 9.216476430181837e-04, 1.228908918198789e-13, 2.286237923258297e+01, 1.057184864824479e+00, 1.444192901004534e+05, 1.489899606382762e+03
2147, 4.408384314141866e-02, 9.039220436767035e-04, 1.770033853525293e-01, 1.337557068155216e-03, 1.782825006363481e-13, 3.602972544601464e+01, 1.129998945631618e+00, 1.359761534989280e+05, 2.024920521092929e+02
2148, 4.206742717083641e-02, 9.035838972043099e-04, 2.158541161951237e-01, 1.631139417091750e-03, 2.173935638271875e-13, 4.093851979699325e+01, 1.198558411378684e+00, 1.302930634781324e+05, 6.023873967876024e+01
2149, 4.201561620927489e-02, 1.009442969558198e-03, 2.165819126555828e-01, 1.636639138455461e-03, 2.180996170163485e-13, 4.062817172054578e+01, 1.330994568448787e+00, 1.300725964022921e+05, 5.865738146254606e+01
2150, 5.621610317746416e-02, 9.039220436763738e-04, 9.780748492654945e-02, 7.390993823164810e-04, 9.855028864607059e-14, 1.090902514800942e+01, 8.283266366896269e-01, 1.495972093915146e+05, 3.732392758624725e+03
2151, 5.395466933805661e-02, 8.998719035267888e-04, 1.038412249267046e-01, 7.846943949120314e-04, 1.047275419947974e-13, 1.505652333036027e+01, 9.196889578334161e-01, 1.481230414776641e+05, 3.008806165305128e+03
2152, 4.598244088351018e-02, 9.005921795629630e-04, 1.525301552606225e-01, 1.152620820609295e-03, 1.536281146702468e-13, 3.133098138711502e+01, 1.256658109263391e+00, 1.394917583188853e+05, 4.718667799149382e+02
2153, 5.419361344874007e-02, 9.039220436754476e-04, 1.030834407874324e-01, 7.789680664036862e-04, 1.039546510667060e-13, 1.457269091054105e+01, 9.238762200257388e-01, 1.482895302721076e+05, 3.094977027667453e+03
2154, 3.594592932281041e-02, 9.049663388751019e-04, 8.002319692546637e-01, 6.047092966660698e-03, 8.058133879233196e-13, 4.584007219761031e+01, 1.791894224349554e+00, 3.081293431948339e+04, 6.865626652757891e-04
2155, 4.005854615606685e-02, 9.033172465386401e-04, 2.805197814716396e-01, 2.119796837317299e-03, 2.825573375685612e-13, 4.564055576368628e+01, 1.077999900815915e+00, 1.204924583747267e+05, 1.031905618819731e+01
2156, 3.781611255045137e-02, 9.052843524917989e-04, 4.279597283872605e-01, 3.233952607460595e-03, 4.310953087950294e-13, 4.897114116228047e+01, 9.792546188617390e-01, 9.647077871287588e+04, 3.463753765861030e-01
2157, 2.817709990849935e-02, 9.124386552091295e-04, 1.577173238212644e+00, 1.191818567918965e-02, 1.588434038016213e-12, 6.939718245239142e+01, -3.387863376104124e+00, -1.129406728812213e+05, 3.668057155298744e-04
2158, 5.597612903694917e-02, 9.039086487734202e-04, 9.834636729799275e-02, 7.431715412946416e-04, 9.909491970361429e-14, 1.132902041466870e+01, 8.880337594884020e-01, 1.494401197892126e+05, 3.665029019286957e+03
2159, 5.603563017176047e-02, 1.008118915100715e-03, 9.853545073821705e-02, 7.446003834122174e-04, 9.927595578896162e-14, 1.106231833801187e+01, 9.600252914109240e-01, 1.493781603268013e+05, 3.663126357530078e+03
2160, 5.811744848940106e-02, 9.002329447285024e-04, 9.489517054905619e-02, 7.170919688845194e-04, 9.561780075838455e-14, 7.650976564682000e+00, 8.860477137679538e-01, 1.502051788647555e+05, 4.071741575725690e+03
2161, 3.618681197818448e-02, 9.004992351509386e-04, 7.184529477889396e-01, 5.429115474475966e-03, 7.236625551018353e-13, 4.701097868900542e+01, 1.477125102359330e+00, 4.551683972691133e+04, 2.141812822458334e-03
2162, 3.981812212960494e-02, 8.971195428556993e-04, 2.911030302793928e-01, 2.199771009668022e-03, 2.932704235563488e-13, 4.615530255661264e+01, 1.123233718162677e+00, 1.188145922593040e+05, 7.843291635800366e+00
2163, 3.805445546396400e-02, 9.039220436750821e-04, 4.048021789496095e-01, 3.058958531105567e-03, 4.077420335853892e-13, 4.889235685575022e+01, 9.011183910062261e-01, 1.003356679725398e+05, 5.705463706723602e-01
2164, 5.003395720001824e-02, 9.018883067949009e-04, 1.205217886467283e-01, 9.107439948115736e-04, 1.214265572159192e-13, 2.234998067101973e+01, 1.008841254171409e+00, 1.447150588896735e+05, 1.577473001151521e+03
2165, 4.622404873585769e-02, 9.039220436761273e-04, 1.498527097289685e-01, 1.132388234727813e-03, 1.508990735549188e-13, 3.067351214405136e+01, 1.211358040114420e+00, 1.399313449890077e+05, 5.209485827832257e+02
2166, 2.608624773572527e-02, 9.039220436754359e-04, 1.580689069505715e+00, 1.194475367384761e-02, 1.591974235291547e-12, 5.492063051943765e+01, -3.958344634794735e+00, -1.128110570038134e+05, 3.676190544238079e-04
2167, 2.794373285170309e-02, 9.039220436755669e-04, 1.577491645842323e+00, 1.192059178218472e-02, 1.588740519155967e-12, 6.785644082553397e+01, -3.129321761270437e+00, -1.129243042568264e+05, 3.668796873190936e-04
2168, 5.615610375757345e-02, 1.007844087359856e-03, 9.826232226628301e-02, 7.425364402993723e-04, 9.899527789834381e-14, 1.086321801079159e+01, 9.306300343629565e-01, 1.494567263051989e+05, 3.696774871215337e+03
2169, 5.609610520784607e-02, 1.111767638195404e-03, 9.876655233118367e-02, 7.463467430568198e-04, 9.949488129780591e-14, 1.077577296008541e+01, 1.025800918143545e+00, 1.493062922304719e+05, 3.659315249787229e+03
2170, 5.597592268435625e-02, 1.112599834190709e-03, 9.904188929462231e-02, 7.484273750223376e-04, 9.978221833036581e-14, 1.099828281155978e+01, 1.066329957258885e+00, 1.492245030777926e+05, 3.625157739517192e+03
2171, 5.604622214734722e-02, 1.223926109222130e-03, 9.933771718375932e-02, 7.506628502551209e-04, 1.000713364158402e-13, 1.070780473516793e+01, 1.145507351977558e+00, 1.491518756536259e+05, 3.620680893152808e+03
2172, 5.591616678682802e-02, 1.007395106866725e-03, 9.880811078800807e-02, 7.466607868111306e-04, 9.955964268342507e-14, 1.127645841661855e+01, 9.936193126056639e-01, 1.492958700082243e+05, 3.628891143983533e+03
2173, 3.189247157967545e-02, 9.039103814153894e-04, 1.565507118168730e+00, 1.183002860077217e-02, 1.576687148295483e-12, 8.129394718718517e+01, 7.023723245072865e-01, -1.124588932559151e+05, 3.640916311758774e-04
2174, 5.822876789811491e-02, 5.169435567351450e-03, 4.668375753402535e-01, 3.527739864037632e-03, 4.660088137137742e-13, 1.179945878955692e+00, 2.544347865183977e+01, 7.982658764127233e+04, 1.458984333075950e+03
2175, 3.022364047098325e-02, 3.362309891473994e-03, 1.530509909664990e+00, 1.156556606799830e-02, 1.541435635315278e-12, 1.367135471388471e+01, 7.684265280253132e-01, -1.073346142048557e+05, 3.559549561109922e-04
2176, 3.036542827868759e-02, 3.155057865305573e-03, 1.532542913539370e+00, 1.158092881767875e-02, 1.543487285638188e-12, 2.583179243572872e+01, 7.808142083331224e-02, -1.076275713786137e+05, 3.564277982603826e-04
2177, 3.061491484470031e-02, 3.169606078267456e-03, 1.531434341990805e+00, 1.157255170270222e-02, 1.542347759038380e-12, 2.497991249256646e+01, 1.988264100975973e-01, -1.075666385887539e+05, 3.561698432824930e-04
2178, 3.051395784853375e-02, 2.932642434022822e-03, 1.537651416158990e+00, 1.161953211203357e-02, 1.548616900412010e-12, 3.589536198273134e+01, -1.834779525743890e-01, -1.085491546309600e+05, 3.576156522316306e-04
2179, 3.077718108733945e-02, 2.972514373615842e-03, 1.534890063761348e+00, 1.159866546923025e-02, 1.545823018912236e-12, 3.434991595854395e+01, -3.025264762357250e-01, -1.081449518607087e+05, 3.569733368115264e-04
2180, 3.022885390575729e-02, 2.913120210406209e-03, 1.539070689956670e+00, 1.163025710294801e-02, 1.550061834127166e-12, 3.679162986717825e+01, -3.949871661966547e-01, -1.086848171716160e+05, 3.579458903710860e-04
2181, 4.232855037118197e-02, 3.119892567176381e-03, 2.268357270021034e-01, 1.714123881628495e-03, 2.281803002121506e-13, 2.969948251951145e+01, 5.447990703389477e+00, 1.265231874382379e+05, 5.953583241984497e+01
2182, 4.215626234643560e-02, 3.496506974950071e-03, 2.550494855362312e-01, 1.927326087176034e-03, 2.566735695641433e-13, 2.653238640983709e+01, 7.033932137424344e+00, 1.206957988905380e+05, 4.188753887617629e+01
2183, 4.935286059552677e-02, 4.370207815741285e-03, 2.998960673922375e-01, 2.266217133946554e-03, 3.021488058644908e-13, 1.115130809472389e+01, 1.289515663959848e+01, 1.110915343360147e+05, 5.478149378201789e+02
2184, 3.183167608042493e-02, 1.007880402998400e-03, 1.566549881656940e+00, 1.183790842562010e-02, 1.577737860070475e-12, 7.950619257181742e+01, 7.136855603620712e-01, -1.127470517392289e+05, 3.643342148091584e-04
2185, 3.757902411153169e-02, 3.834821620246995e-03, 6.402020605693555e-01, 4.837798946366011e-03, 6.466716319695217e-13, 1.524923227913436e+01, 2.570052850192220e+01, 5.695499642152090e+04, 1.626629318283487e-01
2186, 3.746738565466671e-02, 3.610294087946202e-03, 5.071254511345014e-01, 3.832182250386321e-03, 5.113428826527093e-13, 2.477637094206823e+01, 1.475806262658296e+01, 8.347371071234372e+04, 2.267691581803961e-01
2187, 3.721269991132495e-02, 3.595971825315832e-03, 5.276144637250424e-01, 3.987011060894476e-03, 5.317490600649702e-13, 2.518204057767743e+01, 1.451541174424759e+01, 8.042936432115895e+04, 1.429253850300160e-01
2188, 3.735356538553272e-02, 3.378736836075956e-03, 4.615385318875262e-01, 3.487696714515631e-03, 4.648684395904283e-13, 3.094832193200282e+01, 7.451177828864372e+00, 9.123232781577852e+04, 2.554702659621042e-01
2189, 3.708454237945229e-02, 3.358681663402717e-03, 4.889044183453783e-01, 3.694491826287512e-03, 4.926677004522879e-13, 3.098353652586184e+01, 7.048076042089308e+00, 8.708318657164216e+04, 1.509943809008717e-01
2190, 3.766619272883431e-02, 3.404152901410211e-03, 4.377648080020519e-01, 3.308046408076028e-03, 4.411134904159996e-13, 3.039381278078214e+01, 7.820641830642336e+00, 9.532645936739205e+04, 4.327557262420587e-01
2191, 3.752012722456181e-02, 3.086436922747609e-03, 4.373366757739063e-01, 3.304811151943950e-03, 4.406360811747489e-13, 3.536185587732434e+01, 3.442543819356770e+00, 9.523706711434852e+04, 3.931354594611455e-01
2192, 3.866522938295875e-02, 3.906670901050159e-03, 5.862816060625372e-01, 4.430339592412047e-03, 5.907937077901090e-13, 1.438751504890398e+01, 2.586690426664921e+01, 6.459096622453581e+04, 7.628677796362721e-01
2193, 3.855513565640296e-02, 3.683211264228520e-03, 4.473001055300419e-01, 3.380101553124605e-03, 4.500586265653294e-13, 2.434287684686438e+01, 1.497557670381737e+01, 9.163006931720489e+04, 1.064124388654385e+00
2194, 3.880514356750575e-02, 3.689106022536974e-03, 4.357302389593063e-01, 3.292671830926712e-03, 4.391302256994860e-13, 2.382589019935044e+01, 1.569577506115655e+01, 9.410157765109587e+04, 1.499151652539657e+00
2195, 4.735562916753508e-02, 4.467916927345970e-03, 4.590216248845810e-01, 3.468677266126087e-03, 4.655553434609515e-13, 9.273130955136423e+00, 2.518943222428510e+01, 8.106120967518428e+04, 2.199393299299694e+02
2196, 3.026414559723192e-02, 1.008386045539230e-03, 1.570823692684581e+00, 1.187020422683655e-02, 1.582021450245187e-12, 8.067546670775731e+01, -1.137892111041982e+00, -1.128802246863228e+05, 3.653292266534738e-04
2197, 5.187143555943578e-02, 4.778311348313556e-03, 4.689310565921498e-01, 3.543559621598868e-03, 4.755810823676874e-13, 4.384670007408692e+00, 2.555555383376058e+01, 7.979159876573212e+04, 6.971491469446836e+02
2198, 5.370069191094865e-02, 4.873324135740721e-03, 4.605040603935408e-01, 3.479879549572724e-03, 4.643848160844275e-13, 3.479098113554094e+00, 2.519663478076000e+01, 8.103186439839019e+04, 9.974214948880133e+02
2199, 5.028300131387598e-02, 4.660518389733913e-03, 4.604214440351619e-01, 3.479255244596098e-03, 4.657306566365481e-13, 5.474745543227165e+00, 2.540611752500941e+01, 8.091482651425024e+04, 5.041113243659632e+02
2200, 5.847639937981784e-02, 5.197052570323013e-03, 4.695375161135771e-01, 3.548142439152733e-03, 4.675212703200264e-13, 1.630982969777385e-01, 2.542497086945869e+01, 7.928889882455056e+04, 1.405589586297604e+03
2201, 5.837851784061766e-02, 4.934105085435349e-03, 2.905561843089339e-01, 2.195638672366122e-03, 2.879503448142690e-13, 2.901840580632493e+00, 1.302224173454841e+01, 1.128710633542955e+05, 1.910808376744486e+03
2202, 5.321120996851204e-02, 4.850263507676361e-03, 4.634700353247369e-01, 3.502292458372134e-03, 4.678281654334367e-13, 3.698252620505527e+00, 2.563694651333108e+01, 8.060747559612364e+04, 9.087474959371706e+02
2203, 5.310561331697440e-02, 4.609172346669070e-03, 2.985802918599530e-01, 2.256274245792577e-03, 3.012070459679549e-13, 7.469746781489901e+00, 1.400847694305416e+01, 1.124696908549095e+05, 1.203195465059339e+03
2204, 4.502532976721654e-02, 4.309486081969426e-03, 4.576122236901096e-01, 3.458026879274316e-03, 4.581384305752857e-13, 8.777352481204282e+00, 2.475824943703115e+01, 8.244423043111996e+04, 8.967839337757076e+01
2205, 5.505161905175977e-02, 4.966229117949352e-03, 4.579685020174232e-01, 3.460719158827779e-03, 4.568821261433827e-13, 2.506173074614923e+00, 2.552651925082502e+01, 8.161111895264286e+04, 1.175485369374051e+03
2206, 3.414786253916568e-02, 3.615870564319284e-03, 1.520431699447215e+00, 1.148940830816642e-02, 1.531138459159053e-12, 1.260225420925712e+01, 1.442749118645574e+00, -1.068806143901646e+05, 3.578155465510382e-04
2207, 3.707666866345598e-02, 3.804901024554964e-03, 6.750686463631038e-01, 5.101274405765845e-03, 6.808276017767104e-13, 1.576096162430551e+01, 2.540816425344497e+01, 5.188632610774865e+04, 6.536371728650482e-02
2208, 3.206173697680662e-02, 3.481281818360577e-03, 1.526460985355243e+00, 1.153496966263502e-02, 1.537346740717628e-12, 1.215099768173081e+01, 1.204192215122148e+00, -1.070994469027165e+05, 3.550129009565902e-04
2209, 4.209187770548859e-02, 4.128309866510587e-03, 5.017400463809045e-01, 3.791486496578126e-03, 5.077731750739631e-13, 1.112920030805961e+01, 2.557351926940033e+01, 7.567458481848543e+04, 1.817103658647413e+01
2210, 4.196858221246378e-02, 3.894074152131978e-03, 3.560033387700366e-01, 2.690201552415869e-03, 3.606014551493956e-13, 1.791903638916508e+01, 1.473856122458478e+01, 1.042671601775982e+05, 2.528648234861833e+01
2211, 3.256092462685668e-02, 3.516696890150918e-03, 1.524848515301164e+00, 1.152278475038760e-02, 1.535705655377794e-12, 1.131436077010335e+01, 6.497766820955720e-01, -1.070204977569267e+05, 3.546386767469530e-04
2212, 3.267772893019220e-02, 3.321032349077138e-03, 1.524801904802600e+00, 1.152243252999543e-02, 1.535653176408275e-12, 2.232485595013267e+01, 4.284914202742253e-01, -1.068188259867338e+05, 3.546288271470747e-04
2213, 3.072166173234942e-02, 3.395172807235480e-03, 1.529005816122587e+00, 1.155420012183408e-02, 1.539896345653088e-12, 1.279492307729212e+01, 5.640056758597236e-01, -1.073271783488875e+05, 3.556049399908237e-04
2214, 3.365052556230586e-02, 3.583784307747983e-03, 1.522787460356748e+00, 1.150721002788569e-02, 1.533640323109023e-12, 1.297920728561015e+01, 1.394421751818838e+00, -1.067761548246674e+05, 3.544151293585370e-04
2215, 3.891370272313080e-02, 3.922099343396157e-03, 5.758238684988854e-01, 4.351313867749668e-03, 5.803248943690725e-13, 1.454101050763969e+01, 2.645602275013344e+01, 6.633181093763736e+04, 1.045707505597473e+00
2216, 4.074196711141843e-02, 4.025709630743248e-03, 5.112061130962202e-01, 3.863018486873197e-03, 5.149877526865304e-13, 1.432326983676602e+01, 2.477296392243985e+01, 7.519973776722570e+04, 6.738201131950032e+00
2217, 2.380049404983228e-02, 9.037713484841894e-04, 1.578739984443390e+00, 1.193002507136160e-02, 1.589947164443077e-12, 2.998843128695124e+01, -7.488652790489364e+00, -1.118670817960476e+05, 3.671681788442314e-04
2218, 5.811757667006685e-02, 4.955481279008791e-03, 3.162420971057773e-01, 2.389738769061765e-03, 3.179545522555820e-13, 2.779203041380387e+00, 1.526503230480868e+01, 1.107112244654347e+05, 1.908179968173442e+03
2219, 3.588464964276750e-02, 1.488439254195266e-03, 8.833892866816088e-01, 6.675485793562536e-03, 8.912262180451942e-13, 3.504952695746005e+01, 7.225998770978254e+00, 1.667302180391901e+04, 5.615675684982694e-04
2220, 2.659827815525295e-02, 3.680944405714565e-03, 1.558733179682272e+00, 1.177884014873349e-02, 1.569807363305804e-12, 1.170823956339256e+01, -2.227823358196159e+00, -1.097176647638463e+05, 3.625172778277969e-04
2221, 2.667014690706783e-02, 3.445090834778184e-03, 1.561549006250196e+00, 1.180011843514093e-02, 1.572677882748821e-12, 2.333785726162198e+01, -4.468301467175554e+00, -1.101534420694597e+05, 3.631709424047379e-04
2222, 1.975323159944205e-02, 4.832906983174430e-03, 1.612866516215501e+00, 1.218790818298953e-02, 1.624347764183933e-12, 2.336784101559189e+01, -6.029390983006917e+00, -1.133399680652539e+05, 3.751077711983816e-04
2223, 2.514931145975296e-02, 3.936295021680338e-03, 1.563837892929082e+00, 1.181741480802932e-02, 1.574917169191567e-12, 9.538467786020977e+00, -1.665272450285198e+00, -1.101776340202074e+05, 3.637047813084703e-04
2224, 2.317999301161947e-02, 4.273196982815444e-03, 1.568654603357879e+00, 1.185381312361205e-02, 1.579846761924303e-12, 1.083029850551287e+01, -2.237886148551932e+00, -1.103589085402126e+05, 3.648252716620418e-04
2225, 1.585493841747985e-02, 5.469241969199332e-03, 1.727842017393697e+00, 1.305674068559554e-02, 1.740133424994931e-12, 2.428076070717895e+01, -4.680863368135514e+00, -1.218478690018032e+05, 4.018481036884618e-04
2226, 2.269581011224105e-02, 4.342201053962266e-03, 1.571423441788794e+00, 1.187473633593637e-02, 1.582602041983329e-12, 1.175060134188182e+01, -2.467415008583202e+00, -1.105433144226302e+05, 3.654692407142870e-04
2227, 2.464305530856812e-02, 4.025839913707970e-03, 1.564884599538608e+00, 1.182532442976372e-02, 1.576003336536943e-12, 9.632223152992669e+00, -1.967295832178455e+00, -1.102133112721649e+05, 3.639483209993069e-04
2228, 2.242944699097343e-02, 4.349309838921126e-03, 1.573247291681990e+00, 1.188851857694289e-02, 1.584418583210095e-12, 1.375706300498375e+01, -3.453455011741045e+00, -1.106585936086685e+05, 3.658933535779098e-04
2229, 2.366824868235945e-02, 4.176629392552064e-03, 1.567421936348404e+00, 1.184449825956053e-02, 1.578660830896000e-12, 1.117858210231692e+01, -2.256058728509693e+00, -1.102671530912660e+05, 3.645384989615046e-04
2230, 2.374488762930345e-02, 3.939020707060962e-03, 1.570730703050840e+00, 1.186950153438997e-02, 1.582018625862388e-12, 2.063685374597812e+01, -4.859822844813264e+00, -1.107357127538596e+05, 3.653072322559968e-04
2231, 2.757912127777716e-02, 3.527202689934815e-03, 1.554480533086881e+00, 1.174670428025447e-02, 1.565528043701056e-12, 1.295885469780072e+01, -2.216517592443076e+00, -1.094174081927708e+05, 3.615281294430223e-04
2232, 2.745308077178819e-02, 3.328533295207915e-03, 1.557656119598344e+00, 1.177070115565589e-02, 1.568772848316341e-12, 2.493547323912631e+01, -4.564209852486187e+00, -1.098497372272493e+05, 3.622654508136173e-04
2233, 1.853159002394606e-02, 5.031297301493405e-03, 1.647888903800387e+00, 1.245256098589805e-02, 1.659563157844437e-12, 2.911745380838598e+01, -6.476689101276436e+00, -1.159843715425683e+05, 3.832529651784003e-04
2234, 2.708825579557939e-02, 3.603666887811466e-03, 1.556820466201280e+00, 1.176438639446903e-02, 1.567917851618549e-12, 1.283394369886689e+01, -2.242079581760002e+00, -1.095518137440053e+05, 3.620723398361078e-04
2235, 2.562686266822065e-02, 3.867632804027391e-03, 1.561819332817237e+00, 1.180216120516903e-02, 1.572881655400431e-12, 9.690139828367020e+00, -1.840716877063238e+00, -1.099698444248143e+05, 3.632353189800871e-04
2236, 2.610895757891227e-02, 3.772938208609278e-03, 1.561181188755762e+00, 1.179733895785307e-02, 1.572264210462492e-12, 1.087797548572872e+01, -2.151990567998933e+00, -1.099032032842741e+05, 3.630867577541634e-04
2237, 1.511558145690470e-02, 5.596014613608064e-03, 1.744065149952278e+00, 1.317933362684428e-02, 1.756473613702991e-12, 2.142300188758899e+01, -3.717250508486210e+00, -1.228206671776374e+05, 4.056213204342074e-04
2238, 1.804370860943841e-02, 5.119301674066021e-03, 1.662766643971593e+00, 1.256498723404323e-02, 1.674516437211237e-12, 2.764988702619163e+01, -6.071538533474251e+00, -1.170396526302375e+05, 3.867131696804287e-04
2239, 1.684186357416298e-02, 5.309888460746268e-03, 1.698632974163230e+00, 1.283601743700274e-02, 1.710610154456209e-12, 2.568508958532259e+01, -4.661378384931236e+00, -1.197237983968890e+05, 3.950547705953482e-04
2240, 1.632643592048992e-02, 5.415220859496813e-03, 1.712865110373940e+00, 1.294356506579901e-02, 1.724941563372829e-12, 2.314799949564978e+01, -4.530821591365858e+00, -1.207060539419925e+05, 3.983648659756658e-04
2241, 2.099356816500392e-02, 4.614850811395331e-03, 1.587038555756579e+00, 1.199273467826209e-02, 1.598373921671760e-12, 1.921410278919807e+01, -4.917961526622965e+00, -1.114655604977186e+05, 3.691008862460038e-04
2242, 2.053346915196532e-02, 4.478826667670953e-03, 1.602417468358478e+00, 1.210894812361648e-02, 1.613876651150426e-12, 3.499869898773999e+01, -1.131537255654791e+01, -1.134130561220699e+05, 3.726769767593243e-04
2243, 1.461996526738440e-02, 5.687546600117944e-03, 1.753428384574428e+00, 1.325008854842222e-02, 1.765913746144636e-12, 1.943541169504241e+01, -3.335516521051934e+00, -1.233207961792917e+05, 4.077990720361674e-04
2244, 1.755614526464919e-02, 5.192476714734714e-03, 1.679705060847411e+00, 1.269298534645494e-02, 1.691572137956996e-12, 2.782435350840856e+01, -5.524898699561045e+00, -1.183936980062337e+05, 3.906525766809897e-04
2245, 1.951017428398745e-02, 4.873882538807104e-03, 1.619327274997500e+00, 1.223673003776535e-02, 1.630830271063208e-12, 2.531708418851769e+01, -6.224465677735199e+00, -1.138458532456610e+05, 3.766103474496899e-04
2246, 1.902220707037221e-02, 4.959706720432789e-03, 1.631956621310478e+00, 1.233216590411027e-02, 1.643557750317227e-12, 2.698146088747546e+01, -6.718985225145193e+00, -1.146621913414458e+05, 3.795476038804578e-04
2247, 1.907387301556850e-02, 4.717183778202768e-03, 1.641589913703269e+00, 1.240496156450913e-02, 1.653308629809428e-12, 4.783189144721947e+01, -1.326980337984573e+01, -1.166617842245401e+05, 3.817874113849988e-04
2248, 4.222728162305379e-02, 3.927471431715128e-03, 3.543263151736319e-01, 2.677528830025087e-03, 3.587284216616068e-13, 1.781946961559591e+01, 1.528535988668391e+01, 1.042145605834245e+05, 2.915890689032378e+01
2249, 1.345998177131097e-02, 5.686126171094642e-03, 1.771682945383025e+00, 1.338803233287010e-02, 1.784236885166018e-12, 2.446407098568014e+01, -3.420115390688562e-01, -1.244146617594578e+05, 4.120447468465568e-04
2250, 1.340027367817959e-02, 5.200240952652615e-03, 1.779235960783511e+00, 1.344510801599714e-02, 1.791896079598747e-12, 3.781335391826752e+01, -3.139787129258353e-01, -1.261025128523823e+05, 4.138008308212505e-04
2251, 1.279506132216197e-02, 4.999843436066377e-03, 1.794860901222267e+00, 1.356318061377107e-02, 1.807665133882514e-12, 3.855813510553315e+01, 6.577972418614861e-01, -1.276610193031334e+05, 4.174347424763457e-04
2252, 5.154093422063702e-02, 4.506954671872241e-03, 2.971084070656900e-01, 2.245151690670716e-03, 3.008343984262487e-13, 8.453042728395564e+00, 1.394604418489387e+01, 1.118139586386549e+05, 9.121689811383330e+02
2253, 2.134939451207415e-02, 3.929066911221971e-03, 1.606681633999111e+00, 1.214117103777741e-02, 1.618184571306787e-12, 4.269773575455692e+01, -1.633372816130786e+01, -1.154137463835470e+05, 3.736676473593140e-04
2254, 2.644521018785301e-02, 3.509297210347615e-03, 1.562220688472483e+00, 1.180519411944041e-02, 1.573288736137208e-12, 2.098943795120848e+01, -3.958143009441235e+00, -1.101971722408019e+05, 3.633274402853453e-04
2255, 2.693623778599569e-02, 3.409027158914554e-03, 1.560515352089423e+00, 1.179230744652044e-02, 1.571671555731219e-12, 2.386258216933312e+01, -4.293983185840891e+00, -1.100792817824558e+05, 3.629304998604713e-04
2256, 2.677885324841415e-02, 3.162014978603515e-03, 1.567717925608173e+00, 1.184673495421872e-02, 1.578970118610321e-12, 3.390634358156384e+01, -6.280599844873091e+00, -1.112427041892191e+05, 3.646043113475471e-04
2257, 3.904781948395458e-02, 3.719552190329153e-03, 4.306869237820020e-01, 3.254561136891357e-03, 4.342947142522617e-13, 2.295234849545264e+01, 1.585347004562521e+01, 9.447092101236426e+04, 1.943379153495071e+00
2258, 7.414027058201643e-02, 1.618279720318790e-03, 1.041340336803974e+00, 7.869070555194292e-03, 1.048921765217991e-12, -2.127611630964416e+01, 7.018931929339560e-01, -3.203840201399214e+04, 2.533871331738484e-04
2259, 4.991200724705608e-02, 1.031390518418815e-03, 1.215246372439511e-01, 9.183221957981235e-04, 1.224514845751669e-13, 2.222878665042103e+01, 1.169886010216950e+00, 1.444481536814703e+05, 1.524207435745880e+03
2260, 7.459177879881378e-02, 4.679700020064763e-03, 1.109794253428347e+00, 8.386354559912799e-03, 1.117630267098548e-12, -7.374830047209333e+00, 1.142020087744767e+01, -4.496067271615224e+04, 2.640817131150495e-04
2261, 7.656902627324161e-02, 4.544070294401928e-03, 1.179683371510554e+00, 8.914483915697591e-03, 1.188158270852460e-12, -8.632599187850740e+00, 6.901737844003014e+00, -5.693491398628592e+04, 2.779967790878446e-04
2262, 6.793681973116990e-02, 4.736151634672858e-03, 8.153792795910082e-01, 6.161556268948965e-03, 8.223733009032108e-13, -1.386112115006903e+00, 1.828908333433477e+01, 9.337733093691282e+03, 1.559092216773177e+01
2263, 7.364968623276957e-02, 4.672660719402151e-03, 1.073650848653891e+00, 8.113230594362749e-03, 1.081242134669671e-12, -6.291643199012878e+00, 1.208146489747750e+01, -3.862420277296109e+04, 2.780383366167842e-04
2264, 7.076996374386352e-02, 4.675560913783702e-03, 9.501079713240614e-01, 7.179657214036199e-03, 9.570613945188248e-13, -4.928501300410920e+00, 1.529196120944590e+01, -1.580577756850651e+04, 3.209671086035984e-02
2265, 4.857765464280386e-02, 1.190185535169031e-03, 1.298958477528556e-01, 9.815807134977202e-04, 1.308249411762280e-13, 2.428817340740435e+01, 1.242896810576177e+00, 1.428346184370360e+05, 1.097843432824790e+03
2266, 7.763505281192042e-02, 1.028600438508112e-03, 1.232208641607542e+00, 9.311400314415106e-03, 1.241328746861429e-12, -2.466857903262720e+01, -5.138085604673564e-02, -6.728027762018303e+04, 2.955344148938245e-04
2267, 3.696615509359801e-02, 3.584180051899668e-03, 5.491307748424278e-01, 4.149602832562115e-03, 5.536215096150338e-13, 2.493975826540017e+01, 1.444796699242102e+01, 7.744802139438417e+04, 8.798114069353218e-02
2268, 3.680423332172618e-02, 3.360441967026688e-03, 5.217379509569020e-01, 3.942604163402429e-03, 5.256605505206882e-13, 3.008666100180344e+01, 6.699813271902045e+00, 8.228987148328732e+04, 8.273517596557417e-02
2269, 3.695574181356121e-02, 3.076583529002584e-03, 5.041179775172286e-01, 3.809455749500465e-03, 5.079878642193856e-13, 3.454328566737326e+01, 2.058223402883385e+00, 8.459358000802390e+04, 1.193829408476135e-01
2270, 2.411296063051198e-02, 1.011955356357347e-03, 1.581777467858597e+00, 1.195297834653946e-02, 1.593015870899355e-12, 3.558755979756801e+01, -7.606850377732998e+00, -1.124549918850446e+05, 3.678739232101683e-04
2271, 3.401779280320089e-02, 1.012171059792475e-03, 1.563308219626483e+00, 1.181341223899198e-02, 1.574461968669744e-12, 7.520872500368505e+01, 2.786895628488113e+00, -1.127690214332956e+05, 3.635798780959661e-04
2272, 1.977488651411730e-02, 3.562323352293960e-03, 1.610579509763683e+00, 1.217062601836623e-02, 1.622036825768859e-12, 3.496880758481717e+01, -1.409695676091286e+01, -1.141731519689418e+05, 3.745754856533775e-04
2273, 1.837542486159630e-02, 4.851584401643568e-03, 1.662292028349791e+00, 1.256140071800931e-02, 1.674142234339230e-12, 4.937408162683122e+01, -1.090023734936003e+01, -1.181374412894870e+05, 3.866022172999027e-04
2274, 5.518417013572641e-02, 4.752448449458090e-03, 2.991887915638201e-01, 2.260872480334988e-03, 2.984844252430768e-13, 5.276748465311249e+00, 1.431647697741586e+01, 1.121120112182704e+05, 1.570414188097530e+03
2275, 5.531942556058906e-02, 4.488308526848291e-03, 2.170688445299778e-01, 1.640318724408431e-03, 2.181321089539291e-13, 6.595445056889520e+00, 8.387145516732073e+00, 1.262670575875278e+05, 1.831382524080996e+03
2276, 5.562657738951676e-02, 4.555982277394224e-03, 2.281566259506163e-01, 1.724105485774826e-03, 2.282502681579560e-13, 6.368555934651702e+00, 8.680582211744595e+00, 1.241739162107417e+05, 1.855257556593621e+03
2277, 3.799689340616987e-02, 1.005035304097625e-03, 4.093245990617701e-01, 3.093132990391447e-03, 4.122829514458483e-13, 4.856051881236622e+01, 9.905773247995719e-01, 9.954401594557606e+04, 5.212119728545329e-01
2278, 4.897668673652560e-02, 1.939770506912393e-03, 1.312783475019118e-01, 9.920278148759880e-04, 1.322273607817871e-13, 2.104766902248607e+01, 2.043467875481376e+00, 1.421507666337650e+05, 1.134637515745163e+03
2279, 2.257407951453427e-02, 3.934810272259201e-03, 1.583361459069119e+00, 1.196494805341992e-02, 1.594606543337981e-12, 3.006476853058816e+01, -9.322978553031774e+00, -1.123299571388006e+05, 3.682443622380465e-04
2280, 2.438457677001352e-02, 1.078572155248064e-03, 1.584078360946146e+00, 1.197036544795673e-02, 1.595313771359293e-12, 3.977250548718226e+01, -6.992891482617373e+00, -1.128935903946222e+05, 3.684085493493978e-04
2281, 2.925223564367258e-02, 1.234666248401384e-03, 1.577712228825711e+00, 1.192225865611457e-02, 1.588980120659171e-12, 7.336454662345788e+01, -4.059204269018861e+00, -1.137677702577960e+05, 3.669325640098681e-04
2282, 4.844667558155442e-02, 4.542798483375170e-03, 4.639317616263432e-01, 3.505781574000945e-03, 4.688000121131470e-13, 5.776788058362136e+00, 2.529839032431413e+01, 8.051838179072051e+04, 3.115407154264875e+02
2283, 1.966674828709152e-02, 3.616761612220310e-03, 1.615136258875625e+00, 1.220505989074854e-02, 1.626723546821574e-12, 3.710935584449715e+01, -1.485414547213103e+01, -1.145712969600680e+05, 3.756352441052057e-04
2284, 1.971132000003821e-02, 3.751435844471701e-03, 1.626049438728455e+00, 1.228752724480015e-02, 1.637704512604672e-12, 4.885830925364701e+01, -1.725429418171351e+01, -1.162857116576108e+05, 3.781729063238025e-04
2285, 2.921972967432901e-02, 1.010303533842115e-03, 1.575982609711051e+00, 1.190918848648240e-02, 1.587226934760005e-12, 7.626068020453364e+01, -3.463099639801981e+00, -1.132382317270989e+05, 3.665296609297067e-04
2286, 7.175408590063309e-02, 4.726885427731524e-03, 9.982942060916863e-01, 7.543784932683205e-03, 1.005641812179874e-12, -5.590568142159933e+00, 1.456756083353404e+01, -2.495686034176325e+04, 3.247773693879355e-03
2287, 3.086569753182813e-02, 3.192160548341465e-03, 1.529928994703369e+00, 1.156117628239416e-02, 1.540809298098404e-12, 2.396598238641905e+01, 1.527164805800701e-01, -1.073887460507592e+05, 3.558196437277297e-04
2288, 3.110487222523796e-02, 2.979422716375609e-03, 1.534415772830525e+00, 1.159508140678069e-02, 1.545360952867346e-12, 3.479836069060188e+01, -2.316117991052265e-01, -1.080420823064124e+05, 3.568628621670626e-04
2289, 1.768688307710885e-02, 4.059967048972565e-03, 1.667595017543617e+00, 1.260147368420949e-02, 1.679489535799566e-12, 2.196826072284435e+01, -2.075039008900066e+00, -1.174476864043306e+05, 3.878363209472235e-04
2290, 3.619177572258788e-02, 1.417984793724054e-03, 7.336401273905873e-01, 5.543880055847892e-03, 7.394574581093016e-13, 4.181882009183890e+01, 3.349688647582123e+00, 4.240746017380524e+04, 2.500584104660596e-03
2291, 2.993531885039599e-02, 1.023582130499350e-03, 1.572072560877671e+00, 1.187964151796818e-02, 1.583303072758819e-12, 7.955085595361963e+01, -1.985695591790051e+00, -1.129967115675018e+05, 3.656199344667958e-04
2292, 2.379899419612198e-02, 1.262041607568767e-03, 1.585749096116919e+00, 1.198299065075847e-02, 1.597043529713954e-12, 3.375706396951998e+01, -9.881364542115948e+00, -1.131470351635580e+05, 3.687974575799514e-04
2293, 3.243146849287515e-02, 2.641506333417849e-03, 1.544695685111759e+00, 1.167276336356568e-02, 1.555845019473410e-12, 4.790550569422182e+01, 1.780413720589386e-01, -1.099727174652644e+05, 3.592526611041411e-04
2294, 5.680521764475480e-02, 1.214631649013870e-03, 9.768193232218816e-02, 7.381506220820458e-04, 9.839545521422193e-14, 9.522853729544424e+00, 1.005712922885141e+00, 1.494642082796914e+05, 3.809113101626398e+03
2295, 4.257978119570718e-02, 1.683483225446133e-03, 2.032150367598523e-01, 1.535630000704297e-03, 2.046571001553005e-13, 3.621817422887624e+01, 2.184307512587055e+00, 1.317272297644833e+05, 8.969232063284701e+01
2296, 4.171305548754931e-02, 1.153812298732732e-03, 2.240655442793968e-01, 1.693190510927477e-03, 2.257443738508619e-13, 4.072474200672347e+01, 1.491767125457013e+00, 1.290303163019158e+05, 4.751994178696327e+01
2297, 4.187104030820336e-02, 1.134235457718756e-03, 2.201309749282269e-01, 1.663458248827939e-03, 2.217844434041906e-13, 4.043296113523448e+01, 1.504321115655473e+00, 1.295704716987812e+05, 5.326114705288235e+01
2298, 2.274832500005048e-02, 2.293010349321323e-03, 1.601298619650862e+00, 1.210049334748847e-02, 1.612714313487181e-12, 3.486493737400306e+01, -1.528289734905533e+01, -1.156965487168262e+05, 3.724139632952196e-04
2299, 4.126387912063692e-02, 3.131128225174331e-03, 2.527874444732051e-01, 1.910232577883662e-03, 2.542958738224150e-13, 3.126447786640157e+01, 5.342603530564379e+00, 1.227706704270740e+05, 2.877714962058705e+01
2300, 5.172329518254043e-02, 1.392880463838064e-03, 1.138136219904890e-01, 8.600525591220692e-04, 1.147156837802967e-13, 1.783285754132522e+01, 1.456506708316903e+00, 1.457503396865293e+05, 2.119403543302099e+03
2301, 2.492507000727293e-02, 3.451243550824279e-03, 1.573817545847244e+00, 1.189282780237295e-02, 1.585070224565909e-12, 2.975940750466135e+01, -6.406896276763222e+00, -1.116878162878949e+05, 3.660236309933511e-04
2302, 1.884860924415403e-02, 3.935568445088672e-03, 1.634279774432591e+00, 1.234972121737560e-02, 1.645895065198224e-12, 3.915343933177716e+01, -1.083675173558236e+01, -1.157522624420324e+05, 3.800875898980319e-04
2303, 3.966678185025488e-02, 1.294371302974676e-03, 2.964501241047946e-01, 2.240177260238039e-03, 2.984886509890405e-13, 4.470885346837371e+01, 1.608012781220341e+00, 1.179565540297404e+05, 7.188987513436363e+00
2304, 5.357883708272686e-02, 4.618510681180710e-03, 2.885317265767162e-01, 2.180340503099798e-03, 2.898554526898274e-13, 7.381359628931459e+00, 1.238064839472021e+01, 1.133491947963705e+05, 1.305009026459114e+03
2305, 3.660346164532283e-02, 3.088288617519626e-03, 5.557750003523344e-01, 4.199811085785977e-03, 5.599699051856870e-13, 3.207637068325016e+01, 1.136791734955060e+00, 7.690505063180519e+04, 5.162997191906137e-02
2306, 7.172988416862819e-02, 9.157578154996134e-04, 9.080181027987174e-01, 6.861597754146936e-03, 9.146166039671851e-13, -1.826667993403404e+01, 7.474657351049548e-01, -7.586698369166867e+03, 1.522647152053309e-03
2307, 3.603277580594508e-02, 1.014661592708177e-03, 7.667001183903308e-01, 5.793703665418009e-03, 7.726609679087473e-13, 4.506109286528697e+01, 2.279508855270177e+00, 3.700513826719610e+04, 1.077855928986251e-03
2308, 6.692757769344757e-02, 3.650947380449760e-03, 6.149960017108252e-01, 4.647324949955955e-03, 6.197194043771494e-13, -7.872905513836628e-01, 1.163854817957699e+01, 4.856329239359614e+04, 1.273178313927241e+02
2309, 2.171584565721474e-02, 4.496445792356385e-03, 1.578818366244841e+00, 1.193061737716586e-02, 1.590082583447163e-12, 1.571796792539035e+01, -3.931958518236875e+00, -1.109201629576133e+05, 3.671891122077124e-04
2310, 2.140117512107472e-02, 2.976374603031310e-03, 1.604636965152279e+00, 1.212572013969063e-02, 1.616069334136590e-12, 3.719340401236543e+01, -2.114105414405801e+01, -1.156133518834216e+05, 3.731917984693243e-04
2311, 2.011717427932889e-02, 3.514639279973823e-03, 1.611149234609191e+00, 1.217493124389888e-02, 1.622728273820593e-12, 4.237711834991971e+01, -1.800008054786371e+01, -1.148842703369741e+05, 3.747075398549676e-04
2312, 5.843026443020895e-02, 1.167249995848827e-03, 9.582314392509793e-02, 7.241043621543903e-04, 9.652173690980751e-14, 6.867115018469972e+00, 1.046641857499802e+00, 1.498900431284193e+05, 4.025583149399479e+03
2313, 7.918667429612382e-02, 3.207288549502961e-03, 1.304332012565822e+00, 9.856413193193254e-03, 1.313838711009750e-12, -1.735520177863190e+01, -9.578860816701483e-01, -8.084793583021265e+04, 3.110068603913390e-04
2314, 7.824176976443216e-02, 3.771685610751189e-03, 1.249723154221116e+00, 9.443751795122187e-03, 1.259017080520879e-12, -1.350068187967127e+01, 1.037162280624689e+00, -6.998070408799480e+04, 2.967104165256520e-04
2315, 2.169051029266261e-02, 1.602278749585239e-03, 1.569149738765581e+00, 1.185755470100010e-02, 1.580447208584526e-12, 2.730850243748104e+00, -4.048842250494795e+00, -1.107267716686627e+05, 3.649406196387882e-04
2316, 4.180578933363106e-02, 3.646400635098275e-03, 2.865658494209281e-01, 2.165485008218991e-03, 2.885112988975735e-13, 2.469709950830377e+01, 8.815938139161647e+00, 1.151699175168776e+05, 2.898585760357423e+01
2317, 1.938115215591404e-02, 4.642457657206958e-03, 1.634197437442721e+00, 1.234909902349741e-02, 1.645884671853769e-12, 4.703315720429108e+01, -1.294284077192523e+01, -1.161954389598310e+05, 3.800680616088341e-04
2318, 3.219095423569895e-02, 1.001606544013743e-03, 1.566335090727868e+00, 1.183628532036264e-02, 1.577515968952373e-12, 7.929107349106562e+01, 4.747192204324941e-01, -1.126992248788721e+05, 3.642840110947023e-04
2319, 4.798907848069285e-02, 1.012312034675697e-03, 1.341706995707823e-01, 1.013884379628124e-03, 1.351473118223883e-13, 2.616885821471715e+01, 1.224288362874641e+00, 1.423027967046001e+05, 9.330473072480756e+02
2320, 4.808623451386389e-02, 1.114511665464042e-03, 1.335187706280322e-01, 1.008957964443640e-03, 1.344732365973710e-13, 2.554159421404784e+01, 1.294693228913716e+00, 1.423034266125851e+05, 9.570866635958732e+02
2321, 1.757740889853403e-02, 4.205003270477553e-03, 1.679378730961334e+00, 1.269051937754233e-02, 1.691398100565073e-12, 4.338080042652498e+01, -3.122107614736712e+00, -1.188087255831315e+05, 3.905764695328052e-04
2322, 1.535378078119297e-02, 5.563845432482195e-03, 1.737851224733426e+00, 1.313237701309986e-02, 1.750164235045987e-12, 2.153003000456398e+01, -3.733066468816974e+00, -1.223381817238954e+05, 4.041760976127295e-04
2323, 5.618962713899950e-02, 1.217692749169163e-03, 9.899830293450468e-02, 7.480980070617434e-04, 9.974166055022351e-14, 1.046960574423660e+01, 1.085491239439918e+00, 1.492571279655409e+05, 3.661655819458866e+03
2324, 3.757012910885280e-02, 1.579593750547577e-03, 4.582776358847794e-01, 3.463055183008771e-03, 4.614927393995686e-13, 4.489177147297609e+01, 2.073932483510461e+00, 9.130729271438377e+04, 2.480628241852147e-01
2325, 4.610807491312731e-02, 1.373005956592473e-03, 1.514058817941182e-01, 1.144125051341044e-03, 1.524598626912354e-13, 2.888776074143980e+01, 1.819663982334981e+00, 1.392711872600315e+05, 4.930194691973556e+02
2326, 2.454207785318339e-02, 1.964748571300257e-03, 1.598207909586185e+00, 1.207713785581586e-02, 1.609609367507281e-12, 4.297031491283107e+01, -9.100150554273061e+00, -1.157813256410577e+05, 3.716934433175508e-04
2327, 4.904063045680914e-02, 1.007680389673985e-03, 1.265583619420494e-01, 9.563604176981799e-04, 1.274669287434300e-13, 2.390781750285667e+01, 1.094241461241558e+00, 1.435575391432645e+05, 1.244145017202808e+03
2328, 3.494862208081013e-02, 1.497486648798429e-03, 1.563953764854136e+00, 1.181829041451622e-02, 1.574722973371452e-12, 3.808546669647170e+01, 1.851488034414001e+01, -1.235484244325997e+05, 3.638283906601610e-04
2329, 1.800976447418437e-02, 4.136670281078353e-03, 1.663643809339729e+00, 1.257161568770663e-02, 1.675456707492666e-12, 4.219583025433393e+01, -5.728484031205185e+00, -1.177281797529062e+05, 3.869169452046333e-04
2330, 4.621968519959269e-02, 4.111115707076771e-03, 2.888185970570374e-01, 2.182508290103592e-03, 2.908788078297055e-13, 1.445344019764154e+01, 1.289606795056450e+01, 1.140230107864333e+05, 2.192221795607684e+02
2331, 3.175793703005664e-02, 1.113642624986156e-03, 1.567470234443929e+00, 1.184486323257467e-02, 1.578664844958435e-12, 7.750650344120524e+01, 6.943700958964042e-01, -1.130104737155501e+05, 3.645483450610315e-04
2332, 3.183317224437558e-02, 1.225023769036811e-03, 1.568001276043206e+00, 1.184887614138532e-02, 1.579201505554456e-12, 7.504239411077748e+01, 6.924551361184548e-01, -1.132319891512184e+05, 3.646718289743332e-04
2333, 1.788225087634027e-02, 4.931272777906530e-03, 1.676224901342569e+00, 1.266668691190947e-02, 1.688125904766988e-12, 4.817805441935373e+01, -9.495438280844846e+00, -1.190228524854160e+05, 3.898426784603661e-04
2334, 1.780235379806177e-02, 4.049179770941571e-03, 1.663774692003265e+00, 1.257260472546631e-02, 1.675615135954081e-12, 2.312808212640242e+01, -2.163659282448917e+00, -1.171963200041667e+05, 3.869477939298069e-04
2335, 3.325694612493194e-02, 3.274950672248513e-03, 1.525757605394475e+00, 1.152965444882570e-02, 1.536629671594780e-12, 2.476609159186199e+01, 9.531218903770474e-01, -1.070418857175620e+05, 3.548890112194437e-04
2336, 1.851852581823200e-02, 3.939652076730658e-03, 1.639808845641414e+00, 1.239150261190080e-02, 1.651401148950706e-12, 2.345087218949658e+01, -4.356562111176171e+00, -1.156729720979318e+05, 3.813738672574656e-04
2337, 3.894625624280380e-02, 3.474520264055737e-03, 3.688614762343608e-01, 2.787366319151301e-03, 3.717709596933916e-13, 2.872983140984012e+01, 8.967807990612087e+00, 1.047659098665283e+05, 2.418961640963003e+00
2338, 4.458537786431997e-02, 1.158005684784595e-03, 1.686094393722906e-01, 1.274126745886543e-03, 1.697217401057132e-13, 3.342431875524650e+01, 1.393483771506488e+00, 1.369001993762973e+05, 2.644046433416037e+02
2339, 3.547298109567438e-02, 3.702012940642116e-03, 9.186838181744488e-01, 6.942195099553281e-03, 9.271077596938544e-13, 3.030646196061700e+00, 2.348256528334869e+01, 1.408620453502396e+04, 1.335107297410379e-03
2340, 1.669514131646153e-02, 4.467831300427548e-03, 1.708596006731685e+00, 1.291130483676418e-02, 1.720773431512655e-12, 4.892637515268604e+01, -3.242663875943657e+00, -1.213193053145194e+05, 3.973713433120015e-04
2341, 1.387645658131179e-02, 5.428075390635288e-03, 1.768915714777116e+00, 1.336712127035685e-02, 1.781520896503491e-12, 3.446316482948934e+01, -1.703847071623352e+00, -1.248906117444393e+05, 4.114007932008389e-04
2342, 2.546945228037101e-02, 1.652378604930522e-03, 1.594205697754920e+00, 1.204689444147383e-02, 1.605565940856875e-12, 4.838776748990387e+01, -6.675302486052966e+00, -1.152540929319889e+05, 3.707620347979619e-04
2343, 2.521271280688095e-02, 1.770048954633917e-03, 1.595621875118110e+00, 1.205759603363898e-02, 1.607001412412398e-12, 4.671662279492316e+01, -7.187539997983952e+00, -1.154738455175969e+05, 3.710915296496700e-04
2344, 1.863633052713404e-02, 4.781557386457673e-03, 1.654931331933268e+00, 1.250577832695248e-02, 1.666727267928449e-12, 5.070309409267807e+01, -1.115183321109185e+01, -1.176880524662793e+05, 3.848902520687557e-04
2345, 3.106075497168797e-02, 9.817605764172259e-04, 1.568986676250334e+00, 1.185632249055760e-02, 1.580184930241356e-12, 8.096777076201295e+01, -4.716334510126488e-01, -1.128634825209807e+05, 3.649014159076473e-04
2346, 4.826529427092799e-02, 1.134981652271422e-03, 1.322259196908617e-01, 9.991883100065591e-04, 1.331885646365101e-13, 2.513608826447803e+01, 1.266874493985543e+00, 1.425341686299746e+05, 1.007824864434581e+03
2347, 1.927291213032135e-02, 3.942858023313955e-03, 1.635246956987129e+00, 1.235702990166686e-02, 1.646839763970553e-12, 5.187834671583635e+01, -1.636975170532116e+01, -1.169029109950314e+05, 3.803120453964806e-04
2348, 5.363740592315962e-02, 1.226374971605954e-03, 1.060306618490627e-01, 8.012392583051164e-04, 1.069713520932986e-13, 1.484990000705706e+01, 1.257585222870671e+00, 1.475360741229013e+05, 2.838761886624026e+03
2349, 2.719624385635485e-02, 9.635134286780077e-04, 1.581711838784162e+00, 1.195248240894925e-02, 1.592983332306748e-12, 6.224819620784850e+01, -3.555552484840121e+00, -1.133479421601494e+05, 3.678559958005871e-04
2350, 2.051589634882447e-02, 3.101065546132198e-03, 1.588541100017468e+00, 1.200408891700940e-02, 1.599859973315959e-12, 2.268497515438905e+01, -1.347331707161070e+01, -1.124590534923016e+05, 3.694499709089416e-04
2351, 6.037265639236858e-02, 4.949170065069471e-03, 3.476060244442101e-01, 2.626745776655777e-03, 3.508224048586520e-13, 2.575996489128157e+00, 1.860325876685170e+01, 1.019724595267317e+05, 1.680744538755912e+03
2352, 3.799442936533504e-02, 3.558534212339416e-03, 4.514747765054802e-01, 3.411648185179663e-03, 4.551602373889565e-13, 2.759093827568436e+01, 1.232138550558485e+01, 9.232537812955033e+04, 5.705982238213470e-01
2353, 3.236666149323930e-02, 1.387608972068344e-03, 1.566992943051354e+00, 1.184125649661060e-02, 1.578206290903133e-12, 7.039143363670064e+01, 4.097406926256507e-01, -1.134132832254638e+05, 3.644369869230119e-04
2354, 5.382521128472144e-02, 1.081310361964144e-03, 1.048645603187863e-01, 7.924274079504123e-04, 1.057744988756906e-13, 1.486687311108308e+01, 1.084175979957920e+00, 1.478484895116524e+05, 2.933084606185981e+03
2355, 4.365270222418458e-02, 1.187539736256117e-03, 1.837181583726051e-01, 1.388298425989532e-03, 1.850663033556575e-13, 3.588988252096733e+01, 1.543146965475638e+00, 1.349113623361854e+05, 1.620437143626782e+02
2356, 4.371368520049379e-02, 1.559562820140673e-03, 1.827737735438486e-01, 1.381162016704231e-03, 1.841040065689515e-13, 3.399547208470303e+01, 2.114457095931807e+00, 1.347748513783982e+05, 1.691762418021543e+02
2357, 4.212904552667906e-02, 9.884707688453290e-04, 2.139939683766994e-01, 1.617082884458834e-03, 2.155092672350686e-13, 4.043049427032917e+01, 1.300058584353986e+00, 1.305302006489276e+05, 6.361744364288575e+01
2358, 4.199734043095057e-02, 1.133343676165297e-03, 2.168319628265770e-01, 1.638528686346999e-03, 2.184259069307220e-13, 4.016754904376907e+01, 1.471426764537338e+00, 1.300094704019224e+05, 5.853574527114375e+01
2359, 2.828226606718032e-02, 1.154001787616055e-03, 1.580825627305696e+00, 1.194578559676939e-02, 1.592098411711627e-12, 6.806401910878282e+01, -4.446568377794711e+00, -1.137695822327582e+05, 3.676573041956972e-04
2360, 2.175371816854402e-02, 2.385199424057442e-03, 1.588561518446702e+00, 1.200424321244416e-02, 1.600110511925572e-12, 2.703459494026046e+01, -1.841112897227666e+01, -1.132180533279993e+05, 3.694533235901766e-04
2361, 2.538870612100065e-02, 1.136979659901618e-03, 1.587079242889531e+00, 1.199304213770513e-02, 1.598421793045827e-12, 4.880606897482970e+01, -5.254536166596247e+00, -1.137638571787864e+05, 3.691052960005327e-04
2362, 1.342804029403119e-02, 4.634242498111629e-03, 1.779456912682552e+00, 1.344677767770260e-02, 1.792236417537949e-12, 3.561786981572943e+01, 4.549323443639543e-01, -1.262206561837473e+05, 4.138521275674914e-04
2363, 5.690816287264884e-02, 5.084567882348481e-03, 4.668960536160617e-01, 3.528181765365276e-03, 4.667659195395706e-13, 5.193475508823849e-01, 2.616384420880448e+01, 8.071644666330176e+04, 1.406164567098756e+03
2364, 2.090280078082098e-02, 2.776023963530040e-03, 1.580974008262286e+00, 1.194690686344369e-02, 1.592346156129028e-12, 1.802955257047192e+01, -1.338816222201605e+01, -1.117750106214821e+05, 3.676900653643884e-04
2365, 2.998708227455566e-02, 2.607995860145884e-03, 1.549562408350308e+00, 1.170953960970098e-02, 1.560594147476042e-12, 4.706158176432086e+01, -1.242958559912525e+00, -1.104388796230118e+05, 3.603857140409289e-04
2366, 1.894856748973980e-02, 4.002969738803989e-03, 1.640127297333959e+00, 1.239390904786447e-02, 1.651825854951350e-12, 5.023366089066005e+01, -1.471681105854684e+01, -1.168298430770324e+05, 3.814472485086888e-04
2367, 5.922888235107444e-02, 1.531186106217929e-03, 9.889404085901324e-02, 7.473101324359348e-04, 9.958384772195264e-14, 5.460704674561773e+00, 1.199278878983494e+00, 1.490614012427728e+05, 3.881658985992568e+03
2368, 3.769079115879249e-02, 2.683472231660248e-03, 4.323215252676219e-01, 3.266913289176259e-03, 4.354135283556160e-13, 3.932757080130663e+01, 2.102854062953901e+00, 9.566650481533927e+04, 4.900463599946686e-01
2369, 3.237227238728665e-02, 9.158156690329222e-04, 1.566108195545623e+00, 1.183457074719706e-02, 1.577291466810198e-12, 8.037589272647273e+01, -2.366591108862275e-01, -1.126303744152359e+05, 3.642310925575012e-04
2370, 3.677279307784899e-02, 2.721126479526542e-03, 5.652402309798594e-01, 4.271336758034473e-03, 5.693375586921400e-13, 3.623994331646680e+01, -8.261701663954995e-01, 7.306590789544936e+04, 5.556619863716516e-02
2371, 6.397682041943126e-02, 4.711007301707357e-03, 4.962008836809421e-01, 3.749628843935196e-03, 5.012097305370625e-13, 3.760797565369649e+00, 1.852727626084085e+01, 7.123578933158093e+04, 8.016823269514238e+02
2372, 1.693477641387713e-02, 4.123671587138104e-03, 1.693292112930971e+00, 1.279565828411391e-02, 1.705391389148636e-12, 2.261541550453977e+01, -5.869088065991770e-01, -1.192019658694862e+05, 3.938127538110069e-04
2373, 1.702927533478615e-02, 4.248457335974823e-03, 1.694590266532851e+00, 1.280546800906511e-02, 1.706722436134976e-12, 4.077987027971827e+01, -2.126358649939822e+00, -1.196907866431782e+05, 3.941143070656250e-04
2374, 3.295828744613642e-02, 9.914304465644382e-04, 1.564707083640219e+00, 1.182398299980106e-02, 1.575872967748948e-12, 7.851112954741885e+01, 3.943836740359741e-01, -1.127514862440432e+05, 3.639048631784937e-04
2375, 4.623793494006040e-02, 1.890081762302306e-03, 1.521931988037920e-01, 1.150074550154704e-03, 1.532285647585877e-13, 2.656617925979551e+01, 2.626426414583623e+00, 1.387283371455036e+05, 5.003363998165578e+02
2376, 4.686954205830537e-02, 4.452293404171683e-03, 4.701369250641714e-01, 3.552671977810555e-03, 4.768984561695210e-13, 5.375488105791882e+00, 2.580028651481131e+01, 8.006326520240431e+04, 1.843509176315203e+02
2377, 4.656713970943922e-02, 4.150497678113652e-03, 2.901758934827603e-01, 2.192764938157648e-03, 2.917718269173304e-13, 1.402409735055009e+01, 1.271184655057797e+01, 1.130616940053376e+05, 2.447949117844356e+02
2378, 4.604301737231353e-02, 1.000555897992088e-03, 1.518204075269820e-01, 1.147257487609509e-03, 1.529001970531888e-13, 3.070746127396997e+01, 1.390613010185389e+00, 1.395086630024007e+05, 4.835987656376527e+02
2379, 3.343386232410812e-02, 1.232017966738896e-03, 1.564885412383503e+00, 1.182533057216843e-02, 1.576066057968275e-12, 7.156457987434254e+01, 1.251924315355700e+00, -1.132122881849688e+05, 3.639474843877042e-04
2380, 5.643071099359916e-02, 3.535515853179770e-03, 1.305102651961350e-01, 9.862236664697323e-04, 1.312724498445232e-13, 7.016328339128273e+00, 3.658947555543575e+00, 1.421169217283991e+05, 2.701411424463597e+03
2381, 5.798675858251817e-02, 2.114464575440758e-03, 1.022221685139838e-01, 7.724597116925167e-04, 1.029980312195348e-13, 6.713902194365859e+00, 1.899057026264717e+00, 1.483679518895600e+05, 3.690607110252736e+03
2382, 5.017280357278464e-02, 4.451742535063291e-03, 3.099873836991239e-01, 2.342473932234797e-03, 3.128275126342390e-13, 9.283559210842217e+00, 1.423520408832116e+01, 1.100668935944319e+05, 6.543616710175854e+02
2383, 4.992961158659957e-02, 4.420096552396627e-03, 3.043622919738463e-01, 2.299966941867437e-03, 3.071356274020615e-13, 9.763271846665287e+00, 1.384848943650397e+01, 1.110052045869960e+05, 6.276086822336973e+02
2384, 3.418513854532556e-02, 3.082533607976063e-03, 1.532439860443503e+00, 1.158015007891912e-02, 1.543321857955668e-12, 3.389198963744595e+01, -3.768961197715759e-01, -1.082713182173628e+05, 3.601889451034818e-04
2385, 3.275329167840720e-02, 9.480960168430739e-04, 1.564744109419167e+00, 1.182426279158152e-02, 1.575912886221346e-12, 7.954908643443096e+01, 2.024952929906420e-01, -1.126575954964513e+05, 3.639135875291922e-04
2386, 4.645040072876259e-02, 1.389217365601956e-03, 1.476248148152267e-01, 1.115552756790285e-03, 1.486015374809934e-13, 2.783377999583693e+01, 1.713528514193788e+00, 1.397725468124122e+05, 5.631741562754222e+02
2387, 4.640068773948276e-02, 1.592838769908880e-03, 1.489448716306238e-01, 1.125527997208860e-03, 1.499568606479241e-13, 2.720003909277682e+01, 2.074213343623797e+00, 1.394510555520192e+05, 5.459130429587542e+02
2388, 4.429500031729979e-02, 1.027779287938167e-03, 1.734360731311215e-01, 1.310600048849875e-03, 1.746763738614345e-13, 3.491975612485216e+01, 1.274649044893317e+00, 1.364006690955709e+05, 2.276388017819221e+02
2389, 3.081579799676339e-02, 2.531319185830525e-03, 1.549415008685425e+00, 1.170842575832900e-02, 1.560503175452596e-12, 4.985424966583388e+01, -6.064401580116153e-01, -1.104655367854776e+05, 3.603508127182024e-04
2390, 5.205112488019872e-02, 8.945627239987400e-04, 1.106685909727206e-01, 8.362865816578329e-04, 1.115403082783460e-13, 1.848510318958132e+01, 9.425699343583267e-01, 1.466457397908466e+05, 2.312759105771180e+03
2391, 2.583215544529558e-02, 1.276245532070569e-03, 1.588614655237375e+00, 1.200464474990548e-02, 1.599950268065910e-12, 5.202308007922031e+01, -5.452692314085262e+00, -1.142674618756448e+05, 3.694617863368761e-04
2392, 7.924823556897442e-02, 1.374999999996700e-03, 1.316018595338424e+00, 9.944724901802140e-03, 1.325760649463930e-12, -2.466683563748934e+01, -2.030457987415859e-01, -8.293455867772267e+04, 3.155734949191925e-04
2393, 4.376033034008467e-02, 3.424108939237667e-03, 2.176601192795612e-01, 1.644786795563571e-03, 2.191818864276398e-13, 2.469804928162805e+01, 6.340123741056149e+00, 1.265161003016721e+05, 1.122609138362501e+02
2394, 4.411556221052555e-02, 3.471919760584501e-03, 2.145484165580719e-01, 1.621272669204747e-03, 2.160074474121881e-13, 2.375012439573699e+01, 6.398333999783284e+00, 1.269990689100316e+05, 1.314648166365960e+02
2395, 4.443032117169673e-02, 3.110522234423175e-03, 1.922342072327080e-01, 1.452651440045665e-03, 1.936587274288959e-13, 2.559656154007716e+01, 5.023565411958451e+00, 1.314210811258430e+05, 1.818306422079861e+02
2396, 4.437673675220645e-02, 1.582947531509574e-03, 1.723475455051264e-01, 1.302374399283122e-03, 1.736149418814089e-13, 3.214804098589600e+01, 2.096330898688522e+00, 1.361021777502776e+05, 2.376379525383683e+02
2397, 4.395520696201120e-02, 1.553993870949583e-03, 1.788571748329672e-01, 1.351565552893997e-03, 1.801907658806539e-13, 3.344123883169203e+01, 2.051666800958112e+00, 1.353198887633365e+05, 1.921172447938110e+02
2398, 4.380044634236744e-02, 1.789496561339532e-03, 1.815880035649841e-01, 1.372201538274584e-03, 1.828649650484412e-13, 3.267491157102404e+01, 2.376411977825348e+00, 1.347119108097450e+05, 1.771706381245264e+02
2399, 5.547184825690871e-02, 4.246268370628166e-03, 1.796797088464105e-01, 1.357781175160630e-03, 1.816948756932499e-13, 7.141399150809961e+00, 5.912088726968420e+00, 1.327446020630886e+05, 2.032888534985314e+03
2400, 5.583284112497380e-02, 4.273973426998662e-03, 1.797814700827078e-01, 1.358550151760109e-03, 1.797970843949011e-13, 6.994380955391287e+00, 6.057762938106807e+00, 1.323505822562048e+05, 2.096802701375052e+03
2401, 3.537172698866353e-02, 9.307462208698039e-04, 1.136169344988822e+00, 8.585662556593933e-03, 1.142301908957310e-12, 2.485975636806272e+01, 8.627723816179099e+00, -2.665592972970347e+04, 2.698310505090348e-04
2402, 4.893725777919083e-02, 4.580064993704268e-03, 4.727753017195656e-01, 3.572609332888568e-03, 4.800049779551374e-13, 6.957314360724440e+00, 2.509365674952724e+01, 7.837930005315131e+04, 3.550191240698668e+02
2403, 4.555356640339565e-02, 4.347592325535474e-03, 4.621001591889480e-01, 3.491940749535985e-03, 4.674218960294324e-13, 8.693217354722282e+00, 2.501379924077306e+01, 8.086193985096058e+04, 1.152223021855588e+02
2404, 5.212395590537500e-02, 2.346937299027478e-03, 1.199823500728787e-01, 9.066676327924167e-04, 1.210113166996537e-13, 1.475764243487726e+01, 2.424675136429280e+00, 1.441892312770875e+05, 2.022746996258667e+03
2405, 4.266539200379365e-02, 1.184149928912689e-03, 2.006668500419139e-01, 1.516374181677072e-03, 2.020809894532281e-13, 3.792893333186002e+01, 1.462747723330932e+00, 1.324141803966818e+05, 9.414043397021283e+01
2406, 4.291992377561098e-02, 1.360270524159652e-03, 1.958084009153674e-01, 1.479660460317773e-03, 1.971877517040645e-13, 3.662230062258907e+01, 1.612975337379851e+00, 1.331034141937644e+05, 1.102413446078637e+02
2407, 1.981231620958097e-02, 4.612214402657610e-03, 1.620445820413661e+00, 1.224518252201841e-02, 1.632007313627238e-12, 4.054611386286135e+01, -1.229675027649149e+01, -1.148785584236413e+05, 3.768699128828829e-04
2408, 3.169148649250947e-02, 1.219675411698165e-03, 1.568219531323508e+00, 1.185052542561935e-02, 1.579419684388154e-12, 7.520278022000097e+01, 6.040392666744857e-01, -1.132395483054325e+05, 3.647226931847495e-04
2409, 5.394137791993410e-02, 1.351126362491108e-03, 1.056456337486309e-01, 7.983297260600445e-04, 1.065771924758774e-13, 1.399115354690478e+01, 1.347035734912533e+00, 1.475991768467323e+05, 2.922638992726526e+03
2410, 5.406520462929780e-02, 1.548716560591117e-03, 1.063013915229447e-01, 8.032850744805215e-04, 1.072570219511277e-13, 1.331135726550335e+01, 1.548136550699266e+00, 1.473831210255496e+05, 2.919367009573392e+03
2411, 3.164510084010255e-02, 2.529205503278802e-03, 1.548389674353334e+00, 1.170067763995047e-02, 1.559489470815798e-12, 4.990476538681465e+01, 3.632403235827640e-01, -1.105414944513038e+05, 3.601118197559308e-04
2412, 6.203603971788905e-02, 4.765334623407978e-03, 3.687309194963052e-01, 2.786379744303037e-03, 3.727026413904674e-13, 2.831843175485107e+00, 1.595076291391163e+01, 9.603424779889421e+04, 1.407484782698788e+03
2413, 7.858410337613317e-02, 4.731545466177871e-03, 1.271671216110449e+00, 9.609606167081911e-03, 1.281128054362145e-12, -6.642771464128673e+00, 4.638566020200168e+00, -7.346719880796511e+04, 2.990862098086007e-04
2414, 5.579695507912105e-02, 1.007354586184271e-03, 9.908666018306898e-02, 7.487656940785801e-04, 9.985073037897809e-14, 1.149803945457220e+01, 1.022960792312060e+00, 1.492077146828614e+05, 3.593662574955336e+03
2415, 5.586191704204910e-02, 1.110790141365000e-03, 9.930100628991062e-02, 7.503854379590105e-04, 1.000544045593793e-13, 1.121263321210726e+01, 1.100473164127241e+00, 1.491417475921959e+05, 3.592362728941766e+03
2416, 7.836302746432409e-02, 2.743731297046702e-03, 1.264064740502194e+00, 9.552126502535993e-03, 1.273358787937888e-12, -1.964800961054671e+01, -3.891269326368972e-01, -7.335258568364356e+04, 3.019785611647463e-04
2417, 2.700305390079056e-02, 1.179562084542013e-03, 1.586123595948968e+00, 1.198582062430040e-02, 1.597429207914196e-12, 5.947740290289840e+01, -4.257120809387044e+00, -1.141866191057100e+05, 3.688817200185651e-04
2418, 2.161388489632250e-02, 2.134084767510036e-03, 1.575494497140076e+00, 1.190549997838917e-02, 1.586862061387221e-12, 1.470327472183980e+01, -1.414471695268713e+01, -1.114182106271519e+05, 3.664152871667648e-04
2419, 2.489938900109473e-02, 2.005599843040495e-03, 1.597301822146997e+00, 1.207029084745927e-02, 1.608706049078077e-12, 4.434405286134196e+01, -8.389702692822219e+00, -1.157543155576798e+05, 3.714824632712669e-04
2420, 3.172164298238807e-02, 1.007417973040814e-03, 1.566772206172485e+00, 1.183958845974261e-02, 1.577960522739680e-12, 7.958528431014871e+01, 7.161168186791913e-01, -1.127717841835161e+05, 3.643859981437469e-04
2421, 1.247106664380427e-02, 5.532213539096920e-03, 1.794841634925464e+00, 1.356303502462656e-02, 1.807558794598195e-12, 2.597648257610716e+01, -2.864126241212402e-01, -1.260546810203909e+05, 4.174309056713850e-04
2422, 2.022149982494725e-02, 3.276994413854342e-03, 1.595482310628675e+00, 1.205654139014179e-02, 1.606983073980279e-12, 2.538579072941424e+01, -1.266229513788919e+01, -1.128025869199333e+05, 3.710643955340056e-04
2423, 2.176626206926928e-02, 1.496628244938005e-03, 1.568936042223912e+00, 1.185593986567263e-02, 1.580225696360994e-12, 2.731220193222073e+00, -4.178418256429098e+00, -1.106945104735294e+05, 3.648908674863230e-04
2424, 1.446335365708290e-02, 5.498015879425023e-03, 1.758044115483149e+00, 1.328496812707753e-02, 1.770568255646215e-12, 3.274444438736743e+01, -4.339226896580724e+00, -1.239712391236520e+05, 4.088723661938854e-04
2425, 2.219840747322970e-02, 3.459982148762590e-03, 1.604359208535919e+00, 1.212362122319417e-02, 1.615806317067046e-12, 3.942071328823150e+01, -1.625530704194074e+01, -1.158473142340760e+05, 3.731266876110106e-04
2426, 2.124062151962256e-02, 2.900783596389132e-03, 1.597310311562916e+00, 1.207035499921683e-02, 1.608709749164925e-12, 3.337563486312077e+01, -2.095588389405945e+01, -1.143696043729549e+05, 3.714882430041538e-04
2427, 4.930716006932658e-02, 9.507911673438140e-04, 1.249010085762755e-01, 9.438363368484336e-04, 1.258540825613373e-13, 2.358741626758234e+01, 1.117150816543008e+00, 1.438438989933352e+05, 1.327456804930716e+03
2428, 3.297001696101809e-02, 3.296688508159450e-03, 1.525541023732392e+00, 1.152801781158073e-02, 1.536415073943632e-12, 2.402188052434315e+01, 5.201541733137185e-01, -1.068927147519621e+05, 3.548079840229518e-04
2429, 5.843818938767750e-02, 4.561792256775021e-03, 1.973024667043780e-01, 1.490950630011135e-03, 1.963070985566667e-13, 3.955697377512531e+00, 7.205549727121329e+00, 1.300810828133359e+05, 2.252999182480723e+03
2430, 6.556328637343162e-02, 1.542573729857376e-03, 4.041172868537649e-01, 3.053783024084968e-03, 4.063148738767610e-13, 4.823801723899532e+00, 3.582512035360237e+00, 8.793633905935378e+04, 8.722774063346731e+02
2431, 4.291730694350689e-02, 3.618387659396890e-03, 2.517556591820547e-01, 1.902435711704637e-03, 2.525277927003812e-13, 2.424377039157481e+01, 8.246175775929858e+00, 1.210505539354830e+05, 6.199761484384952e+01
2432, 4.255604350071063e-02, 3.489529881843861e-03, 2.455807468561303e-01, 1.855773905714119e-03, 2.472120176638008e-13, 2.598576400223679e+01, 7.323303551446680e+00, 1.225622397869411e+05, 5.485301185312076e+01
2433, 5.493995310593459e-02, 4.747101466732945e-03, 3.026418957544226e-01, 2.286966466662265e-03, 3.017772217111665e-13, 5.325873385888852e+00, 1.441296729214452e+01, 1.115447003224822e+05, 1.514876162615798e+03
2434, 4.967116929211928e-02, 4.396344473830625e-03, 3.014759582179598e-01, 2.278155855551429e-03, 3.038301037743155e-13, 1.048385991639445e+01, 1.330508286106385e+01, 1.109996363715735e+05, 5.908539565674230e+02
2435, 4.591771116650262e-02, 1.000916228710592e-03, 1.532068148758048e-01, 1.157734117449458e-03, 1.543161206545669e-13, 3.104953775386694e+01, 1.410022780688582e+00, 1.392833044181289e+05, 4.593512718411418e+02
2436, 2.413914910118651e-02, 4.100879251993771e-03, 1.566087736610197e+00, 1.183441614566979e-02, 1.577310819259269e-12, 1.099414698832819e+01, -2.429911911029597e+00, -1.101945564209207e+05, 3.642281514199417e-04
2437, 4.208025329748440e-02, 1.249420385762497e-03, 2.144332424283895e-01, 1.620402335730933e-03, 2.160344863169598e-13, 3.949718965187252e+01, 1.582383164402066e+00, 1.303183665306971e+05, 6.292993700414416e+01
2438, 4.190817673183798e-02, 1.018025500760816e-03, 2.194770276070633e-01, 1.658516581413666e-03, 2.210803835117229e-13, 4.090717392865795e+01, 1.332209231185506e+00, 1.297036202857849e+05, 5.411057800108019e+01
2439, 4.181567205284577e-02, 1.313698061760348e-03, 2.209949659230632e-01, 1.669987148033227e-03, 2.226762318265393e-13, 3.977084744909882e+01, 1.744892940108620e+00, 1.293790228510212e+05, 5.214819450184056e+01
2440, 3.513007863044401e-02, 3.446094852472412e-03, 1.060318997451904e+00, 8.012486126841569e-03, 1.067882891793271e-12, -2.402646952534239e+01, 7.271967140619805e+00, -8.338769397642332e+03, 6.966162165045647e-04
2441, 3.005536092555139e-02, 1.387605748404106e-03, 1.573246115349618e+00, 1.188850968778135e-02, 1.584500494584487e-12, 7.400784374516937e+01, -1.964475448477464e+00, -1.136736692016041e+05, 3.658931477778044e-04
2442, 3.025593989705368e-02, 1.386316483273584e-03, 1.572214966272644e+00, 1.188071762926516e-02, 1.583470463887927e-12, 7.365040702874772e+01, -1.341148500653881e+00, -1.136419032762418e+05, 3.656531536667680e-04
2443, 4.017002909954305e-02, 3.784860850473542e-03, 3.931980399906920e-01, 2.971269823607904e-03, 3.956989708416773e-13, 2.121447551307375e+01, 1.578026883337895e+01, 9.922329455734306e+04, 6.127250656313175e+00
2444, 4.028726587580421e-02, 3.574080042454070e-03, 3.270121652302992e-01, 2.471124674284370e-03, 3.295107181715595e-13, 2.656283242510070e+01, 9.979997282934926e+00, 1.102351528643669e+05, 8.920796348231308e+00
2445, 3.009706228841793e-02, 9.003131497183877e-04, 1.569760126861789e+00, 1.186216720550561e-02, 1.580958178527813e-12, 8.168813611879168e+01, -1.316596565847068e+00, -1.125370974921186e+05, 3.650818403830264e-04
2446, 4.385506237011747e-02, 9.008874565094567e-04, 1.807783493454508e-01, 1.366083244424105e-03, 1.821188993604331e-13, 3.661267108178421e+01, 1.135153029594818e+00, 1.354509559190328e+05, 1.786799229060555e+02
2447, 4.792987884612268e-02, 1.308304884642748e-03, 1.352485628848195e-01, 1.022029442454579e-03, 1.362516434219218e-13, 2.524542712663683e+01, 1.532120574949672e+00, 1.419051231322367e+05, 9.035560474898924e+02
2448, 5.014422252013812e-02, 1.107611401048945e-03, 1.203485866272607e-01, 9.094351634302134e-04, 1.212488243738563e-13, 2.154135749845882e+01, 1.180868835307240e+00, 1.446255610583234e+05, 1.600616579048801e+03
2449, 3.025241603438317e-02, 1.225332894348479e-03, 1.572453177898869e+00, 1.188251771712080e-02, 1.583691411548826e-12, 7.647411556854529e+01, -1.215580577871686e+00, -1.134973893810780e+05, 3.657084330731942e-04
2450, 2.137498280010102e-02, 2.448828341538674e-03, 1.580039695946579e+00, 1.193984656886655e-02, 1.591415756609820e-12, 1.970580786897059e+01, -1.636419291358164e+01, -1.119489065340373e+05, 3.674723052069697e-04
2451, 4.084261809757182e-02, 3.129258456080882e-03, 2.649422193053523e-01, 2.002082261753357e-03, 2.668645006577244e-13, 3.184437549956311e+01, 5.330327690588726e+00, 1.208552467882504e+05, 2.056347903453563e+01
2452, 3.788363902234523e-02, 1.009627502710210e-03, 4.204611213935570e-01, 3.177288070984305e-03, 4.234994508419358e-13, 4.857290858632311e+01, 1.033245351591965e+00, 9.771923220003712e+04, 4.111152794433172e-01
2453, 4.577177612342567e-02, 4.404897836022489e-03, 4.977184701088636e-01, 3.761096751446064e-03, 5.059177224081209e-13, 6.769950698747065e+00, 2.724277514600466e+01, 7.262737553583193e+04, 1.146441168347602e+02
2454, 3.771215852177250e-02, 3.649752703813161e-03, 4.997898185706727e-01, 3.776749258719260e-03, 5.045755681302512e-13, 2.429020558875069e+01, 1.568186704449498e+01, 8.441084353239271e+04, 3.212213631907956e-01
2455, 5.788607731273847e-02, 8.980543225548286e-04, 9.504689773958927e-02, 7.182385219615822e-04, 9.578173318397469e-14, 8.103181625388347e+00, 9.158837294424712e-01, 1.501747294424550e+05, 4.052508709270694e+03
2456, 1.857347347889824e-02, 4.142236701717763e-03, 1.655965811088437e+00, 1.251359554978752e-02, 1.667746750452125e-12, 5.521810991777133e+01, -1.066326688146918e+01, -1.181949625947407e+05, 3.851308426510274e-04
2457, 1.768721435322518e-02, 4.256607378394944e-03, 1.680204256107777e+00, 1.269675760283031e-02, 1.692226374811704e-12, 5.066368345579964e+01, -4.715686086971690e+00, -1.192738846062892e+05, 3.907682735451867e-04
2458, 2.053203335001490e-02, 4.193178000243912e-03, 1.616281251140450e+00, 1.221371222524349e-02, 1.627823506494437e-12, 4.660251072238714e+01, -1.622211022382225e+01, -1.159882014450147e+05, 3.759006635097581e-04
2459, 1.822138374261455e-02, 4.165972078880397e-03, 1.661753687838491e+00, 1.255733265369225e-02, 1.673557774741772e-12, 5.061172922697337e+01, -7.169832445392692e+00, -1.179499014843031e+05, 3.864771325051115e-04
2460, 3.997674989266208e-02, 1.423417651967418e-03, 2.813294772216337e-01, 2.125915445000055e-03, 2.832506295716018e-13, 4.345658281553623e+01, 1.753083205843014e+00, 1.201559229367598e+05, 1.050453250235377e+01
2461, 3.985638604807246e-02, 1.611866648962541e-03, 2.861063696931101e-01, 2.162012869217683e-03, 2.881187758661028e-13, 4.269908976979836e+01, 1.998601621063680e+00, 1.194162182445132e+05, 9.592739769878708e+00
2462, 2.810873782803328e-02, 1.002499070927517e-03, 1.578998392870878e+00, 1.193197777988161e-02, 1.590257359508270e-12, 6.820420660904283e+01, -3.594973147545447e+00, -1.133077174217485e+05, 3.672309340699554e-04
2463, 3.395770755083686e-02, 1.212102326031738e-03, 1.563575812263781e+00, 1.181543434960127e-02, 1.574734797870774e-12, 7.120234652960414e+01, 2.674024172952754e+00, -1.130915700011715e+05, 3.636432653509314e-04
2464, 2.449735871053641e-02, 3.839300758765735e-03, 1.567540439489921e+00, 1.184539374929497e-02, 1.578715893042580e-12, 1.943927368487634e+01, -4.355952579429305e+00, -1.105076602828023e+05, 3.645651876251463e-04
2465, 3.378789088181903e-02, 3.389824204760441e-03, 1.522957547260599e+00, 1.150849531935055e-02, 1.533811160648798e-12, 2.122824480696226e+01, 1.607127174928082e+00, -1.066892550317782e+05, 3.548822272642162e-04
2466, 2.578005421860027e-02, 1.442062579132250e-03, 1.591407857011866e+00, 1.202575206810061e-02, 1.602763611396913e-12, 5.104243496769872e+01, -5.973354703211941e+00, -1.148147914916803e+05, 3.701112412273022e-04
2467, 5.032749813798093e-02, 1.007770100668680e-03, 1.190389023301007e-01, 8.995383047615016e-04, 1.199270472570622e-13, 2.145169709731579e+01, 1.054455538072164e+00, 1.449472243971477e+05, 1.676198556678693e+03
2468, 2.008440643282132e-02, 3.385027487482793e-03, 1.600297466045193e+00, 1.209292795500215e-02, 1.611819154261030e-12, 2.980304498434982e+01, -1.455152976493111e+01, -1.132583234204844e+05, 3.721841815762027e-04
2469, 4.434321523555432e-02, 4.011586953429593e-03, 3.083331779065580e-01, 2.329973636574138e-03, 3.100420865250167e-13, 1.730000643017802e+01, 1.368667864938765e+01, 1.108504674569215e+05, 9.794006277242885e+01
2470, 6.073988217461466e-02, 1.656692486080621e-03, 1.090964630588298e-01, 8.244065218553441e-04, 1.097826545535955e-13, 3.898872511130087e+00, 1.383250536471719e+00, 1.464052331664821e+05, 3.467051084941058e+03
2471, 2.982641954106622e-02, 1.665329126077812e-03, 1.572926530924744e+00, 1.188609469212738e-02, 1.584182145153710e-12, 6.817245960857643e+01, -2.847330425652173e+00, -1.138101186868537e+05, 3.658190579679615e-04
2472, 1.495015598555834e-02, 5.419368524384339e-03, 1.750558858024211e+00, 1.322840446869762e-02, 1.763043953212963e-12, 3.572059756420006e+01, -6.072985732075970e+00, -1.237212196814986e+05, 4.071313474424454e-04
2473, 6.319564114730120e-02, 7.252839004801307e-04, 1.602435168841868e-01, 1.210908188041714e-03, 1.615003112226502e-13, 3.239655023168708e+00, 1.291622259377532e+00, 1.360544604088689e+05, 2.434830460493988e+03
2474, 2.569924023041554e-02, 3.618526721109474e-03, 1.565036067767841e+00, 1.182646902595438e-02, 1.576169566223110e-12, 2.154087576392507e+01, -4.351454468750006e+00, -1.103601511441675e+05, 3.639823383240433e-04
2475, 5.054402140573440e-02, 4.217760515587687e-03, 2.275995913676502e-01, 1.719896156429705e-03, 2.301104045137329e-13, 1.160532620754297e+01, 7.519822119450545e+00, 1.235029333018515e+05, 8.361347038734915e+02
2476, 2.071323912427344e-02, 3.505020528733463e-03, 1.615934123502606e+00, 1.221108909447916e-02, 1.627295597011358e-12, 4.666694201486110e+01, -2.123143479457794e+01, -1.167033040835911e+05, 3.758195904091497e-04
2477, 2.375055028424936e-02, 1.007533859024147e-03, 1.580356568322121e+00, 1.194224107044523e-02, 1.591548177050118e-12, 3.000837316192948e+01, -8.310143438177438e+00, -1.121601417901845e+05, 3.675439869406886e-04
2478, 4.370386049006172e-02, 4.227809544167736e-03, 4.717804000762884e-01, 3.565091184457037e-03, 4.741750942648347e-13, 1.032766933067961e+01, 2.595533765262802e+01, 8.031760110289264e+04, 4.783861661880932e+01
2479, 4.723834331409454e-02, 1.216554531452966e-03, 1.403844812168167e-01, 1.060839908439515e-03, 1.413731612197820e-13, 2.694107359843010e+01, 1.482128925955315e+00, 1.411563002833652e+05, 7.355614655518576e+02
2480, 4.616404931596710e-02, 9.944927605112961e-04, 1.504814347319109e-01, 1.137139305279014e-03, 1.515357349405545e-13, 3.041633044255103e+01, 1.361142487146416e+00, 1.397295655449521e+05, 5.080603390510157e+02
2481, 3.402890560473033e-02, 3.370580167171334e-03, 1.523688791234023e+00, 1.151402109244947e-02, 1.534541932572369e-12, 2.316656398212750e+01, 1.307380639103997e+00, -1.068793516642216e+05, 3.569619266228060e-04
2482, 3.412811365687020e-02, 1.465739845248147e-03, 1.560394171356773e+00, 1.179139172309995e-02, 1.571536745027449e-12, 6.637460657196218e+01, 3.012017843241181e+00, -1.126757714108496e+05, 3.629166778521192e-04
2483, 3.988124943652849e-02, 1.001658688889500e-03, 2.876098115104904e-01, 2.173373890507568e-03, 2.897393129368724e-13, 4.560160638015226e+01, 1.220455766460310e+00, 1.193499883210617e+05, 8.613359267881718e+00
2484, 1.641534363704827e-02, 4.509729526183062e-03, 1.715225171021604e+00, 1.296139927724213e-02, 1.727480321801236e-12, 4.667754370447518e+01, -3.398524017697712e+00, -1.217670647073819e+05, 3.989131359921039e-04
2485, 1.652033257517520e-02, 4.294108720092505e-03, 1.708254850612150e+00, 1.290872683082310e-02, 1.720436199199852e-12, 3.741665772296489e+01, -9.888659430901441e-01, -1.206565822671442e+05, 3.972923419477172e-04
2486, 4.143450847691399e-02, 3.500553528701242e-03, 2.777652260609464e-01, 2.098981557136214e-03, 2.794431718164957e-13, 2.701896931119434e+01, 7.585150551816322e+00, 1.177579516308233e+05, 2.521420630900474e+01
2487, 3.613506127519790e-02, 9.838270480606788e-04, 7.320210128242036e-01, 5.531644933180598e-03, 7.374496995726458e-13, 4.602148068166299e+01, 2.004102477992746e+00, 4.309620925499227e+04, 1.734100203707565e-03
2488, 5.408052547325406e-02, 4.629862046666215e-03, 2.886784738143482e-01, 2.181449424286719e-03, 2.929089397562856e-13, 6.634070497180718e+00, 1.309709161499582e+01, 1.152164867960271e+05, 1.443337122132720e+03
2489, 4.535328472037033e-02, 1.167397333570261e-03, 1.595439458255248e-01, 1.205621756868005e-03, 1.607104753334407e-13, 3.164747438200908e+01, 1.514649402640543e+00, 1.383403614322077e+05, 3.653469798617373e+02
2490, 1.896018292096522e-02, 3.887637792726294e-03, 1.630404869599558e+00, 1.232043982065245e-02, 1.641974843597042e-12, 3.722569898145274e+01, -1.127857955319671e+01, -1.154693835186783e+05, 3.791864269598938e-04
2491, 3.375989399212065e-02, 1.442875752515928e-03, 1.562467536862283e+00, 1.180705947251188e-02, 1.573610442577077e-12, 6.657564288222321e+01, 1.688111952590986e+00, -1.131293104274045e+05, 3.633883440675374e-04
2492, 2.228749617271200e-02, 9.221334382296253e-04, 1.569479030552905e+00, 1.186004305203799e-02, 1.580662382642072e-12, 5.305874885610461e+00, -5.105968270419305e+00, -1.105012564820372e+05, 3.650166948543165e-04
2493, 4.430562700335975e-02, 1.375265987270491e-03, 1.732257370767906e-01, 1.309010607633211e-03, 1.745087055675930e-13, 3.334770156630451e+01, 1.738740009530382e+00, 1.361946224725423e+05, 2.299138491443707e+02
2494, 1.983395421036394e-02, 4.366491115658833e-03, 1.631480866139690e+00, 1.232857077687499e-02, 1.643158101795970e-12, 5.183954448572533e+01, -1.674385010493344e+01, -1.169934983751578e+05, 3.794358586083396e-04
2495, 3.390798493724782e-02, 1.009897503400492e-03, 1.563204629425920e+00, 1.181262944150661e-02, 1.574360965139257e-12, 7.582274870701954e+01, 2.563543016658103e+00, -1.127260670277966e+05, 3.635554201951675e-04
2496, 4.515822139270358e-02, 4.121184935706019e-03, 3.256881974293131e-01, 2.461119879818729e-03, 3.279522761648123e-13, 1.425200396945478e+01, 1.436916402062253e+01, 1.076825014402367e+05, 1.325342561012524e+02
2497, 4.152716608492870e-02, 1.112828125347333e-03, 2.292246407268040e-01, 1.732176126399061e-03, 2.309522183241775e-13, 4.128096844514847e+01, 1.411532279307804e+00, 1.284229766179921e+05, 4.116043448719504e+01
2498, 5.330145322580097e-02, 4.451499530235940e-03, 2.354837888277062e-01, 1.779474474769801e-03, 2.363845525769310e-13, 8.764346838268436e+00, 8.725479294567574e+00, 1.220471479514739e+05, 1.351638840608142e+03
2499, 5.323122361974201e-02, 4.095273108196184e-03, 1.796328419293287e-01, 1.357427017098208e-03, 1.809866083349606e-13, 9.984490198770368e+00, 5.720723329636862e+00, 1.323063306237402e+05, 1.548153898057808e+03
2500, 5.350502685021170e-02, 3.955338148536596e-03, 1.645116726746517e-01, 1.243161254468629e-03, 1.655899758991982e-13, 1.010328851228236e+01, 4.869496860499739e+00, 1.348368642198002e+05, 1.692644076059926e+03
2501, 2.242971888219948e-02, 2.113341023836807e-03, 1.594321271524503e+00, 1.204776779489629e-02, 1.605723172349782e-12, 2.898289915717596e+01, -1.571122497043364e+01, -1.143969623296924e+05, 3.707919001877222e-04
2502, 2.817010965262659e-02, 1.637522361960174e-03, 1.582745463535656e+00, 1.196029317533331e-02, 1.594026737357719e-12, 6.148115088452747e+01, -6.360146705212092e+00, -1.143720315615271e+05, 3.681067750780007e-04
2503, 4.248241342235261e-02, 1.077395171231767e-03, 2.050360387589852e-01, 1.549390721100770e-03, 2.064949403573769e-13, 3.897024544402248e+01, 1.374326972474997e+00, 1.318027571763741e+05, 8.278822110895955e+01
2504, 5.689968638998636e-02, 4.334976654704692e-03, 1.768550012266403e-01, 1.336435777532889e-03, 1.768910837783855e-13, 5.396817047770356e+00, 5.704788990766205e+00, 1.333970258118192e+05, 2.267224781499454e+03
2505, 2.632071528138333e-02, 1.525506494344119e-03, 1.590271469065217e+00, 1.201716475364233e-02, 1.601601886362701e-12, 5.396143349916208e+01, -5.583164781230622e+00, -1.149032011032675e+05, 3.698464943981589e-04
2506, 2.355063747496378e-02, 9.354422341650555e-04, 1.578925425816141e+00, 1.193142639155872e-02, 1.590124225764208e-12, 2.617368725783967e+01, -8.163492413953476e+00, -1.118035843536961e+05, 3.672115779352174e-04
2507, 4.060028734320864e-02, 3.848252242399838e-03, 3.940682792922613e-01, 2.977845939235813e-03, 3.973027689872500e-13, 2.057997536849637e+01, 1.614008855148270e+01, 9.850922253149988e+04, 8.468881194195175e+00
2508, 4.519574418928257e-02, 1.412993958823173e-03, 1.616077461071742e-01, 1.221217224991290e-03, 1.627969979945962e-13, 3.087390150742917e+01, 1.827003787268207e+00, 1.378579277683223e+05, 3.416972812429484e+02
2509, 7.572806771501610e-02, 3.799793392634761e-03, 1.116115616309921e+00, 8.434123045163767e-03, 1.124180131873299e-12, -1.305955110403357e+01, 4.663306508807371e+00, -4.454898682796892e+04, 2.656536459604618e-04
2510, 4.025307693529591e-02, 1.366194509296668e-03, 2.694775428111557e-01, 2.036354227792322e-03, 2.713679837143640e-13, 4.311723878275005e+01, 1.616154099813415e+00, 1.220152086198692e+05, 1.406555391764617e+01
2511, 5.569203917167559e-02, 4.819390395710024e-03, 3.194358500043054e-01, 2.413872921950789e-03, 3.187056333217299e-13, 5.495005531411879e+00, 1.561445024517018e+01, 1.083937198882528e+05, 1.619500652093164e+03
2512, 5.378587085390329e-02, 1.972002692836305e-03, 1.103350647577630e-01, 8.337662324262432e-04, 1.113253427081841e-13, 1.285191901381727e+01, 2.028080189269637e+00, 1.464328184283537e+05, 2.701834669879527e+03
2513, 2.350581836629689e-02, 3.996412396388007e-03, 1.571124914877266e+00, 1.187248046506828e-02, 1.582396898818220e-12, 2.041335050505086e+01, -5.254199512662368e+00, -1.106823267354565e+05, 3.653990353594114e-04
2514, 1.660618768221784e-02, 4.141918279092383e-03, 1.702425468731338e+00, 1.286467608613188e-02, 1.714520153585076e-12, 2.156499302428001e+01, 8.500890956198850e-02, -1.198394364616562e+05, 3.959369333505153e-04
2515, 2.196251834985677e-02, 4.469643332866625e-03, 1.576581029231544e+00, 1.191371054835008e-02, 1.587785948007710e-12, 1.329036623328550e+01, -3.097125743672529e+00, -1.108499274367007e+05, 3.666688173780079e-04
2516, 2.159879024683010e-02, 4.281215097331935e-03, 1.586077447123077e+00, 1.198547189261850e-02, 1.597417077075047e-12, 2.870099636678068e+01, -8.950369172613572e+00, -1.119937554898420e+05, 3.688766693581403e-04
2517, 5.482088222180925e-02, 2.453868669413573e-03, 1.121100844711865e-01, 8.471794796310286e-04, 1.130386116839218e-13, 1.059370380547084e+01, 2.256270564772461e+00, 1.458904123068875e+05, 2.854550038971976e+03
2518, 5.634453098349544e-02, 1.214728897911873e-03, 9.865807795395193e-02, 7.455270374353738e-04, 9.941708471307913e-14, 1.022582257702792e+01, 1.060039464604350e+00, 1.493457791020334e+05, 3.703078590593689e+03
2519, 3.624165614197231e-02, 3.174237584989576e-03, 6.053901877339022e-01, 4.574736935017108e-03, 6.098314581540524e-13, 2.757363303597468e+01, 5.335271529220676e-01, 6.984034391136459e+04, 2.220788859643238e-02
2520, 5.451419557207401e-02, 1.202758065877946e-03, 1.030940238775139e-01, 7.790480393766037e-04, 1.039524631340996e-13, 1.333558179788954e+01, 1.129968264117412e+00, 1.481136837097210e+05, 3.152916292095591e+03
2521, 4.714059958944686e-02, 3.551458101151171e-03, 1.835294560855398e-01, 1.386872464123413e-03, 1.842760771347338e-13, 1.907197407599539e+01, 5.356948918001732e+00, 1.318074744899115e+05, 4.324545259462838e+02
2522, 7.845077662037894e-02, 1.723649159946153e-03, 1.272320728471459e+00, 9.614514320943505e-03, 1.281695480628838e-12, -2.335967152830986e+01, -3.078372701890147e-01, -7.481703508342270e+04, 3.048362848023829e-04
2523, 4.244876423216204e-02, 3.959878070641516e-03, 3.572397424021730e-01, 2.699544652910447e-03, 3.617739848877766e-13, 1.820459954852340e+01, 1.556350765324731e+01, 1.030174457455985e+05, 3.270356156875378e+01
2524, 2.052623293137076e-02, 4.718572261195115e-03, 1.591967847218485e+00, 1.202998373213027e-02, 1.603438013017854e-12, 1.876985402077908e+01, -4.795216065897321e+00, -1.114993464377827e+05, 3.702473688268643e-04
2525, 2.862831640754046e-02, 9.329244187676823e-04, 1.577346413695692e+00, 1.191949431004386e-02, 1.588649904965505e-12, 7.261509837795924e+01, -4.092242303888722e+00, -1.130977216576716e+05, 3.668466161985791e-04
2526, 7.692614420546147e-02, 1.651854946159236e-03, 1.191664849884477e+00, 9.005024054543138e-03, 1.200422442744963e-12, -2.312204030575818e+01, -2.035607351890351e-01, -5.985589273136226e+04, 2.855702252676599e-04
2527, 3.360380721793513e-02, 1.139540669956286e-03, 1.564285829074273e+00, 1.182079971592741e-02, 1.575460289359828e-12, 7.363453296601755e+01, 1.757167718524107e+00, -1.130372665470796e+05, 3.638090842952421e-04
2528, 4.820886356767759e-02, 1.282343738384031e-03, 1.330750335690573e-01, 1.005604787675516e-03, 1.340641182257727e-13, 2.477623750701343e+01, 1.423242995647611e+00, 1.423191297717062e+05, 9.831141967442560e+02
2529, 4.418687395635624e-02, 3.792584783529453e-03, 2.516507979463027e-01, 1.901643309417848e-03, 2.535132128132820e-13, 2.042098268674737e+01, 8.868134783853229e+00, 1.201913776077733e+05, 1.094369552571211e+02
2530, 2.121741544478406e-02, 4.621995819556074e-03, 1.583616866964106e+00, 1.196687808789078e-02, 1.594920265474018e-12, 1.469843221915761e+01, -3.904586025830065e+00, -1.112317527302159e+05, 3.683052487714293e-04
2531, 4.174029996240222e-02, 3.896526350744322e-03, 3.693198627262149e-01, 2.790830196920871e-03, 3.741352226950243e-13, 1.727298560817938e+01, 1.568871249079420e+01, 1.020795621988731e+05, 2.112045301004712e+01
2532, 3.645623617234788e-02, 1.067399056953430e-03, 6.353926306496733e-01, 4.801455647227103e-03, 6.399092562530985e-13, 4.495968424708020e+01, 1.935152101810744e+00, 6.032212676466197e+04, 8.584817679768725e-03
2533, 1.989306321863592e-02, 3.625164585462962e-03, 1.616579737945246e+00, 1.221596779303790e-02, 1.628149516751432e-12, 4.449915740456498e+01, -1.729318569705758e+01, -1.152760004331236e+05, 3.759705850723505e-04
2534, 2.009036756448159e-02, 3.665994230367194e-03, 1.621307171805731e+00, 1.225169147460331e-02, 1.632880470980671e-12, 4.958292006458029e+01, -1.939734953573030e+01, -1.164297532875099e+05, 3.770696957345901e-04
2535, 3.474117526017464e-02, 3.101611389942272e-03, 1.506083486791547e+00, 1.138098352739427e-02, 1.515840630707836e-12, 7.263693677135368e+00, -1.134302537879473e+01, -1.133638828564072e+05, 4.038557685004777e-04
2536, 2.720697443061955e-02, 3.357144698730827e-03, 1.559374575124404e+00, 1.178368696567648e-02, 1.570516861725282e-12, 2.466149069328154e+01, -4.657819147553735e+00, -1.100009666364769e+05, 3.626651164371403e-04
2537, 2.207505170451064e-02, 8.952316030983683e-04, 1.568961363640631e+00, 1.185613121139112e-02, 1.580127636670605e-12, 1.723392396454807e+00, -2.435542823532471e+00, -1.106187236102778e+05, 3.648967491973669e-04
2538, 2.901795158563121e-02, 9.691467099463183e-04, 1.576304025773254e+00, 1.191161732322452e-02, 1.587530531082064e-12, 7.575216974383639e+01, -3.679297288647650e+00, -1.131360184527557e+05, 3.666042963070868e-04
2539, 4.790728348118325e-02, 9.096952743462455e-04, 1.346966072741907e-01, 1.017858493255901e-03, 1.356735850177791e-13, 2.672097189056502e+01, 1.112405178655240e+00, 1.422920775360745e+05, 9.131495596562158e+02
2540, 3.241671138550933e-02, 3.323157664882504e-03, 1.525852970265165e+00, 1.153037509016593e-02, 1.536719600438865e-12, 2.186518431230259e+01, 7.480522933919420e-01, -1.069780381348418e+05, 3.548717662219152e-04
2541, 5.969302985832975e-02, 4.239397771162926e-03, 1.741687543325924e-01, 1.316136682616028e-03, 1.740289791956177e-13, 2.646989158411273e+00, 6.216522510664454e+00, 1.342308342780465e+05, 2.394307237518485e+03
2542, 5.059935931983887e-02, 3.934855216808570e-03, 1.842396760366646e-01, 1.392239365516283e-03, 1.857952159576342e-13, 1.352000199039711e+01, 5.157409275142685e+00, 1.309482982196579e+05, 9.643985580539764e+02
2543, 1.722752679173309e-02, 5.005457120197665e-03, 1.698319048426067e+00, 1.283364520221284e-02, 1.710481270086612e-12, 4.965618310168532e+01, -9.644718455677699e+00, -1.208176366149163e+05, 3.949811403915757e-04
2544, 3.835925995632827e-02, 1.004232783504331e-03, 3.770791506096210e-01, 2.849464614178579e-03, 3.799018220996255e-13, 4.783240292801273e+01, 9.314132238891542e-01, 1.050132172602684e+05, 1.085662893323299e+00
2545, 6.877913434465747e-02, 4.854819096753961e-03, 8.807958790595504e-01, 6.655888254857945e-03, 8.878082826935551e-13, -2.079037131932949e+00, 1.717784007536015e+01, -3.619529715738119e+03, 2.632449141053278e+00
2546, 4.767101294235411e-02, 1.516676835989230e-03, 1.380960826263918e-01, 1.043547223877038e-03, 1.391239505397664e-13, 2.490988743020467e+01, 1.791957744641697e+00, 1.413927810875080e+05, 8.242151541784435e+02
2547, 5.389361634928466e-02, 9.898805740519748e-04, 1.043145669967570e-01, 7.882712871290445e-04, 1.052110946126804e-13, 1.496268623298435e+01, 9.961975234046537e-01, 1.479827387295427e+05, 2.972810315213966e+03
2548, 3.905222367264875e-02, 1.265940679716138e-03, 3.282145061886136e-01, 2.480210374221528e-03, 3.305040154316979e-13, 4.532086145901232e+01, 1.469478530742802e+00, 1.132344671575742e+05, 3.414141902008228e+00
2549, 5.705886552154865e-02, 4.904353812369136e-03, 3.196907463049736e-01, 2.415799090466814e-03, 3.210889217043651e-13, 3.013864199851215e+00, 1.557127065312995e+01, 1.098600997102320e+05, 1.820664951058678e+03
2550, 4.799561895588903e-02, 3.102336483201738e-03, 1.561776900248469e-01, 1.180184055603667e-03, 1.571859673876436e-13, 1.980107584247329e+01, 4.038322785291199e+00, 1.368795840517853e+05, 6.763992792877004e+02
2551, 5.858294323278537e-02, 1.109735108368471e-03, 9.561740342667090e-02, 7.225496480604895e-04, 9.630952338229334e-14, 6.660962501036151e+00, 9.541832987669282e-01, 1.499154051281360e+05, 4.039595866268722e+03
2552, 5.880721876285997e-02, 1.205533398054680e-03, 9.621519788154564e-02, 7.270669865104564e-04, 9.688863776308942e-14, 6.282341493457436e+00, 9.755075376740091e-01, 1.497270912396735e+05, 4.009493210716631e+03
2553, 2.793487212845563e-02, 3.301744353233340e-03, 1.553807200119210e+00, 1.174161612180858e-02, 1.564853633809094e-12, 2.364420463823161e+01, -4.418680292040950e+00, -1.093978869196135e+05, 3.613706168447225e-04
2554, 6.062829506707804e-02, 4.191222038067474e-03, 2.086850003648309e-01, 1.576964738272810e-03, 2.105966974469045e-13, 2.701020900407397e+00, 8.850811856602043e+00, 1.290937612187217e+05, 2.297072006049297e+03
2555, 2.269026758791042e-02, 2.011924967725243e-03, 1.593870686042622e+00, 1.204436286682181e-02, 1.605129167462081e-12, 2.972223168628398e+01, -1.392563951071481e+01, -1.143977210748506e+05, 3.706867898481149e-04
2556, 2.265471926873161e-02, 1.692262246763287e-03, 1.585733463906505e+00, 1.198287252322387e-02, 1.596992806023270e-12, 2.448828009973528e+01, -1.218361426232198e+01, -1.129199832175364e+05, 3.687948775553217e-04
2557, 4.067312183900140e-02, 1.151200556530927e-03, 2.540752000949887e-01, 1.919963728677690e-03, 2.558555559081683e-13, 4.288919229538557e+01, 1.332152534995025e+00, 1.246133171053427e+05, 2.084224037161506e+01
2558, 6.988459617037940e-02, 6.577281506459673e-04, 7.941875694319731e-01, 6.001417401249674e-03, 7.998674468570221e-13, -1.361610105976535e+01, 1.022657332829795e+00, 1.347789468128521e+04, 1.892327312339615e-01
2559, 1.823413750324317e-02, 4.679529714413566e-03, 1.673821081040660e+00, 1.264852202297801e-02, 1.685817699584168e-12, 5.919367739330752e+01, -1.159668011835229e+01, -1.197121071389404e+05, 3.892832809930060e-04
2560, 3.811031739954601e-02, 1.241944985327458e-03, 3.987034122008802e-01, 3.012872132500326e-03, 4.017824234876482e-13, 4.723401227503708e+01, 1.202703964602055e+00, 1.012136158002447e+05, 7.063952054505891e-01
2561, 5.181422895186139e-02, 9.078739260267471e-04, 1.117231685431450e-01, 8.442556816862363e-04, 1.125962666910631e-13, 1.893692787767102e+01, 9.853489820581063e-01, 1.463880592667293e+05, 2.220147549063897e+03
2562, 4.255893441561871e-02, 1.941064683867182e-03, 2.044810273791448e-01, 1.545196680447146e-03, 2.058673549883958e-13, 3.510982677151297e+01, 2.652340299170746e+00, 1.313800811496833e+05, 8.825298865860350e+01
2563, 5.038998491057261e-02, 1.477924991286497e-03, 1.203769837966343e-01, 9.096497516119142e-04, 1.212568747176650e-13, 1.992185462248161e+01, 1.422469391645378e+00, 1.443901078219764e+05, 1.644655633652234e+03
2564, 5.036143595940618e-02, 1.716645059791297e-03, 1.219670187251135e-01, 9.216651289052088e-04, 1.228636689240026e-13, 1.933719595589106e+01, 1.695477350167179e+00, 1.439941498189499e+05, 1.596768651100103e+03
2565, 5.007922498441836e-02, 1.878466492618563e-03, 1.246388510317340e-01, 9.418552974690510e-04, 1.255828763778937e-13, 1.931206225905587e+01, 2.045143552743360e+00, 1.433972364707554e+05, 1.475229476933374e+03
2566, 2.953916414845320e-02, 2.746492564430532e-03, 1.550455584233913e+00, 1.171628904962739e-02, 1.561554326749978e-12, 4.339923597941348e+01, -2.678802502603939e+00, -1.102976455253205e+05, 3.605939359719403e-04
2567, 2.200495884931713e-02, 1.174054744286028e-03, 1.568935788567349e+00, 1.185593794887248e-02, 1.580184752564953e-12, 3.736495010230097e+00, -4.876104807882708e+00, -1.106194291217302e+05, 3.648906299794595e-04
2568, 5.007834802862608e-02, 4.227666903579838e-03, 2.337408129404580e-01, 1.766303372346334e-03, 2.354439804435401e-13, 1.200411470147538e+01, 7.971650715732205e+00, 1.221534280307665e+05, 7.371630144348422e+02
2569, 2.339219377317941e-02, 9.607808335232409e-04, 1.578940966503507e+00, 1.193154382748338e-02, 1.590148708223447e-12, 2.372713015262999e+01, -8.709181859015358e+00, -1.117361763685833e+05, 3.672153610413313e-04
2570, 2.075115538687886e-02, 3.222742071518237e-03, 1.602541355084897e+00, 1.210988429535273e-02, 1.613936112298101e-12, 3.858095641521700e+01, -2.120251731056473e+01, -1.147066856743418e+05, 3.727051806401132e-04
2571, 3.830245232175868e-02, 3.670800724699781e-03, 4.656866460117452e-01, 3.519042665074345e-03, 4.705535598391726e-13, 2.402528622001768e+01, 1.607333979254616e+01, 8.946773474523910e+04, 7.526307177604995e-01
2572, 5.547285895847866e-02, 3.868333077757378e-03, 1.491115463885828e-01, 1.126787504195068e-03, 1.507132483763641e-13, 7.746034792466397e+00, 4.471032425604045e+00, 1.384192887594562e+05, 2.269838994661855e+03
2573, 1.726298776836127e-02, 4.167801279217591e-03, 1.686307290550101e+00, 1.274287625100906e-02, 1.698393385971203e-12, 3.393628630139170e+01, -6.960857968664311e-01, -1.189497007535738e+05, 3.921880780876287e-04
2574, 5.554245027020571e-02, 1.040525924155402e-03, 9.981537800959539e-02, 7.542723779062197e-04, 1.005995414379362e-13, 1.191245239632143e+01, 1.063140964286522e+00, 1.489885079012500e+05, 3.510167533220077e+03
2575, 7.302448905107109e-02, 3.939771755418661e-03, 9.869571709353780e-01, 7.458114641829845e-03, 9.938989632595685e-13, -1.051434793030204e+01, 9.774029987414442e+00, -2.067746855590707e+04, 3.400823835009470e-04
2576, 2.497967157356352e-02, 3.767156209166970e-03, 1.566625421815296e+00, 1.183847925805092e-02, 1.577835981499925e-12, 2.093617645630503e+01, -4.366980541746810e+00, -1.104631697946358e+05, 3.643522715951685e-04
2577, 4.688648691788318e-02, 1.281181336248195e-03, 1.432085171410621e-01, 1.082180230285306e-03, 1.441263743656100e-13, 2.737795799552090e+01, 1.500241362689327e+00, 1.405927461718349e+05, 6.586586592796760e+02
2578, 5.402246518863293e-02, 9.935631575917520e-04, 1.039146999973230e-01, 7.852496221459102e-04, 1.048092658587053e-13, 1.472686101278653e+01, 1.002810901504944e+00, 1.480763639339154e+05, 3.019024012904257e+03
2579, 1.247694982773588e-02, 4.467578587230766e-03, 1.803859893133908e+00, 1.363118307154159e-02, 1.816782527620932e-12, 3.097902659278822e+01, 2.915784049820931e+00, -1.279711654724875e+05, 4.195278949040852e-04
2580, 1.824803033022849e-02, 4.061055904234664e-03, 1.654004390043242e+00, 1.249877372828737e-02, 1.665733012503694e-12, 3.876117246484137e+01, -5.641559772494970e+00, -1.168811677114257e+05, 3.846751583316887e-04
2581, 4.580405276289001e-02, 9.917319204315392e-04, 1.545360072237253e-01, 1.167778392118847e-03, 1.556831970912366e-13, 3.141361220944447e+01, 1.401283787501760e+00, 1.391197943688240e+05, 4.382521987347953e+02
2582, 5.201178184701442e-02, 1.814285839383407e-03, 1.151243583852938e-01, 8.699573681507878e-04, 1.160631839065634e-13, 1.613806167080485e+01, 1.865174608454241e+00, 1.452862895506001e+05, 2.136256920909965e+03
2583, 5.093331179004486e-02, 4.472111027148829e-03, 3.078917072102659e-01, 2.326637585968681e-03, 3.125995885989321e-13, 9.478123592456438e+00, 1.475397479235856e+01, 1.102065343552270e+05, 7.992874224286203e+02
2584, 2.364608824436538e-02, 1.058534641345239e-03, 1.581224649046997e+00, 1.194880087441156e-02, 1.592408490275285e-12, 2.881301806305382e+01, -8.958787476524632e+00, -1.122750558768697e+05, 3.677459020444674e-04
2585, 3.146500473964314e-02, 2.889397805208083e-03, 1.537365407599015e+00, 1.161737083828057e-02, 1.548367701897741e-12, 3.892241355736966e+01, 4.041905008694122e-01, -1.086248346174220e+05, 3.575485202490058e-04
2586, 4.415928226921920e-02, 9.935429549151988e-04, 1.756891654412556e-01, 1.327625935324415e-03, 1.769687337188743e-13, 3.548216331262414e+01, 1.246412100188450e+00, 1.361238814390464e+05, 2.115281590198291e+02
2587, 3.037146773784996e-02, 1.569750187246526e-03, 1.569790088673719e+00, 1.186239361718261e-02, 1.581022637458926e-12, 7.011750703711209e+01, -7.527617280517171e-01, -1.134483612969214e+05, 3.650891420124155e-04
2588, 3.787240172783417e-02, 1.358399725621675e-03, 4.237793531429444e-01, 3.202362870098007e-03, 4.268719797119556e-13, 4.659742116647744e+01, 1.481014517093537e+00, 9.708876076781774e+04, 4.458971209294083e-01
2589, 5.234623627287609e-02, 1.306414157645423e-03, 1.107401820670040e-01, 8.368275722947896e-04, 1.115759581574530e-13, 1.699831504969094e+01, 1.224305876110490e+00, 1.464062704523696e+05, 2.364818435732263e+03
2590, 5.471650785795744e-02, 1.148020686450639e-03, 1.022136287047591e-01, 7.723951791291234e-04, 1.030334526856088e-13, 1.309573217653853e+01, 1.036166928609476e+00, 1.482722607503135e+05, 3.230791928348285e+03
2591, 4.750154805759792e-02, 1.212088103670684e-03, 1.383884445955084e-01, 1.045756508278456e-03, 1.393940632984451e-13, 2.644638963266064e+01, 1.506879522250329e+00, 1.415114973614367e+05, 7.967898533849325e+02
2592, 3.623804992154525e-02, 1.000501896791802e-03, 6.993213439895667e-01, 5.284544161130509e-03, 7.044211561258743e-13, 4.600541775630160e+01, 2.058207598326063e+00, 4.885984834628981e+04, 2.928622304174094e-03
2593, 5.128983600143334e-02, 1.137053601622855e-03, 1.146946840246366e-01, 8.667104586244774e-04, 1.155762410307887e-13, 1.931761423355521e+01, 1.199844123533729e+00, 1.456684391313214e+05, 1.999824297450631e+03
2594, 4.224175528047006e-02, 1.007603001255896e-03, 2.111842246480301e-01, 1.595850564091048e-03, 2.126825164281339e-13, 4.001940048737642e+01, 1.311071148631939e+00, 1.309543211250605e+05, 6.924399114439944e+01
2595, 4.129335512522169e-02, 1.787805519431929e-03, 2.340830135227707e-01, 1.768889270953079e-03, 2.357555103863611e-13, 3.862093230552835e+01, 2.458964631822926e+00, 1.273879747457120e+05, 3.717148484265070e+01
2596, 3.968782076436304e-02, 1.157519645750535e-03, 2.958049063421442e-01, 2.235301559260820e-03, 2.978523071268561e-13, 4.534128179887363e+01, 1.443460397931907e+00, 1.180688479008884e+05, 7.140730299465766e+00
2597, 3.308981524669358e-02, 1.672521071339279e-03, 1.562114732356862e+00, 1.180439344350364e-02, 1.573267600577300e-12, 6.273513588244931e+01, 3.796347954831816e-02, -1.130108507258364e+05, 3.633028226669611e-04
2598, 3.044160148579356e-02, 1.319568112669339e-03, 1.571479560617357e+00, 1.187516040768869e-02, 1.582721568616845e-12, 7.482440703114251e+01, -9.462540688697773e-01, -1.134886098484710e+05, 3.654818959113887e-04
2599, 2.203522193842737e-02, 1.374336549358774e-03, 1.570223896035617e+00, 1.186567175845631e-02, 1.581505963719938e-12, 6.886474697721255e+00, -8.219170222007600e+00, -1.107108041280885e+05, 3.651898109098264e-04
2600, 5.805859464651071e-02, 9.867912004260450e-04, 9.521339590479305e-02, 7.194966944946135e-04, 9.594398433978854e-14, 7.673246846074700e+00, 9.748045838413538e-01, 1.501167394975030e+05, 4.050244676269834e+03
2601, 3.632139643942237e-02, 1.596824879101020e-03, 7.058725268576893e-01, 5.334049321343173e-03, 7.107983674617774e-13, 4.095377043659026e+01, 2.891041603801920e+00, 4.712573228848873e+04, 4.620668370855884e-03
2602, 1.568479137791079e-02, 5.294117953273299e-03, 1.736879355063564e+00, 1.312503290980103e-02, 1.749274377733275e-12, 3.927461512016224e+01, -7.257148105541929e+00, -1.231441419197263e+05, 4.039496380355479e-04
2603, 2.840038193951698e-02, 1.206581406130367e-03, 1.581095132613533e+00, 1.194782216080845e-02, 1.592378082572534e-12, 6.837535470490103e+01, -4.854402281683684e+00, -1.138846443256722e+05, 3.677204031308869e-04
2604, 2.871638210523875e-02, 1.150388234402013e-03, 1.580139592122434e+00, 1.194060145180769e-02, 1.591427643564308e-12, 7.114470504245297e+01, -5.245217420172617e+00, -1.138178332960045e+05, 3.674974874172077e-04
2605, 1.767292302478294e-02, 4.838030266445763e-03, 1.687143843514692e+00, 1.274919780993548e-02, 1.699198206172600e-12, 5.534907102641644e+01, -9.847630784952431e+00, -1.202494499672041e+05, 3.923819266079311e-04
2606, 2.302276469113451e-02, 4.086886353113455e-03, 1.572369398286847e+00, 1.188188462181580e-02, 1.583598823153572e-12, 2.111683679495347e+01, -5.114529716642571e+00, -1.107755261128479e+05, 3.656885618740263e-04
2607, 2.808618014082875e-02, 3.461673617032080e-03, 1.551536519777119e+00, 1.172445732829159e-02, 1.562526344493299e-12, 1.254233442761999e+01, -2.162930123252727e+00, -1.091859994419780e+05, 3.608435861731983e-04
2608, 5.343834503971796e-02, 1.302921596920246e-03, 1.069547101976878e-01, 8.082219914181753e-04, 1.078882990341286e-13, 1.502076804130765e+01, 1.279411425224195e+00, 1.472666990573255e+05, 2.753005270840072e+03
2609, 5.332726858960558e-02, 1.138409410588853e-03, 1.066282534668564e-01, 8.057550639811910e-04, 1.075406577260108e-13, 1.561551195603734e+01, 1.116654595169023e+00, 1.473779387195510e+05, 2.743939159716216e+03
2610, 5.593397196505005e-02, 4.711875433361109e-03, 2.746726317597407e-01, 2.075611826903796e-03, 2.735815497206521e-13, 5.808328195817614e+00, 1.240774502051700e+01, 1.165173118840555e+05, 1.815478592967876e+03
2611, 5.711698051261410e-02, 1.192247886994422e-03, 9.705388578009015e-02, 7.334046784389635e-04, 9.777883776262033e-14, 9.086593746757270e+00, 1.041499789786777e+00, 1.495952181516417e+05, 3.875888544588857e+03
2612, 5.737633662724957e-02, 1.132441158190093e-03, 9.644359997104263e-02, 7.287929468843884e-04, 9.720442728034396e-14, 8.754664314210000e+00, 1.058647285077319e+00, 1.497675500310400e+05, 3.935017803923777e+03
2613, 1.686690816569781e-02, 4.262439976738654e-03, 1.699106325863123e+00, 1.283959440198905e-02, 1.711296951524633e-12, 3.997592270495650e+01, -1.484835920410059e+00, -1.199951792096780e+05, 3.951646305882392e-04
2614, 5.197943485686547e-02, 4.585544679890279e-03, 3.108469322352175e-01, 2.348969261222950e-03, 3.134830162204143e-13, 8.155969080305081e+00, 1.422868682742937e+01, 1.095254438539575e+05, 9.442133159022917e+02
2615, 5.224898771301258e-02, 4.570801511391188e-03, 2.983477307269077e-01, 2.254516856879468e-03, 2.998754382740107e-13, 8.261674922252528e+00, 1.368814161502329e+01, 1.114223024075055e+05, 1.016685681016629e+03
2616, 5.115663759646943e-02, 1.341222982821172e-03, 1.160233392774620e-01, 8.767506746407757e-04, 1.169261217857614e-13, 1.903553690845460e+01, 1.359162487640998e+00, 1.453029017369763e+05, 1.925456647077480e+03
2617, 3.813357449031869e-02, 1.377682536572472e-03, 3.966522994033534e-01, 2.997372539571844e-03, 3.997586201674652e-13, 4.649018746429159e+01, 1.354685693764124e+00, 1.014415496848336e+05, 7.730912350605537e-01
2618, 2.700973122122421e-02, 9.524882802879647e-04, 1.581751839029943e+00, 1.195278467780909e-02, 1.592990524281675e-12, 6.129693865533576e+01, -3.688085025868661e+00, -1.132607588405551e+05, 3.678653902990248e-04
2619, 1.596411376761683e-02, 4.231279979277369e-03, 1.719506545921863e+00, 1.299375223618610e-02, 1.731827360195291e-12, 2.716678576594770e+01, 1.852105526893477e-02, -1.210247710533647e+05, 3.999094277592429e-04
2620, 3.341601079268128e-02, 9.295269490729283e-04, 1.563482790155390e+00, 1.181473141175450e-02, 1.574640732239090e-12, 7.918741642989917e+01, 1.190947438400239e+00, -1.125454978581743e+05, 3.636200367730896e-04
2621, 3.471499018938395e-02, 1.366712046355893e-03, 1.580232919460511e+00, 1.194130669617619e-02, 1.591368564451164e-12, 6.497789975360122e+01, 1.163834588052849e+01, -1.186569433892197e+05, 3.675645503006321e-04
2622, 2.277182284617171e-02, 4.116656539848173e-03, 1.574401104385275e+00, 1.189723756462512e-02, 1.585604147873283e-12, 2.190632258883491e+01, -5.722534712020351e+00, -1.109953137791500e+05, 3.661610807493810e-04
2623, 2.377591488057328e-02, 3.431040822645954e-03, 1.585949958510751e+00, 1.198450850260094e-02, 1.597291018704212e-12, 3.331512175058177e+01, -9.817626108467650e+00, -1.134038454301899e+05, 3.688450428063565e-04
2624, 2.174712445303202e-02, 1.924194017844557e-03, 1.572966505989653e+00, 1.188639677070335e-02, 1.584324782285015e-12, 1.181014570093262e+01, -1.255813817903632e+01, -1.110943953721680e+05, 3.658274257745894e-04
2625, 2.178515942054420e-02, 1.750155894041950e-03, 1.570837743016090e+00, 1.187031040062610e-02, 1.582151129020185e-12, 8.046054069524331e+00, -9.639093302295020e+00, -1.108385556366014e+05, 3.653325882652385e-04
2626, 5.500814739375434e-02, 1.256055974905142e-03, 1.018811343530964e-01, 7.698826273533621e-04, 1.026697767672532e-13, 1.236842335799530e+01, 1.152700929884877e+00, 1.483220168818542e+05, 3.300773839610761e+03
2627, 5.480322554346391e-02, 4.516369121899300e-03, 2.272456123988115e-01, 1.717221252386021e-03, 2.273959842804869e-13, 6.798143263648162e+00, 8.627531886050958e+00, 1.239806642452017e+05, 1.676792726317637e+03
2628, 3.734709048858119e-02, 1.196461080271140e-03, 4.798674505820208e-01, 3.626202397345896e-03, 4.829782347374249e-13, 4.600943783810778e+01, 1.532927675928737e+00, 8.839370826219673e+04, 1.395077037722179e-01
2629, 3.714329141175025e-02, 1.004650275822519e-03, 5.074877584567080e-01, 3.834920089094058e-03, 5.108724717218308e-13, 4.595279230019437e+01, 1.333449768148583e+00, 8.382943952097540e+04, 8.146223525980431e-02
2630, 7.572152861874344e-02, 7.722334606931049e-04, 1.127115487108900e+00, 8.517245494526638e-03, 1.134971055499744e-12, -2.373764977489756e+01, -7.656694500380691e-02, -4.803068404081823e+04, 2.708062332317111e-04
2631, 4.054517161653469e-02, 3.190221478828267e-03, 2.776234071942916e-01, 2.097909878042100e-03, 2.800228816096787e-13, 3.140011592073531e+01, 5.872597799309738e+00, 1.188029236951783e+05, 1.543548342813180e+01
2632, 5.673477734577330e-02, 1.493322175859507e-03, 9.915799789599811e-02, 7.493047699949875e-04, 9.986615772739265e-14, 9.324072264458865e+00, 1.229860414409926e+00, 1.490697945103896e+05, 3.719821776066415e+03
2633, 2.731113560941577e-02, 3.075203049720107e-03, 1.565006185272525e+00, 1.182624321364711e-02, 1.576225826905572e-12, 3.575118356160406e+01, -6.266565177776131e+00, -1.110378833844131e+05, 3.639734797297261e-04
2634, 2.640318968158580e-02, 1.022795899978775e-03, 1.583407782581738e+00, 1.196529810515257e-02, 1.594704532485666e-12, 5.709905841746982e+01, -4.037968692053696e+00, -1.134027367655881e+05, 3.682507755335929e-04
2635, 2.967925491349115e-02, 1.319228905641250e-03, 1.575323348855897e+00, 1.190420666641823e-02, 1.586586497440493e-12, 7.428290986583484e+01, -3.197733841095487e+00, -1.137066091949899e+05, 3.663766016790700e-04
2636, 3.930670779144332e-02, 1.637204962820661e-03, 3.139304578984325e-01, 2.372270462708710e-03, 3.162038420646965e-13, 4.333165764779292e+01, 1.926435410395551e+00, 1.152291423885324e+05, 5.081821727175646e+00
2637, 1.746400072497371e-02, 4.069792838919674e-03, 1.675715460638034e+00, 1.266283723404130e-02, 1.687716852643607e-12, 1.814688696121390e+01, -1.714094319179924e+00, -1.179495031813594e+05, 3.897249653377874e-04
2638, 5.384506162007061e-02, 1.526498026480235e-03, 1.068683760275373e-01, 8.075695921474743e-04, 1.078258827768526e-13, 1.379713621319871e+01, 1.530100635107414e+00, 1.472778899534289e+05, 2.847450607705916e+03
2639, 4.700285154717822e-02, 3.208554190251730e-03, 1.680291747045455e-01, 1.269741874342445e-03, 1.687150069490837e-13, 2.097054799252785e+01, 4.402044113779367e+00, 1.346667133135460e+05, 4.768205328086908e+02
2640, 5.673737563059923e-02, 3.911826575169094e-03, 1.450489322869423e-01, 1.096087649524255e-03, 1.454845546039828e-13, 6.133170516247971e+00, 4.248052015550085e+00, 1.390904485775684e+05, 2.520624251137292e+03
2641, 1.898590401998397e-02, 4.516706414174640e-03, 1.653197390098840e+00, 1.249267549193152e-02, 1.665044450839253e-12, 5.970118134285322e+01, -1.611284769640271e+01, -1.184952114687816e+05, 3.844866229040717e-04
2642, 4.556228935668314e-02, 1.058401052519913e-03, 1.572628679976876e-01, 1.188384392929675e-03, 1.584176419710767e-13, 3.173066526088678e+01, 1.449071855693497e+00, 1.387179532346063e+05, 3.969723071875317e+02
2643, 3.673032408036302e-02, 3.592532861980359e-03, 5.784560447357147e-01, 4.371204368279844e-03, 5.830332400851852e-13, 2.320070759671013e+01, 1.578662008476622e+01, 7.321147082596149e+04, 5.264235128383703e-02
2644, 7.277406236449183e-02, 7.285377875360792e-04, 9.685910922040634e-01, 7.319328152675992e-03, 9.756720607081479e-13, -2.098920161509343e+01, 3.746442392697835e-01, -1.879499468944625e+04, 2.854440255195401e-04
2645, 2.741471902589022e-02, 1.331474082245463e-03, 1.586235147118134e+00, 1.198666358023868e-02, 1.597547541739674e-12, 6.026883763725560e+01, -4.630224105227089e+00, -1.145016900035145e+05, 3.689088850498960e-04
2646, 5.200891504789014e-02, 1.446249453492838e-03, 1.128532848937010e-01, 8.527956037307689e-04, 1.137186084429176e-13, 1.716546858752331e+01, 1.439479380941429e+00, 1.459168121520965e+05, 2.214764364403522e+03
2647, 4.047801956421269e-02, 1.713465221853033e-03, 2.587178502453974e-01, 1.955046727295669e-03, 2.603434799393602e-13, 4.078842334777149e+01, 1.976205006070656e+00, 1.234560913519727e+05, 1.877651519007615e+01
2648, 5.152650227523698e-02, 1.445862044525321e-03, 1.148705026730853e-01, 8.680390630208027e-04, 1.157666064035283e-13, 1.806788247614688e+01, 1.521167184627591e+00, 1.454795535159289e+05, 2.039298195827344e+03
2649, 2.243420108674140e-02, 1.666029860649772e-03, 1.581469167445441e+00, 1.195064862049540e-02, 1.592718206910570e-12, 2.016151347658230e+01, -1.274188418761719e+01, -1.122483748973785e+05, 3.678036240545199e-04
2650, 4.841414022161696e-02, 1.091110042332038e-03, 1.309228925939507e-01, 9.893417576369607e-04, 1.318707275356800e-13, 2.499385175077861e+01, 1.194718009472515e+00, 1.427638987726037e+05, 1.054735261499187e+03
2651, 3.312652044099750e-02, 1.188938352319282e-03, 1.565349835617586e+00, 1.182884006764008e-02, 1.576538397294097e-12, 7.297086935408139e+01, 5.578808977270463e-01, -1.131616936783581e+05, 3.640544274329955e-04
2652, 4.535061893138735e-02, 1.648210810649402e-03, 1.604402524943596e-01, 1.212394855121108e-03, 1.616476598689321e-13, 2.963883814810418e+01, 2.212843393994237e+00, 1.378640477080820e+05, 3.603952255194213e+02
2653, 3.109839696983984e-02, 3.236528500480704e-03, 1.528604329122387e+00, 1.155116621503160e-02, 1.539459130769522e-12, 2.171248998935492e+01, 4.896848094520974e-01, -1.072642511078330e+05, 3.555115052571964e-04
2654, 5.781456550719748e-02, 1.256146470709002e-03, 9.649805110632306e-02, 7.292044164205213e-04, 9.724623960016961e-14, 7.820723832550374e+00, 1.244866634464686e+00, 1.497824004026904e+05, 3.965363564130934e+03
2655, 5.204045505068315e-02, 4.346620643615722e-03, 2.276672694544307e-01, 1.720407577741753e-03, 2.291042349991498e-13, 9.970079944713843e+00, 8.199648800095261e+00, 1.233873003718224e+05, 1.108973679320923e+03
2656, 2.832186686416196e-02, 3.421358054060537e-03, 1.550030557334657e+00, 1.171307725945686e-02, 1.561012039314394e-12, 1.277836310653167e+01, -2.095305888005280e+00, -1.090843949246645e+05, 3.604934555139831e-04
2657, 5.882980305764209e-02, 5.020988032634701e-03, 3.162068704074916e-01, 2.389472572353407e-03, 3.151285931186215e-13, 2.614017355048551e+00, 1.600031622594991e+01, 1.097323932548489e+05, 1.787693950299707e+03
2658, 4.660784032683464e-02, 1.236814702461907e-03, 1.458387670026496e-01, 1.102056173823713e-03, 1.468006780280659e-13, 2.813975806017078e+01, 1.489413166245139e+00, 1.402159802895931e+05, 5.994595054719198e+02
2659, 4.442771045425059e-02, 1.110950264833980e-03, 1.712506899245863e-01, 1.294085818070046e-03, 1.724462881409734e-13, 3.409581562934634e+01, 1.384728657888777e+00, 1.366162123088954e+05, 2.441850369999186e+02
2660, 2.769955879035440e-02, 3.325584377913924e-03, 1.555431072099390e+00, 1.175388719470663e-02, 1.566510303076137e-12, 2.380510299880789e+01, -4.141990303205400e+00, -1.096017325653703e+05, 3.617481706038584e-04
2661, 2.778024559297010e-02, 9.990803281984609e-04, 1.579760224819254e+00, 1.193773469636807e-02, 1.591026529125816e-12, 6.582009426997783e+01, -3.448068764898241e+00, -1.133386201063557e+05, 3.674084453424445e-04
2662, 1.574857246698584e-02, 4.555816702367540e-03, 1.734155189978628e+00, 1.310444727943622e-02, 1.746583848254700e-12, 4.297539332566614e+01, -2.055408258023598e+00, -1.232584701472715e+05, 4.033158274366861e-04
2663, 2.516208516030185e-02, 1.194986063895620e-03, 1.588404552287506e+00, 1.200305707018354e-02, 1.599746639822727e-12, 4.720218935496108e+01, -5.735721128356175e+00, -1.139206775659444e+05, 3.694136146546845e-04
2664, 4.093393570077469e-02, 1.493051193546321e-03, 2.443337766353769e-01, 1.846350956942583e-03, 2.460632310618070e-13, 4.082775040707870e+01, 1.840685664767705e+00, 1.260347157090886e+05, 2.736739559588801e+01
2665, 7.457769107517564e-02, 7.535525292601307e-04, 1.071820448641163e+00, 8.099398856230851e-03, 1.079732638369092e-12, -2.312875413124824e+01, 6.915209352824252e-02, -3.744528095400804e+04, 2.590210611344641e-04
2666, 2.297570995318896e-02, 1.709870167581965e-03, 1.590175705056505e+00, 1.201644109614579e-02, 1.601467821037977e-12, 2.877511844415721e+01, -1.234788527591182e+01, -1.137226651018390e+05, 3.698274282529448e-04
2667, 5.670401185380938e-02, 9.420047999582916e-04, 9.686619633127840e-02, 7.319863702615460e-04, 9.759214424951875e-14, 1.000207688272941e+01, 8.165075897050844e-01, 1.497079136957240e+05, 3.845176078031264e+03
2668, 2.174506751063780e-02, 2.125012456242678e-03, 1.578168287027872e+00, 1.192570493975790e-02, 1.589562058830124e-12, 1.800557796838755e+01, -1.586162199823803e+01, -1.117580989069232e+05, 3.670367665154265e-04
2669, 2.422099636617259e-02, 9.887209693587380e-04, 1.581478549498880e+00, 1.195071951762475e-02, 1.592695594902551e-12, 3.674603568638643e+01, -7.218539895017327e+00, -1.124290421770634e+05, 3.678043312987647e-04
2670, 4.672364489989743e-02, 9.467583613412353e-04, 1.444263403672966e-01, 1.091382924690080e-03, 1.453714135171759e-13, 2.910987889555633e+01, 1.133594695134527e+00, 1.406949434970604e+05, 6.293771716262854e+02
2671, 6.141401784186112e-02, 1.417786031079943e-03, 1.154247361403566e-01, 8.722272252420358e-04, 1.162961964581510e-13, 3.424854222634926e+00, 1.378474705691370e+00, 1.450125475710901e+05, 3.259760133348561e+03
2672, 4.236845087962784e-02, 3.710935799865079e-03, 2.839384107893830e-01, 2.145630308230535e-03, 2.872228491305459e-13, 2.195117010490724e+01, 9.328445185379421e+00, 1.159955793341771e+05, 4.048096347203739e+01
2673, 5.906227460926219e-02, 1.307171556037213e-03, 9.710867688381343e-02, 7.338187170062613e-04, 9.774408378420637e-14, 5.876927455458415e+00, 9.993046422824653e-01, 1.494579041051794e+05, 3.964363349011865e+03
2674, 3.795100844718100e-02, 1.213436685751739e-03, 4.142278710057832e-01, 3.130185423217728e-03, 4.172454605748929e-13, 4.747981851048146e+01, 1.237477690283194e+00, 9.867815142037689e+04, 5.027585075147623e-01
2675, 2.185997605062810e-02, 2.544931471777593e-03, 1.598173006215097e+00, 1.207687410238181e-02, 1.609677360845863e-12, 3.275933829697054e+01, -1.882944075706824e+01, -1.147941706498291e+05, 3.716881781107550e-04
2676, 4.331556801412551e-02, 1.146807422717857e-03, 1.890181887054686e-01, 1.428349033038961e-03, 1.903415317628201e-13, 3.674434235790446e+01, 1.492644211533802e+00, 1.342002781072568e+05, 1.356515026912577e+02
2677, 4.347122878995299e-02, 1.275900368150916e-03, 1.864757146083683e-01, 1.409136382431118e-03, 1.878044461782769e-13, 3.588375441939093e+01, 1.671305582136503e+00, 1.344796976069839e+05, 1.479169574728537e+02
2678, 2.097453674542199e-02, 2.689967811579603e-03, 1.579343704965630e+00, 1.193458719117670e-02, 1.590760577696529e-12, 1.631329287601292e+01, -1.251433971922673e+01, -1.115996134388198e+05, 3.673109676014967e-04
2679, 1.471251434513804e-02, 5.485362890678680e-03, 1.753843256482594e+00, 1.325322360062494e-02, 1.766357587711818e-12, 3.347174799005978e+01, -5.377166404155084e+00, -1.237119587614912e+05, 4.078953200299915e-04
2680, 3.086541968803491e-02, 9.400275333152207e-04, 1.568946056165742e+00, 1.185601553777731e-02, 1.580133228536914e-12, 8.195990532481116e+01, -6.960236501847022e-01, -1.127082925336853e+05, 3.648920569605601e-04
2681, 1.710224572451934e-02, 4.391407802544781e-03, 1.697359105722133e+00, 1.282639122712023e-02, 1.709439007827460e-12, 5.082061195774591e+01, -4.255733517995633e+00, -1.204162660413788e+05, 3.947579687422314e-04
2682, 5.813151474545930e-02, 1.850339132791111e-03, 9.987283156489170e-02, 7.547065357548497e-04, 1.005945591192085e-13, 6.814374564517961e+00, 1.691198103699905e+00, 1.489072554244860e+05, 3.804108504995706e+03
2683, 4.597737696205392e-02, 1.343239362390266e-03, 1.527773109462668e-01, 1.154488495815712e-03, 1.538510838756357e-13, 2.938841672350527e+01, 1.845671899627738e+00, 1.390843548948825e+05, 4.681932771216209e+02
2684, 5.116250409093140e-02, 1.672422620837918e-03, 1.177271644971384e-01, 8.896259281899858e-04, 1.186331601674268e-13, 1.801829306203760e+01, 1.675563088701531e+00, 1.447808255175281e+05, 1.872310421955682e+03
2685, 3.491001751274736e-02, 9.561994934641055e-04, 1.547390674584163e+00, 1.169312852330807e-02, 1.557364600566729e-12, 3.961322735748475e+01, 1.522537727539574e+01, -1.182406401481610e+05, 3.598633473945983e-04
2686, 1.813589272269039e-02, 4.918583138673685e-03, 1.668198536275104e+00, 1.260603427915774e-02, 1.680113728180664e-12, 4.800735928743533e+01, -9.731396661065860e+00, -1.183607774776341e+05, 3.879759806635142e-04
2687, 5.442925340741961e-02, 1.374045711025565e-03, 1.041353060923609e-01, 7.869166707230250e-04, 1.050226662388107e-13, 1.309220386342913e+01, 1.288562294275285e+00, 1.478148262780702e+05, 3.086280823986110e+03
2688, 2.255080105788520e-02, 1.274247819781816e-03, 1.575409139341794e+00, 1.190485495724366e-02, 1.586638959720814e-12, 1.569288348583903e+01, -9.252999083053982e+00, -1.111846151179740e+05, 3.663947709753880e-04
2689, 5.286736829696528e-02, 3.916761015200078e-03, 1.662596897793274e-01, 1.256370451732607e-03, 1.677894221877034e-13, 1.081498599624547e+01, 5.171187583048294e+00, 1.347263499506392e+05, 1.548913959346559e+03
2690, 2.152260325582756e-02, 2.465542824649581e-03, 1.584399006661631e+00, 1.197278846343869e-02, 1.595835025542011e-12, 2.437341573415700e+01, -1.835413360160324e+01, -1.125984702818762e+05, 3.684856991377816e-04
2691, 2.251898981016424e-02, 1.071284137539438e-03, 1.572379511725953e+00, 1.188196104578891e-02, 1.583609840482547e-12, 1.233745744025547e+01, -7.768806511372435e+00, -1.107102651557535e+05, 3.656905935370902e-04
2692, 5.743422959252496e-02, 4.205467647306720e-03, 1.624702803899453e-01, 1.227735116297738e-03, 1.628807921478529e-13, 5.156127266922067e+00, 4.996397370929028e+00, 1.361001543039317e+05, 2.437088236994709e+03
2693, 4.377591174707568e-02, 1.254824185679257e-03, 1.816728430112599e-01, 1.372842642402503e-03, 1.830322408606326e-13, 3.526961514527859e+01, 1.631705675722747e+00, 1.351304539265363e+05, 1.735432712619102e+02
2694, 5.557526977064103e-02, 2.262836524419503e-03, 1.076047712224809e-01, 8.131342913540082e-04, 1.082298972744790e-13, 9.898569859885933e+00, 2.061332297187883e+00, 1.469705960233921e+05, 3.154342597014580e+03
2695, 4.998257237677202e-02, 1.584164808893580e-03, 1.232472522503468e-01, 9.313394376601231e-04, 1.241468397360987e-13, 2.042145563709124e+01, 1.629734889878812e+00, 1.438353464731646e+05, 1.489362957898807e+03
2696, 5.378550579768001e-02, 9.862493315978887e-04, 1.046583863051514e-01, 7.908694179229577e-04, 1.055582481529653e-13, 1.517359692067274e+01, 1.003282507527980e+00, 1.479104967880081e+05, 2.933946357097128e+03
2697, 5.630447910552477e-02, 4.121914672018254e-03, 1.614127020094283e-01, 1.219743340122985e-03, 1.615078506746151e-13, 6.529985805406371e+00, 5.206206542246833e+00, 1.360118074755426e+05, 2.301251855973147e+03
2698, 5.841710600685483e-02, 1.036278716961854e-03, 9.528686133812209e-02, 7.200518489026662e-04, 9.599626923702346e-14, 6.982756940209100e+00, 9.463592549510128e-01, 1.500397646211780e+05, 4.056015780053318e+03
2699, 1.535539685270392e-02, 4.309368370106202e-03, 1.737968596220414e+00, 1.313326395128845e-02, 1.750462132690933e-12, 2.849211795025870e+01, 1.538832756770901e-01, -1.225774028956771e+05, 4.042031756314932e-04
2700, 3.534701307109285e-02, 3.502450713681596e-03, 8.652274896397701e-01, 6.538242994758644e-03, 8.722519767185655e-13, -4.506715833592843e+00, 1.007675136304360e+01, 3.041341676647776e+04, 1.260099557393174e-03
2701, 7.031050864842980e-02, 3.983349689731116e-03, 8.527104472918494e-01, 6.443655772986951e-03, 8.587333198590827e-13, -8.377618814582727e+00, 1.312175776351020e+01, 4.638505055950837e+03, 1.113521839361380e-01
2702, 1.907539881494624e-02, 3.854903175238276e-03, 1.627323384418903e+00, 1.229715403843090e-02, 1.638852066095219e-12, 3.794071403388718e+01, -1.216081287417842e+01, -1.153160010278390e+05, 3.784697306507900e-04
2703, 5.334900394331242e-02, 4.678087923837456e-03, 3.215722070921522e-01, 2.430016678277657e-03, 3.243799615323060e-13, 7.165803623489933e+00, 1.536139797346655e+01, 1.081956491757015e+05, 1.194111033041896e+03
2704, 2.859596428372953e-02, 3.128831592998899e-03, 1.552067932535460e+00, 1.172847304183070e-02, 1.563048954024024e-12, 2.726680182829138e+01, -5.656694162563229e+00, -1.094732050748823e+05, 3.609672805507549e-04
2705, 4.760249762496516e-02, 1.979279182683714e-03, 1.409941637268546e-01, 1.065447081059575e-03, 1.418959453215996e-13, 2.349330736925361e+01, 2.422865496671696e+00, 1.405040440412091e+05, 7.734606299783312e+02
2706, 5.392186807351316e-02, 1.721214382728118e-03, 1.078372851657924e-01, 8.148913236707794e-04, 1.088205870362498e-13, 1.323072737153365e+01, 1.725534126402936e+00, 1.470139379098869e+05, 2.823327434622748e+03
2707, 5.267057226818195e-02, 4.817735490738608e-03, 4.599372232120777e-01, 3.475596145180494e-03, 4.626787179089391e-13, 4.484296489374566e+00, 2.537135821020851e+01, 7.986665799968128e+04, 8.303680876856829e+02
2708, 5.375897360702569e-02, 1.183149210140228e-03, 1.054537488062750e-01, 7.968797139011985e-04, 1.063754834204463e-13, 1.475621217447279e+01, 1.196500229464323e+00, 1.476728281411861e+05, 2.890576590429844e+03
2709, 2.315209974890664e-02, 2.401947517081084e-03, 1.603570922399205e+00, 1.211766440100237e-02, 1.615034151881240e-12, 3.801616650861483e+01, -1.475549840838594e+01, -1.162557128614544e+05, 3.729419420697084e-04
2710, 3.637950064880895e-02, 1.408068621136801e-03, 6.714740024400306e-01, 5.074110849673304e-03, 6.760776373936097e-13, 4.275860430241243e+01, 3.017079643306462e+00, 5.350886966117012e+04, 6.159386291534565e-03
2711, 2.628223951687184e-02, 1.276154037034293e-03, 1.588171631142930e+00, 1.200129696077867e-02, 1.599523066339069e-12, 5.492294589628813e+01, -5.056206789792084e+00, -1.143682414080048e+05, 3.693583700368446e-04
2712, 2.612340638003020e-02, 1.415568842373673e-03, 1.590252261362721e+00, 1.201701960727583e-02, 1.601607448074702e-12, 5.327606270853162e+01, -5.636484502641693e+00, -1.147592152180335e+05, 3.698422431578512e-04
2713, 3.483906096194725e-02, 2.743091631044218e-03, 1.546392691379562e+00, 1.168558708851089e-02, 1.558028735903163e-12, 1.397865793343268e+01, -3.346623091475393e+00, -1.255606084167181e+05, 3.774919846192012e-04
2714, 4.991498209445551e-02, 1.410536350547110e-03, 1.227560354648924e-01, 9.276274720269594e-04, 1.236535087397581e-13, 2.105196877407997e+01, 1.495580746565132e+00, 1.440006458355600e+05, 1.488504672308182e+03
2715, 3.847006015397104e-02, 1.065432488196907e-03, 3.670874675619479e-01, 2.773960712054986e-03, 3.699137720050812e-13, 4.721884864172778e+01, 1.047779839340551e+00, 1.066441585112425e+05, 1.365380660939113e+00
2716, 1.707353927568545e-02, 5.325549469082598e-03, 1.690559760235335e+00, 1.277501078263575e-02, 1.702498776120286e-12, 2.168488339028322e+01, -4.750665949089195e+00, -1.189017552931351e+05, 3.931772900129189e-04
2717, 2.068587954275897e-02, 3.107104747132084e-03, 1.592823928090187e+00, 1.203645285710567e-02, 1.604071254089070e-12, 3.003640546445506e+01, -1.777581356710654e+01, -1.132782056755913e+05, 3.704456222386860e-04
2718, 5.216630106094469e-02, 2.043968752302369e-03, 1.162805987995649e-01, 8.786947012560827e-04, 1.172491614225188e-13, 1.535544473891364e+01, 2.032383303991469e+00, 1.449421175644710e+05, 2.130304622303776e+03
2719, 4.022588344752799e-02, 9.825637477827464e-04, 2.729210637506811e-01, 2.062375796604619e-03, 2.750003395592349e-13, 4.492196167972999e+01, 1.163417138306299e+00, 1.216875981442431e+05, 1.266857839756392e+01
2720, 5.412543600476427e-02, 9.845999991154471e-04, 1.035462037475330e-01, 7.824650157243296e-04, 1.044326482161251e-13, 1.453775764907342e+01, 9.964816017807833e-01, 1.481553305969267e+05, 3.057762000305157e+03
2721, 4.741083371764244e-02, 1.059594111654151e-03, 1.387971112348219e-01, 1.048844669280872e-03, 1.397710582425418e-13, 2.716691621067569e+01, 1.345471992008218e+00, 1.415254593753787e+05, 7.798131414524156e+02
2722, 4.617234605417812e-02, 1.578214485506131e-03, 1.512939507524237e-01, 1.143279224829495e-03, 1.523413335300147e-13, 2.791163310078364e+01, 2.098431451566317e+00, 1.391231096010291e+05, 5.006345642239855e+02
2723, 6.713964575576928e-02, 7.371573430778125e-04, 5.924975179244840e-01, 4.477311218573068e-03, 5.967756129500462e-13, -1.796597808856418e+00, 2.073849927358081e+00, 5.030741982540248e+04, 1.154874465736345e+02
2724, 3.239059069386012e-02, 2.932477439779298e-03, 1.533909426664991e+00, 1.159125511333838e-02, 1.544855306332576e-12, 3.796137848656111e+01, 6.078141453560182e-01, -1.081715598310557e+05, 3.567447518841948e-04
2725, 2.185223178266334e-02, 1.959752582557976e-03, 1.576110195017927e+00, 1.191015260718907e-02, 1.587472799555387e-12, 1.580177898618522e+01, -1.436220612316921e+01, -1.114501079057896e+05, 3.665581631051282e-04
2726, 2.256638313885681e-02, 4.167282711386824e-03, 1.575460911923961e+00, 1.190524618582427e-02, 1.586660297664612e-12, 2.179678505711834e+01, -5.554761020305398e+00, -1.110451865302061e+05, 3.664076607606691e-04
2727, 5.282469847375514e-02, 4.569950547719370e-03, 2.909875582824850e-01, 2.198898425308963e-03, 2.928493056977900e-13, 7.797575006814196e+00, 1.395510551952461e+01, 1.136277029561553e+05, 1.166699672623531e+03
2728, 5.300073186271610e-02, 4.323733216032279e-03, 2.145523401970915e-01, 1.621302318870183e-03, 2.158484362485623e-13, 9.532432485410030e+00, 7.877505507546664e+00, 1.260269135765781e+05, 1.361328104124062e+03
2729, 5.254067681802697e-02, 1.315375997847343e-03, 1.100283634186329e-01, 8.314485900652677e-04, 1.108724732080600e-13, 1.659545411611135e+01, 1.246360141653706e+00, 1.465548296909615e+05, 2.434421082360891e+03
2730, 5.752848054622835e-02, 1.222583170498820e-03, 9.666940214062167e-02, 7.304992605083761e-04, 9.745474310243417e-14, 8.301230578964924e+00, 1.215814578914019e+00, 1.497399998126089e+05, 3.937883822349875e+03
2731, 2.369763004382889e-02, 1.452221523331864e-03, 1.589368297577473e+00, 1.201033978018333e-02, 1.600668905449061e-12, 3.407606916155645e+01, -1.120626152221321e+01, -1.138008357550889e+05, 3.696389755682382e-04
2732, 2.086299862824462e-02, 2.998139630435132e-03, 1.591322194831933e+00, 1.202510474684156e-02, 1.602740309967876e-12, 2.980871437201957e+01, -1.865671551013885e+01, -1.131690629178163e+05, 3.700962057806686e-04
2733, 4.384606984599401e-02, 4.052244604324954e-03, 3.396198479019090e-01, 2.566396835530638e-03, 3.421992103242946e-13, 1.596405037802888e+01, 1.600393485886861e+01, 1.053807273654421e+05, 7.138992583132871e+01
2734, 1.666988218144767e-02, 5.168398470060952e-03, 1.709651586415311e+00, 1.291928150943644e-02, 1.721826684266405e-12, 4.233509298256767e+01, -7.274135809892277e+00, -1.212311297831526e+05, 3.976170272936490e-04
2735, 6.824475401411521e-02, 1.576172395776683e-03, 6.801826348176404e-01, 5.139919154793844e-03, 6.849358570139218e-13, -7.370400805170681e+00, 2.667995148966725e+00, 3.492493868797259e+04, 1.014022083576092e+01
2736, 2.196823466017190e-02, 1.264888657627271e-03, 1.568939713709802e+00, 1.185596760989855e-02, 1.580201793324634e-12, 3.853312149634948e+00, -5.469555952738347e+00, -1.106253374423331e+05, 3.648915041533753e-04
2737, 6.348897434181598e-02, 4.043852232339047e-03, 3.347238485143863e-01, 2.529399359049304e-03, 3.384664891862595e-13, 3.874197318191873e+00, 1.289507516738451e+01, 1.046346235153761e+05, 1.367859536554998e+03
2738, 7.730151843859030e-02, 3.904291797199786e-03, 1.195845180784028e+00, 9.036613456806621e-03, 1.204732712914875e-12, -1.279054729413855e+01, 2.605814551143686e+00, -5.932775186158587e+04, 2.836076919622513e-04
2739, 5.729570183202139e-02, 4.882069192610233e-03, 3.030151113129453e-01, 2.289786735365043e-03, 3.030678739567375e-13, 3.870500284546153e+00, 1.379939199511974e+01, 1.119813805327303e+05, 1.888078333992489e+03
2740, 1.812259836950595e-02, 4.083749422808305e-03, 1.657753972738835e+00, 1.252710810633969e-02, 1.669512869872619e-12, 3.896394032361667e+01, -5.451043918413591e+00, -1.171367668414030e+05, 3.855472207024059e-04
2741, 4.954327914706321e-02, 1.192233709051287e-03, 1.240301725988407e-01, 9.372557123338680e-04, 1.249381896002371e-13, 2.243708617751613e+01, 1.351093207166648e+00, 1.438420106887085e+05, 1.386738860256383e+03
2742, 4.939116880296255e-02, 1.273542159768386e-03, 1.251022109004447e-01, 9.453567574342157e-04, 1.259678959539065e-13, 2.247009925792066e+01, 1.450371109781309e+00, 1.435779703586318e+05, 1.332216185342754e+03
2743, 2.728648487486452e-02, 1.139730494722885e-03, 1.584413046806344e+00, 1.197289456025035e-02, 1.595708856932836e-12, 6.134411597577354e+01, -3.912870270836721e+00, -1.139937437135714e+05, 3.684841225815706e-04
2744, 4.863512522728421e-02, 1.963293825596906e-03, 1.335778151526696e-01, 1.009404144730613e-03, 1.345182558727032e-13, 2.171063078840646e+01, 2.029026397947270e+00, 1.417597678088419e+05, 1.036565923561737e+03
2745, 2.188441444541351e-02, 1.721614733177444e-03, 1.572024252566594e+00, 1.187927646775839e-02, 1.583328217736512e-12, 1.040387369829461e+01, -1.091804267970677e+01, -1.109309387119113e+05, 3.656082943140909e-04
2746, 3.603681733275940e-02, 1.414837847821508e-03, 7.957234080677235e-01, 6.013023234767976e-03, 8.023860584352296e-13, 4.003954313270104e+01, 4.512235072350707e+00, 3.155870453628000e+04, 1.143304063943683e-03
2747, 2.017677446535321e-02, 3.189292875743269e-03, 1.590132550686487e+00, 1.201611499259369e-02, 1.601646929969456e-12, 1.244790479868203e+01, -6.578869754104664e+00, -1.120796024654888e+05, 3.698206387054617e-04
2748, 2.167434170628744e-02, 2.022673754753223e-03, 1.573954895603484e+00, 1.189386570985069e-02, 1.585317984309294e-12, 1.281847797413807e+01, -1.317706886285851e+01, -1.112346247057966e+05, 3.660572990280984e-04
2749, 3.068779863023438e-02, 1.324192840790892e-03, 1.571457720101106e+00, 1.187499536600417e-02, 1.582710110296447e-12, 7.475426535962131e+01, -1.105757602826247e+00, -1.135508046282722e+05, 3.654765985724916e-04
2750, 2.525470894435990e-02, 9.746257461647038e-04, 1.583866104785701e+00, 1.196876149712206e-02, 1.595170995856028e-12, 4.767500932432208e+01, -4.954246763372856e+00, -1.130684651390257e+05, 3.683584858541889e-04
2751, 5.754170305196234e-02, 2.293703082872972e-03, 1.042892016055433e-01, 7.880796091098672e-04, 1.050706444941510e-13, 7.021720881922318e+00, 2.016553294106885e+00, 1.478222271703665e+05, 3.567014246975584e+03
2752, 4.958940589204863e-02, 1.630996773892551e-03, 1.256438503231656e-01, 9.494497505529629e-04, 1.265558591345657e-13, 2.100168309775808e+01, 1.837174497508780e+00, 1.433003029130647e+05, 1.355044380868267e+03
2753, 3.748614898037032e-02, 1.030275119090977e-03, 4.626395762122467e-01, 3.496016948708114e-03, 4.654368266367698e-13, 4.742218374849445e+01, 1.377940149926552e+00, 9.098066365081430e+04, 1.787309141656719e-01
2754, 2.245079568090746e-02, 9.228426139307015e-04, 1.570461501095217e+00, 1.186746726268518e-02, 1.581651449513896e-12, 8.439065933980965e+00, -6.101788187720107e+00, -1.104974365598682e+05, 3.652448883627509e-04
2755, 3.926750518370465e-02, 3.745303322360078e-03, 4.265766349581101e-01, 3.223501019834179e-03, 4.301414820849571e-13, 2.296981017872024e+01, 1.522564738932192e+01, 9.472398357015538e+04, 2.409037802763754e+00
2756, 3.585953747349667e-02, 1.692221833390325e-03, 9.162430161131261e-01, 6.923750751483306e-03, 9.242619969768143e-13, 3.217297823881038e+01, 6.893528560241468e+00, 1.025567520040226e+04, 5.045499628101274e-04
2757, 4.339956715987341e-02, 3.078033951623743e-03, 2.049357998452655e-01, 1.548633248201371e-03, 2.062192109635727e-13, 2.791536831003326e+01, 5.165562375078672e+00, 1.296376949699388e+05, 1.120339188148944e+02
2758, 4.053192935856733e-02, 3.625856111016060e-03, 3.261937962437666e-01, 2.464940525771281e-03, 3.288319266879355e-13, 2.505856740051101e+01, 9.958348942574949e+00, 1.101576611343048e+05, 1.060427453778220e+01
2759, 4.906803960639401e-02, 3.777884755564549e-03, 1.822350524210556e-01, 1.377091076230196e-03, 1.832658985732844e-13, 1.613058345464258e+01, 5.280738698996375e+00, 1.311939496417432e+05, 7.024161020194812e+02
2760, 3.333750566225992e-02, 1.076650429962598e-03, 1.564645183724542e+00, 1.182351524225185e-02, 1.575817985685164e-12, 7.590834462779009e+01, 1.205362235119744e+00, -1.129176670346287e+05, 3.638905319389322e-04
2761, 2.758350927124150e-02, 1.420899920435231e-03, 1.585857768874221e+00, 1.198381185547361e-02, 1.597150455485461e-12, 6.039519948639653e+01, -4.806773050234271e+00, -1.145771137510830e+05, 3.688317434405518e-04
2762, 4.080627200473850e-02, 1.293589204705939e-03, 2.488321709263137e-01, 1.880343860904356e-03, 2.505613444446891e-13, 4.190004330806022e+01, 1.537124388741067e+00, 1.253823437214508e+05, 2.400882063541112e+01
2763, 1.961380863615851e-02, 4.689296189532008e-03, 1.623441615797098e+00, 1.226782077428622e-02, 1.634998326366682e-12, 3.950850076093108e+01, -1.081339019202164e+01, -1.148699118017833e+05, 3.775667710364639e-04
2764, 3.215982368224737e-02, 1.344216514517289e-03, 1.567338015253726e+00, 1.184386409511719e-02, 1.578547953367543e-12, 7.155484229563444e+01, 7.650684114475781e-01, -1.133602087825663e+05, 3.645173784293816e-04
2765, 2.945818585066298e-02, 1.355901804053440e-03, 1.576908729641936e+00, 1.191618687386940e-02, 1.588188071608764e-12, 7.280084392867741e+01, -3.996194464996380e+00, -1.138543401289793e+05, 3.667456053252418e-04
2766, 4.363743045404409e-02, 1.949691729291461e-03, 1.849674246333063e-01, 1.397738725188977e-03, 1.861788006711621e-13, 3.236312914859303e+01, 2.695830181328646e+00, 1.341172688289510e+05, 1.614246689002636e+02
2767, 2.771496704610930e-02, 1.574910746321455e-03, 1.585677011606589e+00, 1.198244593153684e-02, 1.596973978933335e-12, 5.952275193631386e+01, -5.555375067427184e+00, -1.146710455276477e+05, 3.687912926957612e-04
2768, 5.229311460905581e-02, 8.870551131569581e-04, 1.096261504028697e-01, 8.284091969990128e-04, 1.104898205658900e-13, 1.801285675111041e+01, 8.802194209293057e-01, 1.468875303210086e+05, 2.406786886474803e+03
2769, 1.729755974080283e-02, 4.074011533833341e-03, 1.681976603357639e+00, 1.271015065509617e-02, 1.694092507123826e-12, 1.762758655010796e+01, 6.133282483801091e-01, -1.183824297975997e+05, 3.911811737252960e-04
2770, 3.177531340860362e-02, 1.374374311483456e-03, 1.568263994381229e+00, 1.185086141849885e-02, 1.579464075804499e-12, 7.119807447069472e+01, 5.413894810238361e-01, -1.134557605334170e+05, 3.647330307350476e-04
2771, 3.163455233851246e-02, 1.546390426844747e-03, 1.567481128546159e+00, 1.184494555576532e-02, 1.578674309346443e-12, 6.776480706395155e+01, 5.478085314833034e-01, -1.134299722960568e+05, 3.645511393100689e-04
2772, 4.724143095364326e-02, 4.301210727713802e-03, 3.311973168795263e-01, 2.502750505382580e-03, 3.368076654766295e-13, 1.207303392463365e+01, 1.556011833114507e+01, 1.068853235832677e+05, 2.755146913423027e+02
2773, 4.391825097718854e-02, 9.867431272410927e-04, 1.795757770092777e-01, 1.356995796039921e-03, 1.809096865539259e-13, 3.615610521548081e+01, 1.226657128242513e+00, 1.355668139332441e+05, 1.856308761002672e+02
2774, 5.085772158591009e-02, 1.234936646109085e-03, 1.168526970113449e-01, 8.830178615467340e-04, 1.177261805849838e-13, 1.982147078439463e+01, 1.171921730774554e+00, 1.451602972144556e+05, 1.839169657226755e+03
2775, 3.592582210729296e-02, 2.604331894811675e-03, 8.411466353253064e-01, 6.356271803466605e-03, 8.468778259984728e-13, 2.598477772641995e+01, -5.120006770434260e+00, 2.370460834944799e+04, 1.820919800498924e-03
2776, 4.495566898030900e-02, 4.106276263113037e-03, 3.229161140077945e-01, 2.440172146157707e-03, 3.230384646640087e-13, 1.501866884176575e+01, 1.376847733506914e+01, 1.072745975874059e+05, 1.211803343965306e+02
2777, 4.459983418278912e-02, 4.047162676556340e-03, 3.126637360175775e-01, 2.362698257062049e-03, 3.132316870910806e-13, 1.731849413017012e+01, 1.367187426519848e+01, 1.093381022238604e+05, 1.075641625459651e+02
2778, 2.493706167419551e-02, 1.681113319611355e-03, 1.595689682313810e+00, 1.205810843058382e-02, 1.607067436661761e-12, 4.551000841768411e+01, -7.464631346827053e+00, -1.153519771290098e+05, 3.711075371976928e-04
2779, 4.012059078471487e-02, 9.768014328978543e-04, 2.773952260735422e-01, 2.096185587457679e-03, 2.793688875115245e-13, 4.522660201626501e+01, 1.164395476274532e+00, 1.209137120036580e+05, 1.122020370431775e+01
2780, 2.205657016623609e-02, 4.296830100562344e-03, 1.578484113237518e+00, 1.192809153580081e-02, 1.589674862619220e-12, 2.132833169469041e+01, -6.061673698461654e+00, -1.111479722900997e+05, 3.671109725689073e-04
2781, 2.953703571515045e-02, 1.033734829057617e-03, 1.574505979784331e+00, 1.189803007393792e-02, 1.585746057205459e-12, 7.771380053468702e+01, -2.845577609009135e+00, -1.131836910863236e+05, 3.661861492200337e-04
2782, 2.529060210757174e-02, 2.147519540060143e-03, 1.595692417642485e+00, 1.205812910057373e-02, 1.607126351041630e-12, 4.536305106786241e+01, -7.831621514399176e+00, -1.156404989545285e+05, 3.711080000334152e-04
2783, 2.139076534893542e-02, 2.655903450410249e-03, 1.589659740412140e+00, 1.201254211898408e-02, 1.601141380055161e-12, 2.806928781114145e+01, -1.932615739360168e+01, -1.133209987395482e+05, 3.697091275569349e-04
2784, 3.903300181672719e-02, 1.886917914396665e-03, 3.283539250422627e-01, 2.481263917196277e-03, 3.305959633534181e-13, 4.248282570005149e+01, 2.160009617556927e+00, 1.127612880407478e+05, 3.802000471684769e+00
2785, 5.831469377629248e-02, 2.017624096664369e-03, 1.012833442411836e-01, 7.653653217218115e-04, 1.019964387533691e-13, 6.392410237889525e+00, 1.785856034370410e+00, 1.485551370893134e+05, 3.746698962424473e+03
2786, 5.383267758281005e-02, 4.692367374693566e-03, 3.161138042263782e-01, 2.388769301458103e-03, 3.189470120927852e-13, 5.866025211587694e+00, 1.530307508422583e+01, 1.094231341211799e+05, 1.303878298768803e+03
2787, 2.019296821871161e-02, 4.782615460336448e-03, 1.601167592121708e+00, 1.209950321502602e-02, 1.612825927077570e-12, 1.929999464065930e+01, -5.699434467198407e+00, -1.122642525543592e+05, 3.723870173648048e-04
2788, 2.031808793385081e-02, 3.100319263948442e-03, 1.587254993140186e+00, 1.199437022524123e-02, 1.598785643504356e-12, 1.167672745857172e+01, -6.700048584074950e+00, -1.119203012939750e+05, 3.691513751954488e-04
2789, 2.604831702728156e-02, 9.933369378641284e-04, 1.582807063339149e+00, 1.196075866503223e-02, 1.594115771662467e-12, 5.438065041167267e+01, -4.400065093245320e+00, -1.132058336610962e+05, 3.681114632163784e-04
2790, 5.770973018707074e-02, 1.163352491670648e-03, 9.618307747394893e-02, 7.268242630272461e-04, 9.694411720244889e-14, 8.110397092285007e+00, 1.174628903626861e+00, 1.498470699697577e+05, 3.975716346526268e+03
2791, 5.425106530943845e-02, 1.325643398934321e-03, 1.044350512869024e-01, 7.891817477598593e-04, 1.053332286031776e-13, 1.351993291350317e+01, 1.293316938567769e+00, 1.477597376806676e+05, 3.035805643457348e+03
2792, 5.024386918112195e-02, 2.225334361493656e-03, 1.265020166214018e-01, 9.559346344187062e-04, 1.274478339587617e-13, 1.806316276428178e+01, 2.409023958268851e+00, 1.427793044668376e+05, 1.459305179057216e+03
2793, 3.794641538609000e-02, 1.098893464131417e-03, 4.141116293147901e-01, 3.129307022530128e-03, 4.171189585370577e-13, 4.820506974222812e+01, 1.084857667200852e+00, 9.873266641853881e+04, 4.805802872747260e-01
2794, 4.025425476305811e-02, 1.596063631211886e-03, 2.688623967922709e-01, 2.031705769211359e-03, 2.707283118912061e-13, 4.198425616674837e+01, 1.904179237130617e+00, 1.219883985994368e+05, 1.463381936169702e+01
2795, 5.029352341738644e-02, 4.278200889806523e-03, 2.425296080799428e-01, 1.832717441409465e-03, 2.450150559525958e-13, 1.113890856775335e+01, 8.419796004373516e+00, 1.208710107799085e+05, 7.576782779155532e+02
2796, 3.154615194542336e-02, 1.307018495837176e-03, 1.568789699140074e+00, 1.185483399854049e-02, 1.579998516733323e-12, 7.330784782054199e+01, 3.866955332314510e-01, -1.133948413847889e+05, 3.648554346464815e-04
2797, 2.396249154663965e-02, 3.901162735162030e-03, 1.569486302547272e+00, 1.186009800413634e-02, 1.580737059014102e-12, 2.025987625834959e+01, -5.105950839474430e+00, -1.106237633943425e+05, 3.650177737960486e-04
2798, 3.364930936797816e-02, 1.278282288825777e-03, 1.564123816309127e+00, 1.181957543810514e-02, 1.575290475321175e-12, 7.025631746693298e+01, 1.755686243312336e+00, -1.132113009496368e+05, 3.637631997964745e-04
2799, 1.640264617578915e-02, 5.208639434988786e-03, 1.715511703346340e+00, 1.296356450891534e-02, 1.727641308087177e-12, 4.061328234090681e+01, -7.532609833184851e+00, -1.215969817260590e+05, 3.989799825395694e-04
2800, 3.208498227824109e-02, 1.210373444610466e-03, 1.567729633343569e+00, 1.184682342577093e-02, 1.578936784153442e-12, 7.478954253197399e+01, 7.076840593931413e-01, -1.132214574999712e+05, 3.646084608354760e-04
2801, 4.999520947428177e-02, 9.917976027909977e-04, 1.209389958809802e-01, 9.138966943147264e-04, 1.218544146942233e-13, 2.218723748319719e+01, 1.107446486196117e+00, 1.445830525496121e+05, 1.556830261442936e+03
2802, 5.218595948585313e-02, 1.390047967225980e-03, 1.118268464950399e-01, 8.450391422799085e-04, 1.126984986822093e-13, 1.699861573124428e+01, 1.331311274847884e+00, 1.461622352154670e+05, 2.290797019936891e+03
2803, 4.859402093556797e-02, 4.373076935332128e-03, 3.230371835597931e-01, 2.441087029418355e-03, 3.261334482358751e-13, 1.065171303836765e+01, 1.496522838651792e+01, 1.076610588474766e+05, 4.289060261447065e+02
2804, 2.553391437893094e-02, 1.027044322989707e-03, 1.584513424305785e+00, 1.197365308039723e-02, 1.595837119735627e-12, 5.000377249880874e+01, -4.743979634158987e+00, -1.133311351007639e+05, 3.685086742550381e-04
2805, 3.723170935256027e-02, 3.138780449067383e-03, 4.657675577407965e-01, 3.519654088721304e-03, 4.694022414279469e-13, 3.445545931130675e+01, 3.635303122591785e+00, 9.075625249520571e+04, 2.234471339887621e-01
2806, 5.575296379559300e-02, 1.100963563538892e-03, 9.953225523444476e-02, 7.521329110914916e-04, 1.003021478528509e-13, 1.142422846107048e+01, 1.118062717216895e+00, 1.490789064507937e+05, 3.562216832146854e+03
2807, 5.562732675111400e-02, 1.172409849831906e-03, 1.001173113010209e-01, 7.565539896802107e-04, 1.009043138043405e-13, 1.151925531051651e+01, 1.193486186909555e+00, 1.489085784551740e+05, 3.509548134099589e+03
2808, 2.557137038685984e-02, 1.466225528515832e-03, 1.592025014869732e+00, 1.203041572949508e-02, 1.603374123284508e-12, 4.962306321082770e+01, -6.097383660587838e+00, -1.148384809096132e+05, 3.702549202065759e-04
2809, 4.061119621481447e-02, 1.999358427448772e-03, 2.570641435295198e-01, 1.942550202993526e-03, 2.592701224906406e-13, 3.915107029933614e+01, 2.569436349323530e+00, 1.239046111527252e+05, 2.112973369954972e+01
2810, 5.165400679063479e-02, 1.575901559790592e-03, 1.150364844019279e-01, 8.692933330120498e-04, 1.159401519378956e-13, 1.744281372723914e+01, 1.648318191517272e+00, 1.453821665743249e+05, 2.060844683070413e+03
2811, 2.215757197015512e-02, 9.954921729911905e-04, 1.569169208467952e+00, 1.185770182721465e-02, 1.580361335372303e-12, 3.814600007306574e+00, -4.405563319337382e+00, -1.105635503212664e+05, 3.649448044549291e-04
2812, 3.338364504703604e-02, 3.092762701091711e-03, 1.529711664841936e+00, 1.155953399124990e-02, 1.540556245917331e-12, 3.244234785808368e+01, 4.956082031034443e-01, -1.076485071931175e+05, 3.558321226407023e-04
2813, 2.588882341851824e-02, 9.989714119625120e-04, 1.583125830160642e+00, 1.196316748232311e-02, 1.594436741425949e-12, 5.307025806780334e+01, -4.512662117744989e+00, -1.132285726409643e+05, 3.681857177175327e-04
2814, 4.922631013023719e-02, 4.101008139443031e-03, 2.244610079455871e-01, 1.696178901352417e-03, 2.259549490728029e-13, 1.384065365057212e+01, 7.344004717517394e+00, 1.240462365130272e+05, 6.285004056967310e+02
2815, 6.578071724099673e-02, 7.097055969350074e-04, 4.209482169675212e-01, 3.180968893963413e-03, 4.222637644417902e-13, 4.764760183971782e+00, 1.029947893177036e+00, 8.509620333313911e+04, 8.153195432900405e+02
2816, 4.481142065139147e-02, 1.139405861601363e-03, 1.656893074954470e-01, 1.252060258152209e-03, 1.667863827842520e-13, 3.303057864976633e+01, 1.382414105785457e+00, 1.374307207450412e+05, 2.925233961859420e+02
2817, 2.525629040357362e-02, 3.743338033329467e-03, 1.565211426798050e+00, 1.182779415716504e-02, 1.576332153901438e-12, 1.922489254899739e+01, -3.792030774969071e+00, -1.103362572301470e+05, 3.640234566846730e-04
2818, 3.118188441833861e-02, 1.446170707702600e-03, 1.569191965108859e+00, 1.185787379175547e-02, 1.580411225613276e-12, 7.130227565403467e+01, 1.774374557591882e-01, -1.134642714663629e+05, 3.649493099619018e-04
2819, 5.878238333519939e-02, 2.249445250628061e-03, 1.039944143208408e-01, 7.858519973868079e-04, 1.046685437049879e-13, 5.484982980543129e+00, 1.903553286921451e+00, 1.478480985627672e+05, 3.642809441197885e+03
2820, 5.175915224128417e-02, 4.606477671951758e-03, 3.294520876450088e-01, 2.489562375149413e-03, 3.332553443791670e-13, 7.295132930171852e+00, 1.599123037112909e+01, 1.065821111369720e+05, 8.794210950824179e+02
2821, 4.280673859682167e-02, 1.608210899297409e-03, 1.982069245565262e-01, 1.497785324104769e-03, 1.996743142429674e-13, 3.591837340894374e+01, 1.899530191220356e+00, 1.325990958555520e+05, 1.036317100137096e+02
2822, 4.277313352935718e-02, 1.823978442039012e-03, 1.994019300810382e-01, 1.506815592551995e-03, 2.008545248664234e-13, 3.508783573495494e+01, 2.293295710006758e+00, 1.322184075636370e+05, 1.013729689860590e+02
2823, 4.012906559309514e-02, 1.458929785677442e-03, 2.744982739943132e-01, 2.074294261921954e-03, 2.764476580552791e-13, 4.301389148543003e+01, 1.721254896499117e+00, 1.211965926013180e+05, 1.250124292805466e+01
2824, 4.808504697006441e-02, 9.879976987382565e-04, 1.333623299352452e-01, 1.007775792961609e-03, 1.343244638043625e-13, 2.606650191723377e+01, 1.177444521526460e+00, 1.424541966105685e+05, 9.615751886709455e+02
2825, 5.884857194120809e-02, 1.755746563230753e-03, 9.956844731086800e-02, 7.524064028530076e-04, 1.002167308183837e-13, 5.774058358202352e+00, 1.379950315557311e+00, 1.488970913550435e+05, 3.839016836233391e+03
2826, 4.314965358293586e-02, 3.374313332275148e-03, 2.258115337969947e-01, 1.706384386375588e-03, 2.272871629866952e-13, 2.572962513066124e+01, 6.318275429391488e+00, 1.256956518377730e+05, 8.321431533497268e+01
2827, 5.593271917753628e-02, 1.204318857565310e-03, 9.951113099340529e-02, 7.519732820660400e-04, 1.002520734679750e-13, 1.094590738286080e+01, 1.167802612822555e+00, 1.490937820251203e+05, 3.592810365742865e+03
2828, 5.594136523334829e-02, 1.361003049308705e-03, 1.002043549322299e-01, 7.572117501176077e-04, 1.009518100882534e-13, 1.066854271547534e+01, 1.295290741087384e+00, 1.489001715335864e+05, 3.557812698855419e+03
2829, 5.597062729746238e-02, 1.556373022386290e-03, 1.011650573382262e-01, 7.644714660320056e-04, 1.018692889356204e-13, 1.033492701026714e+01, 1.406173602016471e+00, 1.486365445190177e+05, 3.512934026596740e+03
2830, 4.599082569715679e-02, 1.498333077203222e-03, 1.530112381171333e-01, 1.156256207434329e-03, 1.540978263565159e-13, 2.869662726936662e+01, 2.058487285234731e+00, 1.389363127983983e+05, 4.679433127879742e+02
2831, 5.061759788771725e-02, 1.379984324672770e-03, 1.186321680072176e-01, 8.964647456465477e-04, 1.195021330594231e-13, 1.982144390274789e+01, 1.299408959691383e+00, 1.447485417394854e+05, 1.737614860768998e+03
2832, 6.407260462485720e-02, 5.723385741344642e-04, 2.170188757401521e-01, 1.639941126502968e-03, 2.164959948119718e-13, 4.003091637247710e+00, 1.219797158396709e+00, 1.250770622512124e+05, 1.947057479712828e+03
2833, 5.132548970294134e-02, 1.499679859940705e-03, 1.159909770888996e-01, 8.765061240975342e-04, 1.168599235731558e-13, 1.829908479898907e+01, 1.550787454587226e+00, 1.451951350292483e+05, 1.959127859189008e+03
2834, 5.861157082990814e-02, 5.035287271696874e-03, 3.269287749471155e-01, 2.470494521016089e-03, 3.255119089117695e-13, 1.559697733549069e+00, 1.617000906264077e+01, 1.076227899876408e+05, 1.770450365128467e+03
2835, 4.583860422687185e-02, 1.623222136244111e-03, 1.551412281277458e-01, 1.172351849831839e-03, 1.562884214437483e-13, 2.863333005992490e+01, 2.248383568630655e+00, 1.385693077103171e+05, 4.372949689541348e+02
2836, 1.914817667429988e-02, 3.942615709766076e-03, 1.635657541979257e+00, 1.236013255903803e-02, 1.647301255466486e-12, 4.971516257027765e+01, -1.575404475606936e+01, -1.166811719549114e+05, 3.804076633911100e-04
2837, 5.454139592687745e-02, 1.051451171582683e-03, 1.024138190736132e-01, 7.739079526972666e-04, 1.032600001971143e-13, 1.359678146201660e+01, 9.989128195413377e-01, 1.483086306541153e+05, 3.191395530789605e+03
2838, 3.014411872935410e-02, 3.156518629516049e-03, 1.532512625784010e+00, 1.158069994295309e-02, 1.543463232458870e-12, 2.583109284886279e+01, 5.254817838725385e-01, -1.075512715065875e+05, 3.564209116574004e-04
2839, 2.382442949175332e-02, 1.595964784376361e-03, 1.592505278728138e+00, 1.203404492741763e-02, 1.603781045485589e-12, 3.684849218398661e+01, -1.110076668406526e+01, -1.144259082114666e+05, 3.703681759966046e-04
2840, 4.954241307876980e-02, 4.139799612990288e-03, 2.267257596025671e-01, 1.713292893722707e-03, 2.281453003050713e-13, 1.334874546839732e+01, 7.545154108396229e+00, 1.236225380157761e+05, 6.715598450412897e+02
2841, 2.597559789609519e-02, 1.134308810708658e-03, 1.585743582706284e+00, 1.198294898770584e-02, 1.597031759033022e-12, 5.353163498056627e+01, -4.930584539476681e+00, -1.137590295475029e+05, 3.687941755188507e-04
2842, 1.835359737547921e-02, 4.029689603464401e-03, 1.650564615091999e+00, 1.247278046669102e-02, 1.662310238443834e-12, 3.674403751004355e+01, -5.014271254168692e+00, -1.166411238042327e+05, 3.838751904155095e-04
2843, 4.309883197778538e-02, 1.203806430848811e-03, 1.927111966957515e-01, 1.456255894426538e-03, 1.940197008737326e-13, 3.699092398661521e+01, 1.499682708616460e+00, 1.336338243545895e+05, 1.208868843614594e+02
2844, 1.435366906575942e-02, 4.256417979797346e-03, 1.756184855681512e+00, 1.327091830489880e-02, 1.768774395166108e-12, 2.358324232997510e+01, -3.980003929689935e-01, -1.236473833029411e+05, 4.084399732979741e-04
2845, 5.270736957759677e-02, 1.137589038402093e-03, 1.087222025699841e-01, 8.215783569519756e-04, 1.096153835334849e-13, 1.670777110738559e+01, 1.039477903923764e+00, 1.469413883483052e+05, 2.525588047469915e+03
2846, 3.949692740104697e-02, 1.030382922211039e-03, 3.058825399950178e-01, 2.311454962179159e-03, 3.080855834379922e-13, 4.590884083075188e+01, 1.386488074184535e+00, 1.166980179741014e+05, 5.559780290091944e+00
2847, 3.221035384947746e-02, 3.328460643383340e-03, 1.526370106115490e+00, 1.153428291775022e-02, 1.537259767997926e-12, 2.116118870903169e+01, 1.541382261428584e+00, -1.070075418291978e+05, 3.549917415939158e-04
2848, 5.190506770770330e-02, 9.760691167141288e-04, 1.115153903198959e-01, 8.426855691679843e-04, 1.123852898080007e-13, 1.859598678763034e+01, 1.052086843335942e+00, 1.464109173617138e+05, 2.246953090342929e+03
2849, 4.854767188998696e-02, 4.165953594741772e-03, 2.481433459931099e-01, 1.875138634707893e-03, 2.506448240809764e-13, 1.349951932952772e+01, 8.960755272663700e+00, 1.197842785158448e+05, 4.944265720303924e+02
2850, 3.069843482475828e-02, 2.774250500865950e-03, 1.541832613624936e+00, 1.165112806265784e-02, 1.552838016412090e-12, 4.230134855241503e+01, -2.024506715272487e-01, -1.092571445355711e+05, 3.585877780468762e-04
2851, 1.783664840445132e-02, 4.741336383983635e-03, 1.684771247842992e+00, 1.273126887538859e-02, 1.696836600844859e-12, 5.937937975541675e+01, -1.034286725948277e+01, -1.203173053255051e+05, 3.918300221051160e-04
2852, 3.634954147806228e-02, 9.993731416585768e-04, 6.658820813606666e-01, 5.031854519098398e-03, 6.707898361979840e-13, 4.590123056565905e+01, 1.844984507474377e+00, 5.483314689532732e+04, 5.082047215766017e-03
2853, 2.839995634032590e-02, 3.242368482556478e-03, 1.551783909970405e+00, 1.172632677559600e-02, 1.562780218891398e-12, 2.325484295519052e+01, -4.281526287533093e+00, -1.093182506798774e+05, 3.609006233864557e-04
2854, 2.309162962002084e-02, 3.872182183036308e-03, 1.578103087749524e+00, 1.192521224999722e-02, 1.589389152723145e-12, 2.764520116677364e+01, -7.863722673242008e+00, -1.116820448839459e+05, 3.670213727272317e-04
2855, 3.660818250028552e-02, 1.149821550130475e-03, 5.992330686739693e-01, 4.528209586957335e-03, 6.034272012609102e-13, 4.406080488537702e+01, 2.011956424941249e+00, 6.699566691562184e+04, 1.638054947312980e-02
2856, 2.938665406770202e-02, 1.622241366942701e-03, 1.576656217448400e+00, 1.191427872127339e-02, 1.587944389544828e-12, 6.854656118879697e+01, -4.728925144202581e+00, -1.139831884302749e+05, 3.666869139542905e-04
2857, 5.606573702064153e-02, 1.879508117881669e-03, 1.031116983642268e-01, 7.791815997298118e-04, 1.037795399064990e-13, 9.652823890982450e+00, 1.627365311485768e+00, 1.481764485732955e+05, 3.436577517210656e+03
2858, 5.472213537633751e-02, 4.740430167406878e-03, 3.062449365017837e-01, 2.314193474828180e-03, 3.058107269407942e-13, 4.788280740101992e+00, 1.458292256287658e+01, 1.113213048994570e+05, 1.471113944584780e+03
2859, 3.434687255705349e-02, 1.776810744314752e-03, 1.561215007335556e+00, 1.179759451387160e-02, 1.572380658803643e-12, 6.343823850675505e+01, 5.032593033746433e+00, -1.126331579246468e+05, 3.632153221376235e-04
2860, 3.444207393877535e-02, 3.154666287757661e-03, 1.533159562434766e+00, 1.158558863300946e-02, 1.543869239561360e-12, 2.758264302853483e+01, -2.867451617086617e+00, -1.102145316508509e+05, 3.722884766653785e-04
2861, 5.169805750692858e-02, 1.806452845728367e-03, 1.164202318443671e-01, 8.797498628037593e-04, 1.173518532028817e-13, 1.667592537288855e+01, 1.934520565611702e+00, 1.450087481308677e+05, 2.027457369704732e+03
2862, 5.171119797684395e-02, 8.849997157820507e-04, 1.121406669362450e-01, 8.474105813822011e-04, 1.130199709966669e-13, 1.921502088670340e+01, 9.639785829127049e-01, 1.463279973570865e+05, 2.183415069567279e+03
2863, 7.932315803959242e-02, 4.838991330781863e-03, 1.312320918346570e+00, 9.916782758286825e-03, 1.322112492547436e-12, -4.899231804210737e+00, 3.724236803446933e+00, -8.111212333782991e+04, 3.083885254072702e-04
2864, 3.228750509493383e-02, 9.946226997986614e-04, 1.566723676497699e+00, 1.183922173675934e-02, 1.577905745976343e-12, 7.923390322100641e+01, 1.055433126904263e-01, -1.127643538609461e+05, 3.643743102213827e-04
2865, 2.637767814957927e-02, 1.757472977330827e-03, 1.591070437251729e+00, 1.202320229661345e-02, 1.602406817036853e-12, 5.231785851222283e+01, -6.252646424745205e+00, -1.152063179297287e+05, 3.700322577878081e-04
2866, 4.131457063827333e-02, 1.126832909205678e-03, 2.348015020250748e-01, 1.774318655101451e-03, 2.365044036938455e-13, 4.159867420487345e+01, 1.421594379687122e+00, 1.276487318620525e+05, 3.519176159435126e+01
2867, 6.013008960505520e-02, 4.168820756451924e-03, 1.799354784731518e-01, 1.359713943123023e-03, 1.806147138533731e-13, 2.264251672507231e+00, 6.509146091496997e+00, 1.334862529693350e+05, 2.379411066686479e+03
2868, 7.938125885218852e-02, 6.139462327189269e-04, 1.322606244312154e+00, 9.994505624525632e-03, 1.332325530677788e-12, -2.650289634350354e+01, -1.766964150767373e-02, -8.408475755447276e+04, 3.174596744377186e-04
2869, 2.788197943121661e-02, 9.736481345163580e-04, 1.579173093557947e+00, 1.193329793620705e-02, 1.590444430686416e-12, 6.676432253499401e+01, -3.435032389847733e+00, -1.132483316102024e+05, 3.672715089759452e-04
2870, 4.506062064226889e-02, 1.176869290400964e-03, 1.627105004091969e-01, 1.229550380926044e-03, 1.638579925076210e-13, 3.224566196573359e+01, 1.449277623728338e+00, 1.378626048262031e+05, 3.249346440817530e+02
2871, 3.195827149657828e-02, 1.191778231320430e-03, 1.567763760863843e+00, 1.184708131635236e-02, 1.578963865075671e-12, 7.563275764808269e+01, 7.122126988539879e-01, -1.131679385175223e+05, 3.646164877880840e-04
2872, 1.714166883798075e-02, 4.180009141646693e-03, 1.688913482267198e+00, 1.276257039496709e-02, 1.700924067823472e-12, 3.375299954617601e+01, -1.727952895056235e+00, -1.190821108767887e+05, 3.927942047203334e-04
2873, 3.035500913068475e-02, 9.960359625729419e-04, 1.570666403396637e+00, 1.186901564279666e-02, 1.581864955672437e-12, 8.103279053917312e+01, -1.081046433972311e+00, -1.128670165095035e+05, 3.652925619732474e-04
2874, 6.119749975305076e-02, 5.799830600421957e-04, 1.070779717763327e-01, 8.091534391154271e-04, 1.082205157229025e-13, 3.683226850596638e+00, 7.365599894527451e-01, 1.466905169700333e+05, 3.530388101898317e+03
2875, 3.970858112526937e-02, 3.712730235935794e-03, 3.980645297187431e-01, 3.008044305178920e-03, 4.014498749968767e-13, 2.383395969057764e+01, 1.495559840958382e+01, 9.938639527846873e+04, 4.136074864957978e+00
2876, 1.219143336851728e-02, 4.233552114696192e-03, 1.803988996478780e+00, 1.363215866356869e-02, 1.816630375587789e-12, 1.766991195436993e+01, 4.875945981653321e+00, -1.263240840037823e+05, 4.195583137050008e-04
2877, 4.532619689923326e-02, 4.045677052971772e-03, 2.908645683645600e-01, 2.197969030460965e-03, 2.941931829152747e-13, 1.615614046781451e+01, 1.099087051594944e+01, 1.131449085496772e+05, 1.548306987472657e+02
2878, 2.187137606983385e-02, 1.444465193961440e-03, 1.569318686747486e+00, 1.185883138600191e-02, 1.580611270964464e-12, 4.283868811913528e+00, -6.130814598155926e+00, -1.106856617625789e+05, 3.649796246372826e-04
2879, 2.200925233649983e-02, 1.088025434562510e-03, 1.568746897932313e+00, 1.185451056372112e-02, 1.579964540447173e-12, 2.434218221389759e+00, -3.461968123942265e+00, -1.106170378499098e+05, 3.648468036968303e-04
2880, 3.581089377725215e-02, 1.000404259599020e-03, 8.591658190284948e-01, 6.492436919609101e-03, 8.670958260805059e-13, 4.244315565227304e+01, 2.703828281602809e+00, 2.099398968326945e+04, 4.226839520182214e-04
2881, 3.891192728590553e-02, 3.222539627769464e-03, 3.470563084584012e-01, 2.622591751574351e-03, 3.501029356577391e-13, 3.291459724718235e+01, 5.873838150216836e+00, 1.086801219826146e+05, 2.843874979694037e+00
2882, 2.430819562976425e-02, 1.003571699320289e-03, 1.582076949705650e+00, 1.195524143354491e-02, 1.593304907189386e-12, 3.823144481826493e+01, -7.015730582452294e+00, -1.125354928565549e+05, 3.679433434518870e-04
2883, 3.233196003660834e-02, 1.584872693461456e-03, 1.565109988848724e+00, 1.182702762354288e-02, 1.576290808359939e-12, 6.554185409642992e+01, 5.526362723885657e-01, -1.133353038427078e+05, 3.639992067672274e-04
2884, 1.669171850118211e-02, 4.260033936840143e-03, 1.702463328813578e+00, 1.286496218247123e-02, 1.714556864236940e-12, 3.639235727346301e+01, -7.115341419664060e-01, -1.201520619657970e+05, 3.959454558113566e-04
2885, 5.003783330583067e-02, 3.962913552053825e-03, 1.911482810182142e-01, 1.444445448500684e-03, 1.924754914880202e-13, 1.407028726482499e+01, 5.624858712277129e+00, 1.296102391429083e+05, 8.313051625873564e+02
2886, 5.291080954597924e-02, 1.217012172812178e-03, 1.082124824422416e-01, 8.177265675735842e-04, 1.090928041143617e-13, 1.617973607652679e+01, 1.063870800263488e+00, 1.469821137457437e+05, 2.585351934798216e+03
2887, 2.722966762665091e-02, 1.548803968110344e-03, 1.588147997408018e+00, 1.200111836832346e-02, 1.599459992311916e-12, 5.785292512689475e+01, -5.202488874270784e+00, -1.148556210751903e+05, 3.693524622532182e-04
2888, 2.077960301396149e-02, 3.381808771259174e-03, 1.611427920656902e+00, 1.217703718380632e-02, 1.622773002474074e-12, 4.387740917960598e+01, -2.154601586592312e+01, -1.161067859829264e+05, 3.747716364385475e-04
2889, 5.793191056926543e-02, 1.094050183835227e-03, 9.570162126090631e-02, 7.231860548682556e-04, 9.644308413422371e-14, 7.792159764958282e+00, 1.100948802485713e+00, 1.499931483511795e+05, 4.016370088211461e+03
2890, 5.795431133414253e-02, 9.884227988380492e-04, 9.528805081127634e-02, 7.200608373647586e-04, 9.602412742933894e-14, 7.875581537329056e+00, 9.938139162939807e-01, 1.500999281600390e+05, 4.041148998787161e+03
2891, 2.817737913135593e-02, 1.182801684316509e-03, 1.581373346860622e+00, 1.194992453547162e-02, 1.592633788611917e-12, 6.697502622473229e+01, -4.386282702165604e+00, -1.138677382759130e+05, 3.677849777798876e-04
2892, 4.984504961201232e-02, 9.681015110831471e-04, 1.217595047461682e-01, 9.200970131952371e-04, 1.226835431073850e-13, 2.255349602704005e+01, 1.110453074603034e+00, 1.444236090469425e+05, 1.505341480561029e+03
2893, 4.703798419667138e-02, 4.315998432857251e-03, 3.395797271115057e-01, 2.566093655751643e-03, 3.442625599988648e-13, 1.012188802376576e+01, 1.643402352467453e+01, 1.051977078313670e+05, 2.503157264636848e+02
2894, 4.748834555757073e-02, 3.600969353946921e-03, 1.841750461099406e-01, 1.391750978161039e-03, 1.854305448827329e-13, 1.836112344050715e+01, 5.266825036500865e+00, 1.314649941610934e+05, 4.728510855326766e+02
2895, 2.172410504580350e-02, 1.686002052747309e-03, 1.569877152566246e+00, 1.186305153072802e-02, 1.581194178212313e-12, 5.430660209304546e+00, -7.360187529683375e+00, -1.107565236034298e+05, 3.651095121441006e-04
2896, 2.416358894163929e-02, 1.686267448368320e-03, 1.595661739359639e+00, 1.205789727475886e-02, 1.607027579197520e-12, 4.039455661582130e+01, -1.007533431605794e+01, -1.151016097728392e+05, 3.711017633606925e-04
2897, 1.921834853904984e-02, 3.662061371977904e-03, 1.614529202408539e+00, 1.220047256228224e-02, 1.625836475359966e-12, 1.837243998826928e+01, -6.823631069602216e+00, -1.137961958348456e+05, 3.754946772526362e-04
2898, 3.967791623805100e-02, 1.466510911177061e-03, 2.949046359278086e-01, 2.228498508270872e-03, 2.969412165582564e-13, 4.381326297796102e+01, 1.806109233466712e+00, 1.181308327874846e+05, 7.616127405536004e+00
2899, 3.225317275929645e-02, 1.078587587818110e-03, 1.567280279629070e+00, 1.184342780576215e-02, 1.578466604145951e-12, 7.772736812590188e+01, 3.498583884395729e-01, -1.129565520036586e+05, 3.645038008899875e-04
2900, 5.829782638894399e-02, 9.916245469469274e-04, 9.513123736499848e-02, 7.188758491057509e-04, 9.584968213274712e-14, 7.232746396994101e+00, 9.420968286098892e-01, 1.501063610932378e+05, 4.062535334877670e+03
2901, 5.751050353909280e-02, 4.906578229214752e-03, 3.119938658070339e-01, 2.357636265548216e-03, 3.112876084807002e-13, 4.192960518992059e+00, 1.452202694116145e+01, 1.103774414550460e+05, 1.898366037124724e+03
2902, 2.657369681951156e-02, 3.015027338312542e-03, 1.572716601779504e+00, 1.188450832579052e-02, 1.583976244885793e-12, 3.760704763738528e+01, -6.977393285997070e+00, -1.120584457708957e+05, 3.657661530212629e-04
2903, 3.560580168016886e-02, 1.034953088407468e-03, 9.739910470571058e-01, 7.360133856856364e-03, 9.803517602553331e-13, 3.332213801361797e+01, 6.711120699828859e+00, 1.467373728951759e+03, 2.777223459962723e-04
2904, 4.210527327904242e-02, 3.735077798752107e-03, 2.948389486256214e-01, 2.228002130671513e-03, 2.976334490885691e-13, 2.199104669810979e+01, 9.725971763540484e+00, 1.138471660798041e+05, 3.294728742938517e+01
2905, 2.026165923768633e-02, 3.383541363759963e-03, 1.603966131982195e+00, 1.212065087140278e-02, 1.615426172649433e-12, 3.649881980752220e+01, -1.616366027676147e+01, -1.140931602114438e+05, 3.730370623272501e-04
2906, 2.025843354868736e-02, 3.503175876893863e-03, 1.613121220190580e+00, 1.218983289816639e-02, 1.624641220352250e-12, 4.454361190195250e+01, -1.872798704288876e+01, -1.154510688552828e+05, 3.751659665486654e-04
2907, 5.792552256693252e-02, 4.945048248592070e-03, 3.131042201332096e-01, 2.366026852395538e-03, 3.126896766742582e-13, 1.952050669395957e+00, 1.461486324620041e+01, 1.104393643038175e+05, 1.890946112439600e+03
2908, 2.209526093214835e-02, 1.475198034811504e-03, 1.572397691562474e+00, 1.188209842490609e-02, 1.583706963203406e-12, 1.040329314927563e+01, -1.032903860007059e+01, -1.109323988708299e+05, 3.656950291581244e-04
2909, 4.569186153808308e-02, 9.923179840102049e-04, 1.558316610800212e-01, 1.177569227304963e-03, 1.569915420723510e-13, 3.173716288817819e+01, 1.377027485064040e+00, 1.389583044457145e+05, 4.184049715608593e+02
2910, 4.973809602768982e-02, 3.908133090198616e-03, 1.876129867135375e-01, 1.417730378188800e-03, 1.885095974862875e-13, 1.489085021171408e+01, 5.585815866662656e+00, 1.299497994354218e+05, 7.886356867859942e+02
2911, 3.093552123059427e-02, 2.777250787848788e-03, 1.540839395036443e+00, 1.164362263251811e-02, 1.551829101520891e-12, 4.253873557701299e+01, -1.050198121906011e+00, -1.090367439737708e+05, 3.583566502816736e-04
2912, 3.253622817736956e-02, 3.124512217184812e-03, 1.528540250662863e+00, 1.155068199493439e-02, 1.539448899868672e-12, 3.153784173227684e+01, 3.659512090822732e-01, -1.072975449037078e+05, 3.554968320345095e-04
2913, 5.610953801192514e-02, 1.337202651558545e-03, 9.969223570312750e-02, 7.533418315098288e-04, 1.004012191023824e-13, 1.045550706312278e+01, 1.211792793066470e+00, 1.490491610859072e+05, 3.610605058248783e+03
2914, 5.613245734721652e-02, 1.501678288821934e-03, 1.004766135375156e-01, 7.592691199309381e-04, 1.011607441006406e-13, 1.021205231916526e+01, 1.310379746173428e+00, 1.488333889647883e+05, 3.572655634815108e+03
2915, 2.496912262306060e-02, 3.147602811750296e-03, 1.581736962443768e+00, 1.195267226028120e-02, 1.593030583459772e-12, 3.548065344503217e+01, -8.165725509069494e+00, -1.130979930420516e+05, 3.678643755635152e-04
2916, 1.805646059512115e-02, 4.260895076159816e-03, 1.671078752061079e+00, 1.262779913396364e-02, 1.682979825028414e-12, 5.586002104890347e+01, -8.369131769187907e+00, -1.189207594035641e+05, 3.886457460980403e-04
2917, 5.733030583096146e-02, 3.756999515490455e-03, 1.362262175739252e-01, 1.029417261263899e-03, 1.371675278529945e-13, 5.721852887690153e+00, 3.912172354873446e+00, 1.410122686498199e+05, 2.716984848926290e+03
2918, 2.379361327623227e-02, 3.721365425856499e-03, 1.576119734414920e+00, 1.191022469331257e-02, 1.587380343195041e-12, 2.674337927867415e+01, -7.169597339433564e+00, -1.116785726737663e+05, 3.665598463729395e-04
2919, 1.887453933405108e-02, 4.827523517406317e-03, 1.643717805218311e+00, 1.242104134925755e-02, 1.655463377977062e-12, 4.405171170049924e+01, -1.090786970573030e+01, -1.163447334885060e+05, 3.822824925289250e-04
2920, 5.638907016849271e-02, 1.387771094234785e-03, 9.934998334161740e-02, 7.507555416243203e-04, 1.000847772927990e-13, 9.948635142585763e+00, 1.170692529271961e+00, 1.491407266795716e+05, 3.670839831070185e+03
2921, 4.045338502001908e-02, 3.405463807138296e-03, 2.975194146804609e-01, 2.248257541665608e-03, 3.000290380337645e-13, 2.884629073171973e+01, 7.369176003113091e+00, 1.150620603737199e+05, 1.211771135909426e+01
2922, 4.236435865445107e-02, 1.005705844134484e-03, 2.081839337245054e-01, 1.573178340487557e-03, 2.096790683502586e-13, 3.967350952849785e+01, 1.295622009450922e+00, 1.314019307095254e+05, 7.569861667798922e+01
2923, 5.180848452018377e-02, 4.171409567278891e-03, 1.990841234088725e-01, 1.504414030797506e-03, 2.006496932508000e-13, 1.117525731752291e+01, 6.762291392514692e+00, 1.279658571082689e+05, 1.146275451379457e+03
2924, 3.503948581389599e-02, 3.226075998375223e-03, 1.186269175161657e+00, 8.964250693919557e-03, 1.193397057305404e-12, -2.094027259836335e+01, -6.307041846612983e+00, -3.528777334364873e+04, 5.111561118420498e-04
2925, 1.644965297916830e-02, 4.131943668938389e-03, 1.707081432172177e+00, 1.289985968895937e-02, 1.719221312188875e-12, 1.985375595071730e+01, -1.127485203861717e+00, -1.200327434590489e+05, 3.970198182463927e-04
2926, 2.453521785653872e-02, 1.079265161045418e-03, 1.584593707690720e+00, 1.197425975585023e-02, 1.595841048702039e-12, 4.162551663911664e+01, -6.401067666744851e+00, -1.129860857701066e+05, 3.685282187370673e-04
2927, 4.625125696146555e-02, 9.815001118715575e-04, 1.495083590999876e-01, 1.129786088916878e-03, 1.505478009848757e-13, 3.027930503771539e+01, 1.298984683177640e+00, 1.399080005357261e+05, 5.264206835013623e+02
2928, 1.477555228409751e-02, 5.260308534233602e-03, 1.755353031751764e+00, 1.326463248175219e-02, 1.767855507153756e-12, 4.035377062858381e+01, -5.519249475659765e+00, -1.243338457495679e+05, 4.082461898723202e-04
2929, 1.947964862317762e-02, 3.669838067456638e-03, 1.616638948438512e+00, 1.221641522749612e-02, 1.627993068889537e-12, 3.269491618875164e+01, -1.051280217330957e+01, -1.144381232331600e+05, 3.759848831725148e-04
2930, 2.875740258210669e-02, 3.350273681278765e-03, 1.543582431449642e+00, 1.166435086737842e-02, 1.554700231191290e-12, 1.389429910090215e+01, -3.906079136575373e+00, -1.081128484042498e+05, 3.589951572974467e-04
2931, 4.446925889631034e-02, 1.869367321629064e-03, 1.719660968757639e-01, 1.299491915937841e-03, 1.732145349226307e-13, 3.061532709060335e+01, 2.442578262793085e+00, 1.359227913509670e+05, 2.450145330980363e+02
2932, 2.595865116419382e-02, 3.640270774723388e-03, 1.563166148460921e+00, 1.181233865335801e-02, 1.574286072164843e-12, 1.917089229220284e+01, -3.942711494379050e+00, -1.101162688252740e+05, 3.635476899178554e-04
2933, 2.222132917471366e-02, 4.245353197384592e-03, 1.577712790971611e+00, 1.192226290406851e-02, 1.588900782805204e-12, 2.143047825677917e+01, -6.546268532665426e+00, -1.111656639934120e+05, 3.669315010649069e-04
2934, 1.931500519275619e-02, 3.611133382008600e-03, 1.613212355513883e+00, 1.219052157819174e-02, 1.624450658934534e-12, 1.512533372898051e+01, -5.397305798752555e+00, -1.138202179154909e+05, 3.751884777231687e-04
2935, 1.354986081749685e-02, 4.257532984193821e-03, 1.769288250999048e+00, 1.336993640553517e-02, 1.781911443800339e-12, 1.904475162869894e+01, 1.641037778701090e+00, -1.245357963463373e+05, 4.114875743705009e-04
2936, 5.090062706443160e-02, 3.826506131259293e-03, 1.728907563973696e-01, 1.306479267486138e-03, 1.744797192692567e-13, 1.369679595985967e+01, 4.856438519278894e+00, 1.332121400340661e+05, 1.082342274359072e+03
2937, 1.766018284376938e-02, 5.027419524164828e-03, 1.681017360945622e+00, 1.270290197188218e-02, 1.692929346085191e-12, 4.363568114380252e+01, -8.495622817398260e+00, -1.191356589290211e+05, 3.909574113181764e-04
2938, 3.016425158486327e-02, 9.861806478592635e-04, 1.570718581619019e+00, 1.186940993666856e-02, 1.581923239179649e-12, 8.080769856161341e+01, -1.298876811469507e+00, -1.128075265407203e+05, 3.653048202094709e-04
2939, 2.474166816992842e-02, 3.846782217169462e-03, 1.565815046609891e+00, 1.183235551594469e-02, 1.576936432769400e-12, 1.789993897634574e+01, -4.068030362350538e+00, -1.103199350690422e+05, 3.641640863453227e-04
2940, 2.109680665723673e-02, 2.574468936950021e-03, 1.577959796176692e+00, 1.192412944214185e-02, 1.589400507940472e-12, 1.505631720801015e+01, -1.239393938122561e+01, -1.114738135568295e+05, 3.669890752358257e-04
2941, 5.199287726309962e-02, 9.622898504662962e-04, 1.110920493588178e-01, 8.394865190842555e-04, 1.119697839154686e-13, 1.845234802295903e+01, 1.023911950110895e+00, 1.465172331757357e+05, 2.282411562336343e+03
2942, 2.291515421769834e-02, 3.664505752447571e-03, 1.588131604202220e+00, 1.200099449019398e-02, 1.599418561382088e-12, 3.358274801263423e+01, -1.082472878179498e+01, -1.133250563751932e+05, 3.693530271094761e-04
2943, 3.655083000628424e-02, 1.321132495712837e-03, 6.208851580584521e-01, 4.691827390870170e-03, 6.253144897213304e-13, 4.309723014979811e+01, 2.649650396565067e+00, 6.273986409445394e+04, 1.287316032178413e-02
2944, 3.976058373181551e-02, 9.774660044503470e-04, 2.932972470169318e-01, 2.216351992571431e-03, 2.954185546337063e-13, 4.594393755762844e+01, 1.232576630767690e+00, 1.184316144334148e+05, 7.456909798209518e+00
2945, 1.619794390793626e-02, 5.259769098192636e-03, 1.720572850614869e+00, 1.300180995426943e-02, 1.732760302502151e-12, 3.831954365294946e+01, -6.496214253028727e+00, -1.218394391371860e+05, 4.001571460452548e-04
2946, 4.680630257291100e-02, 1.105376802376758e-03, 1.439022074851743e-01, 1.087422222809959e-03, 1.449180808496655e-13, 2.832304255555688e+01, 1.302398214086724e+00, 1.407207952081001e+05, 6.444474202364516e+02
2947, 3.842931653305655e-02, 1.218852954479419e-03, 3.703135755543860e-01, 2.798339361871996e-03, 3.730864124805818e-13, 4.669713812641393e+01, 1.203919380824150e+00, 1.059536666405384e+05, 1.309789902295201e+00
2948, 4.879825152066069e-02, 4.413663720020266e-03, 3.376256445879894e-01, 2.551327289075644e-03, 3.419609720440501e-13, 1.079452655614380e+01, 1.554947078695718e+01, 1.050751854290192e+05, 4.417423992352925e+02
2949, 5.241967039564160e-02, 2.502105608671101e-03, 1.206218568362257e-01, 9.115001776036610e-04, 1.216159254268200e-13, 1.400266993427006e+01, 2.486830094730627e+00, 1.439171385193973e+05, 2.067867875222179e+03
2950, 3.278911863187481e-02, 3.133470092017462e-03, 1.529059664304059e+00, 1.155460703504417e-02, 1.539990010686093e-12, 3.213785626872494e+01, -4.191770658548560e-01, -1.073291662728273e+05, 3.556201155240243e-04
2951, 1.816499926643913e-02, 4.248694160817206e-03, 1.668563016494948e+00, 1.260878853774604e-02, 1.680446067376441e-12, 5.707046134378089e+01, -8.366176544251431e+00, -1.188165319001831e+05, 3.880606236583403e-04
2952, 6.594313277128760e-02, 4.907037807347534e-03, 6.905331563952458e-01, 5.218134683086357e-03, 6.969088923785891e-13, 4.051765019653658e-01, 1.926993476096893e+01, 3.275852417859342e+04, 2.028493488809899e+02
2953, 2.059762692689653e-02, 3.112653503628430e-03, 1.591393798005372e+00, 1.202564582875693e-02, 1.602631290641460e-12, 2.672939217996208e+01, -1.620687722598881e+01, -1.129956490211946e+05, 3.701131933067257e-04
2954, 3.918653442478715e-02, 3.545498983212800e-03, 3.696800648790157e-01, 2.793552127547599e-03, 3.737335357138409e-13, 2.677776142822474e+01, 9.618728706741683e+00, 1.042997722735220e+05, 2.928120977506619e+00
2955, 4.195943885462548e-02, 1.472513556470393e-03, 2.172252617804595e-01, 1.641500718744031e-03, 2.188706299465030e-13, 3.873627104947698e+01, 1.970494803030751e+00, 1.298438118914608e+05, 5.864203067734940e+01
2956, 1.749234985718564e-02, 4.146853295952007e-03, 1.678198533597591e+00, 1.268160100955432e-02, 1.690225220901757e-12, 3.378045562008318e+01, -1.985049156472048e+00, -1.183920955173266e+05, 3.903021930695383e-04
2957, 3.923070027571936e-02, 1.414822944595104e-03, 3.180877175491503e-01, 2.403685523041692e-03, 3.203125170475896e-13, 4.462060942438114e+01, 1.633689944790569e+00, 1.146540374233599e+05, 4.401538806633408e+00
2958, 2.832207278592817e-02, 1.773797280502216e-03, 1.581299332936693e+00, 1.194936523629827e-02, 1.592611029165339e-12, 6.097585451241142e+01, -7.106363918796466e+00, -1.142015485383968e+05, 3.677680899070063e-04
2959, 2.941033074038648e-02, 1.122779267662825e-03, 1.576209512668969e+00, 1.191090311840621e-02, 1.587464020279284e-12, 7.565661430021164e+01, -3.457265117718646e+00, -1.134929228644493e+05, 3.665826560719377e-04
2960, 7.494298422621543e-02, 3.997553714844053e-03, 1.079286143558760e+00, 8.155814686842360e-03, 1.087294970328545e-12, -1.155612350567145e+01, 7.649096089932940e+00, -3.739818761643904e+04, 2.582072366346050e-04
2961, 4.807637490644202e-02, 1.429815771324615e-03, 1.345205674978156e-01, 1.016528217867651e-03, 1.355170681722618e-13, 2.444927495227679e+01, 1.631734395645719e+00, 1.419284827769080e+05, 9.367072287912330e+02
2962, 5.629786269295161e-02, 1.534447849502019e-03, 1.003452731951800e-01, 7.582766236411855e-04, 1.010733568920031e-13, 9.875223527417216e+00, 1.298143755448288e+00, 1.489092678246759e+05, 3.607416115932588e+03
2963, 2.547685481796048e-02, 3.734962815902086e-03, 1.563661525142950e+00, 1.181608205397792e-02, 1.574748098424555e-12, 1.773896125757019e+01, -3.799931422280225e+00, -1.101541580410877e+05, 3.636631048609805e-04
2964, 2.326398092029774e-02, 4.066547951865630e-03, 1.571037988572952e+00, 1.187182359123216e-02, 1.582303570235942e-12, 1.999667631174449e+01, -4.987765030685916e+00, -1.106228569316863e+05, 3.653789485999393e-04
2965, 1.327697039445860e-02, 4.267855036466005e-03, 1.776966798464379e+00, 1.342796069368636e-02, 1.789584646758977e-12, 1.895047202431888e+01, -2.094512658267801e-01, -1.251814147497946e+05, 4.132733815279152e-04
2966, 4.343743121560753e-02, 1.504876593567569e-03, 1.870247330803280e-01, 1.413285136627351e-03, 1.883051406997797e-13, 3.485335918838679e+01, 2.043944663155858e+00, 1.342139573291399e+05, 1.463691346227305e+02
2967, 3.395141053350628e-02, 1.609621076764814e-03, 1.559421671651019e+00, 1.178404285882470e-02, 1.570572378957452e-12, 6.381706655737127e+01, 1.613794886178709e+00, -1.126628303932933e+05, 3.626926621884602e-04
2968, 4.648371270867525e-02, 2.138886990579180e-03, 1.512642757782631e-01, 1.143054980692582e-03, 1.520562702224559e-13, 2.529982347162462e+01, 2.661610349101430e+00, 1.385772765716366e+05, 5.318569721462142e+02
2969, 2.842521632948020e-02, 1.405801018931990e-03, 1.582166595005491e+00, 1.195591885394667e-02, 1.593455693271817e-12, 6.649258164678093e+01, -5.830916505529776e+00, -1.142350496516051e+05, 3.679707596511692e-04
2970, 4.471663654281451e-02, 3.351997904394151e-03, 2.000504517146837e-01, 1.511716259808542e-03, 2.016199978091026e-13, 2.360936089271459e+01, 6.067525775047013e+00, 1.295722936744708e+05, 1.853602247550656e+02
2971, 2.188999091010469e-02, 2.074673350288737e-03, 1.580921402906564e+00, 1.194650934186392e-02, 1.592304294570518e-12, 2.033370352224093e+01, -1.591068561837434e+01, -1.120865417599327e+05, 3.676767537795124e-04
2972, 5.889634212223675e-02, 4.646933668028889e-03, 2.082818516336322e-01, 1.573918274313982e-03, 2.065739048156168e-13, 3.176760219639881e+00, 7.555130549766741e+00, 1.278068311201086e+05, 2.159322577292957e+03
2973, 3.056406993846519e-02, 1.691937819337409e-03, 1.568668227002072e+00, 1.185391607306433e-02, 1.579933589210952e-12, 6.768567074385098e+01, -8.178061061992073e-01, -1.134007539071981e+05, 3.648280810173666e-04
2974, 2.845364783592616e-02, 2.582983790068084e-03, 1.570067948007669e+00, 1.186449330988240e-02, 1.581360648761907e-12, 5.075558038334763e+01, -9.464009469089598e+00, -1.123063386061060e+05, 3.651573213571271e-04
2975, 6.760689568245788e-02, 4.010642831609736e-03, 6.984623189606793e-01, 5.278052788115327e-03, 7.044423357221565e-13, -2.656954435396438e+00, 1.514419983323164e+01, 3.391622138000528e+04, 4.124026768702295e+01
2976, 2.155634149663409e-02, 2.624325731231715e-03, 1.592958444855805e+00, 1.203746935659372e-02, 1.604407767357248e-12, 3.025080897446912e+01, -1.999377563452897e+01, -1.138773323887328e+05, 3.704759642750685e-04
2977, 2.592751606023770e-02, 1.584478681130868e-03, 1.592550390935495e+00, 1.203438582570989e-02, 1.603912590890588e-12, 5.123785122822279e+01, -6.269771994367269e+00, -1.151779020576906e+05, 3.703767407602507e-04
2978, 3.199604546675805e-02, 1.473091931631735e-03, 1.567122472227673e+00, 1.184223530650723e-02, 1.578322069648690e-12, 6.884192169201847e+01, 5.988195885328661e-01, -1.134530586370954e+05, 3.644674276318623e-04
2979, 7.325075324969782e-02, 1.343619191929207e-03, 9.942219157461526e-01, 7.513011957779890e-03, 1.001545243103049e-12, -2.093379805429857e+01, 7.970874484157549e-01, -2.339056504529517e+04, 2.577498292759169e-04
2980, 2.016242554050052e-02, 3.342587119871774e-03, 1.598944684700280e+00, 1.208270542594731e-02, 1.610507926635205e-12, 2.990250277639729e+01, -1.484307173812066e+01, -1.131845676817946e+05, 3.718695381303896e-04
2981, 3.801926634660253e-02, 1.492815011352290e-03, 4.091235398835150e-01, 3.091613651512733e-03, 4.122291173880039e-13, 4.599111721689979e+01, 1.486685807508778e+00, 9.936720677710111e+04, 6.314178409794672e-01
2982, 2.777625486107501e-02, 1.081447056651631e-03, 1.581290523520296e+00, 1.194929866640116e-02, 1.592543720891117e-12, 6.509728562774863e+01, -3.820088503528371e+00, -1.136481675976823e+05, 3.677642189418541e-04
2983, 5.262781968360644e-02, 1.484093840714727e-03, 1.105030054040988e-01, 8.350353053206861e-04, 1.113458333018645e-13, 1.601066983164191e+01, 1.359315056503788e+00, 1.463730351854506e+05, 2.432949122613842e+03
2984, 2.149836310528364e-02, 4.111880327046993e-03, 1.595077209265804e+00, 1.205348017077525e-02, 1.606378992543020e-12, 3.608694301403354e+01, -1.273001681753312e+01, -1.135145646559653e+05, 3.709692521471217e-04
2985, 5.431008775487860e-02, 4.687640263900472e-03, 3.037262012666903e-01, 2.295160211084780e-03, 3.048078021425580e-13, 6.786018733773572e+00, 1.387536902817932e+01, 1.109908719367408e+05, 1.436833458682215e+03
2986, 3.396175839642641e-02, 1.096222751373375e-03, 1.563603931649326e+00, 1.181564683866081e-02, 1.574762531793326e-12, 7.379308877529417e+01, 2.765728089628228e+00, -1.129198630891960e+05, 3.636489549280874e-04
2987, 7.222721138534784e-02, 4.139613497458392e-03, 9.530141790419542e-01, 7.201618481426222e-03, 9.596423428171086e-13, -9.058969791930203e+00, 1.209183097125223e+01, -1.424795069286439e+04, 1.198544151750938e-03
2988, 5.164333974856499e-02, 9.449063376088633e-04, 1.125790018762445e-01, 8.507229360925317e-04, 1.134571837609343e-13, 1.921655176054471e+01, 1.033542850856900e+00, 1.462048245135736e+05, 2.151384533153317e+03
2989, 5.027472921306386e-02, 3.731298347680131e-03, 1.690602989497280e-01, 1.277533745212049e-03, 1.704214506109732e-13, 1.476745382902007e+01, 4.532872711680848e+00, 1.337176209278022e+05, 9.722049305531735e+02
2990, 5.589305249553614e-02, 2.334414289331244e-03, 1.077711979536001e-01, 8.143919240828373e-04, 1.084126402788924e-13, 9.255253580807521e+00, 2.090767652891866e+00, 1.470835911111552e+05, 3.214003024078704e+03
2991, 3.742014346075975e-02, 1.688248612318456e-03, 4.788842775712466e-01, 3.618772878373293e-03, 4.816284357443430e-13, 4.416469594210516e+01, 2.471119200603153e+00, 8.766489821732548e+04, 1.792245705096535e-01
2992, 7.093190387314083e-02, 1.541611845113670e-03, 8.567746222365330e-01, 6.474367422442642e-03, 8.630760141208456e-13, -1.548014765982910e+01, 1.323716205088983e+00, 2.040677800098860e+03, 1.326969986577376e-02
2993, 2.048422451530510e-02, 3.182979827186444e-03, 1.593316083978318e+00, 1.204017191923257e-02, 1.604584643535528e-12, 2.763113780546626e+01, -1.521812392422755e+01, -1.130405564329697e+05, 3.705603083426956e-04
2994, 1.986952465351388e-02, 3.780873905658694e-03, 1.628136287637209e+00, 1.230329688390922e-02, 1.639727896354851e-12, 5.195170096059726e+01, -1.904811959008160e+01, -1.170045528530235e+05, 3.786580051276320e-04
2995, 5.718021201408718e-02, 4.406724010525179e-03, 1.829613263744772e-01, 1.382579292504919e-03, 1.823444289677804e-13, 5.173144935996977e+00, 5.915704241247926e+00, 1.321089416803656e+05, 2.256495755647366e+03
2996, 2.089335609061569e-02, 3.144632941192875e-03, 1.602227918153802e+00, 1.210751575431165e-02, 1.613683079782174e-12, 3.778492104796768e+01, -2.065010926122164e+01, -1.148089084011739e+05, 3.726321590315282e-04
2997, 3.437075201411414e-02, 1.025261599112016e-03, 1.562958733358438e+00, 1.181077128482547e-02, 1.574043379297711e-12, 7.306480145066894e+01, 4.536722381222127e+00, -1.126128867143617e+05, 3.635008970178587e-04
2998, 3.994208016810966e-02, 3.248502626240924e-03, 3.031726699425922e-01, 2.290977354729537e-03, 3.057592010187688e-13, 3.211534818327635e+01, 6.699735254024549e+00, 1.151258483363704e+05, 8.553394634224185e+00
2999, 5.634012183417651e-02, 1.758563863859896e-03, 1.016470287737115e-01, 7.681135675595659e-04, 1.023788394761489e-13, 9.400123089595755e+00, 1.483772772470432e+00, 1.485426480029028e+05, 3.547922205394061e+03
3000, 5.431137923582996e-02, 1.709473037230698e-03, 1.065853816069613e-01, 8.054310952665102e-04, 1.075525394471125e-13, 1.261599178906105e+01, 1.609651714019442e+00, 1.472504370331283e+05, 2.958934763291324e+03
3001, 1.909471879219485e-02, 4.043369292459300e-03, 1.643613686830392e+00, 1.242025456043194e-02, 1.655367075079546e-12, 5.541782345972263e+01, -1.691568379378586e+01, -1.176708306871960e+05, 3.822578540556884e-04
3002, 1.545850902210637e-02, 5.404514728424391e-03, 1.738429151306833e+00, 1.313674421642528e-02, 1.750800495050540e-12, 3.506138906281362e+01, -5.829135071867969e+00, -1.227368234717203e+05, 4.043102646013828e-04
3003, 5.285784362556221e-02, 1.457477857474712e-03, 1.095161095005824e-01, 8.275776536568061e-04, 1.103744614926312e-13, 1.561080986439601e+01, 1.341479735596731e+00, 1.466003863110420e+05, 2.520744612335636e+03
3004, 5.624294182398244e-02, 9.830036594087300e-04, 9.799784456611256e-02, 7.405378682577639e-04, 9.874139079428638e-14, 1.074914314156711e+01, 8.877669806044174e-01, 1.495425975328811e+05, 3.725359490181676e+03
3005, 1.471254694728482e-02, 4.208506594291218e-03, 1.750421283392985e+00, 1.322736486191236e-02, 1.763040114449556e-12, 1.958679097701710e+01, 8.032067354783503e-01, -1.231859449501404e+05, 4.070995831617221e-04
3006, 4.968889907812665e-02, 1.950256971764508e-03, 1.274084131517270e-01, 9.627839784765708e-04, 1.283610737593467e-13, 1.986787840109033e+01, 2.140938246464934e+00, 1.428129726097723e+05, 1.337397079873008e+03
3007, 3.866053810902954e-02, 3.093267548477515e-03, 3.560956786374305e-01, 2.690899334791680e-03, 3.588450733361194e-13, 3.517398454413509e+01, 5.123260671463221e+00, 1.078674958644021e+05, 2.210054195625468e+00
3008, 2.533089912010618e-02, 1.432535802251171e-03, 1.591932119864611e+00, 1.202971375212640e-02, 1.603281338242834e-12, 4.807105422992995e+01, -6.212184914593537e+00, -1.147181748733542e+05, 3.702335585691093e-04
3009, 2.826025724360719e-02, 1.479858423717108e-03, 1.582661754190229e+00, 1.195966061101018e-02, 1.593948455867867e-12, 6.418720270992236e+01, -5.796617336049366e+00, -1.143144946545645e+05, 3.680868744722083e-04
3010, 2.702910295851745e-02, 2.907455774454908e-03, 1.572460529619311e+00, 1.188257327168325e-02, 1.583736406373715e-12, 4.067379889819566e+01, -6.784188214491630e+00, -1.122010260677167e+05, 3.657062246145701e-04
3011, 1.683744417565489e-02, 5.139257555332113e-03, 1.705205216591884e+00, 1.288568173747099e-02, 1.717351248701935e-12, 4.362226744536249e+01, -7.271318957189143e+00, -1.210039454604240e+05, 3.965828910933403e-04
3012, 5.360288894627188e-02, 1.494023146176621e-03, 1.074440986176727e-01, 8.119201406875550e-04, 1.083981752935619e-13, 1.427889601627439e+01, 1.511868371164265e+00, 1.471221352525851e+05, 2.769477881096137e+03
3013, 1.931214686236480e-02, 4.066856594724985e-03, 1.642646252823568e+00, 1.241294397599767e-02, 1.654261737541929e-12, 5.725748830400634e+01, -1.800551338283518e+01, -1.180901405183521e+05, 3.820326593413548e-04
3014, 5.803743920589950e-02, 1.155894041511845e-03, 9.589323574455880e-02, 7.246340232585782e-04, 9.663358597149294e-14, 7.526215683523115e+00, 1.139527667295144e+00, 1.499499493052257e+05, 4.011268197458920e+03
3015, 5.493095558982287e-02, 4.241360728921385e-03, 1.817530778515737e-01, 1.373448951019164e-03, 1.832708278464942e-13, 7.209646775405335e+00, 6.142996334507779e+00, 1.321800017475491e+05, 1.895271698686088e+03
3016, 4.207687713399111e-02, 1.376949969460652e-03, 2.143195610882634e-01, 1.619543282782872e-03, 2.159236847406036e-13, 3.891726821137269e+01, 1.763029059572244e+00, 1.302670778830734e+05, 6.340831159204913e+01
3017, 5.571490308152992e-02, 1.348693639442852e-03, 1.006889939062999e-01, 7.608740093674664e-04, 1.014718098786598e-13, 1.103966485504556e+01, 1.329208957194653e+00, 1.487490134509402e+05, 3.495196426667305e+03
3018, 2.009852979336693e-02, 3.795163706047527e-03, 1.627181730060587e+00, 1.229608360247390e-02, 1.638682519886790e-12, 5.260064749366347e+01, -1.986328240138304e+01, -1.173268599445232e+05, 3.784357858432282e-04
3019, 4.863401307673301e-02, 3.629313122184780e-03, 1.756920626951749e-01, 1.327647828931176e-03, 1.767952155489145e-13, 1.711155725762084e+01, 5.088741755690848e+00, 1.325296234791131e+05, 6.660841106316542e+02
3020, 3.146896427614240e-02, 1.690364588365545e-03, 1.565806000895082e+00, 1.183228716041716e-02, 1.576956182988246e-12, 6.394653728670664e+01, 3.524985759696151e-01, -1.132735073871435e+05, 3.641617569580035e-04
3021, 5.808654529255722e-02, 1.073959234309921e-03, 9.552373751710712e-02, 7.218418452173877e-04, 9.625728449970025e-14, 7.521301088516999e+00, 1.047232282659377e+00, 1.500328538805153e+05, 4.033590643004087e+03
3022, 2.754728541551434e-02, 2.837388920003591e-03, 1.569097950223551e+00, 1.185716335181605e-02, 1.580346846699446e-12, 4.258321592275622e+01, -6.921540680216408e+00, -1.118330627425775e+05, 3.649240604265504e-04
3023, 4.008176173626628e-02, 1.842307060433434e-03, 2.763360460658517e-01, 2.088181708306346e-03, 2.783290799061814e-13, 4.131359034510930e+01, 2.280742166770731e+00, 1.208451469392407e+05, 1.254994347956748e+01
3024, 2.787393661948641e-02, 1.472035994322142e-03, 1.584961493729556e+00, 1.197703899543835e-02, 1.596256145997704e-12, 6.171277440336957e+01, -5.453344925706184e+00, -1.145579848025562e+05, 3.686230963382205e-04
3025, 5.850984854048505e-02, 4.193505693890902e-03, 1.583440056747110e-01, 1.196554199054616e-03, 1.584050676462285e-13, 4.239843269439838e+00, 5.050560187216600e+00, 1.367659056454703e+05, 2.507694823712920e+03
3026, 1.765397779648690e-02, 4.150131592975431e-03, 1.673562473661004e+00, 1.264656781104108e-02, 1.685540126333084e-12, 3.682374683752568e+01, -3.188592014091162e+00, -1.181869306829625e+05, 3.892239033790254e-04
3027, 3.569641722469529e-02, 1.832995962546055e-03, 1.025578179528123e+00, 7.749961054370437e-03, 1.032065508394790e-12, 2.417596459856129e+01, 6.125923988454046e+00, -9.766277062685120e+03, 3.040001145957438e-04
3028, 3.647753770029530e-02, 1.731325108209476e-03, 6.653665899340023e-01, 5.027959117889507e-03, 6.700539090057042e-13, 4.095597371838053e+01, 2.526850681859266e+00, 5.419182958587458e+04, 9.266104696183599e-03
3029, 3.778954641514812e-02, 1.241875375636117e-03, 4.303107330127298e-01, 3.251718385487259e-03, 4.331301181571087e-13, 4.732099888041033e+01, 1.393933816080321e+00, 9.590690393774243e+04, 3.614223618373623e-01
3030, 3.133274137009535e-02, 1.316924947128843e-03, 1.569418100912562e+00, 1.185958262654416e-02, 1.580636639828671e-12, 7.362481849470353e+01, 8.152757101748152e-02, -1.134284491297654e+05, 3.650017396050750e-04
3031, 2.781463421758356e-02, 3.159025935192521e-03, 1.557649006649864e+00, 1.177064740541548e-02, 1.568768143677081e-12, 3.180489710999868e+01, -5.749789005624511e+00, -1.099491918934416e+05, 3.622632158324410e-04
3032, 2.782409265733367e-02, 2.934452462745105e-03, 1.563971630912530e+00, 1.181842542251364e-02, 1.575180855163677e-12, 4.020857744908407e+01, -7.419609211955736e+00, -1.109727034648172e+05, 3.637325149910646e-04
3033, 4.761126540745290e-02, 1.331343139867139e-03, 1.378206694744586e-01, 1.041466016179840e-03, 1.388241362542282e-13, 2.575829508268793e+01, 1.589980193335087e+00, 1.415125471891158e+05, 8.190504846505863e+02
3034, 1.120861764317312e-01, 7.733496025914983e-04, 1.382822947704715e+00, 1.044954368542642e-02, 1.392980738343997e-12, -4.905581846763472e+00, 3.824005674863019e-04, -9.430767050335206e+04, 3.324577610520791e-04
3035, 1.081346153845923e-01, 8.549225139922057e-04, 1.382828355863224e+00, 1.044958455312301e-02, 1.392986066899891e-12, -4.911836689957522e+00, -2.727658313055306e-03, -9.430767256501381e+04, 3.324696409628745e-04
3036, 1.042506587869542e-01, 9.633680927276255e-04, 1.382842157351943e+00, 1.044968884648868e-02, 1.392999907888180e-12, -4.967657227390973e+00, -1.706786836199714e-02, -9.430689091157740e+04, 3.324866531134988e-04
3037, 1.002371794871314e-01, 8.549225139915447e-04, 1.382892118444955e+00, 1.045006638623438e-02, 1.393050079938623e-12, -5.216893226723697e+00, -6.584983136248763e-02, -9.430500390841052e+04, 3.325107219176065e-04
3038, 9.632021812770949e-02, 8.522019269575836e-04, 1.382986413238054e+00, 1.045077894134600e-02, 1.393145231159054e-12, -6.056507983470478e+00, -2.006260116173602e-01, -9.429660531302453e+04, 3.325401031601502e-04
3039, 9.234002458949311e-02, 8.094052853248332e-04, 1.383092702723967e+00, 1.045158213645367e-02, 1.393252810136146e-12, -8.331107930422382e+00, -4.957724335728620e-01, -9.426256905990101e+04, 3.325617654121639e-04
3040, 8.935006600877578e-02, 7.723238598080073e-04, 1.383057672581643e+00, 1.045131742505074e-02, 1.393217083638420e-12, -1.206748808534891e+01, -8.986653098016757e-01, -9.419927330876599e+04, 3.325608053832543e-04
3041, 1.101062969446179e-01, 1.015685500445329e-02, 1.382837537052165e+00, 1.044965393238448e-02, 1.392995216069611e-12, -4.932389690119590e+00, -4.511912591581613e-03, -9.431060503865351e+04, 3.324547144878163e-04
3042, 1.060704088831299e-01, 1.002899311941954e-02, 1.382836380816692e+00, 1.044964519508877e-02, 1.392994047849191e-12, -4.939272719890969e+00, -2.829725736724539e-02, -9.430996649681362e+04, 3.324656838450237e-04
3043, 1.019999999999538e-01, 1.013397459621392e-02, 1.382837842673690e+00, 1.044965624186714e-02, 1.392995646675202e-12, -4.943093536030036e+00, -1.109332820778561e-01, -9.430789556367316e+04, 3.324774881350022e-04
3044, 9.793244716924179e-02, 1.020553700877268e-02, 1.382851359894060e+00, 1.044975838710928e-02, 1.393008885002583e-12, -4.890185764082562e+00, -3.113576621086924e-01, -9.430327132771787e+04, 3.324908960973077e-04
3045, 9.396951039768089e-02, 1.019197262902518e-02, 1.382897256633475e+00, 1.045010521385553e-02, 1.393056575945857e-12, -4.571224538118231e+00, -6.844808606826850e-01, -9.429018171813911e+04, 3.324994555522285e-04
3046, 9.099999999998415e-02, 1.013397459622097e-02, 1.382882770023638e+00, 1.044999574325225e-02, 1.393046519100775e-12, -3.836199823507550e+00, -9.667068554766287e-01, -9.426431073126214e+04, 3.323020976283161e-04
3047, 1.130184008775200e-01, 1.011080465903781e-02, 1.382838335210267e+00, 1.044965996380589e-02, 1.392996024668264e-12, -4.928540649574630e+00, 1.048674282572532e-03, -9.431076208278527e+04, 3.324487998872972e-04
3048, 1.176919182943297e-01, 5.495001751034272e-03, 1.382830464194477e+00, 1.044960048509711e-02, 1.392988233013628e-12, -4.920585115080845e+00, 5.648512127900823e-03, -9.430939907146688e+04, 3.324432105399055e-04
3049, 8.517774750254378e-02, 7.424771415262483e-03, 1.397969170927676e+00, 1.056399877275369e-02, 1.408271866876576e-12, -3.715106857085142e+00, -1.713596298608496e+00, -9.717188618248553e+04, 3.289711480611894e-04
3050, 8.636898482180429e-02, 7.354073827888948e-04, 1.382591447738120e+00, 1.044779431540197e-02, 1.392746549646395e-12, -1.856043699188609e+01, -1.451807768875461e+00, -9.408127885678550e+04, 3.324071101543514e-04
3051, 1.150104437111432e-01, 7.296455822032531e-04, 1.382819946262348e+00, 1.044952100450170e-02, 1.392977765025175e-12, -4.909033970897501e+00, 8.773272651279061e-04, -9.430744172563819e+04, 3.324490130675892e-04
3052, 8.356455314196226e-02, 5.867534073983125e-03, 1.394995719514822e+00, 1.054152936661129e-02, 1.405265720193519e-12, -7.642497872831690e+00, -2.492190129275299e+00, -9.680019303512339e+04, 3.285859787092140e-04
3053, 8.344487286369898e-02, 8.201083709612288e-04, 1.380322110061354e+00, 1.043064566797049e-02, 1.390461095192152e-12, -2.730736768204326e+01, -1.583546297625481e+00, -9.392421277172747e+04, 3.317053765890157e-04
3054, 8.794307140997022e-02, 1.014204279322085e-02, 1.385472186522988e+00, 1.046956312234044e-02, 1.395697674194779e-12, -2.677412833168920e+00, -1.793302027726310e-01, -9.462672746399906e+04, 3.303797782018032e-04
3055, 8.087490437616977e-02, 3.073351220211028e-03, 1.378873217134829e+00, 1.041969685492367e-02, 1.389049254592924e-12, -2.338147289566546e+01, -1.127348147262225e+00, -9.554283042271400e+04, 3.294228871539252e-04
3056, 1.177187054326942e-01, 3.527727350224173e-03, 1.382824655656151e+00, 1.044955659186041e-02, 1.392982503419983e-12, -4.917635375868055e+00, 4.432338695203260e-03, -9.430837235656338e+04, 3.324423690025903e-04
3057, 1.039964856342640e-01, 1.013600361619590e-02, 1.382836281703431e+00, 1.044964444612208e-02, 1.392994019098451e-12, -4.943720641431184e+00, -5.834959638040700e-02, -9.430912188060819e+04, 3.324716091123646e-04
3058, 9.999999999995625e-02, 1.013397459621659e-02, 1.382844427474378e+00, 1.044970600106631e-02, 1.393002260425831e-12, -4.931969023387914e+00, -1.937431237131732e-01, -9.430624039007163e+04, 3.324843751910335e-04
3059, 1.149999999999866e-01, 1.013397459621392e-02, 1.382838953038256e+00, 1.044966463253125e-02, 1.392996648744054e-12, -4.928039072748903e+00, 2.988535611260920e-03, -9.431084942600716e+04, 3.324429210870119e-04
3060, 1.175341457622870e-01, 7.595041248607583e-03, 1.382836097742461e+00, 1.044964305598866e-02, 1.392993836604561e-12, -4.924526310327642e+00, 5.940015760673299e-03, -9.431039609511559e+04, 3.324417972540872e-04
3061, 1.079999999999701e-01, 1.013397459621613e-02, 1.382836760891200e+00, 1.044964806718831e-02, 1.392994432571149e-12, -4.936356338305629e+00, -1.258865110214509e-02, -9.431036713171707e+04, 3.324602692563505e-04
3062, 9.605551199913513e-02, 1.012795743871529e-02, 1.382873056695682e+00, 1.044992234278906e-02, 1.393031303400375e-12, -4.783514337549335e+00, -4.705871516799053e-01, -9.429927195580748e+04, 3.324994955052453e-04
3063, 1.022115384614942e-01, 8.549225139930591e-04, 1.382864027304457e+00, 1.044985411061350e-02, 1.393021828305114e-12, -5.051149218507231e+00, -3.504793027501733e-02, -9.430651293232948e+04, 3.324981061838874e-04
3064, 1.062123605566844e-01, 9.730513173827078e-04, 1.382834357154284e+00, 1.044962990292953e-02, 1.392992077173431e-12, -4.928461544795889e+00, -8.388579049535395e-03, -9.430757599873439e+04, 3.324783885527478e-04
3065, 1.101089743589518e-01, 8.549225139928127e-04, 1.382825465049217e+00, 1.044956270818085e-02, 1.392983221995281e-12, -4.906121626775898e+00, -6.538578586072101e-04, -9.430777962417716e+04, 3.324567046762463e-04
3066, 9.433718089922143e-02, 8.497794489731427e-04, 1.383030555561982e+00, 1.045111251054447e-02, 1.393189991591966e-12, -6.929803331716240e+00, -3.174129382215922e-01, -9.428328491083626e+04, 3.325551688858650e-04
3067, 9.826282051277363e-02, 8.549225139899523e-04, 1.382932648011762e+00, 1.045037265500120e-02, 1.393090901463049e-12, -5.522461924148256e+00, -1.184227975834068e-01, -9.430188544919185e+04, 3.325248168334979e-04
3068, 8.619719541906623e-02, 9.354393543693378e-03, 1.398401118580983e+00, 1.056726286081393e-02, 1.408713745706009e-12, -2.109881476376903e+00, -4.196917583638685e-01, -9.723914616566918e+04, 3.291166900726865e-04
3069, 8.145855081198695e-02, 9.108659936853299e-04, 1.380063743761955e+00, 1.042869327779869e-02, 1.390218533773749e-12, -3.177315163198244e+01, -1.154109071287297e+00, -9.443224682981741e+04, 3.314073445067345e-04
3070, 1.176339745962135e-01, 1.500000000003555e-03, 1.382819484278643e+00, 1.044951751344095e-02, 1.392977377677819e-12, -4.914780399219381e+00, 2.409875069471712e-03, -9.430749738416642e+04, 3.324422886622620e-04
3071, 1.169613248654023e-01, 1.015630369558302e-02, 1.382839257934344e+00, 1.044966693653191e-02, 1.392996946354064e-12, -4.928282565705833e+00, 4.830463841233286e-03, -9.431088843900421e+04, 3.324374620998130e-04
3072, 8.167933917963616e-02, 4.766060701070335e-03, 1.388223112603555e+00, 1.049035097685363e-02, 1.398426811016722e-12, -1.401763938334537e+01, -1.505964293975873e+00, -9.632683661512913e+04, 3.280673968891594e-04
3073, 8.570382557871656e-02, 8.308725377379082e-03, 1.398746414373988e+00, 1.056987214892226e-02, 1.409073217970002e-12, -2.706874227427888e+00, -9.952844874951409e-01, -9.728591820625518e+04, 3.290488419772330e-04
3074, 8.620516615607055e-02, 7.424426770627677e-03, 1.390140973005011e+00, 1.050484362472352e-02, 1.400369796942781e-12, -4.811889335504484e+00, -2.335746758259383e+00, -9.546320821859305e+04, 3.299388956903066e-04
3075, 8.567621241983182e-02, 6.550423291457857e-03, 1.389023046884802e+00, 1.049639582028873e-02, 1.399222085157451e-12, -6.756809860974478e+00, -3.241939247698514e+00, -9.527210494229409e+04, 3.300397496643228e-04
3076, 8.671832398229277e-02, 6.571339089613653e-03, 1.384574567188489e+00, 1.046278010469946e-02, 1.394741974128041e-12, -6.721547591679580e+00, -3.450956208797614e+00, -9.439251255435937e+04, 3.307392384530162e-04
3077, 8.624030161352980e-02, 5.690840135805102e-03, 1.383667001167250e+00, 1.045592192317880e-02, 1.393828171007122e-12, -9.190897719208127e+00, -4.180218281897885e+00, -9.425722327112578e+04, 3.308857069356156e-04
3078, 8.724557543603269e-02, 5.722518731872922e-03, 1.382658209398107e+00, 1.044829881157319e-02, 1.392810405230256e-12, -8.453982223556366e+00, -3.926541397132248e+00, -9.411389739233654e+04, 3.315034471421138e-04
3079, 8.771779657395860e-02, 6.599464262786785e-03, 1.382921317266190e+00, 1.045028703223880e-02, 1.393071004129824e-12, -6.453305483026723e+00, -3.304600007411824e+00, -9.415029718701055e+04, 3.314177504782356e-04
3080, 8.824591951721546e-02, 5.754423109912993e-03, 1.382638991729230e+00, 1.044815358989401e-02, 1.392792214105674e-12, -7.854535616264007e+00, -3.467610006561840e+00, -9.415898983199681e+04, 3.319901737455174e-04
3081, 8.871723535251294e-02, 6.636287598064595e-03, 1.382734168674582e+00, 1.044887281114352e-02, 1.392887084012833e-12, -6.270062656009990e+00, -2.961900522882660e+00, -9.417849839820062e+04, 3.319612267671908e-04
3082, 8.924551846105462e-02, 5.787862997963282e-03, 1.382825447117861e+00, 1.044956257267963e-02, 1.392982087025841e-12, -7.387335151299753e+00, -2.955715392745857e+00, -9.421878761817983e+04, 3.322890958584278e-04
3083, 8.777493905304350e-02, 4.873110533199235e-03, 1.382502449928899e+00, 1.044712178787639e-02, 1.392655561261151e-12, -9.831156514196470e+00, -3.771185845845468e+00, -9.414016415038912e+04, 3.320406294984484e-04
3084, 8.971709927486436e-02, 6.658239284582451e-03, 1.382888567106858e+00, 1.045003954992646e-02, 1.393046433070174e-12, -6.139212610527329e+00, -2.561973823077566e+00, -9.423677937667489e+04, 3.322892190926294e-04
3085, 9.024506527082844e-02, 5.819077754251418e-03, 1.382945562178050e+00, 1.045047024315964e-02, 1.393104093446299e-12, -6.989999066786910e+00, -2.491032754016106e+00, -9.425251407036849e+04, 3.324403825455905e-04
3086, 9.076926261712473e-02, 6.665236455163007e-03, 1.382997871288123e+00, 1.045086552610730e-02, 1.393157253894997e-12, -5.995215960481503e+00, -2.195409784364254e+00, -9.426877403022013e+04, 3.324519529271501e-04
3087, 9.125115890872093e-02, 5.838167745757335e-03, 1.382988778799086e+00, 1.045079681712212e-02, 1.393147795418575e-12, -6.611108887104880e+00, -2.088645211522033e+00, -9.426871347584609e+04, 3.325056366610051e-04
3088, 9.077441887193534e-02, 4.969054202155676e-03, 1.382937812530435e+00, 1.045041168159076e-02, 1.393096206402023e-12, -7.567944323293504e+00, -2.230464882058250e+00, -9.425282067927581e+04, 3.325023688469022e-04
3089, 9.177405305666415e-02, 5.001870012463650e-03, 1.382951374351449e+00, 1.045051416386541e-02, 1.393109924397977e-12, -7.020582090112921e+00, -1.837094247289618e+00, -9.426504518850257e+04, 3.325230919373131e-04
3090, 9.224576910286360e-02, 5.868254735967768e-03, 1.382986040056887e+00, 1.045077612133724e-02, 1.393144948288970e-12, -6.258005255041810e+00, -1.721907878613123e+00, -9.427734068544624e+04, 3.325273345766303e-04
3091, 9.277273123184533e-02, 5.034337321888253e-03, 1.382954022735436e+00, 1.045053417684264e-02, 1.393112620686447e-12, -6.559362433533409e+00, -1.498633214822824e+00, -9.427564502594038e+04, 3.325307425608211e-04
3092, 9.324377223410586e-02, 5.916294726316150e-03, 1.382973657933059e+00, 1.045068255365088e-02, 1.393132409025476e-12, -5.956280511359782e+00, -1.400959897902532e+00, -9.428464479857794e+04, 3.325328851940626e-04
3093, 9.377181556163983e-02, 5.069738714479686e-03, 1.382951821845203e+00, 1.045051754543029e-02, 1.393110442560043e-12, -6.183077388614937e+00, -1.209354492756890e+00, -9.428456893230701e+04, 3.325323262967515e-04
3094, 9.424292425634924e-02, 5.952185132783712e-03, 1.382957887238410e+00, 1.045056337963589e-02, 1.393116585326805e-12, -5.717946719388466e+00, -1.126588764348007e+00, -9.429085089026147e+04, 3.325315266679448e-04
3095, 9.477115906571716e-02, 5.103604190301028e-03, 1.382942713077937e+00, 1.045044871343583e-02, 1.393101303811511e-12, -5.884702416430367e+00, -9.673563436584374e-01, -9.429121993678701e+04, 3.325298418331946e-04
3096, 9.524231095614027e-02, 5.985794622476416e-03, 1.382941990168965e+00, 1.045044325064763e-02, 1.393100614611792e-12, -5.530364524376304e+00, -8.961498824332212e-01, -9.429590579172788e+04, 3.325273328510116e-04
3097, 9.577058487843293e-02, 5.136833527197988e-03, 1.382929513242532e+00, 1.045034896656879e-02, 1.393088021055125e-12, -5.650398530446000e+00, -7.657514248280813e-01, -9.429606302746556e+04, 3.325251892064581e-04
3098, 9.624174893721128e-02, 6.018931535881112e-03, 1.382925826721062e+00, 1.045032110872392e-02, 1.393084335734206e-12, -5.383262894832372e+00, -7.052504200057501e-01, -9.429965466542817e+04, 3.325217966032281e-04
3099, 9.677003295613502e-02, 5.169878078226259e-03, 1.382915581610659e+00, 1.045024368975362e-02, 1.393073980450381e-12, -5.467862681979661e+00, -6.007351695661227e-01, -9.429965611514689e+04, 3.325197726033396e-04
3100, 9.724120161160892e-02, 6.051937479250306e-03, 1.382910857095252e+00, 1.045020798812586e-02, 1.393069232703187e-12, -5.271176659819156e+00, -5.512377941626377e-01, -9.430241864232965e+04, 3.325159408978335e-04
3101, 9.776948719355597e-02, 5.202870003270667e-03, 1.382900253329909e+00, 1.045012785891671e-02, 1.393058520430544e-12, -5.326200597250407e+00, -4.661277881021361e-01, -9.430205393232482e+04, 3.325137250005012e-04
3102, 9.824065747072502e-02, 6.084915440867491e-03, 1.382894010699881e+00, 1.045008068539005e-02, 1.393052222377676e-12, -5.183170026296135e+00, -4.255485391742890e-01, -9.430400181800606e+04, 3.325093446160815e-04
3103, 9.876894298838328e-02, 5.235848493692309e-03, 1.382885641287550e+00, 1.045001744046057e-02, 1.393043779307293e-12, -5.217364335539100e+00, -3.573895226346611e-01, -9.430379713944127e+04, 3.325077170996234e-04
3104, 9.924011358628040e-02, 6.117891161244436e-03, 1.382879627193222e+00, 1.044997199390395e-02, 1.393037698087221e-12, -5.114453504442341e+00, -3.251182547165745e-01, -9.430529196061222e+04, 3.325032948410335e-04
3105, 9.976839908551828e-02, 5.268824371470007e-03, 1.382873324499882e+00, 1.044992436649834e-02, 1.393031354960021e-12, -5.134408988084990e+00, -2.709608288321828e-01, -9.430517769863503e+04, 3.325022097893127e-04
3106, 1.002395697352596e-01, 6.150866590903553e-03, 1.382868154683530e+00, 1.044988529987604e-02, 1.393026122483957e-12, -5.060998067910655e+00, -2.461276045094073e-01, -9.430632772196912e+04, 3.324979809103053e-04
3107, 1.007678552386085e-01, 5.301799765354328e-03, 1.382863415326978e+00, 1.044984948609856e-02, 1.393021361478948e-12, -5.071498886373711e+00, -2.030629623660473e-01, -9.430626880478604e+04, 3.324972525182415e-04
3108, 1.012390259038668e-01, 6.183841850540341e-03, 1.382858973283096e+00, 1.044981591901634e-02, 1.393016864275658e-12, -5.020039132003492e+00, -1.840465231527146e-01, -9.430714615794235e+04, 3.324932395570252e-04
3109, 1.017673114042956e-01, 5.334775050252830e-03, 1.382855436122385e+00, 1.044978918984218e-02, 1.393013315776757e-12, -5.024262170753968e+00, -1.502191280303163e-01, -9.430709492760354e+04, 3.324927342090204e-04
3110, 1.022384820715650e-01, 6.216817118040265e-03, 1.382852429531305e+00, 1.044976647001034e-02, 1.393010265432500e-12, -4.988326291294917e+00, -1.363929641787104e-01, -9.430785373041643e+04, 3.324891650833962e-04
3111, 1.027667675719308e-01, 5.367750318297324e-03, 1.382848781029234e+00, 1.044973889946572e-02, 1.393006607237258e-12, -4.988898888037678e+00, -1.089773971391237e-01, -9.430767106017620e+04, 3.324884994537326e-04
3112, 1.032379382396038e-01, 6.249792382594175e-03, 1.382846578491931e+00, 1.044972225560700e-02, 1.393004367044842e-12, -4.963028992469567e+00, -9.749798633440998e-02, -9.430827918629031e+04, 3.324852815135122e-04
3113, 1.037662237399475e-01, 5.400725583041745e-03, 1.382844570392112e+00, 1.044970708104917e-02, 1.393002366008462e-12, -4.963771354720305e+00, -7.804882242000903e-02, -9.430823344652689e+04, 3.324847823979156e-04
3114, 1.042373944076859e-01, 6.282767646772451e-03, 1.382843184936473e+00, 1.044969661161109e-02, 1.393000953244242e-12, -4.946793529233356e+00, -6.920339082993386e-02, -9.430872934622192e+04, 3.324818106887436e-04
3115, 1.047656799080351e-01, 5.433700847173775e-03, 1.382841609030242e+00, 1.044968470299977e-02, 1.392999388221992e-12, -4.946213469687493e+00, -5.510577364042509e-02, -9.430865685644711e+04, 3.324813202428309e-04
3116, 1.052372102255912e-01, 6.304842188011714e-03, 1.382841133444360e+00, 1.044968110915177e-02, 1.392998902885061e-12, -4.935697827518798e+00, -4.862599422891908e-02, -9.430913550266912e+04, 3.324786576560137e-04
3117, 1.057651960177717e-01, 5.464859324047424e-03, 1.382839254620033e+00, 1.044966691148684e-02, 1.392997022442690e-12, -4.933905543893935e+00, -3.810314263993253e-02, -9.430893344724532e+04, 3.324780317510814e-04
3118, 1.062367363256026e-01, 6.335697867008890e-03, 1.382839437321518e+00, 1.044966829210258e-02, 1.392997200956008e-12, -4.927798938854863e+00, -3.341483686590505e-02, -9.430938641846892e+04, 3.324756977579671e-04
3119, 1.067646738314674e-01, 5.497178526004239e-03, 1.382837146013997e+00, 1.044965097743619e-02, 1.392994902996069e-12, -4.925382992530442e+00, -2.518143279083083e-02, -9.430909179086909e+04, 3.324748734852944e-04
3120, 1.072349189905152e-01, 6.407272082709070e-03, 1.382837272851002e+00, 1.044965193590220e-02, 1.392995015427201e-12, -4.923061464900251e+00, -2.098481741322678e-02, -9.430947467629882e+04, 3.324724171070478e-04
3121, 1.077639213566398e-01, 5.536477604925390e-03, 1.382835187012931e+00, 1.044963617390166e-02, 1.392992933794650e-12, -4.920262290891200e+00, -1.535369103549166e-02, -9.430917957980956e+04, 3.324718163396355e-04
3122, 1.082341281342671e-01, 6.447734474457702e-03, 1.382835592036425e+00, 1.044963923453256e-02, 1.392993323024192e-12, -4.920534478005379e+00, -1.203790368379877e-02, -9.430955331595153e+04, 3.324690639031914e-04
3123, 1.087633015801983e-01, 5.571754692682136e-03, 1.382833707397878e+00, 1.044962499293146e-02, 1.392991449709890e-12, -4.917497085080892e+00, -8.288372547297874e-03, -9.430925999048726e+04, 3.324685310441541e-04
3124, 1.092318500040989e-01, 6.503726398862998e-03, 1.382834427604539e+00, 1.044963043529914e-02, 1.392992151871675e-12, -4.919403743913479e+00, -5.821940948168561e-03, -9.430963310045765e+04, 3.324657547054038e-04
3125, 1.097624560411679e-01, 5.608949704021119e-03, 1.382832721042075e+00, 1.044961753936115e-02, 1.392990461974322e-12, -4.916317818542987e+00, -3.503351085962279e-03, -9.430933760633216e+04, 3.324652386426685e-04
3126, 1.102274639180502e-01, 6.546870999088985e-03, 1.382833930018247e+00, 1.044962667520120e-02, 1.392991650306287e-12, -4.918845586925583e+00, -1.901148357776257e-03, -9.430973094302048e+04, 3.324626200004972e-04
3127, 1.107612215490591e-01, 5.644323148593905e-03, 1.382832309881362e+00, 1.044961443235323e-02, 1.392990053077581e-12, -4.916030519818628e+00, -6.371617289210058e-04, -9.430942442789536e+04, 3.324622036104283e-04
3128, 1.112287741868640e-01, 6.532394843851356e-03, 1.382833899386698e+00, 1.044962644372852e-02, 1.392991627866607e-12, -4.918702691186514e+00, 2.424284678956299e-04, -9.430981768620513e+04, 3.324598601820934e-04
3129, 1.117618730847776e-01, 5.664527694980697e-03, 1.382832104810663e+00, 1.044961288270059e-02, 1.392989853243759e-12, -4.916149641937083e+00, 1.019758255657724e-03, -9.430947869362589e+04, 3.324593102034139e-04
3130, 1.122322415196103e-01, 6.549703150064676e-03, 1.382833916172828e+00, 1.044962657057585e-02, 1.392991648980455e-12, -4.918820164428510e+00, 1.499199539216730e-03, -9.430986812543552e+04, 3.324571243164936e-04
3131, 1.127611955473961e-01, 5.698025190873319e-03, 1.382831963282546e+00, 1.044961181321855e-02, 1.392989713793520e-12, -4.916535108508318e+00, 2.020858623977119e-03, -9.430951081421341e+04, 3.324564548281722e-04
3132, 1.132323439309089e-01, 6.580154293060741e-03, 1.382833861167435e+00, 1.044962615491796e-02, 1.392991595547969e-12, -4.919180469007189e+00, 2.387906360002456e-03, -9.430989534869572e+04, 3.324543245606408e-04
3133, 1.137607854209906e-01, 5.730478222915766e-03, 1.382831823386268e+00, 1.044961075606785e-02, 1.392989575927433e-12, -4.917136357687626e+00, 2.724294202681574e-03, -9.430952958885796e+04, 3.324535955760806e-04
3134, 1.132895924689818e-01, 4.848523198036851e-03, 1.382829817981792e+00, 1.044959560187786e-02, 1.392987588215758e-12, -4.914566492747731e+00, 2.291762797718803e-03, -9.430912543727746e+04, 3.324553987868713e-04
3135, 1.112905031890814e-01, 4.784614084377712e-03, 1.382830399678504e+00, 1.044959999757092e-02, 1.392988160919145e-12, -4.913576774945136e+00, 3.101627722413823e-04, -9.430907918984226e+04, 3.324612025753052e-04
3136, 1.092916721295272e-01, 4.719289324608702e-03, 1.382831699674037e+00, 1.044960982121479e-02, 1.392989452420990e-12, -4.914669543638627e+00, -5.190905630911895e-03, -9.430895579769733e+04, 3.324675756454021e-04
3137, 1.072928777445901e-01, 4.650584575576260e-03, 1.382834659866579e+00, 1.044963219042797e-02, 1.392992414385864e-12, -4.922207522340071e+00, -1.787254067132535e-02, -9.430877930951955e+04, 3.324735237219243e-04
3138, 1.052939753986503e-01, 4.584331249781957e-03, 1.382839228010714e+00, 1.044966671040886e-02, 1.392997005079669e-12, -4.942938319227855e+00, -4.145762957437439e-02, -9.430843267572651e+04, 3.324801664874145e-04
3139, 1.032950530721863e-01, 4.518683519512400e-03, 1.382846055007366e+00, 1.044971829980424e-02, 1.393003881009245e-12, -4.986578839253434e+00, -8.359619144994375e-02, -9.430761607476092e+04, 3.324875626298431e-04
3140, 9.274273089159699e-02, 6.735427261089440e-03, 1.383011336054100e+00, 1.045096727496857e-02, 1.393170465844826e-12, -5.632429072264839e+00, -1.534446891104180e+00, -9.428720222065113e+04, 3.325319358578163e-04
3141, 1.012961407365487e-01, 4.452732986601241e-03, 1.382858347239637e+00, 1.044981118820933e-02, 1.393016277398918e-12, -5.072749685060054e+00, -1.586437236931289e-01, -9.430615328208366e+04, 3.324960349272285e-04
3142, 9.929722841757316e-02, 4.386782309570796e-03, 1.382877297215637e+00, 1.044995438702041e-02, 1.393035389054970e-12, -5.230896830399984e+00, -2.842661570572780e-01, -9.430360947247986e+04, 3.325058463426490e-04
3143, 9.729831653939498e-02, 4.320827827002880e-03, 1.382902860924435e+00, 1.045014756366124e-02, 1.393061162613919e-12, -5.507782882597136e+00, -4.836128502687733e-01, -9.429922921537359e+04, 3.325168897152894e-04
3144, 1.142890672072948e-01, 4.881425929792768e-03, 1.382829580011495e+00, 1.044959380361366e-02, 1.392987354285184e-12, -4.915423768621821e+00, 2.842173455418400e-03, -9.430913039067673e+04, 3.324525146763084e-04
3145, 1.142319300904620e-01, 6.612621831545571e-03, 1.382833820285826e+00, 1.044962584598891e-02, 1.392991554507620e-12, -4.919724023434362e+00, 3.082464097352259e-03, -9.430992108050016e+04, 3.324514800183854e-04
3146, 9.529941228099628e-02, 4.254809081046230e-03, 1.382927532855657e+00, 1.045033400142867e-02, 1.393086005786786e-12, -5.973705041215272e+00, -7.862271562583824e-01, -9.429115817795481e+04, 3.325269451633091e-04
3147, 9.330060453179440e-02, 4.188115115614138e-03, 1.382935311897814e+00, 1.045039278512256e-02, 1.393093759556124e-12, -6.728854051524385e+00, -1.225426037403682e+00, -9.427594189229202e+04, 3.325308268181407e-04
3148, 9.130157905509763e-02, 4.122980351936122e-03, 1.382905110023326e+00, 1.045016455937076e-02, 1.393063176485983e-12, -7.903013136122426e+00, -1.859583241862740e+00, -9.424952613291606e+04, 3.325225077293476e-04
3149, 1.138178959205272e-01, 3.999386283999943e-03, 1.382827575792261e+00, 1.044957865838015e-02, 1.392985367930918e-12, -4.912987851035395e+00, 2.318575299234531e-03, -9.430872910643110e+04, 3.324540038101762e-04
3150, 9.471402232623889e-02, 6.834886150149659e-03, 1.382954647640593e+00, 1.045053889904785e-02, 1.393113380638657e-12, -5.351549780336429e+00, -9.944468272172873e-01, -9.429547899892314e+04, 3.325285072507749e-04
3151, 9.671291643976940e-02, 6.901001378750424e-03, 1.382916128317393e+00, 1.045024782103876e-02, 1.393074617831503e-12, -5.176688318414917e+00, -6.169088809636603e-01, -9.430208847317584e+04, 3.325167403188696e-04
3152, 9.871310261274258e-02, 6.928327897469447e-03, 1.382884830944637e+00, 1.045001131696251e-02, 1.393042962340195e-12, -5.078901145735325e+00, -3.694363371046053e-01, -9.430534649943361e+04, 3.325039920000070e-04
3153, 9.030231044007093e-02, 4.089506257891191e-03, 1.382868773625562e+00, 1.044988997701992e-02, 1.393026407274766e-12, -8.682667457659806e+00, -2.259261936599718e+00, -9.423278698570721e+04, 3.324565475276298e-04
3154, 1.117273472140507e-01, 7.390623056695547e-03, 1.382835540065027e+00, 1.044963884180158e-02, 1.392993257637703e-12, -4.921352002125555e+00, 7.400169236804458e-04, -9.431017325283863e+04, 3.324572530044569e-04
3155, 1.007107404030205e-01, 7.032908654436556e-03, 1.382862116713214e+00, 1.044983967289632e-02, 1.393020025879965e-12, -5.011507149126349e+00, -2.149625347471765e-01, -9.430714932438548e+04, 3.324931591309032e-04
3156, 1.027096527392342e-01, 7.098859182371011e-03, 1.382851003343593e+00, 1.044975569277322e-02, 1.393008811446272e-12, -4.964915357851365e+00, -1.210069203185248e-01, -9.430863352956910e+04, 3.324856045906774e-04
3157, 1.047281450265954e-01, 6.972005433042858e-03, 1.382842137754004e+00, 1.044968869839344e-02, 1.392999901062017e-12, -4.934112272604305e+00, -5.756528108317865e-02, -9.430913305764804e+04, 3.324789931771174e-04
3158, 9.083043964647497e-02, 3.240855149953837e-03, 1.382839726696793e+00, 1.044967047881763e-02, 1.392997031923249e-12, -8.875961261173364e+00, -1.768410042833841e+00, -9.422864094424203e+04, 3.324829973931869e-04
3159, 1.066660314896683e-01, 7.272619325282119e-03, 1.382838684246711e+00, 1.044966260136097e-02, 1.392996423873052e-12, -4.925707335242242e+00, -2.732787964188606e-02, -9.430967367483363e+04, 3.324727479781893e-04
3160, 8.924951220297241e-02, 7.499138247128326e-03, 1.382792333356601e+00, 1.044931234274567e-02, 1.392946874990145e-12, -5.122169857834026e+00, -2.375599474623654e+00, -9.420082295823694e+04, 3.319931506027300e-04
3161, 1.086610548586271e-01, 7.419890104157635e-03, 1.382835741620274e+00, 1.044964036488912e-02, 1.392993448106411e-12, -4.923051131386132e+00, -8.714472157457303e-03, -9.430987465927066e+04, 3.324657444658431e-04
3162, 1.148173557374056e-01, 4.032347296456770e-03, 1.382827243237624e+00, 1.044957614537282e-02, 1.392985042080005e-12, -4.914101703265772e+00, 2.741723489756340e-03, -9.430871925706537e+04, 3.324510841868681e-04
3163, 8.983098868818647e-02, 3.207866029268440e-03, 1.382772000214126e+00, 1.044915869179496e-02, 1.392928463537440e-12, -9.914645893168295e+00, -2.130109171015340e+00, -9.420583008364591e+04, 3.324666539146256e-04
3164, 1.137036402570681e-01, 7.461705555293892e-03, 1.382835592750531e+00, 1.044963923992875e-02, 1.392993313162555e-12, -4.921816592423168e+00, 2.670745057701601e-03, -9.431023738386306e+04, 3.324519045067892e-04
3165, 1.147031173682411e-01, 7.494599019044624e-03, 1.382835665958681e+00, 1.044963979313896e-02, 1.392993386343101e-12, -4.922303722617047e+00, 3.387857925325096e-03, -9.431027400592921e+04, 3.324490924253876e-04
3166, 1.152025633570863e-01, 6.627572601462788e-03, 1.382833784526630e+00, 1.044962557576827e-02, 1.392991518443005e-12, -4.920367926636792e+00, 3.724730221946791e-03, -9.430994195538221e+04, 3.324486932201414e-04
3167, 1.143461849176999e-01, 3.150305826394036e-03, 1.382825325621237e+00, 1.044956165456889e-02, 1.392983140690423e-12, -4.911810160960059e+00, 2.114451078336327e-03, -9.430833952159621e+04, 3.324523003649106e-04
3168, 1.133467287242695e-01, 3.117330661338421e-03, 1.382825798394505e+00, 1.044956522716286e-02, 1.392983604178061e-12, -4.910741102627162e+00, 1.804988223143467e-03, -9.430836131673714e+04, 3.324551889856736e-04
3169, 1.153456417410154e-01, 3.183278531220270e-03, 1.382824897965614e+00, 1.044955842291431e-02, 1.392982723082195e-12, -4.913141346441348e+00, 2.466378274555674e-03, -9.430831446034175e+04, 3.324492895441508e-04
3170, 1.158168124455739e-01, 4.065320451030189e-03, 1.382826913960885e+00, 1.044957365713548e-02, 1.392984718796093e-12, -4.915412920899902e+00, 3.215550841668985e-03, -9.430870325211718e+04, 3.324481521870150e-04
3171, 9.182986976546979e-02, 3.273899696124395e-03, 1.382880175687305e+00, 1.044997613869555e-02, 1.393037974550870e-12, -8.035065909026534e+00, -1.445292486943896e+00, -9.424766671588497e+04, 3.325250062616510e-04
3172, 1.141749121038354e-01, 8.341307019448537e-03, 1.382837015946914e+00, 1.044964999456137e-02, 1.392994726414457e-12, -4.924303622144459e+00, 2.865419352471384e-03, -9.431051392383978e+04, 3.324491553756331e-04
3173, 1.151474173072923e-01, 8.389297226198066e-03, 1.382837206352009e+00, 1.044965143339084e-02, 1.392994917646980e-12, -4.924659588677823e+00, 3.639569394839258e-03, -9.431055941138283e+04, 3.324462984815618e-04
3174, 1.131843973625054e-01, 8.305476024498343e-03, 1.382836883269914e+00, 1.044964899196440e-02, 1.392994591698639e-12, -4.924102370850456e+00, 2.036958309037808e-03, -9.431047307107970e+04, 3.324519929418229e-04
3175, 1.138633261696859e-01, 2.274505455227501e-03, 1.382823741682299e+00, 1.044954968525702e-02, 1.392981563295046e-12, -4.909760376072579e+00, 1.606734479568720e-03, -9.430801615272647e+04, 3.324532647130412e-04
3176, 9.134381779628963e-02, 2.399805104937564e-03, 1.382836282270118e+00, 1.044964445040444e-02, 1.392993466666514e-12, -8.868816632523878e+00, -1.290097450163109e+00, -9.422707522641624e+04, 3.324985716879959e-04
3177, 9.234029794792153e-02, 2.449012222323979e-03, 1.382876919919671e+00, 1.044995153591744e-02, 1.393034636356989e-12, -7.994699342573239e+00, -1.025333533133286e+00, -9.424788659327193e+04, 3.325255885264233e-04
3178, 8.524757363809397e-02, 5.654510807120438e-03, 1.386278183391793e+00, 1.047565377877987e-02, 1.396453952622294e-12, -9.854386918925231e+00, -4.116854365857015e+00, -9.478534004544548e+04, 3.302300605033024e-04
3179, 8.577587433965297e-02, 4.806481433824822e-03, 1.382569156132143e+00, 1.044762586497900e-02, 1.392721569556621e-12, -1.220118592113108e+01, -4.616123924877895e+00, -9.410694911366637e+04, 3.310759098202307e-04
3180, 8.477766697513676e-02, 4.771787454437122e-03, 1.383697966354442e+00, 1.045615591703667e-02, 1.393855224634795e-12, -1.350894467720424e+01, -4.670606294957007e+00, -9.435606203754824e+04, 3.304836977128629e-04
3181, 8.530695472152261e-02, 3.923519049317779e-03, 1.381688020981106e+00, 1.044096741295604e-02, 1.391834103298740e-12, -1.556408930934430e+01, -4.637094387226902e+00, -9.400533680158878e+04, 3.312805255176549e-04
3182, 8.427195565317937e-02, 3.904098204094937e-03, 1.381833169650772e+00, 1.044206425428854e-02, 1.391978686055823e-12, -1.753327667901494e+01, -4.631383609270398e+00, -9.410718194189967e+04, 3.307166964903529e-04
3183, 8.483123529338489e-02, 3.043271914062576e-03, 1.381050504171019e+00, 1.043614990557502e-02, 1.391190815445070e-12, -1.889131044683174e+01, -4.176201554845803e+00, -9.395566917493744e+04, 3.314468763378804e-04
3184, 8.583560921778670e-02, 3.075577094326550e-03, 1.381603732373955e+00, 1.044033047134028e-02, 1.391748750049719e-12, -1.656796803356705e+01, -3.900091262590676e+00, -9.400677349941677e+04, 3.318360149392170e-04
3185, 8.383086047809266e-02, 3.009291740256784e-03, 1.380233682743390e+00, 1.042997745146197e-02, 1.390367927226090e-12, -2.133093128849559e+01, -3.904587996832997e+00, -9.391030044568251e+04, 3.309071739024455e-04
3186, 8.330833815367510e-02, 3.854687662929636e-03, 1.381729967487372e+00, 1.044128438907394e-02, 1.391868958262566e-12, -1.959922585497137e+01, -3.917738692887722e+00, -9.424788577301244e+04, 3.300811540679139e-04
3187, 8.283725613254153e-02, 2.972466282466610e-03, 1.379432844568641e+00, 1.042392577759737e-02, 1.389560762904294e-12, -2.367992337370668e+01, -3.255390562893430e+00, -9.389963577996888e+04, 3.303356108253503e-04
3188, 8.534238372178446e-02, 2.205264230066968e-03, 1.381351267436415e+00, 1.043842267584250e-02, 1.391492386968282e-12, -1.932809711712502e+01, -3.242510418019982e+00, -9.397725837206731e+04, 3.319001403848014e-04
3189, 8.930270657873549e-02, 4.056930440759002e-03, 1.382786806817677e+00, 1.044927058048679e-02, 1.392943495715457e-12, -9.622253407470502e+00, -2.720639697524985e+00, -9.421020377191265e+04, 3.324235657364694e-04
3190, 8.883184467927321e-02, 3.175183105527222e-03, 1.382654145646799e+00, 1.044826810312499e-02, 1.392809280308781e-12, -1.117728149533743e+01, -2.557197863256865e+00, -9.417814456223480e+04, 3.324097292558852e-04
3191, 8.669785994218179e-02, 8.364227672345018e-03, 1.390354005735436e+00, 1.050645344384516e-02, 1.400548218003076e-12, -3.613826869149737e+00, -1.464101223584560e+00, -9.551771696081625e+04, 3.299051727274942e-04
3192, 1.129063467639331e-01, 2.256694898784181e-03, 1.382824365426879e+00, 1.044955439869214e-02, 1.392982177265434e-12, -4.908741857355016e+00, 1.277620745723259e-03, -9.430805073870732e+04, 3.324559642008493e-04
3193, 1.123524045817636e-01, 3.087920870831672e-03, 1.382826298247083e+00, 1.044956900438639e-02, 1.392984095044236e-12, -4.909942325367284e+00, 1.239843931134289e-03, -9.430837082797833e+04, 3.324580423920448e-04
3194, 1.119456273117421e-01, 2.251569593794468e-03, 1.382825035342206e+00, 1.044955946102460e-02, 1.392982836487499e-12, -4.908051186960450e+00, 6.918360904369612e-04, -9.430807027723848e+04, 3.324588083070714e-04
3195, 1.113602598705764e-01, 3.060181512270791e-03, 1.382826898051807e+00, 1.044957353691579e-02, 1.392984685994903e-12, -4.909526348356342e+00, 2.886554809233517e-04, -9.430836595339075e+04, 3.324610022172245e-04
3196, 1.109539577283023e-01, 2.230529563852453e-03, 1.382825862525281e+00, 1.044956571177832e-02, 1.392983653588786e-12, -4.907913329834990e+00, -2.146925860219652e-04, -9.430807805997337e+04, 3.324619837077711e-04
3197, 1.103633200427342e-01, 3.030068104875210e-03, 1.382827695416918e+00, 1.044957956234485e-02, 1.392985473856729e-12, -4.909791330189519e+00, -1.209467548647167e-03, -9.430834902167149e+04, 3.324641999049189e-04
3198, 8.634082420681745e-02, 2.269382374534702e-03, 1.381856047508816e+00, 1.044223713482790e-02, 1.392002776486611e-12, -1.684574133175489e+01, -2.929998643849938e+00, -9.403013651018054e+04, 3.321262563394238e-04
3199, 8.683357146582063e-02, 3.113080221059301e-03, 1.382084995519990e+00, 1.044396722055465e-02, 1.392234539664020e-12, -1.445961742169964e+01, -3.473212516763070e+00, -9.407944441286390e+04, 3.321175175975473e-04
3200, 8.736196557319305e-02, 2.296457654309860e-03, 1.382230209508614e+00, 1.044506455548127e-02, 1.392380282197717e-12, -1.466184883959195e+01, -2.589306868642071e+00, -9.408809561147765e+04, 3.322844454882502e-04
3201, 1.099603109413259e-01, 2.204126606953079e-03, 1.382826902055266e+00, 1.044957356716865e-02, 1.392984680649208e-12, -4.908690362792728e+00, -1.551049147104954e-03, -9.430807678169660e+04, 3.324656078503463e-04
3202, 1.093652514948598e-01, 2.998665201514336e-03, 1.382828708894277e+00, 1.044958722086395e-02, 1.392986475144031e-12, -4.911223204813139e+00, -3.444950100918152e-03, -9.430830895783791e+04, 3.324677164315673e-04
3203, 1.089661465004220e-01, 2.176582155462219e-03, 1.382827928608984e+00, 1.044958132450153e-02, 1.392985682855858e-12, -4.910937823320156e+00, -3.297368205477492e-03, -9.430800327322430e+04, 3.324653256705167e-04
3204, 1.083669085513259e-01, 2.966857133060720e-03, 1.382829895660682e+00, 1.044959618887205e-02, 1.392987644394993e-12, -4.914620329614907e+00, -6.684635277184391e-03, -9.430820572632899e+04, 3.324714668254644e-04
3205, 8.934076640797647e-02, 2.358228350863452e-03, 1.382671645876897e+00, 1.044840034667736e-02, 1.392826586917491e-12, -1.123223563767646e+01, -1.866665709406144e+00, -9.417314128291685e+04, 3.324513415198903e-04
3206, 1.134719753251367e-01, 1.463228325054716e-03, 1.382822582768856e+00, 1.044954092772471e-02, 1.392980400327085e-12, -4.907905316599302e+00, 1.068554813953923e-03, -9.430777053222049e+04, 3.324538250230005e-04
3207, 1.079245894212170e-01, 1.918059804438129e-03, 1.382829343472501e+00, 1.044959201616539e-02, 1.392987082079990e-12, -4.915357779969612e+00, -5.825018633942914e-03, -9.430782551055352e+04, 3.324714447508339e-04
3208, 1.073606211021320e-01, 2.896485220503247e-03, 1.382831540146658e+00, 1.044960861571824e-02, 1.392989290600835e-12, -4.920749290346424e+00, -1.163687616398713e-02, -9.430806536022072e+04, 3.324739608064249e-04
3209, 1.068449764733025e-01, 1.996496847615143e-03, 1.382831664484409e+00, 1.044960955529823e-02, 1.392989413913708e-12, -4.924361447383013e+00, -1.039005909292618e-02, -9.430768146758812e+04, 3.324756454732041e-04
3210, 1.063466669238764e-01, 2.875845899628824e-03, 1.382833752849503e+00, 1.044962533639465e-02, 1.392991514912109e-12, -4.931210293500651e+00, -1.850302462254489e-02, -9.430788767321900e+04, 3.324770827577578e-04
3211, 1.162965711080834e-01, 3.186060066138141e-03, 1.382824392420339e+00, 1.044955460267291e-02, 1.392982230984064e-12, -4.914540176439837e+00, 2.952399126461352e-03, -9.430826945091592e+04, 3.324462924704474e-04
3212, 1.158903811530875e-01, 2.344448638567757e-03, 1.382822591795898e+00, 1.044954099593910e-02, 1.392980442175831e-12, -4.912557827125389e+00, 2.146289023152878e-03, -9.430793101277002e+04, 3.324473233073897e-04
3213, 8.270421897756892e-02, 5.334589563200646e-03, 1.392639790864711e+00, 1.052372637933088e-02, 1.402893067183614e-12, -9.895594912072735e+00, -2.682369999517725e+00, -9.659602420160230e+04, 3.282122253500137e-04
3214, 1.058395592994041e-01, 1.975457290135956e-03, 1.382834507046127e+00, 1.044963103561348e-02, 1.392992280483788e-12, -4.937595049797385e+00, -1.636613221206884e-02, -9.430749301623490e+04, 3.324794718235273e-04
3215, 1.053438009197797e-01, 2.846915910592068e-03, 1.382836490996257e+00, 1.044964602767997e-02, 1.392994272979733e-12, -4.946906235877354e+00, -2.776713753477696e-02, -9.430764471924154e+04, 3.324808090627065e-04
3216, 1.048274948074771e-01, 1.939482574503996e-03, 1.382837431913257e+00, 1.044965313788399e-02, 1.392995219995167e-12, -4.957442313815589e+00, -2.406326568581836e-02, -9.430712105794642e+04, 3.324832793637446e-04
3217, 1.043416750583712e-01, 2.814114950502844e-03, 1.382839466560751e+00, 1.044966851305399e-02, 1.392997276265933e-12, -4.969784838397239e+00, -4.046811570831549e-02, -9.430721654917303e+04, 3.324845702368323e-04
3218, 8.232410250911310e-02, 3.782731011791128e-03, 1.382144863449753e+00, 1.044441962304658e-02, 1.392295121504366e-12, -2.149250827658634e+01, -3.007807617843564e+00, -9.458706001406405e+04, 3.295923149036027e-04
3219, 8.734502278942757e-02, 9.289677405876421e-03, 1.388346631746769e+00, 1.049128437088289e-02, 1.398571557358864e-12, -2.962425956003293e+00, -8.261889254681687e-01, -9.514068309820440e+04, 3.300704832141985e-04
3220, 8.775747160982242e-02, 8.376420745009714e-03, 1.384679128117148e+00, 1.046357023766163e-02, 1.394838568146666e-12, -3.893619956374686e+00, -1.766419018354263e+00, -9.443271247683084e+04, 3.307215992685091e-04
3221, 8.337413183911740e-02, 2.149697939371032e-03, 1.379413606336628e+00, 1.042378040052925e-02, 1.389539841471043e-12, -2.454840483630652e+01, -2.984748445049601e+00, -9.382359944479568e+04, 3.310658899758518e-04
3222, 8.238568702502891e-02, 2.145663619230125e-03, 1.378360246476280e+00, 1.041582050234023e-02, 1.388483480058498e-12, -2.708525395305770e+01, -2.340777891631751e+00, -9.375416217416263e+04, 3.305667744474141e-04
3223, 1.038804534050935e-01, 1.938507857050024e-03, 1.382840580428920e+00, 1.044967693019381e-02, 1.392998443126161e-12, -4.986444562181238e+00, -3.364389845343065e-02, -9.430642894906978e+04, 3.324870200704854e-04
3224, 1.033505097356677e-01, 2.786502161601468e-03, 1.382843199903096e+00, 1.044969672470900e-02, 1.393001057524455e-12, -5.002767141103117e+00, -5.595797211237204e-02, -9.430656043964926e+04, 3.324884899225419e-04
3225, 1.028631873372286e-01, 1.889428895401431e-03, 1.382846565108663e+00, 1.044972215447399e-02, 1.393004505413942e-12, -5.027882748104676e+00, -4.709109774234059e-02, -9.430570630809618e+04, 3.324916133050802e-04
3226, 1.023494670585016e-01, 2.751736693865867e-03, 1.382848222076382e+00, 1.044973467564064e-02, 1.393006139361945e-12, -5.049398551994036e+00, -7.811231601897459e-02, -9.430569627770032e+04, 3.324926856995524e-04
3227, 8.454644499556596e-02, 6.468909879423871e-03, 1.395419335529858e+00, 1.054473049518834e-02, 1.405700439279943e-12, -5.897704227072787e+00, -2.563527191750557e+00, -9.670322114602276e+04, 3.291405571724010e-04
3228, 1.168489011167569e-01, 2.352972496675667e-03, 1.382821852412520e+00, 1.044953540865917e-02, 1.392979726037301e-12, -4.914223064263896e+00, 2.564370272486531e-03, -9.430785946175692e+04, 3.324444737729781e-04
3229, 1.164022129227157e-01, 1.485144225085842e-03, 1.382820226673787e+00, 1.044952312347983e-02, 1.392978091820804e-12, -4.912482402612473e+00, 1.671381207988875e-03, -9.430756128871112e+04, 3.324454678964388e-04
3230, 1.136375296610597e-01, 9.197072838137215e-03, 1.382837857046609e+00, 1.044965635047849e-02, 1.392995556455468e-12, -4.926463013079903e+00, 2.112656644938433e-03, -9.431066959447291e+04, 3.324490540879434e-04
3231, 1.018569204352288e-01, 1.852931043669539e-03, 1.382853790938737e+00, 1.044977675772392e-02, 1.393011797327733e-12, -5.086044588138287e+00, -6.611305116809883e-02, -9.430477155452136e+04, 3.324963117811419e-04
3232, 1.013486113499033e-01, 2.717875964643478e-03, 1.382854611845435e+00, 1.044978296104910e-02, 1.393012594404137e-12, -5.113897730551967e+00, -1.076048437152182e-01, -9.430456268881910e+04, 3.324971035808236e-04
3233, 1.008584569230664e-01, 1.823693782309539e-03, 1.382862716090771e+00, 1.044984420219773e-02, 1.393020804548116e-12, -5.166692029838083e+00, -9.010979231405816e-02, -9.430351989029156e+04, 3.325013042230486e-04
3234, 1.003490873677057e-01, 2.685376123568459e-03, 1.382862775327321e+00, 1.044984464982909e-02, 1.393020832641521e-12, -5.202235951822547e+00, -1.453483155448050e-01, -9.430312155112595e+04, 3.325018488111045e-04
3235, 1.126227744978725e-01, 9.134563788005437e-03, 1.382837688306668e+00, 1.044965507536558e-02, 1.392995387245919e-12, -4.926568386187830e+00, 1.075198173046571e-03, -9.431062847884804e+04, 3.324520255080296e-04
3236, 1.119029468955267e-01, 1.007374548720073e-02, 1.382838065199629e+00, 1.044965792342323e-02, 1.392995751318953e-12, -4.929207835338241e+00, -4.360050125583636e-04, -9.431071115918327e+04, 3.324516683254270e-04
3237, 1.116221496445058e-01, 9.043785781617006e-03, 1.382837522262117e+00, 1.044965382062089e-02, 1.392995215856680e-12, -4.926639027878738e+00, -2.019949301136810e-04, -9.431058520000808e+04, 3.324544223050544e-04
3238, 1.109205491424108e-01, 9.672393397444821e-03, 1.382837704770533e+00, 1.044965519977768e-02, 1.392995389656358e-12, -4.928933923679380e+00, -1.790068477837848e-03, -9.431063217252320e+04, 3.324541477076837e-04
3239, 1.107380900386294e-01, 8.821427345727141e-03, 1.382837106871249e+00, 1.044965068164709e-02, 1.392994799716633e-12, -4.926565372132446e+00, -1.614006707287199e-03, -9.431049332107861e+04, 3.324562224592089e-04
3240, 9.985171607779764e-02, 1.790329527776772e-03, 1.382873735599174e+00, 1.044992747304208e-02, 1.393031898725685e-12, -5.276377740443567e+00, -1.216029748656599e-01, -9.430189535738385e+04, 3.325067580921107e-04
3241, 9.934840578439033e-02, 2.652415264989511e-03, 1.382871966988288e+00, 1.044991410822431e-02, 1.393030101781416e-12, -5.321157690437743e+00, -1.947638647130729e-01, -9.430115123188026e+04, 3.325067105092608e-04
3242, 9.886202580084164e-02, 1.767222744577394e-03, 1.382885934033576e+00, 1.045001965264714e-02, 1.393044207716054e-12, -5.423766555951549e+00, -1.615753435354436e-01, -9.429958669310615e+04, 3.325122161875640e-04
3243, 9.835488706421583e-02, 2.622698336785320e-03, 1.382882170622149e+00, 1.044999121376988e-02, 1.393040389325015e-12, -5.479171744199181e+00, -2.560472859539857e-01, -9.429848829614907e+04, 3.325115886706441e-04
3244, 1.168461501303417e-01, 4.037792753488735e-03, 1.382826418115279e+00, 1.044956991019135e-02, 1.392984239987615e-12, -4.916863087255426e+00, 4.004740461479268e-03, -9.430865365885374e+04, 3.324451426787008e-04
3245, 1.162573779562609e-01, 4.963989858140483e-03, 1.382829224846748e+00, 1.044959111974906e-02, 1.392987003993737e-12, -4.917683212900780e+00, 3.979475256614206e-03, -9.430914021073129e+04, 3.324468765938456e-04
3246, 1.071794328754306e-01, 1.025438418048669e-03, 1.382830583024947e+00, 1.044960138306046e-02, 1.392988281657801e-12, -4.918065740247127e+00, -4.915826291596205e-03, -9.430759832340910e+04, 3.324740167577408e-04
3247, 8.368911155849575e-02, 4.820618494818504e-03, 1.386504975421216e+00, 1.047736757245310e-02, 1.396688180572509e-12, -1.410785621150115e+01, -4.088860056972533e+00, -9.506243468249780e+04, 3.297482805710888e-04
3248, 1.052251918942731e-01, 9.866746939386770e-04, 1.382838262735348e+00, 1.044965941613657e-02, 1.392995999225976e-12, -4.944311939282071e+00, -1.241948262331520e-02, -9.430742000133710e+04, 3.324826009543462e-04
3249, 1.140131198488408e-01, 1.012315506600856e-02, 1.382838688934364e+00, 1.044966263678397e-02, 1.392996383166430e-12, -4.928154243172763e+00, 2.062450889012255e-03, -9.431081521785060e+04, 3.324458186329414e-04
3250, 1.070607921373387e-01, 1.014480094234957e-02, 1.382836391808621e+00, 1.044964527815120e-02, 1.392994056599724e-12, -4.938382730421072e+00, -1.882225150663719e-02, -9.431019402654727e+04, 3.324625825413925e-04
3251, 1.075591893463755e-01, 9.298076842386635e-03, 1.382836812975355e+00, 1.044964846077134e-02, 1.392994486186982e-12, -4.932367686836647e+00, -1.536549195682895e-02, -9.431018668346448e+04, 3.324638087728124e-04
3252, 1.085098648910380e-01, 9.272970467424780e-03, 1.382836962353727e+00, 1.044964958957514e-02, 1.392994642981084e-12, -4.930959712545359e+00, -9.432250702224804e-03, -9.431034878681172e+04, 3.324612580807211e-04
3253, 1.080262067527685e-01, 8.390744414413462e-03, 1.382836619651008e+00, 1.044964699988208e-02, 1.392994302596515e-12, -4.927374664686806e+00, -1.223567038078310e-02, -9.431006592383956e+04, 3.324652214849780e-04
3254, 1.069941677196746e-01, 8.411658242040581e-03, 1.382837416440648e+00, 1.044965302096250e-02, 1.392995112535313e-12, -4.928412540558519e+00, -2.205877829612478e-02, -9.430990790660599e+04, 3.324686003727271e-04
3255, 1.090110172421289e-01, 8.403915128427912e-03, 1.382836515772522e+00, 1.044964621490608e-02, 1.392994208320837e-12, -4.926572398016100e+00, -6.695280258272667e-03, -9.431022330796761e+04, 3.324620280093988e-04
3256, 1.097421742055487e-01, 7.552403157054288e-03, 1.382835341043375e+00, 1.044963733785965e-02, 1.392993044756877e-12, -4.922588979698312e+00, -3.735931862788561e-03, -9.431001396379368e+04, 3.324621026337417e-04
3257, 1.106842845645665e-01, 7.396440903851415e-03, 1.382835295467290e+00, 1.044963699345595e-02, 1.392993007160209e-12, -4.921486581546906e+00, -6.938989953918531e-04, -9.431009210692430e+04, 3.324596238441406e-04
3258, 1.077013588818979e-01, 7.432700523248851e-03, 1.382836832076743e+00, 1.044964860511435e-02, 1.392994549038235e-12, -4.923966057967141e+00, -1.637625220643879e-02, -9.430977920308849e+04, 3.324689899382965e-04
3259, 1.059283757273856e-01, 8.088498639280628e-03, 1.382839199885508e+00, 1.044966649787580e-02, 1.392996922386357e-12, -4.928978916527440e+00, -3.520295490752470e-02, -9.430968087684970e+04, 3.324727218527288e-04
3260, 1.060903035987851e-01, 9.020589010794389e-03, 1.382838116507693e+00, 1.044965831114168e-02, 1.392995807250924e-12, -4.931541598932039e+00, -3.042549329724819e-02, -9.430990226225619e+04, 3.324687941122973e-04
3261, 1.053026680740083e-01, 8.729426822003271e-03, 1.382839664007401e+00, 1.044967000509416e-02, 1.392997360525492e-12, -4.931780007202993e+00, -4.181814522266446e-02, -9.430966363922853e+04, 3.324722259661136e-04
3262, 1.160054095482284e-01, 1.014454083346650e-02, 1.382839150210454e+00, 1.044966612249749e-02, 1.392996843788806e-12, -4.928094124002930e+00, 3.928417145863413e-03, -9.431087392342705e+04, 3.324400937061992e-04
3263, 1.165053861729093e-01, 9.273319297165695e-03, 1.382838573098582e+00, 1.044966176145060e-02, 1.392996280408362e-12, -4.926959450311798e+00, 4.644184779226864e-03, -9.431078959601535e+04, 3.324407363506422e-04
3264, 1.175806838928082e-01, 9.371356567689504e-03, 1.382838804585951e+00, 1.044966351072541e-02, 1.392996500921127e-12, -4.927408888337922e+00, 5.697702887552098e-03, -9.431083257984373e+04, 3.324378943735228e-04
3265, 1.170072657781453e-01, 8.492470159843458e-03, 1.382837678820448e+00, 1.044965500368128e-02, 1.392995398781337e-12, -4.925797682258997e+00, 5.289131497793815e-03, -9.431065267573470e+04, 3.324409677904922e-04
3266, 1.090193603059226e-01, 1.013862487675430e-02, 1.382837171333339e+00, 1.044965116876618e-02, 1.392994848630081e-12, -4.934313101991280e+00, -7.956934938764372e-03, -9.431050385892806e+04, 3.324576181602597e-04
3267, 8.899051190165633e-02, 1.013531929571753e-02, 1.382909386751610e+00, 1.045019687721672e-02, 1.393100442391953e-12, -2.994251007898082e+00, -4.973418010065727e-01, -9.420324835276461e+04, 3.312815876107787e-04
3268, 8.849999999999411e-02, 9.267949192431532e-03, 1.383629200310776e+00, 1.045563627438923e-02, 1.393847366218391e-12, -3.262485969934939e+00, -1.062626874378956e+00, -9.426910187085826e+04, 3.310573677104979e-04
3269, 8.944567472619250e-02, 9.256242732297720e-03, 1.382750763747852e+00, 1.044899821471986e-02, 1.392923017432480e-12, -3.621254927932363e+00, -1.286631535320621e+00, -9.419210189105604e+04, 3.317433305865382e-04
3270, 1.029994142723418e-01, 1.013431276621154e-02, 1.382836809203287e+00, 1.044964843226711e-02, 1.392994580407445e-12, -4.944540584506164e+00, -8.158617321226194e-02, -9.430859313222361e+04, 3.324745343333059e-04
3271, 1.034958022853755e-01, 9.270372744073000e-03, 1.382843899039638e+00, 1.044970200785665e-02, 1.393001751184976e-12, -4.934309222431383e+00, -7.618079915178655e-02, -9.430940199949080e+04, 3.324772199678748e-04
3272, 1.024992027595882e-01, 9.268409479369570e-03, 1.382846112214835e+00, 1.044971873210250e-02, 1.393004007379043e-12, -4.932373342741998e+00, -1.068722841747140e-01, -9.430891106929185e+04, 3.324802699319311e-04
3273, 1.014998671265592e-01, 9.268025906919965e-03, 1.382851470336692e+00, 1.044975922168834e-02, 1.393009431685393e-12, -4.930142734806030e+00, -1.434460464774903e-01, -9.430855054484871e+04, 3.324841459929023e-04
3274, 1.018967779301675e-01, 8.441318745791333e-03, 1.382857720276964e+00, 1.044980645045614e-02, 1.393015735332415e-12, -4.931180979709847e+00, -1.399682121116878e-01, -9.430930345142515e+04, 3.324862225160438e-04
3275, 1.008796860470977e-01, 8.442949349166800e-03, 1.382865141624567e+00, 1.044986253116852e-02, 1.393023220012438e-12, -4.933856784352984e+00, -1.863872665931563e-01, -9.430895794387088e+04, 3.324905739446087e-04
3276, 1.028789189187484e-01, 8.453102024036804e-03, 1.382851683147673e+00, 1.044976082983176e-02, 1.393009634794740e-12, -4.929465438397335e+00, -1.056027439651805e-01, -9.430951262256500e+04, 3.324823718014488e-04
3277, 1.037500792787708e-01, 8.303190483035036e-03, 1.382847365981754e+00, 1.044972820641172e-02, 1.393005173703303e-12, -4.930885161511983e+00, -7.521894602453753e-02, -9.430960111833776e+04, 3.324797088363142e-04
3278, 1.004799255289123e-01, 9.274799571599488e-03, 1.382858685431796e+00, 1.044981374381759e-02, 1.393016704433499e-12, -4.926515516950647e+00, -1.905939243592339e-01, -9.430815039252382e+04, 3.324885014657010e-04
3279, 9.987349370972294e-02, 8.439461619429992e-03, 1.382873945784790e+00, 1.044992906134653e-02, 1.393032075080661e-12, -4.938870020424945e+00, -2.455238807812691e-01, -9.430845274114553e+04, 3.324952319074731e-04
3280, 9.947018844805422e-02, 9.272240260238970e-03, 1.382866476287850e+00, 1.044987261678525e-02, 1.393024497528763e-12, -4.920516229010055e+00, -2.526797651700505e-01, -9.430748236408383e+04, 3.324930279279549e-04
3281, 9.899999999995227e-02, 8.401923788647668e-03, 1.382883231187398e+00, 1.044999922811686e-02, 1.393041529927047e-12, -4.948470544645905e+00, -3.312712436367768e-01, -9.430768367869667e+04, 3.325000958962941e-04
3282, 1.152834254488064e-01, 4.917160962192447e-03, 1.382829366273755e+00, 1.044959218846700e-02, 1.392987143805043e-12, -4.916472572251327e+00, 3.357117773697213e-03, -9.430913228467920e+04, 3.324496558550914e-04
3283, 1.157596977572064e-01, 5.796428750850361e-03, 1.382831596176340e+00, 1.044960903911624e-02, 1.392989351493171e-12, -4.918847198441020e+00, 3.897776746940781e-03, -9.430955846124943e+04, 3.324479621136883e-04
3284, 1.050076347205089e-01, 1.015314316058926e-02, 1.382835724220421e+00, 1.044964023340412e-02, 1.392993419815756e-12, -4.941814658960695e+00, -4.171865307901650e-02, -9.430954157714068e+04, 3.324683168674835e-04
3285, 1.082922592448223e-01, 4.685686168963850e-03, 1.382832957938944e+00, 1.044961932951384e-02, 1.392990709341595e-12, -4.917245057898352e+00, -1.041881754202560e-02, -9.430887606290418e+04, 3.324714750486764e-04
3286, 1.002966845744206e-01, 4.419757670919678e-03, 1.382866907039983e+00, 1.044987587183914e-02, 1.393024910600613e-12, -5.140423321315055e+00, -2.137520628479614e-01, -9.430505450535251e+04, 3.325007546665169e-04
3287, 1.017101965711277e-01, 7.065883918404295e-03, 1.382855032357094e+00, 1.044978613871909e-02, 1.393012879171528e-12, -4.985775086609408e+00, -1.614901082659838e-01, -9.430790444220486e+04, 3.324889473735904e-04
3288, 1.042945109053246e-01, 4.551608317294105e-03, 1.382842279985093e+00, 1.044968977318755e-02, 1.393000077245305e-12, -4.960931155203332e+00, -5.943074057970225e-02, -9.430811265822934e+04, 3.324838028295054e-04
3289, 1.157817299228421e-01, 7.471052514116822e-03, 1.382835696412332e+00, 1.044964002326730e-02, 1.392993424149031e-12, -4.922879080507238e+00, 4.196759546045751e-03, -9.431029732935806e+04, 3.324461591890446e-04
3290, 9.829777240579239e-02, 4.353805695031730e-03, 1.382889491120438e+00, 1.045004653239677e-02, 1.393047684857802e-12, -5.350531490093189e+00, -3.731291783158258e-01, -9.430172184599878e+04, 3.325112861189714e-04
3291, 1.102909100398734e-01, 4.754181355577304e-03, 1.382830882429170e+00, 1.044960364556086e-02, 1.392988638500547e-12, -4.913684511139652e+00, -1.767166475300793e-03, -9.430902572403391e+04, 3.324642409424754e-04
3292, 1.127183220557395e-01, 7.422746199259068e-03, 1.382835571252245e+00, 1.044963907747317e-02, 1.392993291462729e-12, -4.921490183585761e+00, 1.827385485815739e-03, -9.431020577044906e+04, 3.324546539487770e-04
3293, 9.571346233075995e-02, 6.868007626872639e-03, 1.382934978325418e+00, 1.045039026442436e-02, 1.393093614536401e-12, -5.254514522804834e+00, -7.894286962238870e-01, -9.429934957779218e+04, 3.325231329940785e-04
3294, 9.518517767883122e-02, 7.717066529465011e-03, 1.382943697353332e+00, 1.045045615128516e-02, 1.393102458052933e-12, -5.093045765109746e+00, -8.401553193696160e-01, -9.429881386708327e+04, 3.325235118094904e-04
3295, 9.418572165212777e-02, 7.684089949336192e-03, 1.382970888356635e+00, 1.045066162486179e-02, 1.393129698922256e-12, -5.126949062415988e+00, -1.040834800680529e+00, -9.429545284839263e+04, 3.325286053051692e-04
3296, 9.468829967838574e-02, 8.549376261239101e-03, 1.382951716822125e+00, 1.045051675180503e-02, 1.393110647392936e-12, -4.914139661330758e+00, -8.422670320166314e-01, -9.429841280143561e+04, 3.325223904696411e-04
3297, 9.374865966204493e-02, 8.510617187731162e-03, 1.382981699498303e+00, 1.045074332114644e-02, 1.393140934709635e-12, -4.893439771843650e+00, -1.025022651065160e+00, -9.429539467116847e+04, 3.325249402920007e-04
3298, 9.566258681896347e-02, 8.565837261314799e-03, 1.382923886733483e+00, 1.045030644886816e-02, 1.393082657243531e-12, -4.931094516252375e+00, -6.849097050766152e-01, -9.430063824631911e+04, 3.325162053256723e-04
3299, 9.530950234689996e-02, 9.359214365302567e-03, 1.382920901464718e+00, 1.045028389016214e-02, 1.393079950744812e-12, -4.787008949699425e+00, -6.536333932095721e-01, -9.429988241781801e+04, 3.325132817019767e-04
3300, 9.618567176078194e-02, 7.744513153361834e-03, 1.382921107545638e+00, 1.045028544744867e-02, 1.393079740804922e-12, -5.059627833430656e+00, -6.656404635152265e-01, -9.430159549203221e+04, 3.325171113471537e-04
3301, 9.665802113478932e-02, 8.595138707954825e-03, 1.382906944244427e+00, 1.045017841998361e-02, 1.393065578021373e-12, -4.938808293537138e+00, -5.401703999102339e-01, -9.430352744453002e+04, 3.325109257954928e-04
3302, 9.718463014443714e-02, 7.775958792384179e-03, 1.382901581860930e+00, 1.045013789819394e-02, 1.393060039456513e-12, -5.028168911049927e+00, -5.161504903991546e-01, -9.430367864633483e+04, 3.325104251922753e-04
3303, 9.765525706611758e-02, 8.665091725634408e-03, 1.382886538142802e+00, 1.045002421770432e-02, 1.393044994001076e-12, -4.942963183461996e+00, -4.134817388385203e-01, -9.430488695097943e+04, 3.325039811496899e-04
3304, 9.712697156577214e-02, 9.514158525200293e-03, 1.382883910175902e+00, 1.045000435901237e-02, 1.393042172594812e-12, -4.860601489893829e+00, -4.139296454258144e-01, -9.430393530822749e+04, 3.325024569522302e-04
3305, 9.824266794022031e-02, 7.720417445050333e-03, 1.382888163533653e+00, 1.045003650025482e-02, 1.393046479440875e-12, -5.013988464912825e+00, -4.029293548957366e-01, -9.430553562065597e+04, 3.325045800837113e-04
3306, 9.846771144981853e-02, 9.249307389317979e-03, 1.382875194155362e+00, 1.044993849487730e-02, 1.393033157723247e-12, -4.897418100496570e+00, -3.327817438573907e-01, -9.430645009444880e+04, 3.324979984951487e-04
3307, 1.062934307795407e-01, 4.617330373676218e-03, 1.382836710773478e+00, 1.044964768846500e-02, 1.392994473618031e-12, -4.930448046583158e+00, -2.795672191670159e-02, -9.430863792606376e+04, 3.324766463453114e-04
3308, 9.430000023185672e-02, 4.221495087724558e-03, 1.382935533855137e+00, 1.045039446238193e-02, 1.393094035010848e-12, -6.307039840286695e+00, -9.862054712670724e-01, -9.428482384887259e+04, 3.325302890840590e-04
3309, 9.482824326393915e-02, 3.372758780569796e-03, 1.382919694135257e+00, 1.045027476676569e-02, 1.393078075165123e-12, -6.340740012269156e+00, -7.567456217182432e-01, -9.428454122286435e+04, 3.325269639100827e-04
3310, 9.582769235400192e-02, 3.405789126605054e-03, 1.382913201176994e+00, 1.045022570158989e-02, 1.393071573810994e-12, -5.992662453735019e+00, -6.003536795166031e-01, -9.429079781762624e+04, 3.325235777821512e-04
3311, 9.535629710686488e-02, 2.530502724518031e-03, 1.382913126875397e+00, 1.045022514011686e-02, 1.393071459531844e-12, -6.299051550024068e+00, -5.379854189005111e-01, -9.428488259915593e+04, 3.325250365725495e-04
3312, 9.635567139421902e-02, 2.565956196826927e-03, 1.382904924638843e+00, 1.045016315848042e-02, 1.393063262047884e-12, -5.954608917477424e+00, -4.264573819598820e-01, -9.429079323351747e+04, 3.325211706412042e-04
3313, 9.435685519837332e-02, 2.497087870899905e-03, 1.382911882674374e+00, 1.045021573809402e-02, 1.393070127751384e-12, -6.738775786211058e+00, -6.740567441220231e-01, -9.427610896857257e+04, 3.325266427525018e-04
3314, 9.682709544050162e-02, 3.440319671919761e-03, 1.382902484705525e+00, 1.045014472069717e-02, 1.393060798720972e-12, -5.720435864788573e+00, -4.710213287216427e-01, -9.429533652952228e+04, 3.325189628936733e-04
3315, 9.735526022025350e-02, 2.594901175813007e-03, 1.382894160338261e+00, 1.045008181615865e-02, 1.393052449301085e-12, -5.686450999302181e+00, -3.310233611277360e-01, -9.429519546763037e+04, 3.325166266734575e-04
3316, 9.684550646372994e-02, 1.720775673635278e-03, 1.382917305143425e+00, 1.045025671393066e-02, 1.393075735576195e-12, -5.873290459845132e+00, -2.764405550472963e-01, -9.429310684453339e+04, 3.325232144825253e-04
3317, 1.038001344924661e-01, 7.227189357037049e-03, 1.382845730923219e+00, 1.044971585080565e-02, 1.393003515578888e-12, -4.941193574169369e+00, -8.229483350416324e-02, -9.430899983958811e+04, 3.324817850391673e-04
3318, 9.971128423491418e-02, 6.999933390469362e-03, 1.382873119774650e+00, 1.044992281945631e-02, 1.393031113707076e-12, -5.041661994391013e+00, -2.838844218468567e-01, -9.430648279230934e+04, 3.324983814206513e-04
3319, 9.629885574157712e-02, 4.288076218666362e-03, 1.382916114937264e+00, 1.045024771992947e-02, 1.393074515635993e-12, -5.711866694906180e+00, -6.197761737209067e-01, -9.429584399059400e+04, 3.325222840826168e-04
3320, 1.122900993821779e-01, 4.815917182666884e-03, 1.382830073633659e+00, 1.044959753375596e-02, 1.392987839508535e-12, -4.913930642347237e+00, 1.539142612666611e-03, -9.430911004293741e+04, 3.324582805820618e-04
3321, 1.128192848325136e-01, 3.967082838126092e-03, 1.382827936609835e+00, 1.044958138496132e-02, 1.392985722060193e-12, -4.912121028820031e+00, 1.791022123798936e-03, -9.430873169271518e+04, 3.324568942626871e-04
3322, 1.147545782136411e-01, 5.760948049793282e-03, 1.382831681531528e+00, 1.044960968411766e-02, 1.392989435509637e-12, -4.917910512275396e+00, 3.312264935707031e-03, -9.430954186662156e+04, 3.324507498459076e-04
3323, 1.022955969042765e-01, 4.485708253842404e-03, 1.382851265252269e+00, 1.044975767193198e-02, 1.393009134815599e-12, -5.022747569329849e+00, -1.159232360252965e-01, -9.430695902838954e+04, 3.324916069030587e-04
3324, 9.772252936991722e-02, 6.910426405628695e-03, 1.382901958842179e+00, 1.045014074691875e-02, 1.393060308325234e-12, -5.122466485586902e+00, -4.812854731817611e-01, -9.430434647964810e+04, 3.325108786619990e-04
3325, 1.094558089265703e-01, 9.313320896596458e-03, 1.382837117906013e+00, 1.044965076503321e-02, 1.392994802855248e-12, -4.929680336074792e+00, -5.396834119711274e-03, -9.431046096106929e+04, 3.324583106651232e-04
3326, 9.382877169559825e-02, 3.340694614778237e-03, 1.382918843220784e+00, 1.045026833668152e-02, 1.393077150963833e-12, -6.779870821323203e+00, -9.410154480725424e-01, -9.427584254743412e+04, 3.325283600086277e-04
3327, 1.118220139342282e-01, 3.936026676031339e-03, 1.382828352058338e+00, 1.044958452437068e-02, 1.392986130762637e-12, -4.911536111823713e+00, 9.306472832184651e-04, -9.430872108600955e+04, 3.324597985509364e-04
3328, 1.148881181781475e-01, 2.325497038012807e-03, 1.382823167334704e+00, 1.044954534509887e-02, 1.392981000046061e-12, -4.911035750065535e+00, 1.736556008421253e-03, -9.430797963318881e+04, 3.324503771804642e-04
3329, 1.176269937402479e-01, 6.515007166614750e-03, 1.382833414465647e+00, 1.044962277933768e-02, 1.392991159968684e-12, -4.922345883944876e+00, 5.879151644400383e-03, -9.430992805815676e+04, 3.324430049268823e-04
3330, 1.167397096860175e-01, 6.992794284650076e-03, 1.382834509934759e+00, 1.044963105744181e-02, 1.392992240850389e-12, -4.922485115054728e+00, 4.987172599592657e-03, -9.431011212196428e+04, 3.324443989008870e-04
3331, 1.108245137762737e-01, 3.905423339513310e-03, 1.382828900785701e+00, 1.044958867092509e-02, 1.392986672627323e-12, -4.911396864063950e+00, -5.084735083116500e-04, -9.430869429785821e+04, 3.324628119267579e-04
3332, 9.199999999998076e-02, 1.013397459621937e-02, 1.382929217952327e+00, 1.045034673515668e-02, 1.393089881149256e-12, -4.163865285467529e+00, -9.056821254487132e-01, -9.427959707627400e+04, 3.324408591909177e-04
3333, 9.149999999998268e-02, 9.267949192436847e-03, 1.382982402916654e+00, 1.045074863665035e-02, 1.393143753871324e-12, -4.290580590797278e+00, -1.273601737864161e+00, -9.428075941436876e+04, 3.324212724288537e-04
3334, 9.247225966226637e-02, 9.291362150386629e-03, 1.382993040355861e+00, 1.045082902032194e-02, 1.393153368008519e-12, -4.501371788445756e+00, -1.112045175857964e+00, -9.428923794645038e+04, 3.324931203229687e-04
3335, 9.195870518475061e-02, 8.404834579713864e-03, 1.383033977238938e+00, 1.045113836704545e-02, 1.393194433415355e-12, -4.773919381689833e+00, -1.483474885586456e+00, -9.428859176798289e+04, 3.324892852232290e-04
3336, 9.094148716252423e-02, 8.393387089663442e-03, 1.382982789221182e+00, 1.045075155582816e-02, 1.393143352792559e-12, -4.624970427598169e+00, -1.679546464689387e+00, -9.427260389666550e+04, 3.323805695084212e-04
3337, 9.132095130254113e-02, 7.520001535956396e-03, 1.383032974580936e+00, 1.045113079028474e-02, 1.393193277383860e-12, -5.249807509553792e+00, -1.848524087856300e+00, -9.428147884179080e+04, 3.324699974802556e-04
3338, 1.009966321092143e-01, 1.013512911182499e-02, 1.382840348506917e+00, 1.044967517763462e-02, 1.392998185233474e-12, -4.939363601156669e+00, -1.471788546838668e-01, -9.430711550750665e+04, 3.324807555673636e-04
3339, 9.299029500997798e-02, 1.017020620718881e-02, 1.382913973716339e+00, 1.045023153941875e-02, 1.393073706088214e-12, -4.403186523699701e+00, -7.925668606731940e-01, -9.428489229393097e+04, 3.324860351757845e-04
3340, 8.998936443796685e-02, 1.013224763611307e-02, 1.382710537870135e+00, 1.044869424083283e-02, 1.392881541693909e-12, -3.423997836223953e+00, -8.511090937447072e-01, -9.421706179766376e+04, 3.319459771740072e-04
3341, 9.035289598815235e-02, 2.386925328648107e-03, 1.382769160673035e+00, 1.044913723430559e-02, 1.392925261484886e-12, -9.923310660873812e+00, -1.546948047394780e+00, -9.420195419924347e+04, 3.324871955858710e-04
3342, 9.086190513769263e-02, 1.550836751360853e-03, 1.382871143997130e+00, 1.044990788914762e-02, 1.393028010211513e-12, -9.718846388308481e+00, -1.039978360182262e+00, -9.421207924282693e+04, 3.325192433797312e-04
3343, 1.098260478160517e-01, 3.873686727678003e-03, 1.382829688148131e+00, 1.044959462076714e-02, 1.392987453010200e-12, -4.912060765432435e+00, -2.829620841307261e-03, -9.430865082619194e+04, 3.324660890909238e-04
3344, 1.088272170802540e-01, 3.840950388639512e-03, 1.382830781875875e+00, 1.044960288571230e-02, 1.392988539556141e-12, -4.914145340577982e+00, -6.391012150295770e-03, -9.430858435459404e+04, 3.324701828313782e-04
3345, 9.371923884772500e-02, 6.795671970984947e-03, 1.382979399738663e+00, 1.045072594261010e-02, 1.393138197254286e-12, -5.470109256658330e+00, -1.240119442246119e+00, -9.429105417885340e+04, 3.325323418391704e-04
3346, 9.326286915720544e-02, 7.610777704938870e-03, 1.383009393251544e+00, 1.045095259384096e-02, 1.393168633117962e-12, -5.169529667211434e+00, -1.288286961108249e+00, -9.429294183923968e+04, 3.325314768343080e-04
3347, 9.897839117783269e-02, 1.014350987575770e-02, 1.382850280196237e+00, 1.044975022818366e-02, 1.393008022474862e-12, -4.917231519746726e+00, -2.498388551336758e-01, -9.430530639599486e+04, 3.324884297413948e-04
3348, 1.078241063852712e-01, 3.801517720120298e-03, 1.382832235008619e+00, 1.044961386656428e-02, 1.392989988264547e-12, -4.918493756804477e+00, -1.162936553334055e-02, -9.430848389713014e+04, 3.324606021111114e-04
3349, 1.068233256406891e-01, 3.762888506263759e-03, 1.382834065590437e+00, 1.044962769967627e-02, 1.392991823413992e-12, -4.925937513349258e+00, -1.903006980590045e-02, -9.430834164515360e+04, 3.324742523110745e-04
3350, 1.058206657338590e-01, 3.731650654008967e-03, 1.382836434000539e+00, 1.044964559698184e-02, 1.392994204231412e-12, -4.937686899554380e+00, -2.899847119579708e-02, -9.430815361529139e+04, 3.324784732997227e-04
3351, 1.048227947406177e-01, 3.702591984110981e-03, 1.382839327618579e+00, 1.044966746311314e-02, 1.392997118542480e-12, -4.955063598012479e+00, -4.248221337039788e-02, -9.430787883140007e+04, 3.324823261385860e-04
3352, 1.167426627099314e-01, 5.900575317705018e-03, 1.382831764772517e+00, 1.044961031314276e-02, 1.392989523676163e-12, -4.920224697176561e+00, 4.783122207563438e-03, -9.430961393612479e+04, 3.324455677125255e-04
3353, 1.038214043194282e-01, 3.668357064866729e-03, 1.382842799075356e+00, 1.044969369578401e-02, 1.393000619236353e-12, -4.979908556932985e+00, -6.033874628779930e-02, -9.430744194824710e+04, 3.324861676569855e-04
3354, 1.028234671286453e-01, 3.636325928289212e-03, 1.382847190711662e+00, 1.044972688195257e-02, 1.393005053548213e-12, -5.015437710509530e+00, -8.404162071983487e-02, -9.430679814064059e+04, 3.324901507672822e-04
3355, 1.018244262362959e-01, 3.603666192212052e-03, 1.382852921896372e+00, 1.044977019065315e-02, 1.393010840205605e-12, -5.064968192535034e+00, -1.160494899140107e-01, -9.430593483671837e+04, 3.324943869550760e-04
3356, 1.008245641503362e-01, 3.570386325680999e-03, 1.382860286603685e+00, 1.044982584335326e-02, 1.393018272206570e-12, -5.132939554749365e+00, -1.579323637142284e-01, -9.430482118419290e+04, 3.324989333357410e-04
3357, 9.782656490035613e-02, 3.472882184477142e-03, 1.382890712412460e+00, 1.045005576130373e-02, 1.393048947230149e-12, -5.509075674033833e+00, -3.655322116998605e-01, -9.429875783654628e+04, 3.325139050958347e-04
3358, 9.982503426598641e-02, 3.537419091207793e-03, 1.382869197925588e+00, 1.044989318331727e-02, 1.393027261312724e-12, -5.224967762475893e+00, -2.118735063359365e-01, -9.430335445032372e+04, 3.325037588149105e-04
3359, 9.882498213971903e-02, 3.504333813677048e-03, 1.382879288142622e+00, 1.044996943180872e-02, 1.393037435046151e-12, -5.347531672341389e+00, -2.807106311250623e-01, -9.430136160023900e+04, 3.325087498565190e-04
3360, 9.047942105444187e-02, 9.264287505900729e-03, 1.382868966753289e+00, 1.044989143642342e-02, 1.393032866654647e-12, -3.993844422795755e+00, -1.355494652386807e+00, -9.425016362219406e+04, 3.322126863739846e-04
3361, 8.983164156534974e-02, 8.370860550523261e-03, 1.382824484973366e+00, 1.044955530206631e-02, 1.392984027703283e-12, -4.390885066889510e+00, -1.825685164984297e+00, -9.422456257983802e+04, 3.320823180015052e-04
3362, 9.230126701188199e-02, 4.155045808749563e-03, 1.382923736729142e+00, 1.045030531533410e-02, 1.393082032857294e-12, -7.258856916776811e+00, -1.516621325080998e+00, -9.426378180817682e+04, 3.325275068168610e-04
3363, 9.282640286278868e-02, 3.310764912461174e-03, 1.382906527330317e+00, 1.045017526949915e-02, 1.393064637060432e-12, -7.337821102344227e+00, -1.160622222020065e+00, -9.426370931178865e+04, 3.325271148552242e-04
3364, 9.335445885195964e-02, 2.481693079912578e-03, 1.382900931421696e+00, 1.045013298303601e-02, 1.393058945330660e-12, -7.295050019378576e+00, -8.247861742055849e-01, -9.426400821080244e+04, 3.325264183829449e-04
3365, 8.183900848960853e-02, 2.937588797524452e-03, 1.379926570493567e+00, 1.042765670398219e-02, 1.390070703947606e-12, -2.556724792044351e+01, -2.162953488211410e+00, -9.434622396726962e+04, 3.301113814758768e-04
3366, 8.141737057549453e-02, 2.024352915485912e-03, 1.379624223937434e+00, 1.042537196930105e-02, 1.389783146941038e-12, -2.895655096075323e+01, -1.308534410512636e+00, -9.451917114733688e+04, 3.307004136929459e-04
3367, 8.977406792156362e-02, 4.938088724448171e-03, 1.382882822640190e+00, 1.044999614085843e-02, 1.393040521545168e-12, -8.199009232681803e+00, -2.685390257696602e+00, -9.423429129613325e+04, 3.324378374744467e-04
3368, 8.436998402635779e-02, 2.200076016758307e-03, 1.380527168389918e+00, 1.043219522712842e-02, 1.390660602906123e-12, -2.192595323174579e+01, -3.318769678700157e+00, -9.391234353108179e+04, 3.315396851911732e-04
3369, 8.485354215413687e-02, 1.454593904831198e-03, 1.381229346011965e+00, 1.043750135525471e-02, 1.391369872979901e-12, -2.202508501290278e+01, -2.487655674850237e+00, -9.395897449255176e+04, 3.319495596144452e-04
3370, 8.630547648307947e-02, 3.958473304549672e-03, 1.381929681200166e+00, 1.044279356070712e-02, 1.392078094098632e-12, -1.370089100830221e+01, -4.282945746386877e+00, -9.404032298721504e+04, 3.317408144263977e-04
3371, 8.820447585825524e-02, 7.481875967137033e-03, 1.383014741600469e+00, 1.045099300957593e-02, 1.393159811796114e-12, -5.022401515127207e+00, -2.576436045199358e+00, -9.417674201361589e+04, 3.313987713001632e-04
3372, 8.877439508837397e-02, 4.905744308771864e-03, 1.382742336000026e+00, 1.044893452896803e-02, 1.392898254349385e-12, -8.940907879103438e+00, -3.209200767896974e+00, -9.419963267356461e+04, 3.323000111139718e-04
3373, 8.830374952814603e-02, 4.024299993133203e-03, 1.382615696617014e+00, 1.044797755630042e-02, 1.392770551101547e-12, -1.074448395047557e+01, -3.245169657266223e+00, -9.417452980396469e+04, 3.323066975174019e-04
3374, 8.677450529803954e-02, 4.840530187278992e-03, 1.382306629521222e+00, 1.044564203668488e-02, 1.392457706696599e-12, -1.092093227091835e+01, -4.283976841352869e+00, -9.407741994266991e+04, 3.316235470564849e-04
3375, 8.730486486289891e-02, 3.991756984422205e-03, 1.382319676034805e+00, 1.044574062494871e-02, 1.392471634426092e-12, -1.208665312610300e+01, -3.785059338365260e+00, -9.411677758963387e+04, 3.320896294804255e-04
3376, 8.783310492618808e-02, 3.149193286868010e-03, 1.382434424792117e+00, 1.044660774402159e-02, 1.392587349309227e-12, -1.267837099345263e+01, -3.033421299331500e+00, -9.413795385279492e+04, 3.323014757943463e-04
3377, 8.833943426133531e-02, 2.316565442949757e-03, 1.382501181505803e+00, 1.044711220281519e-02, 1.392654332480328e-12, -1.279853703136317e+01, -2.217581081902656e+00, -9.413697337640291e+04, 3.323886542382069e-04
3378, 8.784372522326930e-02, 1.527020976366457e-03, 1.382425750551582e+00, 1.044654219560445e-02, 1.392578569674876e-12, -1.445932203232693e+01, -1.753415754882282e+00, -9.409674005134829e+04, 3.323818167591310e-04
3379, 1.012243589743123e-01, 8.549225139922178e-04, 1.382875865566029e+00, 1.044994356850950e-02, 1.393033723929402e-12, -5.120834840475899e+00, -4.774263166839899e-02, -9.430579076350800e+04, 3.325038217078728e-04
3380, 1.110962771931076e-01, 8.295599204750547e-04, 1.382824181581780e+00, 1.044955300943448e-02, 1.392981955610314e-12, -4.905406869893712e+00, -4.059941721277107e-05, -9.430773487859145e+04, 3.324611872972978e-04
3381, 1.091217948717726e-01, 8.549225139918274e-04, 1.382826472346234e+00, 1.044957031999712e-02, 1.392984208780180e-12, -4.908049078928786e+00, -1.337126867986880e-03, -9.430771851265289e+04, 3.324657675126329e-04
3382, 1.032476424958269e-01, 9.164334991376295e-04, 1.382851103063472e+00, 1.044975644632394e-02, 1.393008898857422e-12, -5.001753231429153e+00, -2.478227710123396e-02, -9.430659868261033e+04, 3.324919495602749e-04
3383, 9.533774262472849e-02, 8.548882209919871e-04, 1.383012566735630e+00, 1.045097657482895e-02, 1.393171723399542e-12, -6.441661199347966e+00, -2.552023885332823e-01, -9.429180680922105e+04, 3.325477906911056e-04
3384, 9.334965389274968e-02, 8.348456906460311e-04, 1.383069227453151e+00, 1.045140474146010e-02, 1.393229118230435e-12, -7.549398904716847e+00, -4.040640969528606e-01, -9.427510916692809e+04, 3.325693327081620e-04
3385, 9.924999999995146e-02, 8.549225139902944e-04, 1.382910455218145e+00, 1.045020495127109e-02, 1.393068544931577e-12, -5.347449190074660e+00, -8.857866498585447e-02, -9.430368762351538e+04, 3.325184648320510e-04
3386, 8.246794871793210e-02, 8.549225139871820e-04, 1.379290445370082e+00, 1.042284971312460e-02, 1.389428187563457e-12, -2.994143876975109e+01, -1.384659958892481e+00, -9.383829561684276e+04, 3.313664858879847e-04
3387, 1.146261445482879e-01, 9.225208445851755e-03, 1.382838100261189e+00, 1.044965818837206e-02, 1.392995802265256e-12, -4.926462306911700e+00, 2.940667358676883e-03, -9.431071429022741e+04, 3.324461051693395e-04
3388, 9.786226497592351e-02, 1.750172617573624e-03, 1.382901516532621e+00, 1.045013740452912e-02, 1.393059918203352e-12, -5.619219997246211e+00, -2.137507560561695e-01, -9.429678621792563e+04, 3.325178320392148e-04
3389, 1.045245368468477e-01, 9.189635026749472e-03, 1.382841010558327e+00, 1.044968018054196e-02, 1.392998775889254e-12, -4.933807815047086e+00, -5.287289360159418e-02, -9.430958177789385e+04, 3.324739425377918e-04
3390, 8.721684902043023e-02, 7.469625751253314e-03, 1.384967441504431e+00, 1.046574892824564e-02, 1.395128489187889e-12, -4.992088050961939e+00, -2.577264542992318e+00, -9.446285486659450e+04, 3.306639851410946e-04
3391, 9.729805126104313e-02, 8.528248480445384e-04, 1.382961376259724e+00, 1.045058974503619e-02, 1.393119922449406e-12, -5.754696252755672e+00, -1.574507761120325e-01, -9.430005362556738e+04, 3.325312045696970e-04
3392, 8.079088555994621e-02, 4.108493566766393e-03, 1.380507594537326e+00, 1.043204731388466e-02, 1.390639666420542e-12, -1.646837073037736e+01, -2.580734294250330e-01, -9.628381387052682e+04, 3.276807183320256e-04
3393, 9.585933472311076e-02, 1.710026740297681e-03, 1.382927416791914e+00, 1.045033312437265e-02, 1.393085947031445e-12, -6.201333476976711e+00, -3.514899631665819e-01, -9.428745616982078e+04, 3.325275194742473e-04
3394, 1.177203174966550e-01, 4.505088726818960e-03, 1.382827447652255e+00, 1.044957769006774e-02, 1.392985256354929e-12, -4.918980463785069e+00, 5.140286278033358e-03, -9.430886454578151e+04, 3.324427458784124e-04
3395, 8.875900900904862e-02, 8.353337391627576e-03, 1.382908993131144e+00, 1.045019390275481e-02, 1.393058114382015e-12, -4.119324741846020e+00, -1.899735030850375e+00, -9.418480075779243e+04, 3.314974256462922e-04
3396, 8.699999999999640e-02, 1.019312630715093e-02, 1.392462605774494e+00, 1.052238744917790e-02, 1.402797611126262e-12, -2.273534289521518e+00, 2.769385182100687e-02, -9.597227582612641e+04, 3.296742829069823e-04
3397, 1.122037507426249e-01, 8.247871861041865e-03, 1.382836814041819e+00, 1.044964846883021e-02, 1.392994521402060e-12, -4.924026697382348e+00, 9.862522851207761e-04, -9.431043979529144e+04, 3.324546255077498e-04
3398, 9.486317762142815e-02, 1.692482366192723e-03, 1.382934045523634e+00, 1.045038321554435e-02, 1.393092624385020e-12, -6.621750771926846e+00, -4.398587549459221e-01, -9.427969148140257e+04, 3.325310142934730e-04
3399, 1.056491465225129e-01, 7.148331477321251e-03, 1.382841131649739e+00, 1.044968109559040e-02, 1.392998899271069e-12, -4.928547555304822e+00, -4.217476207568761e-02, -9.430956710309215e+04, 3.324761984061981e-04
3400, 8.069672693519415e-02, 1.438635079549733e-03, 1.378079201671638e+00, 1.041369673807335e-02, 1.388241498142567e-12, -2.882672952273016e+01, -4.732796960769940e-01, -9.535475489990275e+04, 3.305899744675745e-04
3401, 9.030499235422942e-02, 7.517810527169481e-03, 1.382943721714312e+00, 1.045045633537322e-02, 1.393102829759603e-12, -5.219010026440451e+00, -2.118622148622110e+00, -9.425601611797424e+04, 3.323259999723652e-04
3402, 1.169818913160490e-01, 7.351238977337892e-04, 1.382817701173843e+00, 1.044950403909738e-02, 1.392975545124004e-12, -4.912475941530622e+00, 1.337961972006308e-03, -9.430720619922651e+04, 3.324431516853420e-04
3403, 9.387394028866619e-02, 1.679428496695613e-03, 1.382933283242685e+00, 1.045037745523492e-02, 1.393091917052678e-12, -7.156823289927241e+00, -5.476085642801718e-01, -9.426848130749114e+04, 3.325334151086114e-04
3404, 1.143843440333145e-01, 1.472902723311107e-03, 1.382821797209173e+00, 1.044953499150544e-02, 1.392979620877805e-12, -4.909180678300149e+00, 1.244150748957808e-03, -9.430771031350845e+04, 3.324512693723239e-04
3405, 1.155677216687902e-01, 9.294681643971806e-03, 1.382838405204033e+00, 1.044966049272605e-02, 1.392996106199231e-12, -4.926666558985786e+00, 3.783256443248676e-03, -9.431076398876296e+04, 3.324432469002544e-04
3406, 9.284267698987861e-02, 1.640814692595834e-03, 1.382932378917002e+00, 1.045037062153959e-02, 1.393090828047706e-12, -7.823648055554759e+00, -6.741436464671584e-01, -9.425520145990535e+04, 3.325383373076876e-04
3407, 9.177952978981536e-02, 6.693254122189195e-03, 1.383026119176593e+00, 1.045107898622167e-02, 1.393185672020267e-12, -5.825057292923345e+00, -1.857368556253129e+00, -9.428137383616352e+04, 3.325139615391903e-04
3408, 9.036319077481494e-02, 7.789966703012003e-04, 1.383119731281166e+00, 1.045178638247784e-02, 1.393279722149896e-12, -1.057281094203116e+01, -7.579767916864187e-01, -9.422633679388683e+04, 3.325794652516181e-04
3409, 1.160860817297365e-01, 8.447364298811110e-03, 1.382837524894326e+00, 1.044965384051160e-02, 1.392995243808058e-12, -4.925222470490330e+00, 4.436079664174771e-03, -9.431061779864623e+04, 3.324434441044995e-04
3410, 9.183282545811393e-02, 1.596777817749259e-03, 1.382902936730087e+00, 1.045014813649994e-02, 1.393060949463107e-12, -8.662198393696773e+00, -8.380590685057484e-01, -9.423488472301757e+04, 3.325196514609309e-04
3411, 9.135109857276534e-02, 7.769119193080119e-04, 1.383103740275162e+00, 1.045166554364155e-02, 1.393263702413692e-12, -9.322154776386411e+00, -6.082721540859432e-01, -9.424440426769007e+04, 3.325767525812728e-04
3412, 1.112480904884754e-01, 8.169533572883022e-03, 1.382836620552176e+00, 1.044964700669187e-02, 1.392994325546111e-12, -4.924068076551866e+00, -2.234098802746042e-04, -9.431038789993656e+04, 3.324566984517277e-04
3413, 1.177453731680721e-01, 2.519469699978003e-03, 1.382821887152222e+00, 1.044953567117581e-02, 1.392979781111983e-12, -4.916359273638460e+00, 3.541181682728525e-03, -9.430789582174312e+04, 3.324420424048072e-04
3414, 8.984081301010946e-02, 1.559231005392653e-03, 1.382784220415701e+00, 1.044925103588745e-02, 1.392940257031475e-12, -1.100525382750955e+01, -1.236599635984439e+00, -9.418149885279199e+04, 3.324935361102179e-04
3415, 8.885097175874537e-02, 1.540183388166071e-03, 1.382659907046616e+00, 1.044831164015129e-02, 1.392814470843453e-12, -1.257664627384437e+01, -1.502635712905313e+00, -9.414710725903435e+04, 3.324545731193192e-04
3416, 9.338855751531074e-02, 9.314190376587197e-03, 1.382969839343591e+00, 1.045065369781107e-02, 1.393129463171097e-12, -4.637237128350076e+00, -9.362492098869221e-01, -9.429323385673013e+04, 3.325132859859231e-04
3417, 8.738659586129627e-02, 7.527884742341591e-04, 1.382745785325439e+00, 1.044896059439933e-02, 1.392902523034565e-12, -1.602790203985172e+01, -1.235735689265070e+00, -9.411294825199846e+04, 3.324657405078904e-04
3418, 8.836890168901645e-02, 7.653861164291157e-04, 1.382934859756941e+00, 1.045038936844090e-02, 1.393093189094235e-12, -1.387692767250475e+01, -1.067465625848511e+00, -9.416276915053312e+04, 3.325239763352935e-04
3419, 1.098666281248938e-01, 8.478926076625906e-03, 1.382836518989925e+00, 1.044964623921894e-02, 1.392994225046995e-12, -4.926463934156026e+00, -3.216565228008658e-03, -9.431033097683865e+04, 3.324589239462334e-04
3420, 1.160240836437219e-01, 7.176829410341646e-04, 1.382819056262283e+00, 1.044951427906040e-02, 1.392976898523558e-12, -4.910586127897468e+00, 8.981042194155131e-04, -9.430734907424285e+04, 3.324460602518996e-04
3421, 8.587389487634196e-02, 1.478708129855908e-03, 1.381817827408184e+00, 1.044194831794653e-02, 1.391963049398832e-12, -1.922470268388233e+01, -2.305758395004319e+00, -9.399983798385948e+04, 3.321626421698207e-04
3422, 9.497037305524553e-02, 1.023113000640699e-02, 1.382884379631077e+00, 1.045000790653262e-02, 1.393043589975090e-12, -4.691693521555651e+00, -5.862914488467251e-01, -9.429503098465194e+04, 3.325015813553298e-04
3423, 1.155074617095432e-01, 1.532404512516572e-03, 1.382821196474248e+00, 1.044953045194679e-02, 1.392979040420538e-12, -4.910688552147738e+00, 1.334477616581248e-03, -9.430766655494960e+04, 3.324482031459469e-04
3424, 8.686266509378705e-02, 1.509960832014997e-03, 1.382138041732896e+00, 1.044436807354889e-02, 1.392287684719427e-12, -1.668195996150582e+01, -2.026746118294747e+00, -9.403993132059305e+04, 3.322848223917366e-04
3425, 9.234730591604487e-02, 7.532436999201224e-03, 1.383041274382168e+00, 1.045119350918573e-02, 1.393201203976706e-12, -5.223301788312678e+00, -1.574289346612779e+00, -9.428995965739719e+04, 3.325217366432085e-04
3426, 9.616251877311201e-02, 9.232461259697554e-03, 1.382904147775670e+00, 1.045015728797789e-02, 1.393062889682399e-12, -4.837879492936298e+00, -5.454825916181701e-01, -9.430196901923249e+04, 3.325092132760972e-04
3427, 8.437803632320663e-02, 5.521538918461029e-03, 1.388828757698951e+00, 1.049492764004301e-02, 1.399025358545088e-12, -1.051231605575230e+01, -3.871229817041968e+00, -9.537861812392219e+04, 3.296433828693835e-04
3428, 1.047637621079893e-01, 7.993359528663237e-03, 1.382841920663447e+00, 1.044968705791061e-02, 1.392999664466213e-12, -4.930733196829287e+00, -5.479458642843969e-02, -9.430940462967358e+04, 3.324768853277597e-04
3429, 1.140449591869075e-01, 6.831835722582063e-04, 1.382820828364707e+00, 1.044952767026261e-02, 1.392978646155728e-12, -4.907573225178592e+00, 7.530027182095281e-04, -9.430751732267035e+04, 3.324517089341683e-04
3430, 1.178301270189186e-01, 8.499999999998833e-03, 1.382837966803144e+00, 1.044965717987295e-02, 1.392995686195343e-12, -4.926282962528915e+00, 6.203158572639784e-03, -9.431070638171310e+04, 3.324388631886671e-04
3431, 9.286305951627047e-02, 8.444036499759824e-03, 1.383015010056085e+00, 1.045099503820777e-02, 1.393174854048427e-12, -4.854505656875780e+00, -1.247733883568255e+00, -9.429255214924927e+04, 3.325195473438235e-04
3432, 8.537218076826998e-02, 7.380981563037667e-04, 1.382251905443292e+00, 1.044522850460982e-02, 1.392404058518804e-12, -2.144040686721869e+01, -1.635625616171235e+00, -9.406031388431534e+04, 3.322916488451393e-04
3433, 8.441661741204877e-02, 7.493327988544772e-04, 1.381493053128084e+00, 1.043949410424301e-02, 1.391638015570155e-12, -2.446885807200911e+01, -1.661145770714325e+00, -9.401692382448273e+04, 3.320592955140788e-04
3434, 9.702298614681627e-02, 1.036953059453765e-02, 1.382850245797255e+00, 1.044974996824175e-02, 1.393007426615159e-12, -4.848943237761794e+00, -3.494035598157131e-01, -9.430078053520447e+04, 3.324915238395656e-04
3435, 1.160452726866167e-01, 6.557684693757014e-03, 1.382833584832435e+00, 1.044962406674415e-02, 1.392991324660019e-12, -4.920902573345270e+00, 4.333814315090619e-03, -9.430992494599930e+04, 3.324464091710649e-04
3436, 1.054999999999587e-01, 9.473738915601656e-03, 1.382838480549184e+00, 1.044966106208495e-02, 1.392996217301220e-12, -4.934266257702399e+00, -3.746135391366481e-02, -9.430985257392371e+04, 3.324690719421003e-04
3437, 8.150164802289475e-02, 3.733645059472668e-03, 1.382984522848900e+00, 1.045076465628948e-02, 1.393159247020828e-12, -2.229114641156390e+01, -1.521150775378817e+00, -9.536319552443549e+04, 3.294618046010134e-04
3438, 8.059780037737169e-02, 2.223934509713623e-03, 1.377327843786322e+00, 1.040801897067804e-02, 1.387470550701848e-12, -2.557627092034641e+01, -8.303387434379090e-01, -9.565350823535165e+04, 3.298327091752032e-04
3439, 9.434581710926128e-02, 9.359416804382032e-03, 1.382945455060170e+00, 1.045046943370462e-02, 1.393104849980374e-12, -4.725904826283306e+00, -7.868116825855289e-01, -9.429714005632978e+04, 3.325168305654041e-04
3440, 1.130638686678945e-01, 6.898128194199245e-04, 1.382821813814282e+00, 1.044953511698485e-02, 1.392979621915939e-12, -4.906373341117467e+00, 6.179731078693213e-04, -9.430759380827249e+04, 3.324545850243477e-04
3441, 8.615845859013574e-02, 1.028644487299540e-02, 1.401410945955559e+00, 1.059000714827913e-02, 1.411815400880932e-12, -1.518125952606068e+00, 2.914867449789030e-03, -9.781053467045477e+04, 3.289623214909174e-04
3442, 8.275404320588470e-02, 4.502077246362033e-03, 1.386147144088729e+00, 1.047466355734614e-02, 1.396329155341637e-12, -1.659593313859632e+01, -3.338244458232812e+00, -9.526901158784972e+04, 3.293754325622876e-04
3443, 1.125547938339149e-01, 1.479753493779296e-03, 1.382823387623844e+00, 1.044954700975234e-02, 1.392981198246759e-12, -4.906970103535328e+00, 7.739126219858277e-04, -9.430781902321901e+04, 3.324565211683217e-04
3444, 9.919064591937125e-02, 7.617219603631796e-03, 1.382881430840492e+00, 1.044998562348030e-02, 1.393039493127381e-12, -4.982734548959031e+00, -3.135483401315523e-01, -9.430734150176744e+04, 3.325002063088256e-04
3445, 1.165696312873000e-01, 7.781925946282551e-03, 1.382836373904708e+00, 1.044964514285704e-02, 1.392994108657567e-12, -4.924216265730037e+00, 4.949045766943956e-03, -9.431042697677917e+04, 3.324432457090576e-04
3446, 8.392355171548624e-02, 1.477498019392172e-03, 1.380293715520331e+00, 1.043043109965043e-02, 1.390424511124822e-12, -2.476142328466103e+01, -2.421102768742749e+00, -9.389722446221558e+04, 3.316204839252697e-04
3447, 1.001907047630512e-01, 7.631928211102536e-03, 1.382869423294716e+00, 1.044989488635855e-02, 1.393027418200241e-12, -4.961816415023834e+00, -2.360058822649772e-01, -9.430786102026865e+04, 3.324946634736453e-04
3448, 8.069699273600603e-02, 4.873893497930519e-03, 1.380983071120984e+00, 1.043564033592755e-02, 1.391015236504595e-12, -8.489066850299803e+00, 7.075318878267300e-01, -9.646789556781074e+04, 3.251767398078946e-04
3449, 1.115897435897249e-01, 1.468637478130742e-03, 1.382824298045628e+00, 1.044955388951393e-02, 1.392982102668801e-12, -4.906495826066067e+00, 2.691896935184462e-04, -9.430785325495474e+04, 3.324595583335062e-04
3450, 8.294464393486031e-02, 1.469758401990786e-03, 1.379030174856547e+00, 1.042088293342535e-02, 1.389155970485305e-12, -2.740903282490182e+01, -2.087050505316358e+00, -9.377440807280660e+04, 3.311814143364347e-04
3451, 1.177679491924295e-01, 1.026794919242904e-02, 1.382839393225528e+00, 1.044966795888343e-02, 1.392997070444785e-12, -4.928576507265277e+00, 5.584248284924705e-03, -9.431090647534447e+04, 3.324350234607915e-04
3452, 1.012096100944237e-01, 7.663763852050773e-03, 1.382862248210093e+00, 1.044984066657550e-02, 1.393020228199309e-12, -4.948362252803803e+00, -1.790455208958088e-01, -9.430864114333095e+04, 3.324903209212339e-04
3453, 1.170651311225644e-01, 4.970010506142272e-03, 1.382828997844936e+00, 1.044958940437010e-02, 1.392986787379558e-12, -4.918804582342346e+00, 4.742324085048746e-03, -9.430912456296812e+04, 3.324444638185560e-04
3454, 1.177846475568666e-01, 7.189195880107090e-04, 1.382817190670876e+00, 1.044950018139232e-02, 1.392975033061013e-12, -4.914579433942349e+00, 1.740299874675480e-03, -9.430717448309532e+04, 3.324407470973814e-04
3455, 1.105849051989659e-01, 1.467885279784725e-03, 1.382825452747850e+00, 1.044956261522343e-02, 1.392983242891863e-12, -4.906717296229214e+00, -5.101679267321333e-04, -9.430789251884285e+04, 3.324633973985738e-04
3456, 1.021908312320494e-01, 7.661079261058940e-03, 1.382856570849374e+00, 1.044979776460533e-02, 1.393014509429282e-12, -4.939778841390005e+00, -1.346933478840466e-01, -9.430916323169363e+04, 3.324865562063591e-04
3457, 8.205623715736285e-02, 1.459180324247537e-03, 1.378461089003108e+00, 1.041658253654798e-02, 1.388586350577745e-12, -2.970273039801609e+01, -1.761685192861677e+00, -9.378405257759822e+04, 3.308995033185041e-04
3458, 1.095880061551110e-01, 1.461423565193851e-03, 1.382826622383679e+00, 1.044957145378133e-02, 1.392984391207554e-12, -4.907903470198111e+00, -1.511118550326908e-03, -9.430789843359147e+04, 3.324577205625925e-04
3459, 1.031908993053560e-01, 7.675508125288765e-03, 1.382852356300389e+00, 1.044976591662809e-02, 1.393010328834308e-12, -4.935182298222260e+00, -1.046671488057230e-01, -9.430950336740777e+04, 3.324832816346331e-04
3460, 8.065182905176374e-02, 6.540619660173841e-04, 1.377765266248434e+00, 1.041132443008949e-02, 1.387876186941989e-12, -2.984000200126161e+01, -6.036471007154523e-02, -9.546387802332666e+04, 3.308322752457019e-04
3461, 1.104838047866526e-01, 8.100059489825976e-03, 1.382836131593747e+00, 1.044964331179189e-02, 1.392993832123109e-12, -4.924367806268472e+00, -1.579781971131356e-03, -9.431027690521705e+04, 3.324582140019342e-04
3462, 1.086888303008563e-01, 1.430325990935342e-03, 1.382827290221418e+00, 1.044957650041413e-02, 1.392985016530192e-12, -4.910218190079952e+00, -2.473447773489223e-03, -9.430776331957853e+04, 3.324670271996946e-04
3463, 1.102205897848385e-01, 9.392177848767660e-03, 1.382837306677390e+00, 1.044965219151716e-02, 1.392994986155261e-12, -4.928490031522911e+00, -3.016024142988372e-03, -9.431053962300856e+04, 3.324559954060797e-04
3464, 1.067840951894769e-01, 9.423034228478322e-03, 1.382836980556060e+00, 1.044964972712430e-02, 1.392994658048779e-12, -4.933561510313319e+00, -2.204793687675200e-02, -9.431006849859569e+04, 3.324654019158677e-04
3465, 1.170726516197499e-01, 3.097015645361149e-03, 1.382823723544665e+00, 1.044954954819678e-02, 1.392981586426758e-12, -4.915861402925461e+00, 3.514841650237698e-03, -9.430818930422138e+04, 3.324437432136908e-04
3466, 1.109948828704291e-01, 1.045043261574062e-02, 1.382837884024791e+00, 1.044965655434387e-02, 1.392995562138421e-12, -4.931635955702153e+00, -2.616154431353628e-03, -9.431068278713048e+04, 3.324517713768385e-04
3467, 2.209774862650262e-02, 4.040458199472821e-04, 1.570419065996856e+00, 1.186714659443608e-02, 1.581348692126334e-12, 1.219078898197791e-01, 2.189820674291408e-01, -1.107900680258786e+05, 3.652360444731761e-04
3468, 2.380228854836516e-02, 6.943070134377432e-04, 1.575446744518546e+00, 1.190513912734516e-02, 1.586625844454318e-12, 2.778810300610123e+01, -5.972009735387102e+00, -1.112705165284068e+05, 3.664027563789997e-04
3469, 2.416128558999699e-02, 6.980752567565830e-04, 1.575916610418084e+00, 1.190868975127114e-02, 1.587097797639243e-12, 3.359469660725893e+01, -5.535143531118312e+00, -1.114308321719189e+05, 3.665115907768772e-04
3470, 2.250556462160338e-02, 1.301566159819277e-04, 1.570150741887895e+00, 1.186511895633279e-02, 1.581280938994916e-12, 5.820728956018507e-01, -1.721702765677776e+00, -1.103947969850451e+05, 3.651732339164782e-04
3471, 2.292684976127241e-02, 1.394852474519064e-04, 1.571285045916234e+00, 1.187369052329756e-02, 1.582405436568660e-12, 8.934989890023054e+00, -1.986933369419727e+00, -1.103134050833891e+05, 3.654366423261652e-04
3472, 2.355819947307362e-02, 1.721032283137370e-04, 1.571998109701841e+00, 1.187907891462459e-02, 1.583092224551583e-12, 2.107929937332904e+01, -2.282311701904734e+00, -1.104289243451882e+05, 3.656018504901922e-04
3473, 2.584521796887268e-02, 7.036328631982983e-04, 1.576381477345371e+00, 1.191220259958814e-02, 1.587599062301334e-12, 5.284199201583610e+01, -3.188832162531957e+00, -1.119209590391179e+05, 3.666179571937575e-04
3474, 2.441395048358385e-02, 6.695062408515404e-04, 1.575770202206590e+00, 1.190758339199035e-02, 1.586935123874754e-12, 3.699314176514013e+01, -4.524134444399394e+00, -1.114045400404203e+05, 3.664773308502730e-04
3475, 2.559511568486625e-02, 6.722092013704938e-04, 1.576069788048865e+00, 1.190984726485387e-02, 1.587254654668824e-12, 5.030872026579357e+01, -3.255488691750557e+00, -1.117649812326247e+05, 3.665457971199747e-04
3476, 2.622159062147535e-02, 6.984247448158397e-04, 1.575934735536472e+00, 1.190882671690121e-02, 1.587174974961948e-12, 5.630288629738187e+01, -3.093168468955214e+00, -1.119158766971880e+05, 3.665137173302417e-04
3477, 2.645896371072801e-02, 6.670201950619405e-04, 1.575287428550873e+00, 1.190393522834503e-02, 1.586536714847953e-12, 5.831180478751615e+01, -2.838920516020559e+00, -1.118194210356398e+05, 3.663630169577803e-04
3478, 2.244412338076037e-02, 6.718818317695461e-04, 1.570192805544851e+00, 1.186543681772033e-02, 1.581308230209276e-12, 4.329197077847436e+00, -4.169716578765916e+00, -1.105094560309306e+05, 3.651827292596935e-04
3479, 2.817460599427429e-02, 7.085584210369577e-04, 1.572764746494538e+00, 1.188487213975812e-02, 1.583998896486551e-12, 7.097263703084533e+01, -2.577880229694160e+00, -1.120324394468157e+05, 3.657788614512759e-04
3480, 2.844429237044401e-02, 6.722731202995966e-04, 1.571553237552095e+00, 1.187571716034421e-02, 1.582759621201953e-12, 7.351636897296500e+01, -2.564447448434967e+00, -1.118395096194382e+05, 3.654977366861711e-04
3481, 2.796601109446742e-02, 7.078388174581648e-04, 1.573132801099206e+00, 1.188765340881104e-02, 1.584355657586031e-12, 6.937869254635146e+01, -2.458749968396423e+00, -1.120417827860325e+05, 3.658637357888115e-04
3482, 2.769776095204267e-02, 6.658592314858668e-04, 1.572894854985174e+00, 1.188585532734482e-02, 1.584102727458682e-12, 6.780221186912696e+01, -2.347899020678052e+00, -1.118809911390398e+05, 3.658067162169410e-04
3483, 3.008341523367228e-02, 6.885327609731305e-04, 1.566197623917118e+00, 1.183524652834188e-02, 1.577352534106880e-12, 8.383437092033304e+01, -1.020268028826347e+00, -1.117100351440027e+05, 3.642530591996518e-04
3484, 3.032620009245070e-02, 6.934321729947098e-04, 1.565862194306125e+00, 1.183271179576510e-02, 1.577022487946016e-12, 8.433665119539624e+01, -8.095980567381498e-01, -1.117264695849019e+05, 3.641749593814503e-04
3485, 2.984203370731150e-02, 6.960650355920036e-04, 1.567178670564057e+00, 1.184265997907441e-02, 1.578340039525329e-12, 8.290501661021388e+01, -1.393134027059865e+00, -1.117874327153070e+05, 3.644812984253239e-04
3486, 2.958378463038645e-02, 6.810746355826170e-04, 1.568134551927613e+00, 1.184988326393756e-02, 1.579304668188361e-12, 8.165885501087945e+01, -1.782704367326539e+00, -1.118107359558577e+05, 3.647036299519711e-04
3487, 3.396855277239854e-02, 6.974545794831322e-04, 1.560783344382912e+00, 1.179433257720180e-02, 1.571896191489357e-12, 8.098890112227170e+01, 1.883538991692719e+00, -1.119247473076143e+05, 3.629922045770210e-04
3488, 3.372979451513025e-02, 6.919372398943885e-04, 1.560523790115341e+00, 1.179237120994056e-02, 1.571634404093570e-12, 8.238999331613761e+01, 1.454553868660994e+00, -1.118297147689820e+05, 3.629317199538657e-04
3489, 3.420994470207361e-02, 6.913744870382578e-04, 1.560493414503785e+00, 1.179214167131419e-02, 1.571610704271390e-12, 7.906145262211101e+01, 2.112896270703503e+00, -1.119236124815588e+05, 3.629243324399418e-04
3490, 3.448475054882741e-02, 6.688489669747016e-04, 1.564262215566929e+00, 1.182062127632539e-02, 1.575365025445708e-12, 7.815024742968156e+01, 1.723137444714618e+00, -1.123001913112060e+05, 3.638013947473976e-04
3491, 3.213174508697444e-02, 7.014805407179704e-04, 1.562643472665959e+00, 1.180838896221219e-02, 1.573804718046810e-12, 8.402276682590947e+01, 3.676090330295956e-01, -1.117864121299912e+05, 3.634254507078845e-04
3492, 3.238447304582364e-02, 6.857595891741089e-04, 1.562397456912632e+00, 1.180652990110396e-02, 1.573523110854935e-12, 8.448266944940136e+01, 2.708373069058475e-02, -1.117337315637105e+05, 3.633680700848017e-04
3493, 3.189246763559220e-02, 6.993310912844590e-04, 1.562974712833145e+00, 1.181089203652342e-02, 1.574137580294866e-12, 8.438392422123454e+01, 5.581536560408557e-01, -1.117968545927365e+05, 3.635026296558024e-04
3494, 3.164478334570032e-02, 6.894211565116031e-04, 1.562815826226605e+00, 1.180969138206598e-02, 1.573946835136622e-12, 8.526914668397650e+01, 4.193432657455144e-01, -1.116913652178584e+05, 3.634658119524598e-04
3495, 3.606216771241289e-02, 6.973932945359489e-04, 7.782213349322581e-01, 5.880765755155891e-03, 7.838863823249539e-13, 4.848864231400081e+01, 5.024767966982430e-01, 3.464576236569121e+04, 9.938901281713751e-04
3496, 3.630600776041637e-02, 6.853580838302559e-04, 6.965636430349750e-01, 5.263705111096195e-03, 7.013080407882122e-13, 4.818909159915740e+01, 6.307565565618914e-01, 4.931910190964501e+04, 3.340675137799478e-03
3497, 3.582408295930720e-02, 6.955806407918062e-04, 8.768558570107963e-01, 6.626114788494739e-03, 8.835380630536070e-13, 4.723410821617502e+01, 1.010693615437898e+00, 1.702015407286035e+04, 3.808406643941901e-04
3498, 3.556506879305847e-02, 6.840803552307192e-04, 1.027455778777148e+00, 7.764149461792842e-03, 1.034756065734231e-12, 4.040966615033539e+01, 2.958094172462893e-01, -9.136261302537783e+03, 2.637282775183894e-04
3499, 3.769486035022036e-02, 6.884246810105498e-04, 4.455426503970573e-01, 3.366821035745894e-03, 4.490597311243387e-13, 4.970585499992335e+01, 9.031977191379901e-01, 9.357465747544615e+04, 2.472923044744899e-01
3500, 3.793593468248287e-02, 6.969311379677732e-04, 4.195798999417292e-01, 3.170628966814105e-03, 4.227646481457317e-13, 4.975969626229828e+01, 7.872092911961529e-01, 9.783664215465405e+04, 4.171455671949227e-01
3501, 3.816929089819220e-02, 6.990590499097758e-04, 3.971587261818604e-01, 3.001199442180441e-03, 4.000727033092484e-13, 4.945232661448620e+01, 6.536592535729656e-01, 1.015933738829076e+05, 6.835874735628643e-01
3502, 3.843920589924332e-02, 7.005635144402719e-04, 3.729091374054744e-01, 2.817953179386757e-03, 3.755222731068471e-13, 4.862545200182244e+01, 6.680685029549714e-01, 1.057612303924236e+05, 1.185690633891949e+00
3503, 2.402861554724840e-02, 1.311629074534043e-04, 1.569994529055641e+00, 1.186393850671878e-02, 1.581089475755567e-12, 2.933478065822678e+01, -1.111865098747899e+00, -1.103033026199527e+05, 3.651354290761428e-04
3504, 5.788051618023485e-02, 6.971861713777101e-04, 9.450762271483697e-02, 7.141633958299683e-04, 9.522817830554951e-14, 8.302640182090320e+00, 7.139882409258692e-01, 1.503436162654913e+05, 4.086225994354875e+03
3505, 5.763353072368413e-02, 6.790569586820107e-04, 9.471970645248547e-02, 7.157660437215079e-04, 9.545063415399145e-14, 8.820787472966995e+00, 6.976396195609156e-01, 1.502909510430472e+05, 4.059082424518390e+03
3506, 5.811859406640266e-02, 6.960777888596338e-04, 9.433604966723695e-02, 7.128668740597011e-04, 9.504674408457454e-14, 7.826792532430298e+00, 6.897148943343896e-01, 1.503775406952910e+05, 4.107016686533472e+03
3507, 5.837259653000020e-02, 6.864963010288829e-04, 9.422380544233223e-02, 7.120186809244131e-04, 9.492260766143057e-14, 7.346133602975102e+00, 6.363595489690668e-01, 1.503683780123142e+05, 4.120594113250278e+03
3508, 5.597610448632560e-02, 6.960304742632424e-04, 9.781615605643154e-02, 7.391649072274242e-04, 9.856541269138864e-14, 1.160661273724241e+01, 7.015224835350906e-01, 1.496117818619114e+05, 3.696936974286316e+03
3509, 5.573584334445681e-02, 6.957797096276190e-04, 9.838112860005599e-02, 7.434342211590864e-04, 9.914171424117871e-14, 1.208504148346333e+01, 7.177941903863967e-01, 1.494530642963719e+05, 3.625422525808255e+03
3510, 5.621713922755334e-02, 6.955145775372088e-04, 9.726107685714731e-02, 7.349703540842277e-04, 9.799816875170769e-14, 1.116812730932653e+01, 6.473480683113771e-01, 1.497558362278228e+05, 3.764995521938494e+03
3511, 5.649321649293798e-02, 6.781240502438079e-04, 9.659705624885477e-02, 7.299525661122487e-04, 9.732360329849256e-14, 1.071617736462020e+01, 6.166952318623866e-01, 1.498711783053077e+05, 3.838616469074087e+03
3512, 5.193112622169992e-02, 6.960776841967902e-04, 1.107995590428225e-01, 8.372762648072241e-04, 1.116669681956163e-13, 1.913283395884365e+01, 7.624712766253274e-01, 1.467056843451520e+05, 2.285890018713801e+03
3513, 5.168799820359368e-02, 6.939411504004297e-04, 1.118804386390436e-01, 8.454441206980587e-04, 1.127585798285138e-13, 1.964930772817657e+01, 7.689859078720137e-01, 1.464724806511206e+05, 2.192003846120086e+03
3514, 5.216642728071423e-02, 6.987896870544888e-04, 1.097797173100521e-01, 8.295696522170299e-04, 1.106331622062521e-13, 1.864033301371229e+01, 7.255041585082380e-01, 1.469392773141980e+05, 2.377507949158528e+03
3515, 5.242774906816777e-02, 6.784055961293874e-04, 1.086056809868467e-01, 8.206978412104433e-04, 1.094503533969437e-13, 1.813730006439069e+01, 6.512863198742984e-01, 1.471696693469744e+05, 2.480171852804393e+03
3516, 5.383365917871120e-02, 6.960280324682685e-04, 1.037451960168762e-01, 7.839687356438174e-04, 1.046240324886331e-13, 1.565037093139838e+01, 7.327791039784612e-01, 1.482159867661429e+05, 2.990839797158662e+03
3517, 5.357290594657211e-02, 6.793164672907727e-04, 1.045646746433948e-01, 7.901612693454702e-04, 1.054519778999458e-13, 1.619130085364203e+01, 7.173897318865168e-01, 1.480238138579018e+05, 2.896265685789519e+03
3518, 5.407192968945677e-02, 6.972457538445391e-04, 1.029734261273875e-01, 7.781367213655769e-04, 1.038360828536008e-13, 1.517954210888345e+01, 7.262152458769275e-01, 1.484020581614693e+05, 3.078699697057788e+03
3519, 5.431663151764535e-02, 6.837892100130355e-04, 1.021330780202561e-01, 7.717864837802257e-04, 1.029705710417046e-13, 1.469839111413632e+01, 6.937222976087761e-01, 1.485626290034120e+05, 3.168760005801268e+03
3520, 4.788614658298204e-02, 6.960779563235701e-04, 1.347152826254444e-01, 1.017999616817023e-03, 1.356844760793156e-13, 2.741330673452154e+01, 8.748146332305217e-01, 1.424181070587287e+05, 9.122047643920419e+02
3521, 4.763810960456747e-02, 6.904434978342751e-04, 1.367596842900824e-01, 1.033448495894898e-03, 1.377415809239823e-13, 2.801704017463437e+01, 8.874678930617106e-01, 1.421193270374392e+05, 8.444054741980746e+02
3522, 4.812614768504041e-02, 6.960742170087810e-04, 1.327845286293539e-01, 1.003409536242053e-03, 1.337234536473301e-13, 2.684164998476957e+01, 8.450968703096318e-01, 1.427468663664513e+05, 9.822877924438582e+02
3523, 4.838160311009151e-02, 6.854004179009180e-04, 1.306964587538070e-01, 9.876306706837759e-04, 1.316113943790793e-13, 2.626499762107332e+01, 7.726844531272737e-01, 1.430980868751593e+05, 1.060833288854517e+03
3524, 4.194733885707172e-02, 6.960776841960772e-04, 2.197475088141113e-01, 1.660560520005917e-03, 2.213879990033483e-13, 4.193373125365309e+01, 9.267586222032350e-01, 1.298092143412771e+05, 5.389853601900421e+01
3525, 4.170564019727777e-02, 6.949160121011612e-04, 2.260716449365822e-01, 1.708349961737379e-03, 2.278104238187903e-13, 4.250239040103911e+01, 9.251348524302605e-01, 1.289009776110442e+05, 4.481166145869663e+01
3526, 4.218782964461279e-02, 6.957933649087515e-04, 2.136989052814256e-01, 1.614853188524737e-03, 2.152356268331993e-13, 4.127659758971186e+01, 9.153463492011003e-01, 1.307142005940710e+05, 6.466364604889750e+01
3527, 4.245451934341435e-02, 6.791675738881286e-04, 2.071119156412672e-01, 1.565077448170931e-03, 2.085733806391565e-13, 4.052026003802604e+01, 8.797849332507811e-01, 1.317210386890011e+05, 7.874518943953197e+01
3528, 3.981717781796389e-02, 6.953620960816842e-04, 2.925742584235662e-01, 2.210888602696959e-03, 2.948096123321405e-13, 4.677032931388609e+01, 8.872861021564973e-01, 1.186582939200105e+05, 7.549886588613464e+00
3529, 3.955028081389005e-02, 6.754301994307578e-04, 3.053319328769854e-01, 2.307294203100734e-03, 3.076017477521019e-13, 4.715036916270806e+01, 8.607157746933513e-01, 1.167654871914351e+05, 5.530643450163255e+00
3530, 4.005608003721059e-02, 6.969247801291070e-04, 2.818730466360564e-01, 2.130023022438755e-03, 2.839702321364605e-13, 4.624460019645568e+01, 8.261484531477360e-01, 1.203331844182236e+05, 9.951578546852193e+00
3531, 4.029852734539616e-02, 6.864139657028210e-04, 2.713978184545209e-01, 2.050865126860534e-03, 2.733117152275474e-13, 4.561687417547691e+01, 8.127826922677542e-01, 1.219863187372862e+05, 1.313253776070694e+01
3532, 4.610405007735860e-02, 6.960776841965493e-04, 1.512837924452815e-01, 1.143202461803221e-03, 1.523498448637736e-13, 3.169741792332727e+01, 9.470657932519195e-01, 1.398426205031699e+05, 4.961804151045762e+02
3533, 4.635438095480047e-02, 6.891937696802241e-04, 1.484119631289994e-01, 1.121500980823806e-03, 1.494192804940691e-13, 3.099769540701721e+01, 9.029472742661456e-01, 1.402723122415641e+05, 5.496456662782703e+02
3534, 4.586768034173269e-02, 6.981726553971238e-04, 1.539562874137434e-01, 1.163397637887268e-03, 1.550819439191529e-13, 3.235251122629037e+01, 9.565942484513881e-01, 1.394349210994774e+05, 4.497435575354426e+02
3535, 4.561897264778005e-02, 6.840558149403343e-04, 1.568426294450909e-01, 1.185208786738741e-03, 1.580115611518821e-13, 3.304512955199033e+01, 9.094837372177662e-01, 1.390589588178568e+05, 4.055425788681927e+02
3536, 4.384384557515553e-02, 6.960776187817081e-04, 1.813416308939242e-01, 1.370339780054875e-03, 1.826930327527703e-13, 3.725240120028685e+01, 9.039524390016049e-01, 1.354593317109644e+05, 1.761031360400304e+02
3537, 4.359010721487307e-02, 6.863276704037570e-04, 1.855975412756897e-01, 1.402500311907033e-03, 1.869682443761625e-13, 3.784662333840544e+01, 9.212080005085145e-01, 1.348787507786117e+05, 1.532014737830774e+02
3538, 4.408204741477702e-02, 6.971149469846886e-04, 1.774667674719830e-01, 1.341058696261901e-03, 1.787593312981349e-13, 3.668379892687880e+01, 8.727578467339295e-01, 1.360348889608993e+05, 2.007416149704397e+02
3539, 4.432777531672966e-02, 6.820569858659526e-04, 1.734667218989148e-01, 1.310831651629206e-03, 1.746834410423303e-13, 3.605275091129002e+01, 8.470503358023427e-01, 1.366305709918025e+05, 2.293189609774109e+02
3540, 4.978968086005760e-02, 6.944850772115211e-04, 1.216661681535983e-01, 9.193916988936905e-04, 1.225963664396088e-13, 2.339844196644871e+01, 8.362478134557981e-01, 1.446043113497021e+05, 1.501953088462831e+03
3541, 4.951067915779849e-02, 6.679433631388255e-04, 1.232971911852402e-01, 9.317168099640265e-04, 1.242457343820774e-13, 2.406984209136831e+01, 8.169446938857475e-01, 1.443071350669595e+05, 1.406858656447126e+03
3542, 5.002911871266147e-02, 6.963949892365194e-04, 1.202416198434789e-01, 9.086268502026386e-04, 1.211419700566290e-13, 2.286336012209167e+01, 8.054113674837481e-01, 1.448862837540442e+05, 1.588344961330700e+03
3543, 5.026916356250841e-02, 6.894676535956076e-04, 1.187987925514166e-01, 8.977238731845698e-04, 1.196651792127641e-13, 2.235204255232110e+01, 7.402059474214067e-01, 1.451678612885808e+05, 1.677739298618968e+03
3544, 2.475610938550902e-02, 6.564590542758520e-04, 1.576030252934402e+00, 1.190954851084036e-02, 1.587167888597642e-12, 4.111328487087141e+01, -4.082490526029799e+00, -1.114579235187967e+05, 3.665374790750114e-04
3545, 2.505657633765759e-02, 6.321690718533639e-04, 1.575956690865488e+00, 1.190899262618855e-02, 1.587149302034236e-12, 4.469704587665397e+01, -3.843041868917603e+00, -1.114849956504178e+05, 3.665201070077849e-04
3546, 2.226816477361049e-02, 9.807740938087535e-05, 1.571061467362249e+00, 1.187200101281395e-02, 1.582289068261673e-12, -4.726243037763424e+00, -3.158982855611666e+00, -1.107267193871183e+05, 3.653852833978687e-04
3547, 2.742177157543772e-02, 6.520096990593313e-04, 1.573552914351258e+00, 1.189082806814649e-02, 1.584745308260478e-12, 6.592683005968927e+01, -2.376373922580167e+00, -1.118298186397340e+05, 3.659590590421584e-04
3548, 2.454665455322952e-02, 1.267269466004622e-04, 1.570132011438560e+00, 1.186497741641334e-02, 1.581250426247370e-12, 3.673980965896708e+01, -1.193870001682203e+00, -1.102962759690295e+05, 3.651668701201052e-04
3549, 2.682357175185086e-02, 6.166321915959808e-04, 1.573973812422749e+00, 1.189400865810736e-02, 1.585173753084905e-12, 6.135749635534832e+01, -2.440627489691960e+00, -1.116477219633935e+05, 3.660573418747036e-04
3550, 2.609660454249027e-02, 2.020470123163720e-04, 1.568077951765154e+00, 1.184945555490143e-02, 1.579192571487891e-12, 5.546984037129078e+01, -8.869103565485719e-01, -1.103715806215265e+05, 3.646875860458479e-04
3551, 2.322827160574688e-02, 1.684999492189961e-04, 1.571332138837871e+00, 1.187404638920415e-02, 1.582438456683055e-12, 1.457780193107722e+01, -1.982572223138493e+00, -1.102776490296233e+05, 3.654472976863351e-04
3552, 3.341586754379599e-02, 6.477297968526661e-04, 1.560188274809924e+00, 1.178983582979885e-02, 1.571311246015577e-12, 8.369743311990398e+01, 1.123997873027161e+00, -1.117009122023076e+05, 3.628536859758910e-04
3553, 2.554147994303262e-02, 1.809323769812230e-04, 1.569889952160092e+00, 1.186314825309993e-02, 1.581031851531454e-12, 5.003731811825433e+01, -1.291421614011287e+00, -1.104754652340021e+05, 3.651095174984523e-04
3554, 5.058730432948215e-02, 6.428350357807482e-04, 1.168901905794933e-01, 8.833011882581965e-04, 1.177471146510010e-13, 2.177648623139975e+01, 6.556883940983762e-01, 1.455372724203227e+05, 1.798569603092355e+03
3555, 5.542884202811559e-02, 6.504240153348884e-04, 9.901203478367500e-02, 7.482017741839059e-04, 9.979099292505801e-14, 1.273597276243983e+01, 6.908129692967218e-01, 1.492369212073875e+05, 3.535437002713463e+03
3556, 3.661313966237723e-02, 6.138306099414503e-04, 6.140971723782638e-01, 4.640532788753715e-03, 6.179192784752615e-13, 4.716166997310771e+01, 3.839761562356217e-01, 6.417525910830440e+04, 1.298224330245124e-02
3557, 2.923172693750639e-02, 6.275846193599986e-04, 1.568733343479682e+00, 1.185440813712701e-02, 1.579897882145081e-12, 7.995467625175743e+01, -2.030826748956124e+00, -1.116475833070984e+05, 3.648427948377663e-04
3558, 2.882242664389570e-02, 6.318956041816057e-04, 1.570117511278597e+00, 1.186486784341604e-02, 1.581288827108238e-12, 7.685646072216295e+01, -2.399618210636692e+00, -1.116671146502711e+05, 3.651644424014888e-04
3559, 4.062780647546979e-02, 6.380047870443348e-04, 2.579668477227184e-01, 1.949371645260013e-03, 2.597830718603848e-13, 4.461906474734026e+01, 8.092113339437568e-01, 1.241769579582667e+05, 1.868097215899129e+01
3560, 3.066074359910136e-02, 6.381424809329868e-04, 1.564369039656521e+00, 1.182142851125930e-02, 1.575506317819543e-12, 8.547188159160656e+01, -4.612763920311571e-01, -1.115170180369708e+05, 3.638275092213349e-04
3561, 2.337417078895745e-02, 6.580502926466904e-04, 1.574575170472858e+00, 1.189855292548859e-02, 1.585748184686842e-12, 1.999704088703006e+01, -6.081800712123044e+00, -1.109428631348516e+05, 3.662006852874012e-04
3562, 3.131173555966214e-02, 6.377171621414582e-04, 1.562908576346161e+00, 1.181039226458152e-02, 1.574036392200385e-12, 8.613008089507461e+01, -6.908338101334188e-02, -1.115289317546967e+05, 3.634875385194030e-04
3563, 5.463253539564478e-02, 6.412379862857327e-04, 1.010255659161819e-01, 7.634173746814406e-04, 1.018401378048896e-13, 1.411135530009119e+01, 6.454279265824157e-01, 1.487449781961642e+05, 3.283106821703239e+03
3564, 2.276534747665361e-02, 6.471891348970487e-04, 1.571420429465809e+00, 1.187471357279056e-02, 1.582523088932073e-12, 8.573173252379176e+00, -5.400742160585501e+00, -1.105472818377563e+05, 3.654678162917401e-04
3565, 4.137939143530215e-02, 6.395828137151333e-04, 2.347688490207474e-01, 1.774071906958024e-03, 2.363844738116156e-13, 4.302589269262785e+01, 8.258930225057662e-01, 1.277645448747105e+05, 3.496921347482417e+01
3566, 3.736216122549364e-02, 6.522883895963994e-04, 4.859843199306803e-01, 3.672425591416323e-03, 4.892359148013735e-13, 4.831522837612405e+01, 7.630030592732479e-01, 8.731430881995933e+04, 1.182077332197482e-01
3567, 2.770818369029671e-02, 2.070036677274837e-04, 1.565780028948391e+00, 1.183209089885533e-02, 1.576899984996890e-12, 6.986254300945112e+01, -8.164213423264379e-01, -1.104274259071820e+05, 3.641519097557362e-04
3568, 4.466966878689681e-02, 5.796166602956335e-04, 1.682003655715106e-01, 1.271035508097147e-03, 1.694049615346433e-13, 3.529496194510032e+01, 7.678278238986987e-01, 1.374162340005656e+05, 2.721466950982472e+02
3569, 5.136647498922586e-02, 6.338662358762339e-04, 1.132010337702477e-01, 8.554234289943150e-04, 1.140853876385190e-13, 2.038427731542686e+01, 7.018797726987115e-01, 1.462097826474882e+05, 2.075719278604368e+03
3570, 2.306682147126335e-02, 6.216384531896927e-04, 1.572243250164677e+00, 1.188093136144701e-02, 1.583334410960206e-12, 1.355242743432641e+01, -5.031257296491980e+00, -1.105915550381185e+05, 3.656588365564570e-04
3571, 2.816894234711174e-02, 2.078608328589601e-04, 1.564305795544175e+00, 1.182095059605271e-02, 1.575396565674141e-12, 7.300467558750051e+01, -7.011986502984270e-01, -1.103197825072838e+05, 3.638155433957901e-04
3572, 5.873424936219097e-02, 6.208134579121247e-04, 9.414337781413855e-02, 7.114109154720860e-04, 9.482489486695057e-14, 6.775049803063322e+00, 5.332177027824020e-01, 1.502847906831373e+05, 4.128596436383189e+03
3573, 2.491098108308869e-02, 2.055867338241439e-04, 1.570863135858549e+00, 1.187050228608576e-02, 1.582009805714754e-12, 4.232631989890939e+01, -1.889112635695958e+00, -1.104040521549320e+05, 3.653364300386034e-04
3574, 2.653574632019838e-02, 1.883383039729148e-04, 1.568084827274180e+00, 1.184950751088902e-02, 1.579211541443201e-12, 5.963566656268436e+01, -1.101766634438658e+00, -1.103632804995757e+05, 3.646887729993541e-04
3575, 3.393577087555195e-02, 2.006137461624549e-04, 1.554847507040104e+00, 1.174947738317558e-02, 1.565905799579827e-12, 8.473253262530041e+01, 7.526368323382311e-01, -1.105959278781370e+05, 3.616113801478488e-04
3576, 3.009569498186444e-02, 2.058255740854309e-04, 1.558550472299340e+00, 1.177745948840909e-02, 1.569623964187095e-12, 8.594887703854461e+01, -2.711564066729273e-01, -1.100890910725165e+05, 3.624744678614650e-04
3577, 3.182989129212355e-02, 1.855168460043025e-04, 1.555638333812101e+00, 1.175545340412264e-02, 1.566704022237467e-12, 8.854766864217416e+01, 3.898107752490678e-01, -1.101784378399818e+05, 3.617964054322553e-04
3578, 4.876692445622745e-02, 5.956179665591075e-04, 1.276749359039170e-01, 9.647980043118437e-04, 1.285456904957064e-13, 2.565822723900349e+01, 6.384087703841815e-01, 1.436206818980596e+05, 1.181652372434558e+03
3579, 4.200644292168178e-02, 2.154259386985966e-04, 2.198381289124015e-01, 1.661245306642845e-03, 2.214992456139044e-13, 4.255532668658616e+01, 3.175513360061094e-01, 1.299096973507952e+05, 5.471748773162589e+01
3580, 4.604877934132382e-02, 2.161341125920498e-04, 1.521574412005957e-01, 1.149804341566328e-03, 1.532163663497554e-13, 3.265710790427741e+01, 3.259317156654281e-01, 1.399068617189674e+05, 4.848513659221770e+02
3581, 3.275898236393569e-02, 6.211308343113116e-04, 1.560896516947514e+00, 1.179518778549856e-02, 1.571998836524986e-12, 8.532354865117871e+01, 3.560889672800306e-01, -1.115688489328022e+05, 3.630187506551814e-04
3582, 5.197636595010614e-02, 2.213841916090998e-04, 1.101097807161372e-01, 8.320638341269746e-04, 1.109775884810890e-13, 1.956987230443095e+01, 2.909433937757420e-01, 1.470178673020939e+05, 2.332141897386984e+03
3583, 5.602306111464216e-02, 2.199364177247165e-04, 9.701401241155011e-02, 7.331033683492105e-04, 9.777126547357896e-14, 1.186911328909173e+01, 2.832576349937711e-01, 1.498912269829243e+05, 3.756169070623073e+03
3584, 5.008913539844280e-02, 1.867859355260973e-04, 1.195092481985259e-01, 9.030925556564132e-04, 1.203941740909722e-13, 2.337167398261305e+01, 2.413306190800409e-01, 1.451956466323430e+05, 1.628507548629329e+03
3585, 4.415152856821484e-02, 1.844237156172255e-04, 1.770326713372626e-01, 1.337778372825731e-03, 1.783215826832157e-13, 3.728894719768466e+01, 2.782661265512957e-01, 1.362235720204681e+05, 2.062269315239791e+02
3586, 4.793234008121731e-02, 2.248503061570012e-04, 1.343920194645000e-01, 1.015556822149922e-03, 1.353687415645732e-13, 2.811707055424847e+01, 3.020803912423772e-01, 1.426944166058015e+05, 9.308580729754875e+02
3587, 3.796479629086055e-02, 2.071108138409027e-04, 4.283485455097346e-01, 3.236890772113589e-03, 4.318395349466360e-13, 5.071228261459965e+01, 8.597558460020056e-02, 9.629452150904169e+04, 3.906824313799651e-01
3588, 4.011637221486246e-02, 1.889861110691770e-04, 2.814130480880275e-01, 2.126546962881952e-03, 2.834430819596215e-13, 4.678839766375030e+01, 3.034708630584113e-01, 1.203935146087008e+05, 1.023875172014647e+01
3589, 4.661303173702273e-02, 2.412628770794629e-04, 1.458843527142562e-01, 1.102400650233765e-03, 1.469105923811393e-13, 3.115268140912801e+01, 3.947077050146110e-01, 1.408759191801416e+05, 6.068187923269586e+02
3590, 5.412743216116889e-02, 1.889368622539815e-04, 1.021155370967501e-01, 7.716539327209984e-04, 1.029466839288609e-13, 1.551437453029973e+01, 2.174458045228856e-01, 1.487044870490241e+05, 3.139328952361167e+03
3591, 3.608586195332240e-02, 1.839385487622547e-04, 8.083870907607495e-01, 6.108718569980432e-03, 8.144970636945538e-13, 4.900087428648158e+01, 8.629993159798059e-01, 2.836732191317333e+04, 8.456629796939081e-04
3592, 5.791498164041799e-02, 1.988482398653456e-04, 9.369905652393079e-02, 7.080533238584125e-04, 9.439562728843315e-14, 8.436065746095485e+00, 2.654293038522200e-01, 1.505861439656985e+05, 4.141346313080958e+03
3593, 4.521507010893643e-02, 6.035581206206808e-04, 1.614935034414935e-01, 1.220353930288413e-03, 1.626823544582725e-13, 3.412127244678820e+01, 7.337257460442856e-01, 1.384963859024472e+05, 3.439687130815813e+02
3594, 3.884151726436418e-02, 5.596432892660629e-04, 3.448535408124860e-01, 2.605946152235555e-03, 3.473830712229653e-13, 4.781394425928172e+01, 6.272611520426808e-01, 1.107540574950104e+05, 2.263970609910755e+00
3595, 4.726195493289433e-02, 6.138368311434235e-04, 1.397439428998004e-01, 1.055999568512464e-03, 1.407097924296955e-13, 2.901302399862242e+01, 7.885874456809980e-01, 1.416806700951939e+05, 7.524225929452125e+02
3596, 5.725501020709135e-02, 6.366721731920262e-04, 9.509798263353163e-02, 7.186245539057830e-04, 9.580458800891370e-14, 9.534581024459181e+00, 6.303917289245682e-01, 1.501357591935391e+05, 4.004186787931659e+03
3597, 5.285811255752867e-02, 5.731603043686363e-04, 1.067266872539149e-01, 8.064988961252844e-04, 1.075853535544214e-13, 1.755110618637188e+01, 5.439847404021275e-01, 1.475693342333891e+05, 2.649483848537912e+03
3598, 2.218517469755385e-02, 6.983874085437475e-04, 1.569519235898184e+00, 1.186034687076822e-02, 1.580618916761461e-12, 1.580555954447967e+00, -2.041692381735036e+00, -1.106104960917116e+05, 3.650264624343054e-04
3599, 4.288506445146979e-02, 5.601914880590788e-04, 1.979111963864118e-01, 1.495550602416328e-03, 1.993280979854650e-13, 3.954122391308522e+01, 7.452531501493739e-01, 1.332191828179271e+05, 1.038361422574701e+02
3600, 2.722148888276759e-02, 2.035004768134298e-04, 1.567651398928369e+00, 1.184623223371662e-02, 1.578792045133619e-12, 6.602037548297096e+01, -1.134595640650267e+00, -1.104950203877401e+05, 3.645872689421981e-04
3601, 3.517600733130594e-02, 5.616811111171859e-04, 1.370727036336609e+00, 1.035813881362774e-02, 1.380329930646839e-12, 2.990656392941537e+01, 8.266799747254591e-01, -7.681904819718636e+04, 3.189767408286080e-04
3602, 3.235585577317843e-02, 2.249144778632691e-04, 1.556198250308962e+00, 1.175968451115184e-02, 1.567248679585102e-12, 8.810271471124146e+01, 2.320404606598217e-01, -1.103588891521516e+05, 3.619263483536760e-04
3603, 5.841793319856381e-02, 2.476959518297113e-04, 9.347102120201289e-02, 7.063301350278098e-04, 9.415308231609161e-14, 7.515637207355974e+00, 2.539529711590386e-01, 1.505758109756131e+05, 4.169701357200063e+03
3604, 2.952873557306829e-02, 2.229283063923752e-04, 1.561374857655005e+00, 1.179880245079448e-02, 1.572456915171894e-12, 8.322705436289665e+01, -6.329890732416388e-01, -1.103097268383448e+05, 3.631316277174501e-04
3605, 4.845179691614549e-02, 2.516269271398493e-04, 1.300077219462301e-01, 9.824261104250016e-04, 1.309221929290783e-13, 2.686391517772746e+01, 3.329285744169576e-01, 1.433993176397271e+05, 1.090968248541097e+03
3606, 4.549039411265229e-02, 2.346590362585648e-04, 1.583627012107216e-01, 1.196695475144121e-03, 1.594645122774420e-13, 3.390566641849168e+01, 3.669017151041477e-01, 1.389416099702500e+05, 3.848693731957629e+02
3607, 4.331247949440437e-02, 2.864001323324006e-04, 1.909751099041271e-01, 1.443136850660950e-03, 1.923952267830599e-13, 3.911341853476895e+01, 4.921067069215325e-01, 1.342596962783120e+05, 1.302074069618112e+02
3608, 5.327575399706842e-02, 2.878884122184484e-04, 1.049529113120047e-01, 7.930950476977209e-04, 1.058188422182552e-13, 1.713168118696545e+01, 3.974056231910119e-01, 1.479800730245253e+05, 2.819151871953756e+03
3609, 5.253036820786078e-02, 2.330159698884412e-04, 1.076828398149751e-01, 8.137242303398562e-04, 1.085372241333109e-13, 1.847251157732461e+01, 2.702612536179576e-01, 1.474981573807160e+05, 2.548275337283245e+03
3610, 3.926000905828301e-02, 2.881712759071214e-04, 3.232688431750397e-01, 2.442837605856697e-03, 3.257521497695472e-13, 4.791349598688235e+01, 3.351556523221088e-01, 1.141797631716794e+05, 3.754090986819327e+00
3611, 3.851810679883823e-02, 2.325465089475117e-04, 3.741151555080569e-01, 2.827066666307711e-03, 3.769838504979842e-13, 4.914328123931616e+01, 2.720059117708581e-01, 1.056290050991046e+05, 1.241668333101278e+00
3612, 3.550403091062056e-02, 2.407952269278991e-04, 1.113911140230503e+00, 8.417464535746199e-03, 1.123080644847222e-12, 4.496586611756749e+01, 8.139307840191019e+00, -2.660420165299197e+04, 2.656868346342783e-04
3613, 4.256551535054399e-02, 2.342732969308815e-04, 2.059452203520840e-01, 1.556261110972991e-03, 2.074625904071180e-13, 4.094669223406954e+01, 3.503932149197749e-01, 1.320855205875137e+05, 8.295840069293571e+01
3614, 3.701162102130239e-02, 3.304965563504044e-04, 5.503643706374464e-01, 4.158924715144919e-03, 5.541453661624458e-13, 4.809237946719257e+01, 9.623266481803797e-02, 7.614189496385957e+04, 4.269012554549407e-02
3615, 3.447444202128742e-02, 2.343684500702126e-04, 1.566017419957984e+00, 1.183388478557772e-02, 1.577137270389681e-12, 8.669793915413979e+01, -2.981465565128071e+00, -1.126274686251051e+05, 3.642091373792251e-04
3616, 4.924413278763896e-02, 2.739783657595293e-04, 1.245356269000216e-01, 9.410752662471249e-04, 1.254017157190985e-13, 2.517247461835189e+01, 4.463019784956385e-01, 1.441811679467729e+05, 1.333475256812624e+03
3617, 3.096274684960202e-02, 3.268827426792883e-04, 1.559006805040025e+00, 1.178090784665103e-02, 1.570091473895530e-12, 8.777128410882885e+01, -9.065902040427176e-02, -1.104808740983467e+05, 3.625802048109974e-04
3618, 4.110005454242503e-02, 3.049625854758418e-04, 2.438824348124282e-01, 1.842940313444202e-03, 2.456029902279101e-13, 4.408046034960847e+01, 4.352463924436245e-01, 1.265570764135196e+05, 2.763192922988613e+01
3619, 5.106049278817204e-02, 3.019947267843887e-04, 1.141867649629456e-01, 8.628722793170214e-04, 1.150341248000542e-13, 2.133254809884238e+01, 3.851312992801925e-01, 1.460937845099633e+05, 1.983695911238764e+03
3620, 5.659181089704975e-02, 2.912008641525060e-04, 9.576163749537266e-02, 7.236395780506653e-04, 9.648681102927343e-14, 1.079814453946402e+01, 3.131580873056681e-01, 1.501027448954720e+05, 3.902942757833167e+03
3621, 5.513103938159608e-02, 3.151336784838581e-04, 9.919329569199246e-02, 7.495715039696995e-04, 9.996958685086647e-14, 1.352694288850799e+01, 3.978427840515166e-01, 1.491751328531838e+05, 3.472988317007475e+03
3622, 2.208978784118313e-02, 1.709849063274011e-04, 1.570059730076056e+00, 1.186443120964367e-02, 1.581333835525082e-12, 4.394007696716935e-01, 4.033540412452964e+00, -1.108387725301362e+05, 3.651525322849131e-04
3623, 5.548804968256046e-02, 2.646061018433180e-04, 9.831034952501629e-02, 7.428993666877432e-04, 9.908520411590765e-14, 1.290901468922140e+01, 3.312060621908430e-01, 1.494718724574964e+05, 3.589089831417703e+03
3624, 2.894882215311230e-02, 2.403215968152792e-04, 1.563581945121575e+00, 1.181548069361493e-02, 1.574670594247118e-12, 7.915272658008209e+01, -1.070242114041457e+00, -1.103596723605103e+05, 3.636453329632677e-04
3625, 3.340518965578385e-02, 2.605429033329161e-04, 1.555306223787762e+00, 1.175294375658354e-02, 1.566377584516468e-12, 8.674760201255829e+01, 9.255782677904482e-01, -1.106318372270425e+05, 3.617183093911012e-04
3626, 5.074078339760964e-02, 2.754854375763911e-04, 1.157689808999839e-01, 8.748285710326552e-04, 1.166386661789316e-13, 2.196663737237177e+01, 3.474534496622818e-01, 1.458582863234422e+05, 1.870625194344745e+03
3627, 4.146210651441646e-02, 2.615688258134982e-04, 2.340955740929324e-01, 1.768984187100372e-03, 2.357806669629564e-13, 4.355814735423098e+01, 4.126000001676930e-01, 1.279703653360919e+05, 3.625983116147665e+01
3628, 4.671888894996676e-02, 6.608300490061072e-04, 1.444756258305519e-01, 1.091755358921207e-03, 1.454375000705067e-13, 3.008627753077177e+01, 8.269078491954840e-01, 1.409188840955071e+05, 6.310377817812175e+02
3629, 4.873766871506444e-02, 2.773649854200823e-04, 1.278477289280717e-01, 9.661037450484905e-04, 1.287473203065731e-13, 2.619354649118171e+01, 3.915873087764626e-01, 1.437188369290454e+05, 1.178622339070175e+03
3630, 5.142679933495806e-02, 2.641854534483025e-04, 1.125433871163111e-01, 8.504538069242795e-04, 1.134120815471652e-13, 2.067732301557968e+01, 3.617050607137018e-01, 1.464297675016915e+05, 2.117435174858641e+03
3631, 3.737840953989459e-02, 2.432363565274320e-04, 4.989631055266756e-01, 3.770502056876891e-03, 5.025642528420300e-13, 4.944621261073522e+01, 1.574713221430063e-01, 8.500186284895051e+04, 1.055326110849209e-01
3632, 4.073972555546686e-02, 2.929005446039895e-04, 2.555017124795379e-01, 1.930743419240962e-03, 2.573390163615817e-13, 4.490056504863675e+01, 3.664915494903392e-01, 1.247245952580766e+05, 2.023267137968426e+01
3633, 3.665742658331114e-02, 2.448425466683007e-04, 6.262021833707155e-01, 4.732006423457016e-03, 6.303527234072977e-13, 4.813569281800175e+01, -4.722466374878583e-01, 6.200416040329113e+04, 1.242787607619511e-02
3634, 4.523025603136381e-02, 2.771882325434206e-04, 1.614112961018907e-01, 1.219732716135317e-03, 1.625391521296448e-13, 3.445606391607745e+01, 4.384280173742457e-01, 1.385233361968822e+05, 3.458010739006496e+02
3635, 3.523811184074639e-02, 2.703216465421850e-04, 1.306830319975925e+00, 9.875292090498467e-03, 1.316626864749225e-12, 4.179751489894350e+01, 1.249867599667249e+01, -6.437814878033040e+04, 3.041713355292600e-04
3636, 5.475514962093906e-02, 2.681308406319781e-04, 1.001299100149359e-01, 7.566491940675051e-04, 1.009260500203575e-13, 1.421589993047618e+01, 3.789643022122739e-01, 1.489595775480917e+05, 3.354650185419672e+03
3637, 5.819355504495785e-02, 2.397515477632005e-04, 9.354100871828386e-02, 7.068590079467299e-04, 9.422804352712863e-14, 7.931735803743370e+00, 2.539316775704578e-01, 1.506194270827406e+05, 4.161791673287354e+03
3638, 5.835742074639165e-02, 4.534522678314117e-04, 9.374990095724030e-02, 7.084375387196963e-04, 9.444041648475253e-14, 7.514526678181623e+00, 4.249412946040431e-01, 1.505029518624702e+05, 4.150148606520630e+03
3639, 5.811850363273997e-02, 4.270856945102090e-04, 9.380762234314559e-02, 7.088737204771646e-04, 9.450341565361745e-14, 7.977304700947187e+00, 4.096033207777238e-01, 1.505341381321232e+05, 4.141018963686587e+03
3640, 3.579621767706533e-02, 1.814411156033487e-04, 9.356573621148566e-01, 7.070458655778817e-03, 9.436301037238818e-13, 4.908724821767292e+01, 2.949943322369759e+00, 5.210473449977716e+03, 3.020380072462694e-04
3641, 3.561523304301473e-02, 4.260152182790703e-04, 1.041647645320857e+00, 7.871392785799814e-03, 1.049750141765045e-12, 4.510822629846719e+01, 3.068444786487815e+00, -1.317007204622341e+04, 2.654924723960165e-04
3642, 3.587922189757906e-02, 4.271340786214123e-04, 8.876686993756959e-01, 6.707823924753780e-03, 8.940991725379334e-13, 4.963202562284730e+01, 1.148084755468444e+00, 1.411403315514026e+04, 3.933838858737494e-04
3643, 3.540937794308520e-02, 4.524698317264779e-04, 1.190405162687365e+00, 8.995505007713804e-03, 1.198947181604815e-12, 3.732547803275473e+01, 4.251610299596861e+00, -4.037854754322834e+04, 2.800678653283331e-04
3644, 4.822457541061635e-02, 2.435041077611416e-04, 1.319466304716127e-01, 9.970778121281090e-04, 1.329003545782194e-13, 2.743884748632091e+01, 3.086610231145913e-01, 1.431309371652984e+05, 1.019773740011663e+03
3645, 4.837749943510143e-02, 4.537258114788673e-04, 1.306368424743130e-01, 9.871801698311607e-04, 1.315621544166942e-13, 2.677712248243349e+01, 5.195127994508766e-01, 1.432337122660716e+05, 1.064860706777225e+03
3646, 4.814863220353974e-02, 4.183460602355443e-04, 1.325487625844683e-01, 1.001627928849971e-03, 1.334850267507884e-13, 2.740836859654665e+01, 5.080247478919776e-01, 1.429383281742650e+05, 9.942224160689196e+02
3647, 4.575484443320280e-02, 2.461491501528497e-04, 1.555157859827463e-01, 1.175182261834439e-03, 1.566271043005590e-13, 3.332671975638847e+01, 3.824787307517995e-01, 1.394015701357061e+05, 4.284498959795195e+02
3648, 4.562654874785805e-02, 4.192171800662007e-04, 1.568262064892373e-01, 1.185084683797848e-03, 1.579485795554389e-13, 3.347779500585442e+01, 5.600412908012875e-01, 1.391548553302481e+05, 4.067766771724257e+02
3649, 4.582664875682391e-02, 4.672507677160904e-04, 1.546532122985157e-01, 1.168664072784796e-03, 1.557840881693042e-13, 3.296993231740281e+01, 6.283587605980047e-01, 1.394973361280772e+05, 4.415713881683639e+02
3650, 3.825585164687883e-02, 2.475717860149274e-04, 3.964077893228432e-01, 2.995524856343882e-03, 3.994300725768216e-13, 4.992578956677905e+01, 2.462601500711790e-01, 1.016333869961405e+05, 7.493736981238773e-01
3651, 5.226684620042673e-02, 2.490677143234230e-04, 1.087907088569691e-01, 8.220960367025474e-04, 1.096387100675964e-13, 1.895174450102018e+01, 2.919421515523593e-01, 1.472659346802768e+05, 2.446340330983703e+03
3652, 5.570805373501399e-02, 1.854232196046097e-04, 9.771823277522461e-02, 7.384249328102168e-04, 9.849137551261180e-14, 1.247702634644406e+01, 2.580723875381333e-01, 1.496541483184183e+05, 3.662059017264483e+03
3653, 4.172699809013947e-02, 2.006011346663906e-04, 2.273648224241157e-01, 1.718122083809489e-03, 2.290614139903468e-13, 4.318382349620351e+01, 3.337979300457705e-01, 1.288706105708231e+05, 4.403382903030947e+01
3654, 4.157785652024205e-02, 4.606782497633612e-04, 2.306922385681112e-01, 1.743266286408940e-03, 2.324262387596767e-13, 4.318111367931346e+01, 6.312848524015306e-01, 1.284373092685141e+05, 3.982708676602110e+01
3655, 4.180536808451087e-02, 4.704965208161148e-04, 2.242310343027081e-01, 1.694441065259796e-03, 2.259144885207294e-13, 4.275493433413239e+01, 6.560487848383271e-01, 1.291892886447264e+05, 4.747976673786386e+01
3656, 4.229327299239760e-02, 2.407257370986772e-04, 2.120804492035262e-01, 1.602623041840356e-03, 2.136077117196822e-13, 4.168420501382025e+01, 3.451138219674159e-01, 1.310532127033907e+05, 6.844603487925194e+01
3657, 5.630997105175582e-02, 2.617673349124678e-04, 9.635619479087208e-02, 7.281324543390589e-04, 9.709897885026100e-14, 1.130183338359968e+01, 3.026373265464399e-01, 1.500060699294636e+05, 3.833602576001108e+03
3658, 5.169442654765034e-02, 2.026186479665190e-04, 1.113569371227850e-01, 8.414881898447182e-04, 1.122322129155480e-13, 2.017632896108949e+01, 2.983333982908469e-01, 1.467100426048378e+05, 2.220642793256976e+03
3659, 3.494647900191153e-02, 3.714868359052634e-04, 1.540910259987889e+00, 1.164415813592971e-02, 1.551776722239178e-12, 5.379591634336052e+01, 9.446492880953512e+00, -1.192892380281756e+05, 3.583776054503365e-04
3660, 3.213266313982904e-02, 2.256506137844529e-04, 1.556121779912964e+00, 1.175910664921733e-02, 1.567179312181176e-12, 8.823137474196245e+01, 2.828722778258234e-01, -1.103126626295023e+05, 3.619086853281390e-04
3661, 3.223219457490262e-02, 3.982027176993887e-04, 1.558021388268674e+00, 1.177346137230836e-02, 1.569081804003022e-12, 8.752234610761191e+01, 2.489395921464209e-01, -1.107240829552750e+05, 3.623504201689186e-04
3662, 3.206082741103918e-02, 4.058476349974431e-04, 1.557996285397703e+00, 1.177327167806928e-02, 1.569057179846193e-12, 8.764477819727939e+01, 3.433337532184949e-01, -1.106985024511004e+05, 3.623446760793380e-04
3663, 3.241487079680631e-02, 4.159262916568332e-04, 1.558277451389310e+00, 1.177539635810661e-02, 1.569340301849351e-12, 8.732710981679175e+01, 2.272139699234686e-01, -1.108086132012615e+05, 3.624098632484756e-04
3664, 3.261027262578832e-02, 2.399915278638964e-04, 1.556504190140320e+00, 1.176199639904623e-02, 1.567557780155834e-12, 8.795732904852515e+01, 2.533725210970289e-01, -1.104734463183023e+05, 3.619973528928314e-04
3665, 3.288476877453522e-02, 3.356531363986053e-04, 1.557240941087739e+00, 1.176756378655820e-02, 1.568306965464085e-12, 8.736093758338271e+01, 4.799808936425120e-01, -1.107661381453542e+05, 3.621685264316408e-04
3666, 3.764428704162522e-02, 2.670028164852322e-04, 4.647289137650736e-01, 3.511805393690613e-03, 4.683946152467130e-13, 5.022592102495657e+01, 1.994538308135165e-01, 9.061909634829387e+04, 1.929957855937302e-01
3667, 4.474411584807398e-02, 3.128609594247636e-04, 1.675746368117230e-01, 1.266307079181849e-03, 1.687907653636691e-13, 3.554872409612700e+01, 4.987629436877926e-01, 1.376283363584320e+05, 2.805241940866020e+02
3668, 4.636366464109012e-02, 2.901797813045242e-04, 1.484580922981742e-01, 1.121849563966174e-03, 1.494810085384121e-13, 3.170445628616258e+01, 4.213511007126343e-01, 1.404586098442599e+05, 5.520395613609593e+02
3669, 4.647524634645936e-02, 4.598915882758119e-04, 1.472256913807684e-01, 1.112536710686034e-03, 1.482313143978747e-13, 3.122478662222192e+01, 5.842882677838506e-01, 1.406242061428633e+05, 5.766183137362273e+02
3670, 4.627445681966789e-02, 4.756953027974197e-04, 1.494285370524412e-01, 1.129182899640745e-03, 1.504492160578124e-13, 3.173538730537576e+01, 6.196211144244118e-01, 1.402421402650998e+05, 5.323977867679831e+02
3671, 3.639627667139061e-02, 2.652096456604798e-04, 6.934751918264923e-01, 5.240366688866268e-03, 6.978538729365934e-13, 4.864489544532746e+01, -1.619688280567834e-01, 4.941204793667445e+04, 4.126130996349167e-03
3672, 5.038590495591410e-02, 2.673262658392994e-04, 1.178338970069401e-01, 8.904324710851619e-04, 1.187604001283911e-13, 2.268990686743112e+01, 3.548598696886973e-01, 1.455412121919697e+05, 1.738304152467335e+03
3673, 3.424081931772863e-02, 2.692009289522500e-04, 1.555747013285671e+00, 1.175627465959040e-02, 1.566840113048228e-12, 8.461414103363252e+01, 2.802535115135769e-01, -1.103216930203197e+05, 3.618205536743532e-04
3674, 3.434091513687440e-02, 4.171918247776086e-04, 1.557790464798492e+00, 1.177171635867975e-02, 1.568876219864965e-12, 8.331457107343893e+01, -3.422863953071114e-01, -1.107107454477291e+05, 3.622958143109147e-04
3675, 3.416482172927005e-02, 4.322469163210638e-04, 1.556978427818065e+00, 1.176558005907954e-02, 1.568065193689197e-12, 8.278638941894512e+01, 9.635528928925012e-01, -1.109710108231388e+05, 3.621072477252519e-04
3676, 4.043161544667496e-02, 3.076582548943644e-04, 2.669952454471380e-01, 2.017596313202760e-03, 2.688587796608560e-13, 4.576796809936974e+01, 3.699649453365236e-01, 1.227398025667725e+05, 1.480801512013072e+01
3677, 5.443631700266245e-02, 3.196848812823056e-04, 1.011714014830804e-01, 7.645194066731274e-04, 1.019854640599026e-13, 1.479393227837532e+01, 3.653939653682272e-01, 1.488381558503585e+05, 3.244704345056909e+03
3678, 4.689648393912578e-02, 2.797150994773329e-04, 1.429667003974573e-01, 1.080352899728992e-03, 1.439682285387908e-13, 3.035764704269211e+01, 4.687886529606525e-01, 1.412715588233662e+05, 6.710552376363246e+02
3679, 4.738071358378165e-02, 2.646027664559915e-04, 1.388181740462169e-01, 1.049003834102493e-03, 1.397895235708648e-13, 2.932037293618801e+01, 4.632075831469452e-01, 1.419136927490549e+05, 7.833433698207134e+02
3680, 4.761711895156209e-02, 2.960977220765260e-04, 1.369227498817233e-01, 1.034680729584891e-03, 1.378955061643846e-13, 2.877400427585704e+01, 4.486567588484295e-01, 1.422404799940049e+05, 8.427843856767511e+02
3681, 4.749475073338652e-02, 4.763288516198308e-04, 1.378891268990324e-01, 1.041983326693014e-03, 1.388738052400098e-13, 2.882170945421323e+01, 6.415582368455039e-01, 1.420422305031638e+05, 8.100214410872829e+02
3682, 4.770378079415412e-02, 4.822262545742527e-04, 1.361995124056550e-01, 1.029215458984865e-03, 1.371781700171789e-13, 2.835211486215785e+01, 6.364191345028817e-01, 1.423086942858037e+05, 8.645588014846876e+02
3683, 4.446201387452943e-02, 2.873951637764659e-04, 1.718086505808823e-01, 1.298302145447525e-03, 1.730729329189207e-13, 3.633420801022294e+01, 4.086852607774863e-01, 1.370008992847219e+05, 2.441118307017386e+02
3684, 5.689089023076034e-02, 2.799214628534749e-04, 9.513820033479918e-02, 7.189284660060274e-04, 9.585784404115244e-14, 1.027026220053747e+01, 3.656338247525671e-01, 1.501495804223048e+05, 3.969605025464325e+03
3685, 3.451259836754103e-02, 4.658498028324219e-04, 1.568240067736209e+00, 1.185068061261712e-02, 1.579432539424068e-12, 8.114477191196120e+01, -2.090822496717106e-01, -1.132935797349037e+05, 3.647262595121204e-04
3686, 3.364352647447500e-02, 2.836111366194548e-04, 1.555379506949629e+00, 1.175349753362537e-02, 1.566449325382462e-12, 8.599141609103501e+01, 8.784088346520149e-01, -1.106942077092138e+05, 3.617352318329155e-04
3687, 2.278416716271300e-02, 2.705692148152050e-04, 1.570542001675983e+00, 1.186807557941657e-02, 1.581660230570887e-12, 7.280285602842325e+00, -2.907371860095932e+00, -1.102995187873151e+05, 3.652638918788580e-04
3688, 2.256589557657478e-02, 2.997498652706450e-04, 1.569845571047489e+00, 1.186281287945315e-02, 1.580955635688581e-12, 3.445019081333250e+00, -2.704907807621609e+00, -1.103555793007479e+05, 3.651021308345337e-04
3689, 5.919493190658527e-02, 3.506883856319947e-04, 9.411361881705407e-02, 7.111860364009371e-04, 9.477619994881252e-14, 6.304914303781624e+00, 3.861064515130316e-01, 1.501308898415058e+05, 4.126802716085456e+03
3690, 3.837039644971422e-02, 4.171860074792750e-04, 3.834903487411667e-01, 2.897911955223111e-03, 3.862537765008551e-13, 4.937918591539715e+01, 4.027790193728407e-01, 1.039048286461138e+05, 9.726058598403285e-01
3691, 3.819327282270785e-02, 4.686660100282555e-04, 3.993157899854797e-01, 3.017499672434328e-03, 4.023590928296078e-13, 4.991190033103625e+01, 4.331184812291053e-01, 1.011790767289703e+05, 6.799080051617521e-01
3692, 2.974951994660402e-02, 2.145811181119474e-04, 1.559918655652394e+00, 1.178779840543469e-02, 1.570997346253352e-12, 8.448393979515032e+01, -4.466903286234467e-01, -1.101932608351821e+05, 3.627928429860042e-04
3693, 2.993615223979874e-02, 4.075506960054807e-04, 1.561240210069775e+00, 1.179778496274486e-02, 1.572341529063342e-12, 8.493534583701623e+01, -6.823665363011748e-01, -1.105864740868771e+05, 3.631000457945329e-04
3694, 2.964034285669628e-02, 4.174431543745588e-04, 1.562570644882771e+00, 1.180783862631915e-02, 1.573669036165444e-12, 8.337939570156844e+01, -9.084486435522809e-01, -1.106803305503198e+05, 3.634095565590539e-04
3695, 4.951596102836647e-02, 2.936355275275819e-04, 1.230192856677882e-01, 9.296167682705037e-04, 1.239138395569133e-13, 2.461334245564412e+01, 4.143572225680657e-01, 1.445078339074170e+05, 1.420354329979180e+03
3696, 4.980048053176002e-02, 1.868477928465093e-04, 1.212669379329075e-01, 9.163748458406670e-04, 1.221566831560632e-13, 2.400655565537063e+01, 2.425263609799764e-01, 1.448568852041029e+05, 1.521980341868884e+03
3697, 3.953299704277925e-02, 3.236173685092206e-04, 3.095562322284090e-01, 2.339215860667958e-03, 3.120026810130684e-13, 4.769883310478371e+01, 4.182562033862983e-01, 1.163019078126189e+05, 5.165021755284098e+00
3698, 3.982956295448167e-02, 1.879782399095503e-04, 2.952133844814976e-01, 2.230831620767014e-03, 2.974307826891887e-13, 4.747356322749940e+01, 2.391782430347804e-01, 1.182837600429402e+05, 7.262235812189618e+00
3699, 5.699400474049815e-02, 5.802847760296796e-04, 9.539550759948419e-02, 7.208728533966331e-04, 9.608854057558631e-14, 9.981425379577335e+00, 5.779509584705304e-01, 1.500664369728613e+05, 3.962167577299573e+03
3700, 5.354809420888085e-02, 3.257152363306890e-04, 1.041311933853373e-01, 7.868855923324587e-04, 1.050022673595136e-13, 1.663593863915709e+01, 4.006376411358021e-01, 1.481985730426973e+05, 2.916038987280631e+03
3701, 5.384173925203678e-02, 1.900950466475394e-04, 1.030730254665631e-01, 7.788893612082375e-04, 1.039226024280445e-13, 1.606979486304042e+01, 2.190272734126044e-01, 1.484843432014035e+05, 3.032307900314602e+03
3702, 4.906900540064546e-02, 6.145443556825815e-04, 1.258311098306057e-01, 9.508648098031657e-04, 1.267150443971393e-13, 2.503833770156744e+01, 7.310546835298307e-01, 1.439087539898761e+05, 1.270129567206239e+03
3703, 5.239848622664969e-02, 4.344129219022166e-04, 1.083891252936057e-01, 8.190614002035882e-04, 1.092293361870258e-13, 1.857102652871977e+01, 4.327069019840087e-01, 1.473173131111313e+05, 2.487976617365227e+03
3704, 5.220213078103553e-02, 4.715189786512467e-04, 1.092694321352527e-01, 8.257135929616318e-04, 1.101094019142811e-13, 1.890813880467462e+01, 4.833578708618235e-01, 1.471138786793388e+05, 2.409343353783431e+03
3705, 4.356052918715603e-02, 2.935069421907034e-04, 1.868856179834431e-01, 1.412233889043688e-03, 1.882758145266293e-13, 3.860006506323963e+01, 4.675390145231690e-01, 1.348392192373175e+05, 1.487734082527406e+02
3706, 4.386207944615618e-02, 1.860520527601074e-04, 1.819169437456526e-01, 1.374687232334944e-03, 1.832667769648824e-13, 3.798428315634881e+01, 2.637044259650506e-01, 1.355061913827639e+05, 1.753685030054256e+02
3707, 4.695130982567661e-02, 5.717199765080820e-04, 1.422987430862177e-01, 1.075305363372069e-03, 1.432585321004436e-13, 2.973749056561334e+01, 7.415633453705883e-01, 1.412821395055614e+05, 6.829084846075940e+02
3708, 3.878599845212060e-02, 2.694673990370322e-04, 3.524544186224191e-01, 2.663383516038406e-03, 3.551683689630218e-13, 4.846725142886745e+01, 3.017505481629478e-01, 1.093955999341554e+05, 1.975834480404003e+00
3709, 5.732306089733401e-02, 2.724425206930455e-04, 9.441853269230206e-02, 7.134901714783793e-04, 9.510554827279531e-14, 9.505819053457207e+00, 3.468273067571794e-01, 1.503283011313835e+05, 4.054255767593210e+03
3710, 5.757417476561276e-02, 2.239031400364691e-04, 9.405457903491397e-02, 7.107398919514902e-04, 9.475405327675420e-14, 9.051117524653636e+00, 2.925261288863733e-01, 1.504502524671672e+05, 4.097183313077880e+03
3711, 5.232468973143014e-02, 5.746841468821241e-04, 1.088676355925827e-01, 8.226773470472591e-04, 1.096984087438320e-13, 1.850991740444552e+01, 5.636688631659951e-01, 1.471529698047285e+05, 2.449495411277983e+03
3712, 4.344533955205410e-02, 4.740929807137612e-04, 1.884352880486277e-01, 1.423944242181161e-03, 1.897977945731913e-13, 3.859693106567089e+01, 6.653418734116073e-01, 1.345730634511431e+05, 1.405447416961355e+02
3713, 2.240033957484385e-02, 2.427636865089128e-04, 1.569593145978645e+00, 1.186090538523016e-02, 1.580707709100760e-12, 4.221461628086541e-01, -2.076905920516535e+00, -1.104480057427334e+05, 3.650436252070337e-04
3714, 2.239490653770290e-02, 4.004097129609303e-04, 1.569611291573042e+00, 1.186104250559087e-02, 1.580697200732904e-12, 1.934600849250625e+00, -2.539333445017388e+00, -1.104796348867049e+05, 3.650477789613624e-04
3715, 2.226329734503081e-02, 3.154016353892288e-04, 1.569680687975535e+00, 1.186156691165510e-02, 1.580751721834530e-12, 1.349178947802628e-01, -1.669607934251527e+00, -1.105883281132274e+05, 3.650641198951420e-04
3716, 2.227001187033072e-02, 4.607733104113409e-04, 1.569626757562033e+00, 1.186115937704426e-02, 1.580680066951981e-12, 1.278310914236488e+00, -1.794566697609829e+00, -1.105803035838936e+05, 3.650515034323498e-04
3717, 2.251610112672268e-02, 5.034428164710330e-04, 1.570038940666570e+00, 1.186427411083159e-02, 1.581137504328257e-12, 4.022841609519006e+00, -3.572979886838551e+00, -1.104511275233805e+05, 3.651470118705906e-04
3718, 5.338974624656737e-02, 4.694496347741231e-04, 1.047884694107299e-01, 7.918524136830456e-04, 1.056571575427266e-13, 1.678336503714978e+01, 5.272454354433620e-01, 1.479893944295094e+05, 2.848262304408003e+03
3719, 5.318151137698964e-02, 5.676581255603539e-04, 1.056327616064010e-01, 7.982324554639290e-04, 1.065139394195149e-13, 1.703334401909887e+01, 5.945592818533264e-01, 1.478032605229807e+05, 2.765317896233592e+03
3720, 5.555749406198648e-02, 4.538364839047159e-04, 9.836437909485796e-02, 7.433076505908359e-04, 9.913348493172594e-14, 1.264359127713900e+01, 4.915871130193554e-01, 1.494576530144237e+05, 3.597102752714439e+03
3721, 5.580280174227002e-02, 4.507435803337570e-04, 9.779988222581265e-02, 7.390419311773914e-04, 9.856392872823919e-14, 1.218228176653768e+01, 4.867287542017496e-01, 1.496576983945377e+05, 3.673294352248316e+03
3722, 5.867681667836693e-02, 2.245656529565287e-04, 9.345888587649057e-02, 7.062384323160661e-04, 9.412846168197312e-14, 7.090617495979354e+00, 2.714804258024192e-01, 1.504739055363903e+05, 4.170533412521225e+03
3723, 5.488133854495262e-02, 5.548079426358081e-04, 1.001496961526586e-01, 7.567987114810315e-04, 1.009380881991217e-13, 1.376146486963020e+01, 5.632016067103817e-01, 1.489158179086731e+05, 3.373580705677127e+03
3724, 3.153114127155326e-02, 2.413881538486754e-04, 1.556688595275419e+00, 1.176338988873210e-02, 1.567756381487354e-12, 8.859803177568432e+01, 2.645625806894594e-01, -1.102962022795221e+05, 3.620408054537335e-04
3725, 3.166935406843554e-02, 4.247199910252879e-04, 1.558477813115214e+00, 1.177691042656431e-02, 1.569552857596137e-12, 8.789032742966168e+01, 3.106999835666618e-01, -1.107217509634520e+05, 3.624568765150428e-04
3726, 3.213669691203672e-02, 5.303329182597427e-04, 1.559748356979311e+00, 1.178651151369857e-02, 1.570821361308367e-12, 8.669072409056930e+01, 3.360652218195382e-01, -1.110973079211344e+05, 3.627521164007108e-04
3727, 3.199882968242801e-02, 5.268696840533484e-04, 1.559777566753932e+00, 1.178673224247403e-02, 1.570860627261126e-12, 8.682224372220180e+01, 3.642130227985000e-01, -1.110842114259173e+05, 3.627589892214734e-04
3728, 3.191749310036857e-02, 4.332335091150740e-04, 1.558358378017158e+00, 1.177600789433719e-02, 1.569427707029440e-12, 8.760802269863127e+01, 3.677764394165950e-01, -1.107637078292496e+05, 3.624289690264239e-04
3729, 3.032949270909180e-02, 2.067534946336730e-04, 1.558322125745926e+00, 1.177573394770320e-02, 1.569391328155129e-12, 8.662249087966552e+01, -1.677593650158830e-01, -1.100989180879045e+05, 3.624212488890558e-04
3730, 3.019322555240443e-02, 3.981764835172199e-04, 1.560399045473844e+00, 1.179142855521895e-02, 1.571478342385868e-12, 8.591598210957204e+01, -4.092877117620577e-01, -1.105202776634736e+05, 3.629043225516812e-04
3731, 3.039450209126776e-02, 4.026655399856026e-04, 1.560362382472956e+00, 1.179115150483439e-02, 1.571452783576847e-12, 8.637088314829514e+01, -3.323457567670849e-01, -1.105505943286509e+05, 3.628957142485174e-04
3732, 4.493313083361575e-02, 5.853832833502672e-04, 1.648645163931831e-01, 1.245827579797420e-03, 1.660607810531898e-13, 3.469493691479176e+01, 7.590281035660597e-01, 1.379854098715769e+05, 3.058305232157926e+02
3733, 2.940302518791009e-02, 4.455760459409543e-04, 1.564585859157235e+00, 1.182306694577353e-02, 1.575704729179729e-12, 8.183178575336601e+01, -1.266972387755913e+00, -1.108963695279139e+05, 3.638782556099277e-04
3734, 5.112359588131293e-02, 5.842520882382633e-04, 1.141905219762094e-01, 8.629006698454503e-04, 1.150499178501334e-13, 2.089226593547587e+01, 6.375760266062673e-01, 1.460259774683969e+05, 1.991764099417102e+03
3735, 5.280000820658681e-02, 2.719156251190930e-04, 1.066106286502164e-01, 8.056218789688639e-04, 1.074729752291771e-13, 1.793785155525197e+01, 3.294821914366180e-01, 1.476677538065780e+05, 2.647852321235459e+03
3736, 2.924726316299751e-02, 2.214919062298582e-04, 1.562757819650249e+00, 1.180925304521699e-02, 1.573842736646877e-12, 8.148313985127984e+01, -9.366444360640290e-01, -1.103657097994704e+05, 3.634534353848349e-04
3737, 3.187015026827732e-02, 5.436457224523092e-04, 1.560096118751658e+00, 1.178913943641149e-02, 1.571186554495043e-12, 8.677711183854089e+01, 3.973388542062758e-01, -1.111300388274287e+05, 3.628331483460828e-04
3738, 3.128121719898427e-02, 2.488655202191418e-04, 1.557426824339260e+00, 1.176896844588958e-02, 1.568502304399094e-12, 8.844555763845511e+01, 1.077163747380124e-01, -1.103232450260270e+05, 3.622126069010577e-04
3739, 2.793775720104786e-02, 2.342779373007968e-04, 1.564971268559102e+00, 1.182597935938968e-02, 1.576072522339409e-12, 7.142510183231855e+01, -7.551676272908020e-01, -1.103831678299021e+05, 3.639648059437509e-04
3740, 2.807659317290586e-02, 3.890924627432925e-04, 1.566185113069186e+00, 1.183515198792938e-02, 1.577279560857069e-12, 7.212201009404771e+01, -1.230937090957149e+00, -1.106824999967259e+05, 3.642504515224530e-04
3741, 2.825511345149642e-02, 3.913516712699947e-04, 1.565986691960984e+00, 1.183365258408907e-02, 1.577073371064543e-12, 7.349577146154452e+01, -1.276256022582020e+00, -1.106795792063479e+05, 3.642042899679693e-04
3742, 2.779693313937683e-02, 3.897863107061237e-04, 1.566895605015260e+00, 1.184052094470069e-02, 1.578012727872917e-12, 6.997528247521711e+01, -1.239430551085448e+00, -1.107322785167835e+05, 3.644115911603423e-04
3743, 2.761391351013837e-02, 3.906849215076960e-04, 1.567813567340636e+00, 1.184745768771360e-02, 1.578950559051645e-12, 6.850955792522218e+01, -1.408370665992219e+00, -1.108058644718128e+05, 3.646246585174852e-04
3744, 2.838987180310174e-02, 2.174623091646216e-04, 1.564044993546628e+00, 1.181897980010148e-02, 1.575129084449473e-12, 7.456580791552012e+01, -8.415636490448333e-01, -1.103235876457041e+05, 3.637542323368987e-04
3745, 2.846140006403955e-02, 4.035065105059851e-04, 1.566163575420806e+00, 1.183498923491895e-02, 1.577260143255530e-12, 7.493543595799223e+01, -1.423304421602908e+00, -1.107587131243779e+05, 3.642452719134454e-04
3746, 2.858346708461759e-02, 2.730412589472418e-04, 1.563820104007433e+00, 1.181728038292874e-02, 1.574884608365432e-12, 7.595228490376043e+01, -9.300612946421956e-01, -1.103119006263070e+05, 3.637011492120516e-04
3747, 2.815997018617972e-02, 5.134335701151000e-04, 1.568393597041234e+00, 1.185184078368792e-02, 1.579517097656296e-12, 7.226741778221799e+01, -1.784833067080077e+00, -1.111386337152254e+05, 3.647624648300630e-04
3748, 2.800978293364494e-02, 5.227809369687129e-04, 1.568689019537219e+00, 1.185407319549638e-02, 1.579797384140968e-12, 7.113073539305512e+01, -1.749653817833107e+00, -1.111657647537714e+05, 3.648303419328918e-04
3749, 3.828684436175386e-02, 5.607518265311581e-04, 3.882616074743147e-01, 2.933966807110932e-03, 3.910201404627743e-13, 4.948839808233118e+01, 5.088563063504162e-01, 1.030018286873478e+05, 8.467703858747853e-01
3750, 4.365772354517780e-02, 4.805662513908310e-04, 1.849281657228497e-01, 1.397442058359105e-03, 1.863045445801093e-13, 3.817897447395190e+01, 6.547220526223233e-01, 1.350646704739822e+05, 1.577390709974304e+02
3751, 3.061874698958878e-02, 2.480352842635228e-04, 1.558688408808925e+00, 1.177850182979134e-02, 1.569767131661783e-12, 8.727986767602820e+01, -1.797402674004953e-01, -1.102455358224253e+05, 3.625063017553958e-04
3752, 4.242977124854674e-02, 4.259453571302061e-04, 2.086950973414435e-01, 1.577041037844771e-03, 2.101952654421788e-13, 4.114078500465803e+01, 5.350518878417152e-01, 1.316183723973881e+05, 7.601691975607636e+01
3753, 4.223639544817474e-02, 4.682344775626424e-04, 2.131996454072753e-01, 1.611080443883783e-03, 2.147464844927610e-13, 4.164253320570909e+01, 5.860840525169179e-01, 1.308691893160004e+05, 6.607691577925078e+01
3754, 4.321454099498567e-02, 5.666889722538678e-04, 1.921643604311252e-01, 1.452123630461965e-03, 1.935804862308062e-13, 3.884289739763030e+01, 7.858279522783652e-01, 1.340869743659451e+05, 1.246273642051510e+02
3755, 3.937637222646252e-02, 4.716614451874997e-04, 3.158716231250390e-01, 2.386939217569618e-03, 3.182437651708440e-13, 4.757015226847464e+01, 5.810412082942208e-01, 1.153027038746954e+05, 4.384826532316477e+00
3756, 5.675311091057958e-02, 5.244121746673797e-04, 9.573946912151468e-02, 7.234720588527583e-04, 9.645336470322662e-14, 1.040098202399339e+01, 5.091760134140665e-01, 1.500351336537745e+05, 3.918397009487216e+03
3757, 5.856108503623113e-02, 4.551976835178229e-04, 9.374204501055210e-02, 7.083781738832666e-04, 9.442722074203784e-14, 7.160902844775600e+00, 4.140574045401338e-01, 1.504461578783099e+05, 4.152644275403433e+03
3758, 3.227965476274080e-02, 5.608627402330466e-04, 1.560299715968374e+00, 1.179067795442194e-02, 1.571390151306907e-12, 8.613265002407556e+01, 2.327884734467976e-01, -1.112396347799661e+05, 3.628802572858296e-04
3759, 5.148220461596263e-02, 4.990689128943511e-04, 1.124885327985536e-01, 8.500392906691844e-04, 1.133576481504776e-13, 2.033917592582092e+01, 5.662900221401155e-01, 1.463832962823508e+05, 2.127517747566325e+03
3760, 5.176959415267141e-02, 4.747108808073145e-04, 1.112172417875335e-01, 8.404325575884169e-04, 1.120863549227412e-13, 1.978150947062301e+01, 5.605165235497251e-01, 1.466816689267373e+05, 2.238535035595388e+03
3761, 4.283638010457282e-02, 2.698759261624238e-04, 1.997640994644846e-01, 1.509552388900439e-03, 2.012455718077366e-13, 4.015560294627522e+01, 4.335126157241330e-01, 1.330081609767350e+05, 9.937826277769524e+01
3762, 5.082362042204336e-02, 5.536784239539041e-04, 1.155010174360479e-01, 8.728036582069703e-04, 1.163509438674907e-13, 2.146462714061997e+01, 5.734698258036636e-01, 1.457920739030959e+05, 1.889087347804185e+03
3763, 5.520388630880008e-02, 5.953442866768357e-04, 9.943094940976739e-02, 7.513673758924231e-04, 1.002116847161236e-13, 1.319617879207583e+01, 6.212590204053720e-01, 1.490985741776387e+05, 3.471044367099774e+03
3764, 4.933903051019325e-02, 6.495380639244363e-04, 1.243097920099206e-01, 9.393687053646260e-04, 1.252721300608173e-13, 2.448194692317106e+01, 7.781003144052607e-01, 1.441623435530042e+05, 1.351649396623151e+03
3765, 4.263917127305475e-02, 6.391273907447540e-04, 2.028182029499828e-01, 1.532631256549079e-03, 2.042887551709868e-13, 4.003578461811287e+01, 8.146239501340913e-01, 1.324187353614850e+05, 8.939938117100836e+01
3766, 3.858610129492987e-02, 6.451656376710510e-04, 3.607008805439162e-01, 2.725699349198645e-03, 3.632375373977328e-13, 4.823594245198719e+01, 6.411730751743948e-01, 1.078652568277223e+05, 1.547283604659685e+00
3767, 5.261787901740525e-02, 6.450912444815151e-04, 1.077654109133031e-01, 8.143481932995006e-04, 1.086311934022378e-13, 1.784902744066430e+01, 6.097510665194906e-01, 1.473454334103628e+05, 2.555027645417647e+03
3768, 3.540214916009393e-02, 6.545543320256146e-04, 1.162435947471141e+00, 8.784150736558952e-03, 1.170348774618864e-12, 3.235627220817285e+01, -5.341382147192664e-02, -3.320886459993304e+04, 2.754894711473660e-04
3769, 4.343490621998015e-02, 6.577740817559878e-04, 1.883503433563712e-01, 1.423302342743436e-03, 1.897278083880666e-13, 3.823852452719407e+01, 8.785791191092857e-01, 1.345685263781954e+05, 1.406263289765213e+02
3770, 2.337774951918087e-02, 3.171425997932183e-04, 1.571963999018189e+00, 1.187882115127204e-02, 1.583068602778463e-12, 1.741348993226285e+01, -3.347193042213660e+00, -1.104250647951722e+05, 3.655939555056795e-04
3771, 2.364604295070448e-02, 3.721136201554117e-04, 1.572249498387315e+00, 1.188097857723520e-02, 1.583356805666288e-12, 2.211004255447921e+01, -3.566368482522309e+00, -1.106014851615840e+05, 3.656599918673736e-04
3772, 3.469496959779507e-02, 5.998110379250182e-04, 1.579096041591042e+00, 1.193271567953036e-02, 1.590205370893856e-12, 7.305427006609774e+01, 5.050278308394759e-01, -1.177905742118555e+05, 3.672528216204901e-04
3773, 4.544463671569544e-02, 6.518417005804340e-04, 1.588365230504249e-01, 1.200275992824429e-03, 1.599953489963120e-13, 3.351586002920140e+01, 8.497617323180814e-01, 1.388078952850411e+05, 3.775568754342808e+02
3774, 4.542580694333190e-02, 4.580849606433024e-04, 1.592032590176300e-01, 1.203047297362539e-03, 1.603368623922040e-13, 3.390918702681544e+01, 5.953328554471574e-01, 1.388414764493114e+05, 3.742649817104262e+02
3775, 3.254762554326916e-02, 6.580770832380104e-04, 1.561972460870984e+00, 1.180331834411419e-02, 1.573092236261796e-12, 8.494304658765567e+01, 7.235713932963916e-02, -1.117035149311105e+05, 3.632691161088111e-04
3776, 4.854178457144540e-02, 6.587070731418735e-04, 1.293736684600093e-01, 9.776347742570942e-04, 1.302779453587457e-13, 2.596163010508182e+01, 7.005434348550986e-01, 1.433125684638476e+05, 1.111292620377722e+03
3777, 5.748872181825370e-02, 6.784957350967943e-04, 9.488282192865065e-02, 7.169986543726180e-04, 9.562407813534104e-14, 9.125837952016738e+00, 6.712886564791360e-01, 1.502239482705791e+05, 4.037609913458206e+03
3778, 5.756338317751027e-02, 5.433052655727992e-04, 9.452351591201058e-02, 7.142834955567295e-04, 9.524172173202495e-14, 9.030269893004894e+00, 5.580774845029556e-01, 1.503510826826436e+05, 4.067210388370752e+03
3779, 5.771062833573589e-02, 5.633296791133670e-04, 9.439371283119222e-02, 7.133026158528075e-04, 9.511244223432304e-14, 8.737663352524560e+00, 5.805586082268088e-01, 1.503921875608065e+05, 4.085035446398587e+03
3780, 5.853043776159262e-02, 6.648552977266648e-04, 9.417041296235323e-02, 7.116152113024173e-04, 9.485882162213816e-14, 7.081154174338672e+00, 5.910285740639564e-01, 1.503400322310366e+05, 4.125838827515112e+03
3781, 4.749145867787710e-02, 6.651192068326930e-04, 1.379741635950880e-01, 1.042625921373542e-03, 1.389557546631787e-13, 2.842434730613435e+01, 8.585834989722202e-01, 1.419614850836062e+05, 8.068032855571237e+02
3782, 4.116073121272398e-02, 5.877714106982805e-04, 2.410625605763144e-01, 1.821631440123469e-03, 2.427480572545246e-13, 4.346700419023155e+01, 7.382559168272618e-01, 1.269412614228813e+05, 2.954130377700712e+01
3783, 4.091110790618533e-02, 5.485318276895082e-04, 2.490281757251632e-01, 1.881825005479859e-03, 2.508805351456787e-13, 4.404125835818262e+01, 6.664410644204759e-01, 1.257763834751664e+05, 2.396967404891589e+01
3784, 3.149240523156600e-02, 6.629089743642577e-04, 1.562788098380814e+00, 1.180948185174514e-02, 1.573918429585826e-12, 8.578013176331241e+01, 2.186291512867304e-01, -1.116101098637841e+05, 3.634594369499470e-04
3785, 3.144193051850477e-02, 4.773156886883785e-04, 1.559555112350657e+00, 1.178505122683214e-02, 1.570635960356499e-12, 8.763854098781009e+01, 1.330325236334652e-01, -1.108689174889555e+05, 3.627075292210082e-04
3786, 4.158232237256706e-02, 6.931709466128613e-04, 2.296083402461254e-01, 1.735075618988298e-03, 2.314075596203852e-13, 4.269263304482782e+01, 9.031919609195722e-01, 1.285251284752281e+05, 4.075911194215994e+01
3787, 4.651614038302038e-02, 6.435347769174892e-04, 1.465817744488000e-01, 1.107670839663649e-03, 1.475465937049906e-13, 3.067826707625046e+01, 8.267512467108754e-01, 1.405753433554887e+05, 5.858701829390099e+02
3788, 2.756175010287105e-02, 6.919737110955091e-04, 1.574096152144577e+00, 1.189493313963250e-02, 1.585315902169890e-12, 6.671318055258331e+01, -2.499939628656032e+00, -1.120309055397057e+05, 3.660855899457346e-04
3789, 4.044336622763738e-02, 6.759228444732247e-04, 2.653386591206192e-01, 2.005078028619487e-03, 2.671917201706996e-13, 4.516974746853318e+01, 8.425991762193483e-01, 1.229656849760453e+05, 1.542433671076739e+01
3790, 4.035926399110901e-02, 5.620899319733485e-04, 2.695310552025554e-01, 2.036758603545975e-03, 2.714043649620757e-13, 4.564212180896866e+01, 6.815035143155863e-01, 1.223253556786274e+05, 1.384854387051626e+01
3791, 4.022553824471604e-02, 5.759536001882224e-04, 2.750405704143252e-01, 2.078392219755790e-03, 2.769763604057155e-13, 4.603592775967014e+01, 6.534253391678941e-01, 1.214136356066016e+05, 1.192685501330651e+01
3792, 4.029419638457060e-02, 4.469026959082442e-04, 2.727258797000337e-01, 2.060900854156643e-03, 2.746237375349020e-13, 4.602783375509014e+01, 4.924344912295665e-01, 1.218185402451187e+05, 1.274755551987808e+01
3793, 4.014828835001059e-02, 4.715874131452261e-04, 2.788846504195587e-01, 2.107440683271412e-03, 2.808473277101538e-13, 4.643847362430793e+01, 5.183549031904460e-01, 1.208041184132886e+05, 1.080735405470802e+01
3794, 3.644424208457677e-02, 6.708969331322040e-04, 6.559561613858714e-01, 4.956847567148219e-03, 6.604789095085851e-13, 4.769644915709901e+01, 6.547321305882279e-01, 5.663555495159476e+04, 6.469254967275282e-03
3795, 3.634376327029348e-02, 5.841248184578234e-04, 6.910217026852389e-01, 5.221826468655782e-03, 6.950661430195353e-13, 4.833894999206617e+01, 2.629019911465311e-01, 5.026776012432698e+04, 3.770696526678986e-03
3796, 3.622633240368929e-02, 5.773735040191799e-04, 7.296212747554544e-01, 5.513510892360140e-03, 7.339520901341631e-13, 4.869543964219712e+01, 1.078429566293294e-02, 4.325659218072586e+04, 2.082137186767232e-03
3797, 3.756593324010899e-02, 6.911248331205448e-04, 4.615021975128473e-01, 3.487422147451981e-03, 4.652517708526171e-13, 4.915755696256176e+01, 8.730454420798275e-01, 9.128499268351635e+04, 1.862410153039087e-01
3798, 3.763124488066640e-02, 5.671988521647742e-04, 4.565417753626127e-01, 3.449937849087680e-03, 4.601191836853051e-13, 4.985972064661974e+01, 7.401273390029780e-01, 9.186931692376792e+04, 2.056229194882047e-01
3799, 3.776518657886636e-02, 5.758650249446527e-04, 4.407666098371340e-01, 3.330730049147013e-03, 4.442302001657880e-13, 5.012351666405659e+01, 8.319468178946596e-01, 9.433937121599205e+04, 2.766330872218652e-01
3800, 5.154154413651422e-02, 6.685595600443370e-04, 1.124768500969102e-01, 8.499510082889903e-04, 1.133589403472071e-13, 1.998722742553234e+01, 7.369581308766915e-01, 1.463434332132795e+05, 2.138302007353785e+03
3801, 4.448199403967455e-02, 6.570694819770653e-04, 1.710396916722664e-01, 1.292491372838394e-03, 1.722517785003978e-13, 3.566448053056327e+01, 8.481113319821337e-01, 1.369989025581109e+05, 2.483826084411263e+02
3802, 4.438872967664222e-02, 5.503944397688879e-04, 1.727476921145153e-01, 1.305398177187896e-03, 1.739653977825203e-13, 3.616104038079677e+01, 7.042038359041418e-01, 1.368037454670809e+05, 2.358701756514835e+02
3803, 4.424979699162244e-02, 5.685249560738364e-04, 1.749083014736397e-01, 1.321725200052826e-03, 1.761336316297302e-13, 3.650475257455481e+01, 6.913636617816835e-01, 1.364596925690305e+05, 2.192029627017856e+02
3804, 4.431618771186202e-02, 4.368710322348855e-04, 1.740364321789586e-01, 1.315136767095535e-03, 1.752600749600312e-13, 3.654714167639455e+01, 5.459966901801097e-01, 1.366390487289811e+05, 2.264492480196408e+02
3805, 4.415388633030716e-02, 4.561291432635538e-04, 1.764872394876534e-01, 1.333656721569355e-03, 1.776875568686358e-13, 3.695146159994706e+01, 5.578837609940518e-01, 1.362007330353950e+05, 2.077020954472511e+02
3806, 5.446394974881789e-02, 6.781943268986550e-04, 1.016529485717522e-01, 7.681583015497256e-04, 1.024796748071279e-13, 1.441263081281316e+01, 6.935941267512832e-01, 1.486546101923404e+05, 3.221296966397013e+03
3807, 5.440457036214793e-02, 5.249595488406279e-04, 1.015744500007937e-01, 7.675651133560848e-04, 1.024010784667201e-13, 1.469345837045738e+01, 5.470463512151216e-01, 1.487364937535693e+05, 3.217159886825523e+03
3808, 5.424498706124260e-02, 5.662957539149045e-04, 1.021573250884281e-01, 7.719697109956305e-04, 1.029963346049691e-13, 1.497782637653289e+01, 5.789589091099571e-01, 1.486116371542883e+05, 3.156052795965119e+03
3809, 5.428653465100428e-02, 4.414498096059962e-04, 1.018203603797758e-01, 7.694233781846634e-04, 1.026513135972119e-13, 1.501083623209199e+01, 4.631019694506263e-01, 1.487040136647591e+05, 3.182304168833660e+03
3810, 5.414285918490629e-02, 4.555579672527410e-04, 1.023124714558055e-01, 7.731421016811158e-04, 1.031448809566635e-13, 1.528413966910357e+01, 4.769139530669098e-01, 1.485987377956888e+05, 3.128845053360957e+03
3811, 3.047808954708217e-02, 6.722753246571648e-04, 1.565317186886628e+00, 1.182859335178907e-02, 1.576458038649460e-12, 8.489387078945360e+01, -6.375113508171472e-01, -1.116495780323056e+05, 3.640481208776625e-04
3812, 5.644275288586669e-02, 4.328112911368499e-04, 9.625815228218272e-02, 7.273915789585402e-04, 9.699418717468559e-14, 1.099860530647322e+01, 4.265397985961123e-01, 1.499945089525726e+05, 3.854444530951167e+03
3813, 5.621775554357927e-02, 4.645251365933904e-04, 9.682655015139713e-02, 7.316867769626828e-04, 9.756588627792036e-14, 1.138731728596717e+01, 4.588788465039000e-01, 1.498933911004808e+05, 3.792261678784314e+03
3814, 3.360692727232372e-02, 6.953278450927449e-04, 1.560417084766328e+00, 1.179156487229059e-02, 1.571525524468294e-12, 8.291646238252572e+01, 1.247413700197327e+00, -1.117975501885267e+05, 3.629068781601622e-04
3815, 3.366704339638028e-02, 5.781611824006618e-04, 1.558931637899384e+00, 1.178033983299380e-02, 1.570018113768511e-12, 8.402453401770269e+01, 1.190575511651621e+00, -1.114474492930293e+05, 3.625613479516316e-04
3816, 3.379986053996348e-02, 5.823332348625898e-04, 1.559213855645564e+00, 1.178247246079869e-02, 1.570300996128986e-12, 8.342462259269642e+01, 1.323161429355169e+00, -1.115099551237346e+05, 3.626269798615549e-04
3817, 3.373174886734513e-02, 4.506115842694010e-04, 1.557469167839074e+00, 1.176928842195871e-02, 1.568545658270321e-12, 8.479670383545310e+01, 1.078424859639185e+00, -1.111186745564498e+05, 3.622211837896276e-04
3818, 3.387009026429980e-02, 4.644759793231272e-04, 1.557971735837381e+00, 1.177308616501897e-02, 1.569053136686466e-12, 8.405990826516287e+01, 1.165597897629372e+00, -1.112344756122759e+05, 3.623380512136732e-04
3819, 3.356298763848845e-02, 4.350204930000412e-04, 1.557035296749691e+00, 1.176600979911701e-02, 1.568119122794649e-12, 8.550307677688929e+01, 1.061740962806616e+00, -1.110251069855510e+05, 3.621203435151681e-04
3820, 2.942762132042354e-02, 6.505972853763162e-04, 1.568408046329336e+00, 1.185194997226292e-02, 1.579580608153030e-12, 8.095737989940788e+01, -1.870147044480797e+00, -1.117309871857991e+05, 3.647672029232060e-04
3821, 5.041037297179268e-02, 6.780011844504015e-04, 1.179464862395048e-01, 8.912832713313454e-04, 1.187988222744478e-13, 2.207475728804046e+01, 7.061989613251712e-01, 1.453323598701726e+05, 1.731121922140354e+03
3822, 5.033234153231179e-02, 5.695470413042740e-04, 1.182947242460772e-01, 8.939147927915830e-04, 1.191542002547735e-13, 2.243973318875911e+01, 6.157220959022476e-01, 1.453252150207449e+05, 1.707668701237496e+03
3823, 5.020070694074519e-02, 5.811240346618715e-04, 1.190818311047892e-01, 8.998627035626949e-04, 1.199538346466397e-13, 2.270255777794271e+01, 6.397759491112907e-01, 1.451619054745588e+05, 1.657774963899977e+03
3824, 5.026841368064944e-02, 4.455908078971224e-04, 1.185800540761182e-01, 8.960709376029611e-04, 1.194525950611250e-13, 2.275691975131516e+01, 5.004424581496499e-01, 1.453245860438064e+05, 1.688818167175762e+03
3825, 5.012572607131464e-02, 4.713452125942877e-04, 1.194324698709028e-01, 9.025123667826935e-04, 1.203101048926413e-13, 2.303680269103567e+01, 5.286613099367774e-01, 1.451366991703888e+05, 1.634440327371581e+03
3826, 5.561083712601386e-02, 6.933947767278252e-04, 9.867394286919802e-02, 7.456469234447834e-04, 9.944492238193978e-14, 1.234746477722533e+01, 7.167876621106468e-01, 1.493608398274440e+05, 3.587146088949872e+03
3827, 2.772217923189723e-02, 5.206590672903846e-04, 1.569436427036236e+00, 1.185972111110603e-02, 1.580591615324119e-12, 6.882167296320796e+01, -1.757615683561001e+00, -1.112093182532465e+05, 3.650021713807692e-04
3828, 4.569833017010530e-02, 5.722285533218442e-04, 1.559571928558542e-01, 1.178517830145044e-03, 1.570960783464863e-13, 3.308601576968952e+01, 7.554500451178147e-01, 1.392223968063511e+05, 4.190206122877087e+02
3829, 3.632618739079879e-02, 4.526834643247892e-04, 7.090406143328062e-01, 5.357989528964672e-03, 7.133467301846948e-13, 4.860983900715727e+01, -1.686837535369235e-01, 4.690998843482171e+04, 3.146071441375083e-03
3830, 3.613746305707421e-02, 4.596077253604410e-04, 7.669296360092858e-01, 5.795438055488132e-03, 7.709187693000056e-13, 4.927801985174951e+01, -1.023707277342508e-01, 3.598515633442191e+04, 1.263295554264167e-03
3831, 2.862831640754046e-02, 6.480355683782312e-04, 1.570890506483996e+00, 1.187070911700846e-02, 1.582077759909928e-12, 7.522436365582561e+01, -2.571025375511180e+00, -1.117478535238859e+05, 3.653439197877330e-04
3832, 2.831952604372470e-02, 5.415352675227122e-04, 1.568770070820142e+00, 1.185468567370482e-02, 1.579922997159027e-12, 7.345532877374234e+01, -1.886192446119725e+00, -1.112547333399211e+05, 3.648503403433721e-04
3833, 3.712652145406806e-02, 6.040836018060509e-04, 5.199199350858250e-01, 3.928866008205966e-03, 5.232862087063209e-13, 4.752084531046215e+01, 5.985822494819111e-01, 8.166933098514227e+04, 6.600976074655923e-02
3834, 2.269114420446976e-02, 4.696234592584649e-04, 1.570461256152584e+00, 1.186746541173345e-02, 1.581571334672992e-12, 6.359678142930866e+00, -4.198054098954233e+00, -1.104016173648681e+05, 3.652450464398714e-04
3835, 3.687330615760419e-02, 5.997590525654383e-04, 5.620251157312910e-01, 4.247041176811342e-03, 5.658391855333293e-13, 4.692650432904078e+01, 4.481099058882174e-01, 7.406227916695186e+04, 3.202363843011824e-02
3836, 4.855307132348979e-02, 4.663628674867363e-04, 1.291930343603099e-01, 9.762697810603648e-04, 1.301022221469942e-13, 2.633593146698468e+01, 5.249146868394189e-01, 1.434430676547577e+05, 1.119653985801520e+03
3837, 3.916135512148581e-02, 5.652454134633290e-04, 3.264714189301020e-01, 2.467038430202306e-03, 3.289500212909875e-13, 4.749098612959015e+01, 7.032213555292478e-01, 1.137544658941529e+05, 3.445020782892453e+00
3838, 3.424282034457361e-02, 5.533893317552290e-04, 1.558296871774662e+00, 1.177554311164828e-02, 1.569400922860956e-12, 8.075901745900332e+01, 1.231365869036822e+00, -1.113012150392360e+05, 3.624133014243387e-04
3839, 3.410874368243905e-02, 5.643648633886502e-04, 1.559079453746625e+00, 1.178145682932056e-02, 1.570173582107910e-12, 8.168088641007870e+01, 1.473542923612646e+00, -1.115438879844297e+05, 3.625972448411934e-04
3840, 2.543130035005541e-02, 6.620426881405765e-04, 1.576050979108384e+00, 1.190970513180239e-02, 1.587222422799170e-12, 4.867673872019052e+01, -3.374799583053249e+00, -1.116802334051700e+05, 3.665416063526192e-04
3841, 2.552741471971800e-02, 5.210659202934879e-04, 1.573120846535402e+00, 1.188756307205695e-02, 1.584269793172724e-12, 4.961391217696430e+01, -2.655099842805069e+00, -1.111586977816671e+05, 3.658603915273893e-04
3842, 2.570269130668440e-02, 5.524500541367008e-04, 1.573205266721384e+00, 1.188820100797117e-02, 1.584352334284201e-12, 5.127128653560555e+01, -2.517674439516235e+00, -1.112694807014859e+05, 3.658798034318750e-04
3843, 2.533842656204219e-02, 4.939149338692570e-04, 1.572800896430752e+00, 1.188514531307976e-02, 1.583932970712669e-12, 4.753639924739973e+01, -2.550260165718425e+00, -1.110153485693726e+05, 3.657862220662028e-04
3844, 2.562865733283853e-02, 3.780857448387964e-04, 1.570873850412897e+00, 1.187058325249141e-02, 1.582017775441604e-12, 5.077107522742497e+01, -1.915656635342495e+00, -1.107625464481905e+05, 3.653379926475729e-04
3845, 2.579364162631860e-02, 4.146113241040805e-04, 1.570788641731302e+00, 1.186993935817207e-02, 1.581922181010052e-12, 5.231568801976992e+01, -1.825012867411237e+00, -1.108381982342546e+05, 3.653179640062377e-04
3846, 2.574183600030746e-02, 2.544753425205484e-04, 1.569363514803862e+00, 1.185917013705790e-02, 1.580494574387810e-12, 5.207931767856913e+01, -1.227107300338974e+00, -1.105124424143710e+05, 3.649868149230301e-04
3847, 3.322298107115372e-02, 6.217759784000695e-04, 1.560006191337037e+00, 1.178845988415993e-02, 1.571109739268916e-12, 8.453266230096526e+01, 8.977290252507468e-01, -1.115922374394249e+05, 3.628114270005819e-04
3848, 2.786523304293838e-02, 5.225852045950272e-04, 1.568912283871873e+00, 1.185576033152652e-02, 1.580017922860981e-12, 7.001740820164081e+01, -1.741878125674760e+00, -1.111697029297747e+05, 3.648809752275600e-04
3849, 2.584895572360214e-02, 5.399042150809848e-04, 1.572601279442034e+00, 1.188363687235896e-02, 1.583743014046778e-12, 5.274903967377107e+01, -2.371953714892865e+00, -1.112181985519929e+05, 3.657392280925545e-04
3850, 2.593622251336958e-02, 4.472292305161649e-04, 1.570913189942844e+00, 1.187088052853636e-02, 1.582044779175810e-12, 5.364594998353409e+01, -1.857652597140307e+00, -1.109185167945169e+05, 3.653467419581378e-04
3851, 2.597060503502942e-02, 5.708472295513810e-04, 1.573067152818371e+00, 1.188715732608444e-02, 1.584204314116014e-12, 5.394572829217609e+01, -2.409300522101547e+00, -1.113454910369182e+05, 3.658473874256514e-04
3852, 2.606425048561717e-02, 4.843134495952744e-04, 1.571295674640106e+00, 1.187377084111014e-02, 1.582428437392627e-12, 5.482613974462217e+01, -2.005511711645561e+00, -1.110250213916787e+05, 3.654355047315727e-04
3853, 2.608497989154151e-02, 6.017931060259614e-04, 1.573671670561164e+00, 1.189172547023651e-02, 1.584823917961043e-12, 5.494302452509546e+01, -2.552007447787584e+00, -1.114767994321674e+05, 3.659877893475378e-04
3854, 2.618323846870069e-02, 5.154516386609539e-04, 1.571742798074601e+00, 1.187714960761763e-02, 1.582901034691172e-12, 5.599368811476645e+01, -2.214672113786412e+00, -1.111182894758763e+05, 3.655393041050684e-04
3855, 2.615300205334695e-02, 3.822878417806569e-04, 1.569566171051254e+00, 1.186070154446892e-02, 1.580704988754884e-12, 5.578558967350727e+01, -1.567087254595973e+00, -1.106954249196923e+05, 3.650333883000266e-04
3856, 2.629096882913847e-02, 4.290193697051701e-04, 1.570386896863279e+00, 1.186690350274616e-02, 1.581554174209812e-12, 5.719022942532630e+01, -1.899265460688701e+00, -1.108394299453779e+05, 3.652240314936212e-04
3857, 2.630630949742088e-02, 5.812550124686421e-04, 1.573305144726944e+00, 1.188895575360504e-02, 1.584523925774718e-12, 5.719388625074848e+01, -2.564027320936423e+00, -1.114136706161691e+05, 3.659023548582627e-04
3858, 2.645675006373513e-02, 5.001157771721751e-04, 1.571921155083376e+00, 1.187849739357809e-02, 1.583127077578549e-12, 5.868889550487128e+01, -2.195699048422709e+00, -1.111446377693551e+05, 3.655805088509081e-04
3859, 2.590477798637585e-02, 3.069709309386969e-04, 1.569186417218218e+00, 1.185783186814877e-02, 1.580304893211884e-12, 5.363833073659146e+01, -1.274522025442371e+00, -1.105633880338926e+05, 3.649454136213150e-04
3860, 5.634560388292897e-02, 6.911218748981010e-04, 9.695847200375193e-02, 7.326836675346441e-04, 9.769006161766367e-14, 1.094895042131452e+01, 6.261773535989787e-01, 1.498151484338254e+05, 3.799726667559942e+03
3861, 5.963651823931042e-02, 3.349916306414941e-04, 9.515416107672849e-02, 7.190490761465351e-04, 9.590342016379921e-14, 5.655957606153699e+00, 4.211182616211271e-01, 1.497318872958133e+05, 4.061413948575293e+03
3862, 4.966262058056352e-02, 6.916334266242338e-04, 1.224251311588225e-01, 9.251269357089764e-04, 1.233692173034940e-13, 2.368816066904747e+01, 8.397644569069586e-01, 1.444600379333665e+05, 1.457470246858848e+03
3863, 4.972863806451055e-02, 5.861794557675559e-04, 1.219321557081562e-01, 9.214016804142765e-04, 1.228669453919746e-13, 2.377744247750544e+01, 7.129970431040437e-01, 1.446169464871722e+05, 1.485030908753992e+03
3864, 4.985489764334490e-02, 5.885753460459311e-04, 1.211815314165864e-01, 9.157294565485196e-04, 1.221028146012222e-13, 2.348470486522940e+01, 7.115469801783126e-01, 1.447661345772500e+05, 1.530041175282676e+03
3865, 4.979297708717502e-02, 4.759854289097742e-04, 1.214810521498026e-01, 9.179928374040562e-04, 1.224063658599712e-13, 2.382854726108915e+01, 5.752905864577766e-01, 1.447734013755347e+05, 1.512006547118123e+03
3866, 4.991780524640671e-02, 4.790128637830215e-04, 1.207133626259570e-01, 9.121916571231274e-04, 1.216182762882877e-13, 2.351911124341203e+01, 5.713440525695438e-01, 1.449066190712850e+05, 1.557252567267591e+03
3867, 4.963656604306096e-02, 4.660841272873540e-04, 1.223973436963822e-01, 9.249169548845121e-04, 1.233269361608466e-13, 2.418979151660228e+01, 5.824716243146815e-01, 1.445853888326205e+05, 1.457060876419544e+03
3868, 3.401056447693355e-02, 4.790663883040639e-04, 1.558088205618852e+00, 1.177396628931220e-02, 1.569167395265072e-12, 8.315511383932837e+01, 1.224178366117022e+00, -1.112937210441087e+05, 3.623652932812184e-04
3869, 3.433117104290007e-02, 6.866733092567694e-04, 1.559882485209884e+00, 1.178752507715375e-02, 1.570977900380523e-12, 7.837874762636747e+01, 2.117498472978896e+00, -1.116441423381396e+05, 3.627824449062968e-04
3870, 2.236318727217834e-02, 5.507039337260538e-04, 1.569720982976198e+00, 1.186187140788171e-02, 1.580804834881046e-12, 2.548252540851967e+00, -2.902306893682093e+00, -1.105181000120616e+05, 3.650732273179064e-04
3871, 2.807753452541208e-02, 6.254828924501821e-04, 1.571003981097434e+00, 1.187156660779012e-02, 1.582194782250803e-12, 7.081474024467205e+01, -2.173747971649526e+00, -1.116463555741027e+05, 3.653686892384465e-04
3872, 2.367345478985541e-02, 6.938180341516972e-04, 1.575307195756996e+00, 1.190408460269868e-02, 1.586483869249125e-12, 2.555245724005013e+01, -6.271276490626525e+00, -1.112045342152861e+05, 3.663704629155325e-04
3873, 2.374125606721511e-02, 5.882958155376677e-04, 1.574000835128083e+00, 1.189421285991093e-02, 1.585172554820271e-12, 2.571721444983298e+01, -5.232526176198018e+00, -1.109905946762942e+05, 3.660667871185564e-04
3874, 2.386651049027962e-02, 5.877322955184041e-04, 1.573997958263324e+00, 1.189419112037876e-02, 1.585160289785336e-12, 2.788141684218013e+01, -4.971759482626410e+00, -1.110326678137122e+05, 3.660659740106603e-04
3875, 2.362930812518030e-02, 5.852635849446925e-04, 1.574129131636907e+00, 1.189518235493983e-02, 1.585307306300267e-12, 2.351221660504721e+01, -5.470004731705038e+00, -1.109576381767549e+05, 3.660967677075097e-04
3876, 2.380445625489163e-02, 4.801139607968454e-04, 1.572623917225047e+00, 1.188380793872933e-02, 1.583772081633341e-12, 2.565335121545852e+01, -4.073401000996462e+00, -1.107707588914678e+05, 3.657467076970944e-04
3877, 2.393181116697824e-02, 4.804588147209108e-04, 1.572355887862999e+00, 1.188178252793301e-02, 1.583489662726901e-12, 2.813412996283303e+01, -3.786868537149836e+00, -1.107730119128871e+05, 3.656842282894982e-04
3878, 2.399022970906948e-02, 5.909123377707420e-04, 1.574012279384312e+00, 1.189429934043662e-02, 1.585163005722694e-12, 3.001364742889783e+01, -4.769778007504479e+00, -1.110704454762751e+05, 3.660691572114498e-04
3879, 2.407566239874269e-02, 4.650976748021320e-04, 1.572008913690290e+00, 1.187916055685461e-02, 1.583143096257966e-12, 3.056033931431613e+01, -3.599614529828621e+00, -1.107377565259705e+05, 3.656034045619343e-04
3880, 2.384560143280854e-02, 3.626046638663730e-04, 1.571303205130355e+00, 1.187382774657804e-02, 1.582418455994983e-12, 2.583626571128531e+01, -2.870844101686976e+00, -1.105483603722761e+05, 3.654397091807783e-04
3881, 2.375804765014750e-02, 2.301697260585305e-04, 1.571152071839307e+00, 1.187268568140645e-02, 1.582241063055587e-12, 2.452044980524767e+01, -2.107617783333252e+00, -1.104310368723252e+05, 3.654048246891008e-04
3882, 4.231327337284655e-02, 6.924432284958404e-04, 2.105605630798383e-01, 1.591137756270947e-03, 2.120594612641461e-13, 4.092449991755468e+01, 9.040781400301915e-01, 1.311850683572290e+05, 7.103900444510900e+01
3883, 2.457860516657713e-02, 6.625177817712163e-04, 1.575876220157136e+00, 1.190838453519350e-02, 1.587022543209420e-12, 3.901674687625064e+01, -4.245765340948886e+00, -1.114228832267933e+05, 3.665018298728734e-04
3884, 2.447575657955903e-02, 5.195464834881508e-04, 1.573222922803549e+00, 1.188833442924699e-02, 1.584357510861284e-12, 3.701210448224030e+01, -3.443862228133002e+00, -1.109410016907145e+05, 3.658852010911509e-04
3885, 2.430408863894682e-02, 5.418118444799701e-04, 1.573319767230987e+00, 1.188906625111678e-02, 1.584471795949849e-12, 3.488098828691224e+01, -3.888285017272165e+00, -1.109674179070452e+05, 3.659078508096669e-04
3886, 2.435970025809138e-02, 3.664237700231861e-04, 1.571120269987264e+00, 1.187244536514407e-02, 1.582263042105763e-12, 3.484923870908104e+01, -2.688640171300369e+00, -1.105459245816993e+05, 3.653965913865671e-04
3887, 2.421502359167090e-02, 4.041806895528945e-04, 1.571142868223120e+00, 1.187261613266944e-02, 1.582278562078342e-12, 3.269539684753153e+01, -3.131370281587998e+00, -1.105760214489370e+05, 3.654019504457194e-04
3888, 2.425838796697811e-02, 2.466505670897650e-04, 1.570001511982187e+00, 1.186399127442561e-02, 1.581137120708057e-12, 3.276273249486986e+01, -2.126770161785597e+00, -1.103393616340787e+05, 3.651366877444858e-04
3889, 2.474689243840376e-02, 3.441443968168511e-04, 1.571144512905237e+00, 1.187262856099780e-02, 1.582262759760121e-12, 4.023677663203768e+01, -2.383112005330402e+00, -1.105126266060874e+05, 3.654018698646234e-04
3890, 2.829941577329932e-02, 6.896545356125344e-04, 1.572057341939879e+00, 1.187952651340049e-02, 1.583284013696466e-12, 7.212977263984543e+01, -2.653504398857134e+00, -1.119226470914143e+05, 3.656146295787680e-04
3891, 3.969151328221558e-02, 6.920773360458195e-04, 2.984623127955125e-01, 2.255382716338895e-03, 3.007340352474280e-13, 4.698396586417497e+01, 8.895500310902648e-01, 1.177679603746007e+05, 6.523260200778947e+00
3892, 3.975668856052981e-02, 5.895484811861766e-04, 2.961883736201925e-01, 2.238199296877983e-03, 2.984775017960083e-13, 4.711385173949308e+01, 7.720718324717047e-01, 1.181185522853403e+05, 6.919344750104340e+00
3893, 3.987962688247836e-02, 5.904684338491733e-04, 2.905464320219974e-01, 2.195564977496161e-03, 2.927778159742324e-13, 4.690052563815298e+01, 7.361628664337566e-01, 1.189876598625303e+05, 7.984523363793451e+00
3894, 3.981864940335858e-02, 4.813435182555110e-04, 2.943958909401898e-01, 2.224654087709145e-03, 2.966990666109237e-13, 4.723310039164036e+01, 5.942449771341628e-01, 1.184374827825478e+05, 7.323203149842074e+00
3895, 3.994100783054302e-02, 4.820796632190249e-04, 2.884603589837774e-01, 2.179801201388765e-03, 2.906236656419735e-13, 4.700047375374465e+01, 5.579700414538059e-01, 1.193052474146184e+05, 8.471580670644625e+00
3896, 3.967411708340535e-02, 4.737062654932831e-04, 3.013044120176387e-01, 2.276859536657139e-03, 3.036581526731893e-13, 4.742678564246460e+01, 6.218593446814970e-01, 1.174059418476161e+05, 6.179388788388121e+00
3897, 2.230251291759686e-02, 6.946254480419815e-04, 1.569659092353495e+00, 1.186140372055645e-02, 1.580770570693188e-12, 2.814724614309788e+00, -3.136181060362253e+00, -1.105388313632756e+05, 3.650587986291809e-04
3898, 2.224001873511330e-02, 5.910268677397718e-04, 1.569615382085576e+00, 1.186107341626495e-02, 1.580685928780989e-12, 1.544112881975818e+00, -1.915364439391404e+00, -1.105929169032023e+05, 3.650488175608184e-04
3899, 2.211228062156743e-02, 6.105076747175434e-04, 1.569855540096384e+00, 1.186288821231642e-02, 1.580913481933774e-12, 5.768678240383278e-01, -7.729897062709143e-01, -1.107099562672283e+05, 3.651048638520465e-04
3900, 3.029299981164910e-02, 5.247202898874463e-04, 1.562223302226787e+00, 1.180521387073237e-02, 1.573318343593029e-12, 8.560322997959781e+01, -5.136408607640524e-01, -1.109480188942956e+05, 3.633285758842464e-04
3901, 3.014631589035026e-02, 5.538713140968561e-04, 1.563494314107687e+00, 1.181481849451747e-02, 1.574633326016795e-12, 8.492323856335592e+01, -7.278410643089667e-01, -1.111644743173966e+05, 3.636242434244144e-04
3902, 3.570008306403123e-02, 6.937415133788204e-04, 9.416060309858860e-01, 7.115410813495763e-03, 9.485615103031735e-13, 4.500925624987188e+01, 9.567060768893659e-01, 5.680499978056785e+03, 2.916185598776934e-04
3903, 3.576339748690433e-02, 6.047341890078239e-04, 9.214722377696870e-01, 6.963266280375867e-03, 9.282705222560078e-13, 4.734110120073918e+01, 7.987007598608866e-01, 8.944563733600547e+03, 3.156831091617402e-04
3904, 3.587484244382064e-02, 5.711519203986668e-04, 8.726479414166589e-01, 6.594316937657696e-03, 8.790490640251224e-13, 4.886387451299666e+01, 4.891713875401387e-01, 1.743496699632410e+04, 4.148820577639529e-04
3905, 3.829792922368084e-02, 6.817895568928475e-04, 3.852549591295545e-01, 2.911246542541049e-03, 3.879279378147133e-13, 4.914937596647926e+01, 6.226423047276195e-01, 1.035581867448446e+05, 8.918901815444285e-01
3906, 5.370987972588454e-02, 6.932691546816550e-04, 1.041456897880307e-01, 7.869951369371735e-04, 1.050308956417235e-13, 1.590159337963490e+01, 7.325831951818107e-01, 1.481205727776728e+05, 2.945299579661564e+03
3907, 5.377295196827406e-02, 5.910680100355754e-04, 1.037464905174365e-01, 7.839785177639262e-04, 1.046220500671204e-13, 1.592627180978047e+01, 6.276453803147017e-01, 1.482430437393327e+05, 2.979286904593705e+03
3908, 5.389459061302044e-02, 5.915949328485206e-04, 1.033541123686145e-01, 7.810134435914725e-04, 1.042223311443296e-13, 1.568079160912037e+01, 6.304474774941127e-01, 1.483467659911817e+05, 3.024606063457114e+03
3909, 5.383402152427785e-02, 4.856510625335600e-04, 1.033924298856528e-01, 7.813029966169542e-04, 1.042590482828335e-13, 1.594404044716692e+01, 5.173794637256192e-01, 1.483726911134609e+05, 3.011668303492049e+03
3910, 5.369056943483522e-02, 4.761148445051829e-04, 1.038434658955516e-01, 7.847113291854557e-04, 1.047171630030289e-13, 1.623865366779247e+01, 5.265742902523585e-01, 1.482493510608767e+05, 2.958653991322436e+03
3911, 5.395472726011484e-02, 4.853599869008857e-04, 1.029938911631694e-01, 7.782913689911457e-04, 1.038491788432366e-13, 1.568152947015668e+01, 5.164215167550127e-01, 1.484676774067251e+05, 3.056863132424736e+03
3912, 2.427878698077178e-02, 6.903144952821163e-04, 1.575804808116847e+00, 1.190784489760941e-02, 1.586976408198215e-12, 3.530928332480636e+01, -4.989065825838758e+00, -1.114187528227262e+05, 3.664854746617141e-04
3913, 3.384791250618430e-02, 6.945986842903199e-04, 1.560612714640052e+00, 1.179304318367894e-02, 1.571723079782933e-12, 8.174326232635147e+01, 1.694290669778349e+00, -1.118670126679120e+05, 3.629524814585150e-04
3914, 2.971888844428633e-02, 6.936972583908870e-04, 1.567650449103471e+00, 1.184622505619845e-02, 1.578812826315795e-12, 8.232886065697488e+01, -1.574337980090082e+00, -1.118070876267949e+05, 3.645910401764524e-04
3915, 2.978430138391753e-02, 5.937411431840066e-04, 1.565270223440996e+00, 1.182823846429061e-02, 1.576396828450831e-12, 8.341860833781632e+01, -1.225674292754016e+00, -1.113373921664290e+05, 3.640373763487901e-04
3916, 2.990267097675592e-02, 5.945553978492671e-04, 1.564967716475979e+00, 1.182595251745168e-02, 1.576105233170176e-12, 8.388789218005249e+01, -1.090512802633625e+00, -1.113411700710477e+05, 3.639670004811364e-04
3917, 2.661865752465454e-02, 6.339686100634218e-04, 1.574492880479818e+00, 1.189793108675018e-02, 1.585718118025618e-12, 5.972426638235643e+01, -2.603598442420168e+00, -1.116905315993871e+05, 3.661781768528718e-04
3918, 2.664846287819306e-02, 4.077651640975873e-04, 1.570553524828209e+00, 1.186816265613352e-02, 1.581728914438529e-12, 6.050024297800429e+01, -1.792135036084027e+00, -1.108973321204772e+05, 3.652624522636891e-04
3919, 2.690400493597858e-02, 4.128128654153330e-04, 1.570236500820598e+00, 1.186576700872086e-02, 1.581402190454360e-12, 6.259139023304490e+01, -1.691141597558845e+00, -1.109194891511321e+05, 3.651884930772942e-04
3920, 4.372182985385589e-02, 6.947679217570192e-04, 1.833464052489680e-01, 1.385489208430518e-03, 1.847185076554254e-13, 3.753181165757312e+01, 9.155642299240274e-01, 1.351692710601378e+05, 1.647051192671813e+02
3921, 4.377303595707633e-02, 5.909744161903688e-04, 1.827271230896221e-01, 1.380809494380048e-03, 1.840900797145630e-13, 3.767816714222717e+01, 7.831200568265485e-01, 1.353044242425692e+05, 1.686955844436182e+02
3922, 4.390319311756292e-02, 5.916485016983914e-04, 1.806366239867261e-01, 1.365012271940027e-03, 1.819803138581473e-13, 3.738486346807863e+01, 7.679932895500335e-01, 1.356233252307868e+05, 1.812016930789077e+02
3923, 4.382798053524748e-02, 4.808640484150026e-04, 1.821172557448689e-01, 1.376200925024236e-03, 1.834693853914127e-13, 3.780083525661536e+01, 6.303215636950745e-01, 1.354590865048751e+05, 1.732068968834604e+02
3924, 4.396070751115901e-02, 4.852167013315754e-04, 1.798725323882968e-01, 1.359238280012391e-03, 1.811794845508246e-13, 3.747014412829029e+01, 6.112789151155850e-01, 1.357686876299913e+05, 1.865223079127002e+02
3925, 5.014888639534634e-02, 6.943573000117984e-04, 1.195291136214557e-01, 9.032426722024781e-04, 1.204141986127210e-13, 2.260758576780684e+01, 7.730390188069624e-01, 1.450301196153106e+05, 1.632637969981661e+03
3926, 2.572625078129773e-02, 6.960777051291456e-04, 1.576250294054039e+00, 1.191121129008188e-02, 1.587443836573565e-12, 5.160702763151374e+01, -3.216106873477897e+00, -1.118606748596324e+05, 3.665875900642968e-04
3927, 3.771817666268815e-02, 4.359571113889652e-04, 4.508844246282981e-01, 3.407187087871071e-03, 4.545206045242387e-13, 5.027229591600670e+01, 5.985179654268218e-01, 9.281240669544347e+04, 2.377139203790772e-01
3928, 3.785460134249049e-02, 4.698912593274227e-04, 4.344198627041915e-01, 3.282769743356340e-03, 4.379672465256996e-13, 5.039591799362073e+01, 6.455280525794856e-01, 9.538418791999838e+04, 3.236262793130191e-01
3929, 5.585603007386121e-02, 6.958869596703921e-04, 9.810084759619088e-02, 7.413162286865596e-04, 9.885528852682469e-14, 1.183789782687610e+01, 7.192315031819365e-01, 1.495388854941197e+05, 3.661736152102826e+03
3930, 5.592039723078519e-02, 5.944177748087745e-04, 9.774492556199876e-02, 7.386266415264179e-04, 9.849711912249978e-14, 1.182235555521515e+01, 6.188131152545342e-01, 1.496481351289056e+05, 3.693509620347606e+03
3931, 5.603689073237957e-02, 5.926009982375788e-04, 9.746141777648812e-02, 7.364842653134939e-04, 9.820830707146426e-14, 1.160698718857056e+01, 5.971392277938117e-01, 1.497147411960589e+05, 3.727469749669685e+03
3932, 5.597415107545007e-02, 4.906019228423313e-04, 9.743916986417520e-02, 7.363161450693057e-04, 9.819419517645345e-14, 1.181089222244341e+01, 5.162961150028518e-01, 1.497380051390569e+05, 3.720463133980963e+03
3933, 5.581210146919779e-02, 5.884793101897636e-04, 9.799581392917830e-02, 7.405225233942717e-04, 9.875152160264883e-14, 1.204929498295061e+01, 6.158740770630519e-01, 1.495865221405967e+05, 3.661940179491102e+03
3934, 2.237549510574150e-02, 1.108676538485346e-04, 1.570194931154814e+00, 1.186545288026413e-02, 1.581355538215076e-12, -2.141828628001817e+00, -1.838237292083936e+00, -1.105011990777445e+05, 3.651836407204047e-04
3935, 2.392390317464869e-02, 6.951185506730525e-04, 1.575621728562320e+00, 1.190646142490517e-02, 1.586799287835189e-12, 2.982834284674729e+01, -5.769220624616043e+00, -1.113319049022429e+05, 3.664433025990661e-04
3936, 4.574976643365393e-02, 6.931968969910875e-04, 1.553262106569006e-01, 1.173749702697007e-03, 1.564752934852709e-13, 3.268673369278492e+01, 9.398187258958259e-01, 1.392534658503747e+05, 4.281696252583786e+02
3937, 3.225255958193841e-02, 6.960228615202237e-04, 1.562480307714248e+00, 1.180715597769045e-02, 1.573626931443122e-12, 8.416481859965288e+01, 1.207480986543455e-01, -1.117504168341658e+05, 3.633874262206791e-04
3938, 4.824846227937589e-02, 6.944456382179518e-04, 1.317863993979183e-01, 9.958669979692485e-04, 1.327116799176919e-13, 2.655606893362064e+01, 8.119177145104489e-01, 1.429136950656249e+05, 1.019479266911791e+03
3939, 4.818625557429902e-02, 5.988549109803667e-04, 1.322556155565127e-01, 9.994127120140379e-04, 1.331876835925670e-13, 2.694144929224796e+01, 7.182204383198235e-01, 1.428881285620121e+05, 1.002595759486906e+03
3940, 4.806616241434729e-02, 5.990878348403803e-04, 1.332484432483471e-01, 1.006915188274745e-03, 1.341923653580389e-13, 2.723702679763936e+01, 7.432689265023098e-01, 1.427280974867631e+05, 9.662703559116306e+02
3941, 5.775859711197475e-02, 6.960777051290667e-04, 9.462024064008144e-02, 7.150144128973013e-04, 9.534618318645620e-14, 8.552018281708866e+00, 7.149343159738782e-01, 1.503149940776054e+05, 4.072680092684067e+03
3942, 4.182712449237617e-02, 6.959233990630329e-04, 2.228421791452916e-01, 1.683945938125635e-03, 2.245339421678832e-13, 4.223045658264856e+01, 9.303389477561026e-01, 1.293541293984919e+05, 4.918205886388704e+01
3943, 4.188370985588273e-02, 5.892127877936172e-04, 2.218108674307009e-01, 1.676152650609839e-03, 2.234920231387734e-13, 4.235615701020582e+01, 7.946714813627630e-01, 1.295386637000898e+05, 5.085883589516919e+01
3944, 4.200702895944970e-02, 5.914945536390875e-04, 2.186271017885007e-01, 1.652093968175109e-03, 2.202560451400859e-13, 4.204624036467816e+01, 7.867083985547465e-01, 1.300050099499822e+05, 5.590936275423850e+01
3945, 4.194568295532477e-02, 4.825125439377772e-04, 2.207271938944275e-01, 1.667963681821864e-03, 2.224090388635912e-13, 4.242188067605078e+01, 6.553789923737994e-01, 1.297585987705269e+05, 5.287958628347273e+01
3946, 4.207372125481736e-02, 4.792895980255108e-04, 2.172621306220894e-01, 1.641779324600217e-03, 2.188757996190602e-13, 4.209085719428780e+01, 6.307904797864211e-01, 1.302269400371282e+05, 5.841590681829032e+01
3947, 4.206734551286021e-02, 6.960369592302520e-04, 2.167020213999659e-01, 1.637546761208887e-03, 2.182880456473853e-13, 4.161485497626405e+01, 9.192637008624633e-01, 1.302604429924560e+05, 5.904191516282207e+01
3948, 3.177152791120479e-02, 7.007090620869117e-04, 1.562932913447357e+00, 1.181057617214722e-02, 1.574074341067001e-12, 8.478662977545612e+01, 5.537349977858185e-01, -1.117556244092944e+05, 3.634929777971414e-04
3949, 4.420246443016876e-02, 6.942318508953553e-04, 1.755199618113250e-01, 1.326347318473576e-03, 1.767801968727420e-13, 3.637961032009163e+01, 8.541361897373084e-01, 1.363327013169984e+05, 2.143725161917944e+02
3950, 5.395350436810113e-02, 6.963562543718128e-04, 1.033576363386850e-01, 7.810400730882214e-04, 1.042288028588485e-13, 1.541318695476334e+01, 7.325746622190786e-01, 1.483127586670793e+05, 3.035186180633908e+03
3951, 5.799891519218617e-02, 6.962624634580244e-04, 9.441075272080519e-02, 7.134313807617232e-04, 9.512639325510672e-14, 8.063586750088158e+00, 7.028386772455592e-01, 1.503637271202268e+05, 4.097636696325376e+03
3952, 5.794067433753916e-02, 5.933552039916605e-04, 9.422883131182007e-02, 7.120566597870296e-04, 9.494030898656707e-14, 8.252615171278656e+00, 6.023098031519973e-01, 1.504218077960265e+05, 4.106807883670903e+03
3953, 4.598465577404327e-02, 6.964268600174111e-04, 1.526345712160587e-01, 1.153409858055917e-03, 1.537328509004824e-13, 3.203636412487469e+01, 9.574482865058157e-01, 1.396351688857344e+05, 4.721840750634385e+02
3954, 4.604362848718183e-02, 5.919112424869494e-04, 1.520374803683314e-01, 1.148897836536588e-03, 1.531161961558239e-13, 3.215315388180866e+01, 8.041471353580423e-01, 1.397894831074921e+05, 4.838280986412087e+02
3955, 4.617216356680790e-02, 5.901504811593477e-04, 1.505753447210917e-01, 1.137848952552435e-03, 1.516228760483136e-13, 3.178971507433972e+01, 7.865230618462820e-01, 1.400178955410320e+05, 5.103479678307838e+02
3956, 4.611328973779291e-02, 4.824147535638969e-04, 1.512847362573950e-01, 1.143209593884697e-03, 1.523421172293946e-13, 3.218431100707031e+01, 6.421229216423909e-01, 1.399505502538271e+05, 4.981401877123173e+02
3957, 4.598223985826125e-02, 4.797768029717002e-04, 1.528730434608787e-01, 1.155211915321571e-03, 1.539668537409589e-13, 3.256242283538865e+01, 6.554005124858179e-01, 1.397462669020228e+05, 4.713062649011632e+02
3958, 5.824067211995888e-02, 6.946279933170504e-04, 9.427671065561573e-02, 7.124184684303272e-04, 9.498194918491040e-14, 7.590634615252847e+00, 6.664095394458338e-01, 1.503784631875763e+05, 4.114393362140316e+03
3959, 5.817864561717427e-02, 5.979304363030304e-04, 9.408785516214949e-02, 7.109913488323488e-04, 9.479019700515224e-14, 7.778932568161976e+00, 5.844509951089064e-01, 1.504465266729858e+05, 4.124907690714711e+03
3960, 5.181071714158114e-02, 6.957860429367025e-04, 1.113312489126620e-01, 8.412940723878727e-04, 1.122036997423675e-13, 1.938209503817942e+01, 7.718393634223515e-01, 1.465869701774911e+05, 2.239212065266179e+03
3961, 5.186424806282360e-02, 5.899174092611852e-04, 1.109355128587074e-01, 8.383036236174359e-04, 1.118047258581200e-13, 1.944413688986112e+01, 6.608353011944200e-01, 1.467137887104295e+05, 2.268122968806219e+03
3962, 5.199033136417828e-02, 5.915793321908265e-04, 1.103839906284460e-01, 8.341359493333470e-04, 1.112474293864523e-13, 1.918460463860093e+01, 6.489454757994428e-01, 1.468435919077989e+05, 2.317417499161291e+03
3963, 5.192250526690471e-02, 4.831045593702089e-04, 1.105610486300232e-01, 8.354739191185589e-04, 1.114301269807027e-13, 1.947778199585405e+01, 5.515733296709382e-01, 1.468457447412879e+05, 2.298006779762723e+03
3964, 5.205187618677472e-02, 4.843340028694327e-04, 1.099706617052460e-01, 8.310125569666011e-04, 1.108276050585099e-13, 1.920506225519679e+01, 5.288031175295870e-01, 1.469707996702305e+05, 2.349215526346393e+03
3965, 3.409391983553054e-02, 6.823465491146890e-04, 1.560747386716935e+00, 1.179406085680399e-02, 1.571865603621889e-12, 8.024697468591374e+01, 1.999373381596700e+00, -1.119446459907977e+05, 3.629847677217763e-04
3966, 4.776505125983679e-02, 6.952792380135465e-04, 1.356998656401107e-01, 1.025439790731373e-03, 1.366807429069020e-13, 2.769794102658072e+01, 8.814937588883095e-01, 1.422623888534422e+05, 8.785067995531281e+02
3967, 4.781581325859699e-02, 5.911619805938179e-04, 1.352683428508698e-01, 1.022178913230816e-03, 1.362429670839154e-13, 2.784696345776423e+01, 7.562037967877715e-01, 1.423892494938975e+05, 8.940796861841785e+02
3968, 3.617938802368185e-02, 6.929639677440282e-04, 7.363980690647273e-01, 5.564720924922967e-03, 7.414941829881083e-13, 4.845067056584595e+01, 4.742075532701110e-01, 4.212866514951730e+04, 1.778247580962003e-03
3969, 3.993668681474641e-02, 6.960779563245476e-04, 2.871323346436803e-01, 2.169765752974927e-03, 2.892975376629807e-13, 4.651970118678540e+01, 8.608875847498085e-01, 1.195006605187728e+05, 8.671467074126612e+00
3970, 3.781701445440794e-02, 6.939385650463614e-04, 4.319309351675131e-01, 3.263961726706619e-03, 4.352600470136969e-13, 4.980016097016851e+01, 8.829942829755151e-01, 9.578703849328909e+04, 3.230161843768108e-01
3971, 3.201204873479400e-02, 6.996810145960356e-04, 1.562786821000159e+00, 1.180947219899455e-02, 1.573950260390956e-12, 8.417524029092024e+01, 4.946207997187904e-01, -1.117938846205087e+05, 3.634588610578927e-04
3972, 5.205020982117993e-02, 6.964339786744530e-04, 1.102812505991829e-01, 8.333595763162486e-04, 1.111421207620427e-13, 1.888614555566036e+01, 7.457991405155699e-01, 1.468279430990390e+05, 2.332354123698243e+03
3973, 3.594204652074093e-02, 6.931117977024612e-04, 8.259064524060972e-01, 6.241106693245279e-03, 8.320302113433478e-13, 4.816547904961611e+01, 7.520398064326324e-01, 2.611645029865189e+04, 5.758297396049512e-04
3974, 4.396343640538192e-02, 6.961663779117579e-04, 1.793970468206521e-01, 1.355645190080542e-03, 1.807196468104164e-13, 3.697344263489557e+01, 8.914563122106923e-01, 1.357471145572043e+05, 1.880658743013149e+02
3975, 4.622690643087067e-02, 6.947217647291700e-04, 1.499026766172613e-01, 1.132765818266568e-03, 1.509387041663032e-13, 3.134767803187402e+01, 9.313648117349608e-01, 1.400621787556795e+05, 5.219049082034941e+02
3976, 2.784015948938066e-02, 6.954889825052466e-04, 1.573127502846561e+00, 1.188761337163740e-02, 1.584346861016626e-12, 6.855872356748809e+01, -2.342574883545139e+00, -1.119955565453168e+05, 3.658618421069638e-04
3977, 3.019880934056432e-02, 6.896340228131205e-04, 1.566013063871797e+00, 1.183385186804978e-02, 1.577172156614100e-12, 8.409138483497703e+01, -9.044430140486542e-01, -1.117151419995999e+05, 3.642100978283119e-04
3978, 3.002103654320043e-02, 5.847935441752174e-04, 1.564453150941935e+00, 1.182206411291229e-02, 1.575592239402337e-12, 8.437633457012345e+01, -9.340193605332264e-01, -1.112986509305876e+05, 3.638472919955839e-04
3979, 3.006003568887518e-02, 4.689517994990588e-04, 1.562072658036659e+00, 1.180407550153743e-02, 1.573186535670412e-12, 8.516345730386884e+01, -7.088691459790806e-01, -1.108181416853551e+05, 3.632936077599196e-04
3980, 3.805384123942180e-02, 6.967168347320783e-04, 4.080953709946865e-01, 3.083844113310033e-03, 4.111616605465141e-13, 4.963066644011879e+01, 7.005486366503462e-01, 9.977083341736862e+04, 5.354601201507053e-01
3981, 3.799620093941129e-02, 5.976303871212514e-04, 4.156412787423054e-01, 3.140866086213861e-03, 4.188426580254552e-13, 5.003035071216099e+01, 6.495628923303763e-01, 9.843355382348635e+04, 4.599699723861265e-01
3982, 4.017594898899197e-02, 6.953185691019677e-04, 2.767030241711261e-01, 2.090954842603053e-03, 2.787244217128680e-13, 4.595227735742078e+01, 8.017617578603011e-01, 1.211577548887062e+05, 1.141999887480856e+01
3983, 2.597169650793215e-02, 6.898034947483872e-04, 1.575893020567507e+00, 1.190851149043553e-02, 1.587093410611676e-12, 5.406612116013232e+01, -3.012594653259543e+00, -1.118707966677169e+05, 3.665042736940535e-04
3984, 2.996201063882942e-02, 6.960779563242870e-04, 1.566698472015089e+00, 1.183903127467415e-02, 1.577854884882664e-12, 8.339777140121157e+01, -1.199575077658645e+00, -1.117580996269923e+05, 3.643695871625956e-04
3985, 4.990863631167593e-02, 6.960779563259859e-04, 1.209548131885721e-01, 9.140162205685697e-04, 1.218690841633291e-13, 2.312853068323864e+01, 8.273994889767035e-01, 1.447422037331968e+05, 1.544515914907921e+03
3986, 5.419285851092025e-02, 6.947292467230312e-04, 1.025713506631115e-01, 7.750983677312587e-04, 1.034233334775581e-13, 1.494397361495115e+01, 7.105394687945153e-01, 1.484876553991612e+05, 3.123090625880085e+03
3987, 4.800614871122655e-02, 6.972327750405718e-04, 1.337511044840334e-01, 1.010713635899571e-03, 1.347047472003008e-13, 2.712590127825267e+01, 8.665933804343809e-01, 1.425808173214176e+05, 9.467044912034952e+02
3988, 5.805900312945238e-02, 5.987305091749082e-04, 9.415394428451496e-02, 7.114907628552570e-04, 9.486113652131465e-14, 8.017276072328958e+00, 5.966383092815620e-01, 1.504356578551960e+05, 4.116425087913457e+03
3989, 5.799947067624035e-02, 4.770584925282673e-04, 9.396885601453608e-02, 7.100921109410652e-04, 9.467146950958109e-14, 8.196572513277552e+00, 4.819085961646795e-01, 1.504938629067057e+05, 4.126137239049191e+03
3990, 5.787730774710764e-02, 4.874878557248289e-04, 9.409309675349738e-02, 7.110309578349761e-04, 9.480038649348146e-14, 8.418596358600881e+00, 5.067178902668973e-01, 1.504720399516040e+05, 4.113347710658888e+03
3991, 4.592405163640069e-02, 5.921559126411689e-04, 1.534227352492314e-01, 1.159365757550915e-03, 1.545368364928978e-13, 3.248146472422035e+01, 8.070060481300840e-01, 1.395921381250452e+05, 4.601708558445562e+02
3992, 3.811144168558109e-02, 5.935726100223934e-04, 4.047175624504151e-01, 3.058319111715986e-03, 4.077920202346523e-13, 4.984614117601956e+01, 5.588642591917419e-01, 1.003245216916929e+05, 5.874548530235015e-01
3993, 4.213396558771679e-02, 5.885899627877729e-04, 2.154183972830282e-01, 1.627846830854195e-03, 2.169929434345685e-13, 4.170016000750817e+01, 7.631699110379122e-01, 1.304916964808041e+05, 6.158149161051961e+01
3994, 5.211091693979741e-02, 5.916946375383123e-04, 1.098470133772865e-01, 8.300781867301361e-04, 1.107001863217801e-13, 1.893311465837699e+01, 6.254255733594404e-01, 1.469614709588723e+05, 2.364838213160863e+03
3995, 4.401799433137153e-02, 5.953208417681967e-04, 1.787191533556343e-01, 1.350522569438104e-03, 1.800240351721114e-13, 3.709407283363813e+01, 7.556266113100525e-01, 1.358942874591174e+05, 1.931400521741989e+02
3996, 4.794614473945995e-02, 5.921566420706995e-04, 1.342206354240681e-01, 1.014261728645416e-03, 1.351841375832122e-13, 2.754228962142050e+01, 7.476248452722329e-01, 1.425683001393558e+05, 9.311093517551333e+02
3997, 4.787209299882031e-02, 4.857284825448427e-04, 1.348341909621047e-01, 1.018898168479443e-03, 1.358051457761748e-13, 2.795501085747723e+01, 6.310301470945531e-01, 1.425263952428582e+05, 9.111878942987910e+02
3998, 5.609639865363581e-02, 6.960905123104546e-04, 9.753612005311323e-02, 7.370487661444187e-04, 9.827929135883420e-14, 1.138424693210237e+01, 6.755005187977891e-01, 1.496843317853296e+05, 3.731338080082127e+03
3999, 3.804610868124833e-02, 4.889591288474854e-04, 4.127773654479770e-01, 3.119224424039996e-03, 4.160222273080809e-13, 5.024875256218248e+01, 5.118829983031766e-01, 9.882053925436191e+04, 4.986010563603515e-01
4000, 5.615679657687192e-02, 5.881898715851785e-04, 9.717423601353327e-02, 7.343141260468376e-04, 9.791443426161457e-14, 1.139542407654915e+01, 5.711511939404031e-01, 1.497883570096879e+05, 3.761933465822772e+03
4001, 3.492853147719330e-02, 6.265957969894935e-04, 1.561070496486185e+00, 1.179650249234037e-02, 1.571711452509239e-12, 4.709563822011948e+01, -3.059590462702078e+00, -1.207673128426177e+05, 3.630729406584209e-04
4002, 2.632005411729407e-02, 1.679689200824552e-04, 1.567688173250192e+00, 1.184651012531733e-02, 1.578807070695629e-12, 5.749510339541475e+01, -9.151768362255515e-01, -1.102937323068770e+05, 3.645967632005720e-04
4003, 4.781452895167111e-02, 3.567638233656937e-04, 1.353583987444118e-01, 1.022859436355800e-03, 1.363461967547907e-13, 2.828880788523949e+01, 4.919674003727996e-01, 1.425026030534093e+05, 8.958101610101381e+02
4004, 5.400920975582532e-02, 5.955151027257635e-04, 1.029885199627813e-01, 7.782507805751076e-04, 1.038482998559984e-13, 1.544146099032765e+01, 6.299176240030960e-01, 1.484362424835626e+05, 3.066824998123661e+03
4005, 5.608788843566007e-02, 4.750279195408944e-04, 9.714333580878109e-02, 7.340806232401363e-04, 9.789141599475125e-14, 1.161107031882724e+01, 4.888097944357115e-01, 1.498107028437498e+05, 3.754746097774522e+03
4006, 3.752106073227378e-02, 4.208462716331008e-04, 4.738680720961010e-01, 3.580867043547793e-03, 4.771868019404167e-13, 4.978784466543688e+01, 4.794338148259721e-01, 8.904200546956141e+04, 1.543078302575198e-01
4007, 4.616931229632731e-02, 3.497300829159016e-04, 1.506489766809788e-01, 1.138405365347578e-03, 1.516811045188706e-13, 3.220286242929494e+01, 4.635766779737064e-01, 1.400885471519248e+05, 5.102106602081779e+02
4008, 4.176774897200188e-02, 5.923917902122973e-04, 2.248622995155717e-01, 1.699211331351900e-03, 2.265963334004801e-13, 4.262659536266974e+01, 8.008739891745643e-01, 1.291052022755373e+05, 4.653998109376415e+01
4009, 3.999438401454375e-02, 5.944190885432622e-04, 2.852826512466322e-01, 2.155788296574067e-03, 2.874211351099627e-13, 4.663685429425344e+01, 7.066234747085653e-01, 1.198031798944654e+05, 9.135588420700380e+00
4010, 2.260041539239620e-02, 6.486895403993487e-04, 1.570860941159313e+00, 1.187048570145682e-02, 1.581973012879112e-12, 6.271661853876151e+00, -4.995304453984713e+00, -1.105160178770050e+05, 3.653379185897721e-04
4011, 2.212059624431888e-02, 2.976643381472035e-04, 1.570423418133646e+00, 1.186717948211958e-02, 1.581400930570274e-12, -2.981343716823889e-01, 7.901527478517960e-01, -1.107792710614354e+05, 3.652370542342451e-04
4012, 3.599813940686029e-02, 5.940144919593618e-04, 8.149419122608834e-01, 6.158251226153443e-03, 8.205887479402376e-13, 4.908545186984779e+01, 1.327785150224575e-01, 2.781838328910669e+04, 6.830506893400443e-04
4013, 4.996949708463519e-02, 5.934685768268492e-04, 1.204928857076476e-01, 9.105255846925745e-04, 1.213978077858203e-13, 2.320880763039684e+01, 7.037136185567541e-01, 1.448931861721610e+05, 1.571520765822115e+03
4014, 5.184220065167484e-02, 3.441569679370771e-04, 1.108037123400484e-01, 8.373076499247842e-04, 1.116820620423289e-13, 1.978733479612280e+01, 4.224944169159667e-01, 1.468338350883003e+05, 2.273553825812798e+03
4015, 3.392378728113557e-02, 5.818943981392119e-04, 1.559436071571944e+00, 1.178415167434815e-02, 1.570535730934960e-12, 8.271571697457594e+01, 1.493974236599618e+00, -1.115769575960694e+05, 3.626787332737122e-04
4016, 4.224817507246653e-02, 6.065259873060165e-04, 2.125201935946894e-01, 1.605946047315130e-03, 2.140570329021282e-13, 4.132855105339631e+01, 7.808838549953567e-01, 1.309369038091975e+05, 6.721390963794694e+01
4017, 5.613508971126342e-02, 3.309829654811752e-04, 9.684802221980317e-02, 7.318490344065382e-04, 9.760220709037031e-14, 1.159557890656893e+01, 3.655223506125733e-01, 1.499015575507795e+05, 3.780588566798996e+03
4018, 2.404378151550003e-02, 6.965732482674940e-04, 1.575819100244657e+00, 1.190795289857522e-02, 1.586998031131520e-12, 3.179943841540558e+01, -5.672161825375255e+00, -1.113911420183767e+05, 3.664890573019046e-04
4019, 4.802012537222529e-02, 4.819758383827543e-04, 1.336160733469587e-01, 1.009693249473312e-03, 1.345694454999008e-13, 2.760399284408362e+01, 6.073989901024160e-01, 1.427262542046499e+05, 9.543976444925701e+02
4020, 4.212867169492502e-02, 3.329180685468129e-04, 2.162246010984006e-01, 1.633939051121433e-03, 2.178498146470297e-13, 4.211186254565429e+01, 4.627805285969251e-01, 1.304122960312194e+05, 6.051854055432457e+01
4021, 3.173945862689024e-02, 5.756746276479593e-04, 1.560697359880360e+00, 1.179368282025558e-02, 1.571801224584580e-12, 8.656598769103141e+01, 4.140159654007834e-01, -1.112349617592903e+05, 3.629730537020935e-04
4022, 5.175197156818082e-02, 6.077673089001279e-04, 1.114610988191323e-01, 8.422753059380331e-04, 1.123297120704731e-13, 1.965220733631275e+01, 6.788799688024227e-01, 1.465957117349563e+05, 2.223296571164849e+03
4023, 4.186140207926975e-02, 3.352867075010766e-04, 2.233431189543756e-01, 1.687731377489018e-03, 2.250204262947461e-13, 4.281067251049438e+01, 4.895676402706777e-01, 1.293744689501506e+05, 4.914665305851234e+01
4024, 2.747451636005630e-02, 2.065452591670361e-04, 1.566896227592419e+00, 1.184052564931398e-02, 1.578026990080157e-12, 6.805093260819935e+01, -9.670068013657246e-01, -1.104972011924549e+05, 3.644114738270724e-04
4025, 3.086624295055878e-02, 6.021307290023621e-04, 1.563369972392678e+00, 1.181387888458037e-02, 1.574509966201548e-12, 8.601958182914255e+01, -3.608876550607704e-01, -1.113922320301444e+05, 3.635950428395440e-04
4026, 3.381816959136393e-02, 3.257686203868831e-04, 1.556243484407922e+00, 1.176002633053943e-02, 1.567316402970333e-12, 8.505376124638171e+01, 9.792934362270602e-01, -1.108715021331216e+05, 3.619360923590219e-04
4027, 2.740642461372180e-02, 4.380824889536073e-04, 1.569557026027793e+00, 1.186063243849816e-02, 1.580711347989266e-12, 6.649932942606947e+01, -1.703267253576016e+00, -1.110066085945814e+05, 3.650300828751085e-04
4028, 2.399313428328107e-02, 3.723897859588092e-04, 1.571023989229532e+00, 1.187171780274310e-02, 1.582146393337852e-12, 2.844362129854234e+01, -2.823537325597321e+00, -1.105521675117422e+05, 3.653745972956489e-04
4029, 5.210188249228315e-02, 3.387796836768587e-04, 1.096105057536696e-01, 8.282909754685327e-04, 1.104725459370375e-13, 1.922725981102443e+01, 3.856677231103754e-01, 1.470915582700573e+05, 2.377263906360211e+03
4030, 2.219937801836366e-02, 2.110502852643700e-04, 1.570456501802989e+00, 1.186742948465844e-02, 1.581603461922867e-12, -1.380692353802443e+00, -1.689312408206080e+00, -1.107206418969645e+05, 3.652446582716219e-04
4031, 5.627629324835697e-02, 5.919815813988969e-04, 9.690563055814930e-02, 7.322843619003690e-04, 9.763622862300647e-14, 1.118248497985955e+01, 5.532357555658832e-01, 1.498485936301835e+05, 3.794170656858232e+03
4032, 2.410914099997550e-02, 5.938645840496374e-04, 1.574116496555112e+00, 1.189508687573232e-02, 1.585285526467261e-12, 3.199392994920656e+01, -4.861182303125350e+00, -1.111062921152353e+05, 3.660932476709144e-04
4033, 2.307464859674617e-02, 3.339091191894015e-04, 1.570909171572436e+00, 1.187085016301697e-02, 1.582018951190443e-12, 1.215789166315680e+01, -2.978165859097564e+00, -1.102911559004320e+05, 3.653489336351493e-04
4034, 3.808949864838971e-02, 3.377919479782700e-04, 4.120583712409830e-01, 3.113791218445419e-03, 4.154142102669027e-13, 5.037899716051889e+01, 3.475146384392135e-01, 9.895033470978645e+04, 5.293663460470985e-01
4035, 4.593050981777900e-02, 3.394428994677309e-04, 1.535512417188940e-01, 1.160336839185685e-03, 1.546402275115025e-13, 3.286510439766670e+01, 4.781897039540859e-01, 1.396902641502520e+05, 4.609368005573818e+02
4036, 2.722906582667572e-02, 6.292908298873773e-04, 1.573282116934283e+00, 1.188878174005855e-02, 1.584452129099270e-12, 6.464550787167990e+01, -2.330759673488971e+00, -1.116852364140160e+05, 3.658961626728278e-04
4037, 3.299944764385524e-02, 5.957283708475760e-04, 1.560107436011454e+00, 1.178922495726636e-02, 1.571206544911262e-12, 8.526305206704383e+01, 6.131046354534690e-01, -1.115069751715378e+05, 3.628350965133155e-04
4038, 4.805861748424979e-02, 3.303755150819368e-04, 1.333044872448767e-01, 1.007338694545726e-03, 1.342651559203785e-13, 2.773351735462458e+01, 4.235883736101663e-01, 1.428423218957192e+05, 9.678041198662730e+02
4039, 3.652695839101625e-02, 4.294273864800833e-04, 6.506877227740481e-01, 4.917035688469949e-03, 6.548048127507373e-13, 4.799233426886858e+01, -1.911611399336917e-01, 5.749650654747579e+04, 7.935099364359892e-03
4040, 2.632981366248629e-02, 7.093399904692845e-04, 1.576164949339100e+00, 1.191056636780266e-02, 1.587427288570182e-12, 5.726768395211261e+01, -3.042058042946107e+00, -1.119740108603075e+05, 3.665671121837729e-04
4041, 5.341622091331579e-02, 6.485243070282691e-04, 1.050182889811244e-01, 7.935890854996009e-04, 1.059084497788308e-13, 1.653947491583579e+01, 6.741998766601922e-01, 1.479273437634164e+05, 2.842047795915789e+03
4042, 5.039878889014915e-02, 4.409885223642652e-04, 1.178101037596871e-01, 8.902526732470399e-04, 1.186918340790335e-13, 2.249429213653141e+01, 4.997032512407641e-01, 1.454776635161924e+05, 1.738153257159752e+03
4043, 4.628736276668430e-02, 6.052452110480885e-04, 1.492679395291375e-01, 1.127969316341200e-03, 1.502992694557411e-13, 3.142485582583831e+01, 7.951080648708937e-01, 1.402180022418200e+05, 5.349577434871717e+02
4044, 2.676530212006148e-02, 2.103585383980227e-04, 1.568213040702042e+00, 1.185047637810207e-02, 1.579346636898330e-12, 6.174487575910265e+01, -1.135576476329780e+00, -1.104431529092540e+05, 3.647183286643112e-04
4045, 4.944300395878314e-02, 4.883168169873786e-04, 1.235427710047158e-01, 9.335725768618527e-04, 1.244746575562230e-13, 2.456318328038797e+01, 6.090536024641233e-01, 1.443526623375003e+05, 1.391052953003646e+03
4046, 5.228482531727104e-02, 6.932318793092378e-04, 1.092473470809242e-01, 8.255467033823166e-04, 1.100930572258155e-13, 1.839952092063737e+01, 6.864831004533136e-01, 1.470447646024571e+05, 2.424026708982202e+03
4047, 5.539216599291989e-02, 4.772355953085578e-04, 9.878388636425779e-02, 7.464777307122477e-04, 9.955787799596228e-14, 1.296484718069307e+01, 5.365810504942852e-01, 1.492976785943164e+05, 3.542210390351954e+03
4048, 5.801555519167557e-02, 3.358508975826201e-04, 9.375465834859538e-02, 7.084734887803136e-04, 9.444989716422647e-14, 8.202720012799420e+00, 3.473315296332220e-01, 1.505608972665234e+05, 4.141212721551961e+03
4049, 5.567935144299375e-02, 5.490819087696189e-04, 9.823371683434479e-02, 7.423202783451452e-04, 9.899748984111309e-14, 1.233773310550880e+01, 5.727077104288301e-01, 1.495085606034314e+05, 3.625737323178675e+03
4050, 4.770058370027459e-02, 6.064235311046886e-04, 1.361929945016352e-01, 1.029166205302105e-03, 1.371655018912321e-13, 2.807036679151663e+01, 7.781244778929295e-01, 1.422237115885371e+05, 8.623114017936434e+02
4051, 2.216021244554662e-02, 9.330595935353344e-05, 1.569411684579451e+00, 1.185953414039976e-02, 1.580702915418373e-12, -5.214836540828746e+00, -3.452426504189062e+00, -1.108404154998063e+05, 3.650017134953727e-04
4052, 2.512306450471791e-02, 4.023725451735651e-04, 1.572422753133970e+00, 1.188228780705871e-02, 1.583586315275514e-12, 4.510219671752721e+01, -2.665107159490264e+00, -1.108102550671547e+05, 3.656986473436851e-04
4053, 3.939009841094300e-02, 6.522431458527906e-04, 3.138346413607426e-01, 2.371546408267634e-03, 3.161904598808666e-13, 4.723227419404360e+01, 8.187481584948124e-01, 1.156260670987484e+05, 4.575345045924822e+00
4054, 5.830354061551347e-02, 5.837551694872806e-04, 9.400748419534180e-02, 7.103840115516922e-04, 9.470357470152545e-14, 7.553299933931390e+00, 5.486656041530534e-01, 1.504440060038250e+05, 4.132814274396126e+03
4055, 5.008251785633065e-02, 5.893644555735305e-04, 1.198000430784264e-01, 9.052899980737895e-04, 1.206893256750393e-13, 2.295223834739972e+01, 6.742496323250387e-01, 1.450192110957214e+05, 1.613356763698366e+03
4056, 4.831377818410995e-02, 5.813067793265107e-04, 1.312217244329304e-01, 9.915999327426298e-04, 1.321495774409454e-13, 2.668161685876851e+01, 6.734598524248389e-01, 1.430836325719925e+05, 1.042257402335114e+03
4057, 3.788402182335658e-02, 5.914544071161993e-04, 4.275366584258764e-01, 3.230755605233265e-03, 4.308591666112882e-13, 5.012838035362473e+01, 7.758393034273754e-01, 9.648521527858720e+04, 3.597529327237401e-01
4058, 5.904374046960792e-02, 5.964704365511988e-04, 9.439993784258473e-02, 7.133496562412219e-04, 9.505953664471747e-14, 6.369954974179144e+00, 5.093509273777607e-01, 1.501266933840060e+05, 4.112829883968638e+03
4059, 3.406252547516266e-02, 3.216943105062039e-04, 1.555857216287619e+00, 1.175710742786712e-02, 1.566926607197744e-12, 8.392319021527550e+01, 8.711808011024739e-01, -1.107664362991541e+05, 3.618462383211492e-04
4060, 3.610854784163060e-02, 5.876388754065701e-04, 7.702445638341240e-01, 5.820487887916323e-03, 7.752480022153083e-13, 4.909826015646660e+01, 4.748592881317689e-03, 3.576893879410361e+04, 1.159604790075684e-03
4061, 2.985352777782180e-02, 4.938725811802320e-04, 1.563011107528487e+00, 1.181116705941018e-02, 1.574125898802878e-12, 8.422507108771826e+01, -9.375294274333231e-01, -1.109076170933501e+05, 3.635119291761622e-04
4062, 3.858374542549420e-02, 4.480117889107133e-04, 3.645574519245694e-01, 2.754842205979298e-03, 3.671952186165864e-13, 4.867394236198309e+01, 4.548640095718093e-01, 1.072349751155386e+05, 1.470577463765070e+00
4063, 3.053817353098121e-02, 5.036359935326535e-04, 1.561936661240517e+00, 1.180304781793939e-02, 1.573035492189329e-12, 8.626994955478027e+01, -3.947761303055242e-01, -1.109212025266785e+05, 3.632618046255246e-04
4064, 3.073567048682303e-02, 4.537199106960235e-04, 1.561226852460385e+00, 1.179768402363106e-02, 1.572353070577907e-12, 8.681709350164972e+01, -3.233641570089095e-01, -1.108451530914163e+05, 3.630966321027047e-04
4065, 4.010725048520179e-02, 5.892492214408138e-04, 2.801669410373779e-01, 2.117130536806476e-03, 2.822077357645177e-13, 4.635469861579187e+01, 6.736720321182230e-01, 1.205951779140413e+05, 1.041859783844685e+01
4066, 4.164526920635463e-02, 5.878553794594244e-04, 2.281993520119465e-01, 1.724428352735108e-03, 2.299479983504421e-13, 4.286487346148071e+01, 7.926438058730788e-01, 1.286702698785776e+05, 4.234902963160799e+01
4067, 2.757033695670565e-02, 5.547700260988129e-04, 1.570912663537616e+00, 1.187087655066304e-02, 1.582093166396717e-12, 6.743526915531393e+01, -2.058483761945998e+00, -1.114028003738382e+05, 3.653452345257447e-04
4068, 2.793725989798277e-02, 4.117045704627907e-04, 1.566866888782702e+00, 1.184030394546223e-02, 1.577983752521959e-12, 7.095072266810718e+01, -1.306739026670361e+00, -1.107823519122262e+05, 3.644080901499401e-04
4069, 4.375474403673871e-02, 3.294172261363370e-04, 1.835873458256978e-01, 1.387309918078359e-03, 1.849515378457562e-13, 3.815222811898141e+01, 4.602915095070729e-01, 1.352737064392847e+05, 1.656272493577380e+02
4070, 2.603136776050217e-02, 3.637380822880224e-04, 1.569543163610478e+00, 1.186052768471494e-02, 1.580680199035681e-12, 5.462366539105456e+01, -1.481096946821855e+00, -1.106727451244374e+05, 3.650281836929447e-04
4071, 2.530606148355044e-02, 2.273258254085209e-04, 1.570727414017440e+00, 1.186947668023354e-02, 1.581879072723249e-12, 4.740138308207911e+01, -1.650327611065117e+00, -1.105211349787045e+05, 3.653044594386034e-04
4072, 5.411980771579462e-02, 5.856379515833347e-04, 1.026029575956917e-01, 7.753372110505097e-04, 1.034527965571162e-13, 1.521718227652306e+01, 6.110198937293588e-01, 1.485185076457530e+05, 3.108599904394568e+03
4073, 5.261709529556947e-02, 4.512108316646361e-04, 1.074843356233219e-01, 8.122241986648867e-04, 1.083445533660844e-13, 1.811355779733517e+01, 4.452230499835558e-01, 1.474723223323693e+05, 2.570284669141724e+03
4074, 2.966328432344979e-02, 5.928890968978864e-04, 1.565435408972210e+00, 1.182948671767512e-02, 1.576542552792314e-12, 8.287039042382045e+01, -1.299774283850458e+00, -1.113146146027399e+05, 3.640758073848626e-04
4075, 5.164144096435897e-02, 5.635854235486084e-04, 1.118861032828454e-01, 8.454869265706288e-04, 1.127549837570417e-13, 1.994493288814256e+01, 6.337869646774403e-01, 1.465126295790046e+05, 2.183742926425089e+03
4076, 2.609625765367301e-02, 7.056365793661084e-04, 1.576064435070946e+00, 1.190980681413909e-02, 1.587271732682275e-12, 5.520806978506005e+01, -3.055715465114375e+00, -1.119284994367135e+05, 3.665439881152809e-04
4077, 4.412861713935540e-02, 5.857872820689275e-04, 1.768502798050894e-01, 1.336400099282892e-03, 1.781121964845639e-13, 3.681401229999406e+01, 7.207049868076285e-01, 1.361548597108525e+05, 2.053202283418014e+02
4078, 3.619610555468615e-02, 3.224841254590415e-04, 7.589076747822938e-01, 5.734818701127051e-03, 7.635446468441946e-13, 4.905964709583477e+01, 1.900876561633168e-01, 3.746470881813869e+04, 1.562794594536471e-03
4079, 3.601367146161552e-02, 3.736608819394949e-04, 8.250145297350678e-01, 6.234366723440543e-03, 8.298756014147998e-13, 4.978224282408525e+01, 6.346025825172985e-01, 2.513406327704821e+04, 6.614418060000446e-04
4080, 2.353349488099540e-02, 6.938169958022856e-04, 1.575260916080283e+00, 1.190373488221978e-02, 1.586413705856547e-12, 2.292060476385247e+01, -6.234362819812984e+00, -1.111354649724731e+05, 3.663598873734450e-04
4081, 3.108950261582727e-02, 6.071791139919702e-04, 1.562938290058334e+00, 1.181061680144932e-02, 1.574066891191512e-12, 8.625847134467244e+01, -2.423622883685137e-01, -1.114105970506863e+05, 3.634945456147949e-04
4082, 4.843354732484762e-02, 5.691005898669812e-04, 1.302115294971586e-01, 9.839662178627384e-04, 1.311347181700921e-13, 2.642155186956355e+01, 6.371734719026479e-01, 1.432444779862291e+05, 1.080042835305302e+03
4083, 5.366134029887998e-02, 5.840050427116039e-04, 1.041082944594296e-01, 7.867125525900686e-04, 1.049888198534602e-13, 1.615101650386671e+01, 6.307101796180775e-01, 1.481603760953300e+05, 2.938483147543893e+03
4084, 5.843342698658423e-02, 5.650055899788340e-04, 9.394795884376593e-02, 7.099341978118294e-04, 9.463810303855741e-14, 7.328791439930438e+00, 5.206258495276654e-01, 1.504344532991028e+05, 4.138920952474269e+03
4085, 2.902012285662007e-02, 6.214222632981628e-04, 1.569492896288615e+00, 1.186014783089728e-02, 1.580670001501404e-12, 7.850095580707153e+01, -2.313177214673573e+00, -1.116457817041020e+05, 3.650193365507173e-04
4086, 3.471147106734668e-02, 2.785860211221526e-04, 1.567469308215748e+00, 1.184485623336940e-02, 1.578581425771562e-12, 7.385642747199878e+01, 3.590738978490671e+00, -1.179284101772727e+05, 3.645480139291389e-04
4087, 4.136496831651430e-02, 4.721401911345979e-04, 2.362090854876615e-01, 1.784955305952286e-03, 2.378670766778828e-13, 4.341869960354614e+01, 6.163357166440659e-01, 1.276687798663072e+05, 3.403937620355215e+01
4088, 4.057220793378896e-02, 4.415878763709635e-04, 2.612840222369756e-01, 1.974438455191376e-03, 2.631659394106066e-13, 4.513141403417737e+01, 5.155254682577783e-01, 1.237014071074728e+05, 1.726074078310524e+01
4089, 5.763833451832873e-02, 4.070463979301004e-04, 9.420736618192448e-02, 7.118944547752407e-04, 9.491172965265745e-14, 8.898400026374000e+00, 4.389831792588132e-01, 1.504352813248443e+05, 4.092408383486414e+03
4090, 2.588733674686983e-02, 1.387217251312227e-04, 1.568479254137408e+00, 1.185248806653055e-02, 1.579599825428604e-12, 5.379402775546222e+01, -7.216315016827692e-01, -1.103731460078013e+05, 3.647811534298377e-04
4091, 5.390276767608199e-02, 3.551704107304373e-04, 1.030139109560719e-01, 7.784426520609434e-04, 1.038659017707594e-13, 1.589230601618177e+01, 3.786054451100166e-01, 1.484948237789836e+05, 3.047028637792289e+03
4092, 5.404362857627236e-02, 3.649437882058179e-04, 1.025416878098370e-01, 7.748742151876472e-04, 1.033790508560472e-13, 1.558444230932747e+01, 3.795383811939635e-01, 1.485884444398178e+05, 3.099081035591223e+03
4093, 3.338490317730283e-02, 4.906673616576298e-04, 1.557848271765663e+00, 1.177215318714704e-02, 1.568932687512721e-12, 8.560851400225761e+01, 1.003145779801959e+00, -1.111628541379339e+05, 3.623094962510430e-04
4094, 3.318294623788168e-02, 3.840612917727994e-04, 1.557106612097462e+00, 1.176654870602713e-02, 1.568183800707602e-12, 8.670364786050864e+01, 7.801777508910425e-01, -1.109094729410624e+05, 3.621371247117268e-04
4095, 3.438245108814330e-02, 5.583906471193461e-04, 1.559310836111430e+00, 1.178320531066671e-02, 1.570389366854500e-12, 8.027132850142037e+01, 1.038789429091273e+00, -1.111974407574181e+05, 3.626493363891847e-04
4096, 3.260457956496288e-02, 4.713132751201286e-04, 1.559185496864320e+00, 1.178225816270365e-02, 1.570269929852017e-12, 8.682906801242065e+01, 2.391489711611142e-01, -1.110759333010802e+05, 3.626209191866918e-04
4097, 3.565452405749345e-02, 5.737627011352295e-04, 9.912714496608692e-01, 7.490716244289537e-03, 9.982746320638019e-13, 4.504846652708272e+01, 9.930752148032919e-01, -3.454307150363747e+03, 2.721941679891244e-04
4098, 5.018580973791332e-02, 3.214156406213436e-04, 1.189850308979219e-01, 8.991312158533593e-04, 1.198663567619658e-13, 2.306112143840905e+01, 3.714186074201349e-01, 1.452707069539030e+05, 1.661720379052703e+03
4099, 4.390905365017209e-02, 3.447895444433931e-04, 1.809342571087110e-01, 1.367261388730882e-03, 1.822531927108494e-13, 3.777079648366299e+01, 4.560804290311961e-01, 1.356334404936396e+05, 1.806124540556038e+02
4100, 4.405313539221230e-02, 3.655732208838658e-04, 1.783642220956584e-01, 1.347840469236854e-03, 1.796105921091059e-13, 3.738032646510819e+01, 4.593217794360263e-01, 1.359721333404827e+05, 1.960350207215357e+02
4101, 2.525532180517669e-02, 6.549107811259842e-04, 1.576030784126830e+00, 1.190955252488890e-02, 1.587192753263179e-12, 4.672963470623299e+01, -3.493747296175258e+00, -1.116002475598773e+05, 3.665371099038228e-04
4102, 3.159335988496931e-02, 5.680057308465288e-04, 1.560743518618946e+00, 1.179403162684438e-02, 1.571852453311206e-12, 8.677827806667939e+01, 3.092540923522807e-01, -1.111999550640483e+05, 3.629838585308022e-04
4103, 5.782497152211957e-02, 5.869385630930327e-04, 9.432351033072943e-02, 7.127721183682044e-04, 9.503932942504658e-14, 8.490606679639590e+00, 6.043341964689047e-01, 1.504098401980410e+05, 4.095799589767124e+03
4104, 4.236198598293565e-02, 5.711321925157089e-04, 2.098348895589041e-01, 1.585654077271441e-03, 2.113308631137908e-13, 4.107498541655556e+01, 7.340356368006095e-01, 1.313581152429091e+05, 7.297602247061540e+01
4105, 4.365701605658039e-02, 6.024621160326930e-04, 1.845674662747786e-01, 1.394716369834659e-03, 1.859280279357175e-13, 3.790137016302944e+01, 8.113735186226035e-01, 1.350152113892511e+05, 1.584042026656884e+02
4106, 3.195671375551611e-02, 2.992005303900800e-04, 1.556535635252011e+00, 1.176223401953760e-02, 1.567583136086707e-12, 8.826221668248627e+01, 3.502419788463701e-01, -1.103795011017245e+05, 3.620050264040433e-04
4107, 3.964287980150929e-02, 5.821347667026849e-04, 3.016688136662899e-01, 2.279613201508494e-03, 3.039691261826132e-13, 4.725609127345021e+01, 7.909827415526943e-01, 1.172985840838447e+05, 6.053003322655232e+00
4108, 5.458098866518247e-02, 4.300529273514753e-04, 1.008216947207991e-01, 7.618767863032407e-04, 1.016344560230143e-13, 1.436824028868999e+01, 4.866045294649237e-01, 1.488136048869782e+05, 3.285863069967341e+03
4109, 2.437758078651275e-02, 1.716155733091225e-04, 1.569875145021460e+00, 1.186303636036472e-02, 1.580997619329283e-12, 3.464166433796828e+01, -1.369899511481848e+00, -1.102805674754651e+05, 3.651072546486044e-04
4110, 2.870366026586765e-02, 4.318603795339304e-04, 1.566230585325923e+00, 1.183549560699792e-02, 1.577329190300483e-12, 7.693428436107492e+01, -1.661169518419793e+00, -1.108213836736207e+05, 3.642607625557280e-04
4111, 3.595155152749858e-02, 4.986762059574663e-04, 8.440794479810739e-01, 6.378434115727586e-03, 8.492593027198144e-13, 4.960003851958637e+01, 1.375875114385227e-01, 2.205100902069954e+04, 5.269803599527355e-04
4112, 2.703013867112630e-02, 6.130099126502205e-04, 1.573505441964812e+00, 1.189046933474766e-02, 1.584698499925421e-12, 6.305394577011695e+01, -2.393370226474093e+00, -1.116387913454685e+05, 3.659482577874219e-04
4113, 3.988956798472638e-02, 3.515435113735371e-04, 2.917129301682619e-01, 2.204379824949073e-03, 2.939238163935401e-13, 4.727796574396029e+01, 4.237369448171716e-01, 1.188145078995134e+05, 7.874351872262939e+00
4114, 4.003313364290481e-02, 3.638910547694558e-04, 2.844456579772605e-01, 2.149463410407693e-03, 2.864567149077698e-13, 4.691529412702734e+01, 4.285291627030650e-01, 1.198786407929431e+05, 9.380010531047951e+00
4115, 2.472690402217693e-02, 1.561287988700993e-04, 1.570147157052070e+00, 1.186509186689325e-02, 1.581270728067992e-12, 3.917586692344792e+01, -1.398805565137481e+00, -1.102973590174960e+05, 3.651701805275445e-04
4116, 3.796544920462291e-02, 4.057252037707690e-04, 4.245194941424626e-01, 3.207955875131438e-03, 4.281544291699545e-13, 5.051643532400748e+01, 4.483467392653480e-01, 9.700342474628650e+04, 4.060031605333618e-01
4117, 3.782729634094148e-02, 3.246330395442575e-04, 4.410828121759027e-01, 3.333119487474968e-03, 4.447559475215834e-13, 5.060343237088512e+01, 2.881703065001217e-01, 9.425667699155137e+04, 2.941188316382468e-01
4118, 5.048062135893106e-02, 5.244430457978961e-04, 1.173882220462803e-01, 8.870646502238314e-04, 1.182549922874389e-13, 2.219994634619203e+01, 5.671308320664412e-01, 1.455137350463016e+05, 1.765304242465038e+03
4119, 5.063202118291493e-02, 4.681093509398179e-04, 1.164669969048430e-01, 8.801032511701279e-04, 1.173432747917719e-13, 2.197865051493850e+01, 5.030384830214243e-01, 1.456909906545100e+05, 1.824065656896084e+03
4120, 2.546840800823636e-02, 3.602649602782570e-04, 1.571022050326388e+00, 1.187170315108203e-02, 1.582167238737202e-12, 4.898923963035101e+01, -2.002012757847259e+00, -1.106995133438834e+05, 3.653726461558139e-04
4121, 4.715094074569837e-02, 3.879788874398064e-04, 1.407391386262830e-01, 1.063519939241552e-03, 1.417092193013909e-13, 2.968229777367215e+01, 5.790671939770990e-01, 1.416288820756163e+05, 7.281954120016553e+02
4122, 4.823443681156842e-02, 4.910457721807726e-04, 1.318190435542758e-01, 9.961136792515464e-04, 1.327451687752957e-13, 2.705297245543744e+01, 5.843820148953872e-01, 1.430104653753383e+05, 1.019561468081776e+03
4123, 4.263422634409616e-02, 4.470721118297398e-04, 2.034790010617300e-01, 1.537624693161808e-03, 2.049341673372222e-13, 4.047071855407870e+01, 5.869623093595974e-01, 1.323629049645071e+05, 8.815024040260748e+01
4124, 5.641120665170270e-02, 5.706693356813732e-04, 9.656300765334076e-02, 7.296952719395945e-04, 9.729313698813522e-14, 1.096606830656483e+01, 5.302423955703035e-01, 1.499181844582093e+05, 3.831937785137617e+03
4125, 3.206630844253873e-02, 6.113080177871327e-04, 1.561275885117303e+00, 1.179805454748685e-02, 1.572406712291921e-12, 8.552514667131267e+01, 3.871829653110730e-01, -1.114412191529620e+05, 3.631074206125133e-04
4126, 5.354647950817521e-02, 5.305209221067734e-04, 1.043909421935413e-01, 7.888484296740439e-04, 1.052694842318555e-13, 1.644502235467027e+01, 5.678525746887697e-01, 1.480980715211720e+05, 2.900774461629753e+03
4127, 2.207848095802105e-02, 5.118622775108510e-04, 1.570298198908042e+00, 1.186623324112000e-02, 1.581293429263063e-12, 1.700829883196331e-01, -1.436465113288547e-01, -1.107868339613625e+05, 3.652079219227095e-04
4128, 4.452351967488703e-02, 5.205869674933735e-04, 1.706652539980133e-01, 1.289661869002640e-03, 1.719394784568117e-13, 3.585495230807182e+01, 6.925337823781463e-01, 1.371304118923534e+05, 2.527582945122187e+02
4129, 2.420740072433043e-02, 6.056168660269598e-04, 1.574300039904539e+00, 1.189647385318390e-02, 1.585474101015917e-12, 3.374219642692341e+01, -4.710533604122316e+00, -1.111500454879164e+05, 3.661357875243936e-04
4130, 4.200318418120374e-02, 3.690865713419548e-04, 2.195252183678263e-01, 1.658880743333736e-03, 2.211677066098160e-13, 4.242752483641882e+01, 5.088662920001571e-01, 1.299292804420263e+05, 5.494165843103810e+01
4131, 5.129191352192630e-02, 4.566734834483080e-04, 1.132838710865831e-01, 8.560494036769875e-04, 1.141395335939081e-13, 2.075711271452807e+01, 5.398119674148929e-01, 1.462206510678605e+05, 2.059246827632624e+03
4132, 4.960102882899074e-02, 5.851718251872339e-04, 1.226915003086622e-01, 9.271398008211274e-04, 1.236298128137602e-13, 2.406699664469274e+01, 7.249011859181443e-01, 1.444658367118704e+05, 1.440545403124665e+03
4133, 4.986371299370336e-02, 3.480308322846719e-04, 1.209626498646033e-01, 9.140754397829321e-04, 1.218640324514697e-13, 2.378483821321285e+01, 4.184260795396644e-01, 1.449007386594156e+05, 1.541550975249270e+03
4134, 5.001500753423457e-02, 3.600060885421657e-04, 1.200284400096365e-01, 9.070159194683370e-04, 1.209119741462885e-13, 2.341776753717529e+01, 4.231291811666741e-01, 1.450620696441216e+05, 1.597036695684902e+03
4135, 2.288696875792324e-02, 5.050633128679535e-04, 1.570969792324584e+00, 1.187130825434302e-02, 1.582070960029951e-12, 9.750845566497658e+00, -4.268066711288584e+00, -1.104155830966035e+05, 3.653630470369287e-04
4136, 2.700666535968121e-02, 2.076659116049028e-04, 1.567786369969253e+00, 1.184725216601550e-02, 1.578925501019520e-12, 6.387121226666174e+01, -1.072928493418619e+00, -1.104350666869686e+05, 3.646188700341150e-04
4137, 2.793434195473907e-02, 6.032691550724520e-04, 1.570936626673423e+00, 1.187105763229379e-02, 1.582137578148668e-12, 6.987409791848715e+01, -2.089398108117921e+00, -1.115830091168506e+05, 3.653522208119429e-04
4138, 4.400885525773247e-02, 2.185429566109265e-04, 1.794719474779146e-01, 1.356211190009465e-03, 1.808037873056344e-13, 3.762986152568708e+01, 3.220845154758966e-01, 1.358847135266437e+05, 1.904452142476596e+02
4139, 3.219247684404535e-02, 6.184406112216123e-04, 1.561313991235609e+00, 1.179834250304080e-02, 1.572446096932363e-12, 8.529372906101351e+01, 2.823356572917459e-01, -1.114704410492276e+05, 3.631162116407376e-04
4140, 5.750124648594856e-02, 3.973476269313241e-04, 9.435099008669359e-02, 7.129797739548596e-04, 9.505518350058564e-14, 9.179056551782981e+00, 4.360971355123005e-01, 1.503764184968214e+05, 4.073032856888273e+03
4141, 2.412303157480064e-02, 2.952941891409773e-04, 1.570045359221199e+00, 1.186432261376327e-02, 1.581154292649529e-12, 3.041546711245720e+01, -2.027938491630080e+00, -1.103766778582919e+05, 3.651469875384637e-04
4142, 2.385725628307265e-02, 1.187521589647125e-04, 1.570783889119437e+00, 1.186990344422859e-02, 1.581868031242781e-12, 2.685923707985990e+01, -1.227916680783842e+00, -1.103710769998725e+05, 3.653191920000473e-04
4143, 2.455143567604335e-02, 3.228448448587498e-04, 1.570868784243276e+00, 1.187054496909381e-02, 1.581989807086772e-12, 3.739452595389038e+01, -2.090940092332585e+00, -1.104824807314129e+05, 3.653379757023133e-04
4144, 3.997066397197773e-02, 2.184797834243440e-04, 2.882694629195286e-01, 2.178358661860472e-03, 2.904078080699968e-13, 4.718677138865728e+01, 3.384974079996817e-01, 1.193208974586647e+05, 8.609428980116022e+00
4145, 2.641415350798242e-02, 3.277742964479789e-04, 1.569136533277922e+00, 1.185745491142105e-02, 1.580287120500678e-12, 5.854249690042104e+01, -1.530687491389600e+00, -1.105760139082393e+05, 3.649333002006169e-04
4146, 4.150966967397613e-02, 5.782772613414727e-04, 2.317936219253467e-01, 1.751589082559437e-03, 2.334640705745875e-13, 4.304068246921361e+01, 7.697727783065924e-01, 1.281980697865272e+05, 3.821649935275183e+01
4147, 5.398217288928676e-02, 2.198292215675552e-04, 1.026425619122508e-01, 7.756364880018509e-04, 1.034850287864553e-13, 1.578630833127463e+01, 2.490217435328418e-01, 1.486112659058697e+05, 3.084287478877756e+03
4148, 3.394022238846915e-02, 3.692991854180799e-04, 1.556789645627326e+00, 1.176415349340647e-02, 1.567856797505714e-12, 8.427345744897873e+01, 9.694653500149869e-01, -1.110014622341117e+05, 3.620631015502789e-04
4149, 4.994452415330741e-02, 2.163341298398889e-04, 1.204187952153235e-01, 9.099657069168513e-04, 1.213079060502990e-13, 2.367771133308310e+01, 2.809338663880194e-01, 1.450380647758949e+05, 1.574279559576661e+03
4150, 3.731432049223377e-02, 4.701126761369209e-04, 5.010210128303961e-01, 3.786052993681187e-03, 5.043658932500553e-13, 4.869337653876268e+01, 3.407005451308155e-01, 8.478441352017863e+04, 9.697188687107684e-02
4151, 5.737895427574757e-02, 4.910566932687923e-04, 9.465390309444427e-02, 7.152687891267829e-04, 9.535851484602741e-14, 9.389621287962594e+00, 5.218553510744065e-01, 1.502794180177596e+05, 4.043761076656798e+03
4152, 2.806912299942483e-02, 7.283760261890609e-04, 1.573455745408717e+00, 1.189009379402143e-02, 1.584695620317259e-12, 6.998364175446240e+01, -2.595837674390787e+00, -1.121379948832100e+05, 3.659393910507941e-04
4153, 2.953514546667924e-02, 5.535155706907246e-04, 1.565597248165748e+00, 1.183070968387309e-02, 1.576746459171991e-12, 8.226230093438305e+01, -1.433237600544787e+00, -1.112486917339750e+05, 3.641134481535251e-04
4154, 3.244624074272056e-02, 5.583877958844256e-04, 1.560485046016845e+00, 1.179207843337763e-02, 1.571583279937761e-12, 8.610491419703875e+01, 1.625616010169817e-01, -1.113008184203411e+05, 3.629232587507021e-04
4155, 5.375015783234544e-02, 3.327267333764883e-04, 1.034887283717183e-01, 7.820306929852180e-04, 1.043494630425291e-13, 1.621973413172213e+01, 3.797872328436747e-01, 1.483666121792058e+05, 2.990829342995413e+03
4156, 3.952779089649824e-02, 5.297988651960394e-04, 3.077892583965491e-01, 2.325863413575939e-03, 3.101406894730827e-13, 4.743262979503209e+01, 7.142412629028330e-01, 1.164581718638989e+05, 5.262112714803515e+00
4157, 2.713296471499187e-02, 4.173937475541450e-04, 1.569860465431341e+00, 1.186292543147207e-02, 1.581022014549486e-12, 6.458824348409715e+01, -1.732891546826073e+00, -1.109341899397184e+05, 3.651008379770200e-04
4158, 3.401935174820736e-02, 6.042056649600043e-04, 1.559737559771258e+00, 1.178642992270569e-02, 1.570836614178939e-12, 8.184557940791461e+01, 1.602000808104538e+00, -1.116743930100422e+05, 3.627491079232034e-04
4159, 4.639493228211741e-02, 5.755705495628144e-04, 1.480741313460750e-01, 1.118948095814272e-03, 1.491002313546413e-13, 3.121127294738963e+01, 7.419068125570721e-01, 1.404314292063748e+05, 5.586092939870388e+02
4160, 4.043140984202376e-02, 4.623951502608262e-04, 2.670271983628948e-01, 2.017837771004410e-03, 2.689200642353826e-13, 4.556489132855849e+01, 5.371010017205331e-01, 1.227753480064741e+05, 1.486459559510504e+01
4161, 4.604638597653887e-02, 3.839081345299345e-04, 1.521441177838406e-01, 1.149703660835167e-03, 1.532108710449718e-13, 3.252219304508672e+01, 5.119195567261247e-01, 1.398742223807232e+05, 4.842878017847595e+02
4162, 2.995468464529041e-02, 5.099448037418512e-04, 1.563078001241925e+00, 1.181167255346639e-02, 1.574200765388096e-12, 8.459043622697634e+01, -8.702515392477892e-01, -1.109746988405456e+05, 3.635274606264633e-04
4163, 2.980467467887009e-02, 3.776948431498575e-04, 1.561195187794792e+00, 1.179744474404223e-02, 1.572286914381551e-12, 8.440982811271782e+01, -7.088306214592570e-01, -1.105108105728638e+05, 3.630896284202852e-04
4164, 2.219459393835615e-02, 3.932180053681754e-04, 1.569924446928087e+00, 1.186340891885330e-02, 1.580947153002112e-12, 5.823671605900970e-01, -3.834659936056797e-01, -1.106684821060490e+05, 3.651208746120000e-04
4165, 5.554368449446070e-02, 5.840690056077307e-04, 9.861073592552091e-02, 7.451692891096965e-04, 9.938014340206806e-14, 1.259210002917934e+01, 6.141405470424325e-01, 1.493768353076655e+05, 3.579428643964146e+03
4166, 3.973619409313802e-02, 3.304656330538816e-04, 2.992759162831485e-01, 2.261530853525002e-03, 3.015835195795965e-13, 4.752962521901947e+01, 4.035321558850569e-01, 1.176970476280178e+05, 6.554055165652637e+00
4167, 2.229674171379670e-02, 1.945788700228270e-04, 1.569943625109918e+00, 1.186355384214152e-02, 1.581092511148693e-12, -1.543918093655839e+00, -2.228282149012569e+00, -1.105703599385451e+05, 3.651252636537882e-04
4168, 4.021646516795938e-02, 3.311992750578480e-04, 2.765341968435707e-01, 2.089679069347077e-03, 2.784780649298514e-13, 4.641542035640663e+01, 3.851363039011058e-01, 1.212112385338529e+05, 1.158479641575898e+01
4169, 4.759843009695641e-02, 5.809363872829773e-04, 1.370474223952090e-01, 1.035622839258602e-03, 1.380118372811055e-13, 2.837476969284183e+01, 7.610787346094153e-01, 1.421151913994745e+05, 8.354161602441141e+02
4170, 3.748614898037017e-02, 5.697248809081380e-04, 4.742455704776369e-01, 3.583719676153642e-03, 4.777306219438780e-13, 4.922822875272798e+01, 5.711807384440309e-01, 8.907313243580567e+04, 1.491433174109986e-01
4171, 4.581329546774330e-02, 6.046009572134628e-04, 1.546488828204494e-01, 1.168631356325859e-03, 1.557780395859724e-13, 3.272803902590979e+01, 8.154733316528425e-01, 1.393934222944706e+05, 4.394434029112431e+02
4172, 3.352754580565825e-02, 5.693813358007488e-04, 1.558805533617887e+00, 1.177938690391446e-02, 1.569901928948535e-12, 8.447746102039824e+01, 1.176246397005021e+00, -1.114137335612655e+05, 3.625320574792795e-04
4173, 5.027909810027784e-02, 1.551055683973481e-04, 1.183619372156202e-01, 8.944226993623571e-04, 1.192813997841577e-13, 2.296859158357630e+01, 2.365391770305821e-01, 1.454033391051812e+05, 1.700151462765393e+03
4174, 3.408295406302263e-02, 1.797386978793111e-04, 1.554300857881406e+00, 1.174534653310981e-02, 1.565380873315799e-12, 8.433491830776397e+01, 5.482216130655967e-01, -1.102595576935175e+05, 3.614841899428740e-04
4175, 3.604779644606514e-02, 5.044802688204611e-04, 8.031782437578455e-01, 6.069357005727844e-03, 8.084120086320094e-13, 4.953551902708314e+01, -1.005410545596125e-01, 2.980520390089513e+04, 8.169222705593765e-04
4176, 2.350546221037069e-02, 4.792642391354146e-04, 1.573412444574394e+00, 1.188976658368658e-02, 1.584586932733947e-12, 2.029425144175580e+01, -4.630594370796258e+00, -1.107457472338689e+05, 3.659304292765321e-04
4177, 4.555859530167736e-02, 5.585027424475918e-04, 1.575682070210199e-01, 1.190691740713082e-03, 1.586971774468304e-13, 3.345085778307693e+01, 7.368449205189961e-01, 1.389973640921219e+05, 3.954393950087440e+02
4178, 2.419560873922964e-02, 1.253225157723163e-04, 1.569830382244830e+00, 1.186269810260683e-02, 1.580941105159771e-12, 3.168198494589268e+01, -1.235408847636770e+00, -1.102847229296503e+05, 3.650970818401197e-04
4179, 2.217377702993317e-02, 5.054989787563885e-04, 1.569879273701179e+00, 1.186306755945598e-02, 1.580911172541210e-12, 6.452351791455018e-01, -6.843939996729305e-01, -1.106746725975231e+05, 3.651103460708339e-04
4180, 5.615438004179135e-02, 2.031716795295899e-04, 9.669061288028491e-02, 7.306595431759143e-04, 9.744955876058027e-14, 1.160664788533667e+01, 2.590571039501392e-01, 1.499656183319344e+05, 3.794581800255361e+03
4181, 5.600577364599715e-02, 3.611126779343704e-04, 9.719380352153220e-02, 7.344619913465517e-04, 9.795490518788721e-14, 1.183291699068377e+01, 4.039631130876357e-01, 1.498212395088923e+05, 3.741272223738934e+03
4182, 5.585986760663547e-02, 2.855755642864582e-04, 9.746034455712990e-02, 7.364761553435115e-04, 9.822556906808190e-14, 1.216490065150661e+01, 3.411006159361368e-01, 1.497639673450969e+05, 3.703595368524318e+03
4183, 2.208874521558293e-02, 7.126743492053283e-04, 1.569553983750292e+00, 1.186060944899574e-02, 1.580651665171414e-12, 7.077459852316625e-01, -1.119957001237929e+00, -1.106890341579321e+05, 3.650347037744109e-04
4184, 4.214175578028532e-02, 1.972674360860217e-04, 2.162005762535479e-01, 1.633757503175437e-03, 2.178289912827921e-13, 4.218888077789572e+01, 3.185663705570353e-01, 1.304449224639660e+05, 6.084707278918707e+01
4185, 5.211325899926279e-02, 2.023078974023453e-04, 1.094779169283260e-01, 8.272890447984222e-04, 1.103448870475176e-13, 1.928434539888523e+01, 2.689273226662460e-01, 1.471566249565500e+05, 2.387469052818551e+03
4186, 4.827118956737237e-02, 3.712905070284270e-04, 1.314648162533341e-01, 9.934368986398965e-04, 1.323883207071982e-13, 2.715348216080416e+01, 4.544441495274741e-01, 1.431090252488962e+05, 1.033147116372917e+03
4187, 3.194537882988861e-02, 6.194103292518638e-04, 1.561438911324083e+00, 1.179928648355826e-02, 1.572558849778070e-12, 8.567818791450843e+01, 4.309319713340726e-01, -1.114485467478852e+05, 3.631454059743167e-04
4188, 2.822292568296433e-02, 6.068694644943333e-04, 1.570490404991074e+00, 1.186768568003421e-02, 1.581702695093995e-12, 7.193444686005225e+01, -2.238956971249632e+00, -1.115789813282833e+05, 3.652498409022847e-04
4189, 4.307860536538494e-02, 3.672104311691265e-04, 1.950060709945741e-01, 1.473597513812942e-03, 1.964603868747765e-13, 3.949091280454638e+01, 5.694470121561869e-01, 1.337381100490380e+05, 1.147467724997834e+02
4190, 4.591182501343397e-02, 2.004315405531576e-04, 1.537648747676880e-01, 1.161951194718153e-03, 1.548445317809273e-13, 3.299684920510698e+01, 3.332621988539796e-01, 1.396563999445709e+05, 4.573195932578715e+02
4191, 4.619821464361453e-02, 2.056167457850679e-04, 1.501807343791089e-01, 1.134867010421658e-03, 1.511756843251998e-13, 3.220594756448190e+01, 3.116952090675022e-01, 1.401384913046119e+05, 5.171797029947479e+02
4192, 5.303626082365585e-02, 3.781840681893331e-04, 1.058639260559369e-01, 7.999792900952126e-04, 1.067247512649031e-13, 1.748302993617903e+01, 4.221625326068422e-01, 1.478084114440839e+05, 2.728140171180665e+03
4193, 3.378765867804258e-02, 1.860000905287805e-04, 1.554478627036691e+00, 1.174668987685255e-02, 1.565536668821591e-12, 8.575451571724578e+01, 8.158601519653378e-01, -1.105376250703114e+05, 3.615256614737367e-04
4194, 5.788113366148935e-02, 3.630765964127817e-04, 9.390218960334516e-02, 7.095883345340867e-04, 9.460246885524833e-14, 8.452362605504304e+00, 3.979885060750478e-01, 1.505256898117931e+05, 4.125972364986199e+03
4195, 4.778033677665407e-02, 2.057935703435828e-04, 1.357489286636335e-01, 1.025810544057701e-03, 1.367586327452244e-13, 2.851349948545663e+01, 3.151507181960289e-01, 1.424993748390009e+05, 8.863769625409287e+02
4196, 3.673649036312224e-02, 4.436712304011353e-04, 5.973201751563314e-01, 4.513754472214499e-03, 6.015389308457257e-13, 4.742965508774599e+01, -1.079511722985592e-01, 6.765724327215027e+04, 1.862135491272243e-02
4197, 3.810184965854138e-02, 1.981186369585250e-04, 4.129056560262760e-01, 3.120193874253640e-03, 4.162973174198423e-13, 5.048956690716464e+01, 1.934868811869333e-01, 9.879000714905199e+04, 5.335673507837584e-01
4198, 2.490032050671605e-02, 4.974796462091336e-04, 1.573119057807874e+00, 1.188754955522428e-02, 1.584239251341981e-12, 4.238550438114942e+01, -3.159689269750877e+00, -1.109107873668897e+05, 3.658606699467950e-04
4199, 2.778988508327582e-02, 6.013057225616589e-04, 1.571014571719840e+00, 1.187164663768237e-02, 1.582191121227980e-12, 6.901048800611440e+01, -2.046824737442996e+00, -1.115544753270655e+05, 3.653695816320494e-04
4200, 4.186667291428640e-02, 1.878284452165159e-04, 2.234834608272472e-01, 1.688791895420033e-03, 2.251645143955985e-13, 4.290513461433375e+01, 3.283851963748703e-01, 1.293430278930224e+05, 4.906813761645752e+01
4201, 4.807056649423910e-02, 1.996824822500199e-04, 1.332118152922674e-01, 1.006638402712403e-03, 1.341740913985408e-13, 2.779833640230993e+01, 2.900408366486416e-01, 1.428967883315397e+05, 9.726990189632955e+02
4202, 5.183448631626896e-02, 1.969504743097402e-04, 1.107259647911849e-01, 8.367201369610901e-04, 1.115967022552197e-13, 1.987458033955848e+01, 2.833201983300520e-01, 1.468601054737518e+05, 2.276163776749711e+03
4203, 2.912059434856285e-02, 4.252622332668528e-04, 1.565499491553413e+00, 1.182997096891845e-02, 1.576632084675369e-12, 8.017377984928353e+01, -1.562140950179195e+00, -1.108753012788996e+05, 3.640907563995995e-04
4204, 5.804009757182948e-02, 1.936126713027915e-04, 9.359954332038968e-02, 7.073013349147742e-04, 9.429473910896896e-14, 8.192748027826688e+00, 2.359318327197548e-01, 1.506132704578502e+05, 4.153218241493523e+03
4205, 4.031326619542707e-02, 1.655687282042779e-04, 2.727803494485299e-01, 2.061312464346553e-03, 2.748553953907436e-13, 4.624843344380828e+01, 2.623824733164865e-01, 1.218421536328014e+05, 1.286994486643281e+01
4206, 3.593214147067133e-02, 2.467072740709741e-04, 8.737843943661346e-01, 6.602904743319551e-03, 8.814771240725120e-13, 4.940374452999638e+01, 1.712003969881123e+00, 1.674538495143339e+04, 4.440078231939476e-04
4207, 3.902092684525003e-02, 3.778894647519947e-04, 3.362391905096899e-01, 2.540850306118535e-03, 3.388321088753241e-13, 4.798485262657169e+01, 4.902059568094347e-01, 1.121761895338915e+05, 2.798605687139304e+00
4208, 2.579537744424224e-02, 6.238474613908980e-04, 1.574479231179301e+00, 1.189782794342140e-02, 1.585656121346025e-12, 5.229355771147356e+01, -2.836382357632487e+00, -1.115510739593591e+05, 3.661758193082928e-04
4209, 2.417400560979355e-02, 5.142916019857757e-04, 1.572801399401029e+00, 1.188514911386266e-02, 1.583974668769070e-12, 3.271970562851016e+01, -4.109222758300985e+00, -1.108775482505876e+05, 3.657874971685108e-04
4210, 5.002184252278344e-02, 4.988843482199383e-04, 1.200922923301208e-01, 9.074984307062407e-04, 1.209846134701070e-13, 2.323797995763851e+01, 5.782871960764738e-01, 1.450092557715381e+05, 1.594789972771510e+03
4211, 3.003622136565911e-02, 3.484953692176501e-04, 1.560133924933265e+00, 1.178942512544126e-02, 1.571227245197516e-12, 8.553988050817040e+01, -5.054865534263101e-01, -1.104023244871133e+05, 3.628427284978079e-04
4212, 2.992554989584424e-02, 2.590246000950611e-04, 1.559402691205842e+00, 1.178389942976804e-02, 1.570484736210594e-12, 8.521582172275622e+01, -4.115126321339733e-01, -1.101990584858807e+05, 3.626727374424671e-04
4213, 4.921465681264209e-02, 4.783951659812873e-04, 1.248372912508866e-01, 9.433548457246640e-04, 1.257305381825888e-13, 2.501132737845060e+01, 6.166556121012230e-01, 1.440987657424015e+05, 1.318896956647552e+03
4214, 2.510800458416931e-02, 1.670570208812460e-04, 1.571043672993220e+00, 1.187186654654927e-02, 1.582193329279824e-12, 4.498071656001353e+01, -1.683030951920837e+00, -1.104593250560601e+05, 3.653782733762110e-04
4215, 3.794927639822592e-02, 5.107320772366255e-04, 4.228114555565674e-01, 3.195048782543153e-03, 4.261844589043561e-13, 5.034022249943857e+01, 6.612679456614776e-01, 9.721285429758760e+04, 4.037812828842966e-01
4216, 2.266217506760280e-02, 1.350811293093847e-04, 1.570407564695839e+00, 1.186705968284118e-02, 1.581528427460729e-12, 3.359106051808595e+00, -1.755013824738320e+00, -1.103243752774973e+05, 3.652328150984420e-04
4217, 2.279316975629249e-02, 1.090271183152992e-04, 1.570966096198628e+00, 1.187128032392019e-02, 1.582088709133634e-12, 5.856783020980880e+00, -1.694364275556633e+00, -1.103096373714360e+05, 3.653625997681519e-04
4218, 3.180558499891337e-02, 4.650127393682404e-04, 1.558902129529212e+00, 1.178011684782877e-02, 1.569983964059431e-12, 8.747694170772954e+01, 4.181888545777701e-01, -1.108559693610817e+05, 3.625554946044474e-04
4219, 5.197896610954871e-02, 3.743518810925354e-04, 1.102097625273852e-01, 8.328193641867854e-04, 1.110766721219899e-13, 1.946454919705828e+01, 4.362238921569262e-01, 1.469633717748355e+05, 2.326590850600367e+03
4220, 4.004382799472581e-02, 5.009104674374110e-04, 2.834901406124154e-01, 2.142242876164446e-03, 2.855538772034013e-13, 4.669358046857150e+01, 5.626595287570340e-01, 1.200779011017012e+05, 9.589391288370219e+00
4221, 5.405700209241648e-02, 5.044838850390294e-04, 1.026874592468697e-01, 7.759757625707499e-04, 1.035361261831182e-13, 1.544194796088721e+01, 5.252573443125375e-01, 1.485369875456256e+05, 3.093354995205535e+03
4222, 5.775769906761599e-02, 2.747643645708243e-04, 9.391904333455965e-02, 7.097156927044745e-04, 9.461930929982042e-14, 8.709011422572592e+00, 3.274507282861714e-01, 1.505259269765608e+05, 4.119004585297279e+03
4223, 4.049051219685421e-02, 5.553535106338741e-04, 2.640564224629133e-01, 1.995388582843249e-03, 2.659927599285216e-13, 4.524561947561368e+01, 6.966456929729169e-01, 1.232204205088343e+05, 1.600344972599491e+01
4224, 5.422071746076358e-02, 3.291368714308170e-04, 1.019078175191773e-01, 7.700842633690646e-04, 1.027355670020849e-13, 1.524326844274132e+01, 3.516007946726969e-01, 1.487157407408694e+05, 3.166459837590657e+03
4225, 5.432201328444519e-02, 1.675517229934208e-04, 1.014422813442948e-01, 7.665663577653989e-04, 1.022767307907880e-13, 1.512701499377684e+01, 2.281494726383575e-01, 1.488197116206190e+05, 3.211039941686652e+03
4226, 5.590411446826055e-02, 4.045425594118331e-04, 9.749137289604234e-02, 7.367106264184125e-04, 9.825968978189852e-14, 1.199785484404689e+01, 4.521736402990965e-01, 1.497424260036143e+05, 3.707873316830499e+03
4227, 3.024288204977536e-02, 6.045844889912779e-04, 1.564203574115429e+00, 1.182017814193112e-02, 1.575353063093415e-12, 8.491341865364890e+01, -7.168005714845321e-01, -1.113575231803262e+05, 3.637891866871550e-04
4228, 2.290428832514846e-02, 6.726502346372461e-04, 1.572311139612730e+00, 1.188144437994614e-02, 1.583407880738229e-12, 1.137303341885192e+01, -5.715388046638106e+00, -1.106401913112699e+05, 3.656747484427541e-04
4229, 4.406551333788549e-02, 5.034019534279348e-04, 1.780675700277898e-01, 1.345598765953170e-03, 1.793406130229778e-13, 3.715878091436160e+01, 6.167775958618790e-01, 1.360253056713693e+05, 1.978749222804302e+02
4230, 3.777804122085768e-02, 1.604241049678428e-04, 4.503690877767565e-01, 3.403292854736045e-03, 4.539347941514671e-13, 5.060295135247381e+01, -1.420940259539033e-01, 9.271571397802897e+04, 2.549926628462371e-01
4231, 4.667040934827226e-02, 4.531620791180992e-04, 1.449825046576142e-01, 1.095585677513628e-03, 1.459421330821679e-13, 3.063479316080076e+01, 6.245176187323790e-01, 1.408880169424014e+05, 6.209152219512509e+02
4232, 2.325989591281723e-02, 5.149809469408706e-04, 1.572407416912361e+00, 1.188217191621537e-02, 1.583537483215784e-12, 1.636372828449374e+01, -4.612939980229560e+00, -1.105553444998311e+05, 3.656969411909804e-04
4233, 2.322683997287090e-02, 6.789339385554508e-04, 1.573894252898925e+00, 1.189340745263774e-02, 1.585043912552426e-12, 1.724049357691689e+01, -6.206756208381112e+00, -1.108293193222424e+05, 3.660424903938797e-04
4234, 3.645765135487136e-02, 5.468737881647611e-04, 6.624845257874602e-01, 5.006180295623904e-03, 6.669210067583550e-13, 4.808260529091575e+01, 1.580419827947366e-01, 5.549440778266909e+04, 6.257055910001710e-03
4235, 3.627792285554628e-02, 1.543264639763552e-04, 7.402806382510059e-01, 5.594060238672149e-03, 7.461526496409835e-13, 4.878305125371875e+01, 1.494974418748502e-01, 4.104273326399710e+04, 2.187443295016025e-03
4236, 5.714230306834756e-02, 4.180768381267648e-04, 9.487594232117129e-02, 7.169466674144268e-04, 9.556047478100782e-14, 9.815511057738810e+00, 4.667004258556028e-01, 1.502172157729821e+05, 4.009707026807929e+03
4237, 5.777584035416207e-02, 4.513217262553715e-04, 9.413155211894028e-02, 7.113215525360593e-04, 9.483789676247900e-14, 8.633173570453067e+00, 4.703882569198564e-01, 1.504671516857270e+05, 4.105869705103794e+03
4238, 3.038841338641336e-02, 5.902271018480871e-04, 1.563388449113558e+00, 1.181401850715635e-02, 1.574478883009836e-12, 8.552251752002186e+01, -5.556202336290672e-01, -1.112118799003309e+05, 3.635995396833269e-04
4239, 2.491155319303849e-02, 6.699045520427312e-04, 1.576593478761329e+00, 1.191380462540148e-02, 1.587765111168586e-12, 4.301612423764134e+01, -4.092512619330942e+00, -1.115670709340939e+05, 3.666682459837611e-04
4240, 5.221779801004967e-02, 6.059838658870819e-04, 1.093986593461550e-01, 8.266901210037086e-04, 1.102437890749836e-13, 1.868338309493063e+01, 6.133215628984203e-01, 1.470523978779935e+05, 2.405608315088555e+03
4241, 2.207806947203484e-02, 7.972315514855425e-05, 1.555699273880029e+00, 1.175591390841419e-02, 1.566908581891463e-12, 1.619009063618288e+00, 1.261236246741045e+01, -1.098013259640672e+05, 3.618127085607164e-04
4242, 4.794442859551525e-02, 3.965650097021988e-04, 1.342636399612829e-01, 1.014586699959369e-03, 1.352363450351663e-13, 2.793924964404627e+01, 4.992436480417425e-01, 1.426703401385615e+05, 9.330838935595242e+02
4243, 2.589466241446219e-02, 6.237314917621822e-04, 1.574447304160887e+00, 1.189758668131751e-02, 1.585627511940623e-12, 5.323322005693289e+01, -2.761842995139333e+00, -1.115765839593432e+05, 3.661682946333379e-04
4244, 4.499301050440809e-02, 3.635214642502022e-04, 1.640907725483574e-01, 1.239980648980174e-03, 1.652219907612455e-13, 3.486374558657133e+01, 5.330685109290472e-01, 1.381107546969187e+05, 3.139002792233208e+02
4245, 4.899950011626922e-02, 3.711114982772159e-04, 1.261540735300232e-01, 9.533053415368019e-04, 1.270350826872064e-13, 2.558051575838379e+01, 5.139831760496442e-01, 1.439577006301790e+05, 1.255615724126781e+03
4246, 5.052777640650843e-02, 3.441048115901504e-04, 1.170003068725723e-01, 8.841333013040922e-04, 1.178866024880827e-13, 2.234248887610876e+01, 3.990861160042036e-01, 1.456651469613164e+05, 1.790333183723275e+03
4247, 4.432664807464012e-02, 1.734840509050583e-04, 1.739522082561239e-01, 1.314500314278082e-03, 1.752202610907441e-13, 3.679875306216855e+01, 2.726221825133652e-01, 1.366483720737830e+05, 2.272927604083862e+02
4248, 5.656654311274123e-02, 5.287103275764444e-04, 9.614755462136927e-02, 7.265558283730548e-04, 9.687620428856675e-14, 1.073085658351838e+01, 4.931226529894983e-01, 1.499970155831931e+05, 3.875231363960174e+03
4249, 3.576153717133307e-02, 4.940902178160314e-04, 9.438015270529251e-01, 7.132001463876167e-03, 9.509234496942408e-13, 4.808959653128520e+01, 1.087887741114019e+00, 4.490429304232449e+03, 3.039412331449173e-04
4250, 4.355701851773311e-02, 5.802446200594060e-04, 1.864065925556501e-01, 1.408614049539010e-03, 1.877583198294073e-13, 3.818449073733866e+01, 7.827513383509196e-01, 1.348146887707612e+05, 1.497724378950843e+02
4251, 2.394485730437829e-02, 2.522115844125517e-04, 1.570390784353625e+00, 1.186693287924761e-02, 1.581491780807942e-12, 2.759338967238378e+01, -1.945608052201618e+00, -1.103931603125346e+05, 3.652275609968935e-04
4252, 4.445594627942605e-02, 4.347372461972499e-04, 1.718824420787234e-01, 1.298859763819151e-03, 1.731253120460437e-13, 3.617376609650087e+01, 5.706302275690827e-01, 1.369850636405880e+05, 2.436310763808648e+02
4253, 2.368381366059550e-02, 4.891525939188161e-04, 1.573244055243228e+00, 1.188849412022687e-02, 1.584431001099037e-12, 2.336381845435627e+01, -4.565696413505391e+00, -1.108082422122936e+05, 3.658910467589432e-04
4254, 5.821662970660119e-02, 4.905045102515928e-04, 9.386479726228641e-02, 7.093057727628609e-04, 9.456138426052860e-14, 7.753799707352084e+00, 4.739477269914195e-01, 1.505053056699394e+05, 4.140304197748165e+03
4255, 5.249771755738572e-02, 5.496689242279149e-04, 1.081370289194973e-01, 8.171563898198477e-04, 1.090138974286832e-13, 1.822982523369503e+01, 5.371942529753890e-01, 1.473446568521949e+05, 2.517921663742022e+03
4256, 2.568897230813122e-02, 1.099407850576402e-04, 1.568968489310652e+00, 1.185618505776414e-02, 1.580083914120851e-12, 5.212455123707210e+01, -7.164348554754323e-01, -1.103711605303755e+05, 3.648951304210157e-04
4257, 3.842737044246938e-02, 5.755780553208862e-04, 3.757040797821758e-01, 2.839073650747177e-03, 3.783644902011683e-13, 4.895871163901776e+01, 5.219012604597606e-01, 1.052636423567114e+05, 1.127351517407112e+00
4258, 5.588271319719273e-02, 5.057570295172919e-04, 9.769262840673590e-02, 7.382314489173724e-04, 9.844988400946646e-14, 1.198066114978036e+01, 5.376204217923989e-01, 1.496863945526746e+05, 3.692200372492727e+03
4259, 2.618444055701748e-02, 6.088076403923684e-04, 1.573988863063327e+00, 1.189412239090769e-02, 1.585210816783337e-12, 5.597059284090131e+01, -2.719345809013659e+00, -1.115338489668619e+05, 3.660614211574482e-04
4260, 4.970813953042361e-02, 3.230298789617191e-04, 1.218868216869797e-01, 9.210591059469920e-04, 1.227904969680823e-13, 2.415985395416732e+01, 4.187085450104627e-01, 1.447177814458463e+05, 1.486088819525556e+03
4261, 5.980065838521671e-02, 6.257989845270063e-04, 9.641069811769852e-02, 7.285443182697236e-04, 9.720623654662119e-14, 5.439391736385064e+00, 5.691598981150026e-01, 1.493983684046508e+05, 3.992215727773058e+03
4262, 4.457626076889035e-02, 4.131534646589658e-04, 1.699006791688480e-01, 1.283884225457290e-03, 1.711833096021015e-13, 3.586238562159813e+01, 5.566141913835323e-01, 1.372502908670605e+05, 2.591505709698374e+02
4263, 3.122910485104324e-02, 4.561676142738934e-04, 1.560081186879614e+00, 1.178902660110634e-02, 1.571191550761615e-12, 8.750501941954215e+01, -2.612758072511373e-02, -1.108595965677560e+05, 3.628299782691134e-04
4264, 4.963913949847588e-02, 1.675955649144235e-04, 1.222583409469907e-01, 9.238665562745594e-04, 1.231430793627504e-13, 2.440534247676230e+01, 2.664716456472802e-01, 1.446519252560214e+05, 1.464074343836500e+03
4265, 2.307573473632890e-02, 1.283788631720608e-04, 1.571347300764217e+00, 1.187416096295488e-02, 1.582465353894233e-12, 1.173952411042844e+01, -1.773613556717450e+00, -1.102870189364976e+05, 3.654509874354103e-04
4266, 5.811859346662672e-02, 5.205248006321889e-04, 9.396845412741210e-02, 7.100890740106583e-04, 9.466907656713612e-14, 7.945890724264721e+00, 5.121258481963817e-01, 1.504892367410308e+05, 4.130759630672334e+03
4267, 2.974922620415109e-02, 4.951281637573082e-04, 1.563307925112733e+00, 1.181341001344732e-02, 1.574413169069922e-12, 8.367153080174307e+01, -1.003678078854392e+00, -1.109119663800851e+05, 3.635809872916993e-04
4268, 5.452051104294826e-02, 5.686111973441227e-04, 1.012779647417716e-01, 7.653246705926886e-04, 1.021035937418620e-13, 1.442328418195248e+01, 5.902233722463401e-01, 1.487750537312835e+05, 3.253381023069700e+03
4269, 2.851854451446966e-02, 5.479640430804201e-04, 1.568743908010195e+00, 1.185448796985132e-02, 1.579886700478074e-12, 7.490350847989410e+01, -2.080687270514947e+00, -1.112865516807354e+05, 3.648446076432390e-04
4270, 4.732208999894022e-02, 4.356868341647630e-04, 1.392411035394336e-01, 1.052199774857285e-03, 1.402129550185797e-13, 2.924234580887641e+01, 6.253428496496826e-01, 1.418131476891913e+05, 7.682577657701815e+02
4271, 3.965322909514836e-02, 1.673244330052898e-04, 3.041917314301831e-01, 2.298678071260923e-03, 3.064291143701475e-13, 4.768813271301315e+01, 1.835809912823849e-01, 1.169556017797476e+05, 5.876654655509037e+00
4272, 2.338257440646439e-02, 1.318336120444665e-04, 1.571986082873572e+00, 1.187898803179131e-02, 1.583091939866418e-12, 1.778329879121867e+01, -2.029481149863648e+00, -1.103511758777846e+05, 3.655992570416759e-04
4273, 3.416385714115420e-02, 6.228688078242066e-04, 1.559841247484223e+00, 1.178721345706057e-02, 1.570956817431861e-12, 8.051253380419931e+01, 1.722905747143699e+00, -1.117386173366549e+05, 3.627614747800054e-04
4274, 5.885162090110262e-02, 4.254563311271223e-04, 9.381925700903027e-02, 7.089616398667575e-04, 9.447781487118765e-14, 6.750084242859369e+00, 4.017785190239710e-01, 1.503444782101478e+05, 4.148404653267661e+03
4275, 5.366582453338248e-02, 1.679663736253943e-04, 1.036193044477645e-01, 7.830174139629178e-04, 1.044673421784359e-13, 1.644313260580655e+01, 2.484861143345584e-01, 1.482997582589054e+05, 2.966116884939986e+03
4276, 5.664451956175388e-02, 6.645302744962533e-04, 9.623536508985188e-02, 7.272193835505228e-04, 9.695101880757368e-14, 1.046841676961272e+01, 6.022580920200880e-01, 1.499200474992415e+05, 3.876411184420288e+03
4277, 2.892312525361172e-02, 4.701524154191662e-04, 1.566593591004814e+00, 1.183823872295927e-02, 1.577729274661598e-12, 7.841473694997809e+01, -1.729902571282487e+00, -1.109808594665890e+05, 3.643450727205743e-04
4278, 2.466104182605246e-02, 5.041122954101397e-04, 1.573216175074195e+00, 1.188828343884887e-02, 1.584341241481716e-12, 3.946440862243248e+01, -3.253547919160808e+00, -1.109343992674555e+05, 3.658834685559047e-04
4279, 4.071271196772774e-02, 4.802562589271990e-04, 2.557558809926442e-01, 1.932664088105559e-03, 2.577331869750114e-13, 4.462569684680785e+01, 6.110723357991125e-01, 1.246562999901206e+05, 1.994642049975596e+01
4280, 3.170093885567186e-02, 2.657575244830862e-04, 1.556399207459217e+00, 1.176120307903789e-02, 1.567454021064636e-12, 8.853853734849730e+01, 3.612467479094031e-01, -1.103097606947158e+05, 3.619734257323302e-04
4281, 4.369018490365345e-02, 1.615479855911420e-04, 1.849004592050934e-01, 1.397232689207314e-03, 1.862588666636751e-13, 3.839925756183123e+01, 2.790662372263955e-01, 1.350733834044202e+05, 1.591499703306501e+02
4282, 4.250393483840954e-02, 5.524889252217075e-04, 2.063887441179791e-01, 1.559612675954596e-03, 2.078830728892675e-13, 4.068124189405310e+01, 7.087223763327489e-01, 1.319021922176561e+05, 8.088371328038090e+01
4283, 3.181332934517149e-02, 3.455735233976786e-04, 1.557261014810700e+00, 1.176771547715993e-02, 1.568324372536743e-12, 8.819084213353783e+01, 3.739066276975496e-01, -1.105113155647209e+05, 3.621738064546020e-04
4284, 5.633159587625228e-02, 4.643509359445956e-04, 9.656990791786152e-02, 7.297474149964116e-04, 9.731195568441034e-14, 1.117652900694177e+01, 4.482859332172951e-01, 1.499499290670110e+05, 3.823006176880039e+03
4285, 3.577288748431033e-02, 3.456905014804367e-04, 9.471457594399955e-01, 7.157272741360251e-03, 9.543718589747695e-13, 4.860650824474538e+01, 2.378631408539129e+00, 3.406927794556856e+03, 2.994613308139680e-04
4286, 3.567173718083546e-02, 2.387884124581509e-04, 1.007085224438623e+00, 7.610215801802716e-03, 1.015259779148915e-12, 4.791495689740729e+01, 4.313199502627359e+00, -7.339969137390067e+03, 2.664876963330793e-04
4287, 2.625495661005044e-02, 3.018194880665266e-04, 1.568569818805003e+00, 1.185317243429573e-02, 1.579706377761522e-12, 5.683656923298856e+01, -1.337624572507655e+00, -1.104873010528734e+05, 3.648017090994371e-04
4288, 2.369515228317863e-02, 9.896873586378842e-05, 1.571427615804282e+00, 1.187476787761535e-02, 1.582501834923801e-12, 2.427473172411452e+01, -1.291769774695918e+00, -1.103856008657891e+05, 3.654690784965003e-04
4289, 2.871659789448286e-02, 1.606896169908821e-04, 1.563397489560555e+00, 1.181408682287673e-02, 1.574489476458390e-12, 7.727313753336885e+01, -9.782734960971866e-01, -1.102252416655822e+05, 3.636030316541044e-04
4290, 3.552697627913089e-02, 5.570700710790242e-04, 1.081017895662567e+00, 8.168900974781752e-03, 1.088052226449520e-12, 4.049123224910661e+01, 9.611063620955425e-01, -1.959328510047425e+04, 2.649505106151344e-04
4291, 4.169358515720670e-02, 3.763101844039738e-04, 2.278169144818981e-01, 1.721538396588698e-03, 2.295218736377322e-13, 4.313158698441331e+01, 5.286095169384821e-01, 1.287836116474153e+05, 4.325590495437316e+01
4292, 5.568260304524336e-02, 3.648778097904129e-04, 9.795796899016782e-02, 7.402365414873790e-04, 9.872612267018659e-14, 1.246146241483429e+01, 4.090535447601653e-01, 1.495932945698602e+05, 3.643388875094373e+03
4293, 4.169796558806323e-02, 4.975464249310343e-04, 2.270708557818273e-01, 1.715900673414344e-03, 2.287817459854514e-13, 4.295197646240180e+01, 6.919745897627111e-01, 1.288112582064244e+05, 4.378381894470684e+01
4294, 5.164277771121270e-02, 3.913877144336954e-04, 1.117051752211158e-01, 8.441197119983634e-04, 1.125738945372670e-13, 2.015198428288397e+01, 4.701956322097216e-01, 1.466015796774251e+05, 2.193716335756968e+03
4295, 3.183541710123590e-02, 6.335772265766529e-04, 1.561623521417158e+00, 1.180068152204498e-02, 1.572736421675119e-12, 8.572077912774196e+01, 4.827526109750951e-01, -1.114684315664647e+05, 3.631884051593788e-04
4296, 4.424389999196097e-02, 3.173127211135091e-04, 1.753578160901246e-01, 1.325122035945638e-03, 1.766041771507606e-13, 3.691929466863077e+01, 4.080234893653579e-01, 1.364698331439810e+05, 2.174086947888253e+02
4297, 5.941381698115797e-02, 5.846582395586156e-04, 9.507680308220176e-02, 7.184645069184098e-04, 9.577404886502397e-14, 5.920893970113863e+00, 5.347211247841810e-01, 1.498247082019116e+05, 4.069260563661995e+03
4298, 5.825002723593951e-02, 3.684353368109998e-04, 9.365888611340598e-02, 7.077497691189333e-04, 9.434997836966644e-14, 7.753890231060152e+00, 3.711697067596151e-01, 1.505583377412414e+05, 4.154355292820368e+03
4299, 4.812613943417750e-02, 5.231247606295119e-04, 1.327394895596849e-01, 1.003069190627435e-03, 1.336717448998303e-13, 2.726258960063842e+01, 6.389776993463545e-01, 1.428490718661586e+05, 9.856491160179909e+02
4300, 3.820885067873680e-02, 6.037287266366413e-04, 3.950752766797228e-01, 2.985455491282700e-03, 3.979499003025721e-13, 4.964391665161994e+01, 5.612306560095229e-01, 1.019297077137275e+05, 7.254980863598178e-01
