"PointID","x","y","Density_0","Density_1","Density_2","Momentum_x","Momentum_y","Energy","Energy_ve"
0, 1.200000000000000e-02, 6.000000000000000e-03, 1.814700216536043e+00, 1.371309987306910e-02, 1.827696068480500e-12, 0.000000000000000e+00, 0.000000000000000e+00, -1.261162796956569e+05, 4.220497986371259e-04
1, 2.300000000000000e-02, 0.000000000000000e+00, 1.587484247681718e+00, 1.199610262732056e-02, 1.598818188106662e-12, 1.018317502304150e+01, -1.019058797336800e+00, -1.115142350129088e+05, 3.692039893442229e-04
2, 1.400000000000000e-02, 6.000000000000000e-03, 1.772189007159189e+00, 1.339185647727437e-02, 1.784887204522974e-12, 0.000000000000000e+00, 0.000000000000000e+00, -1.249173912123001e+05, 4.121623925372513e-04
3, 3.500000000000000e-02, 0.000000000000000e+00, 1.384342551915984e+00, 1.046102684067626e-02, 1.395075249769950e-12, 4.740572209813786e+01, 1.979408336545642e+01, -7.286614173499827e+04, 3.212364770324636e-04
4, 2.900000000000000e-02, 3.500000000000000e-03, 1.556305316835948e+00, 1.176049357810734e-02, 1.567609812439861e-12, 0.000000000000000e+00, 0.000000000000000e+00, -1.090444608221048e+05, 3.619537617516302e-04
5, 6.000000000000000e-02, 0.000000000000000e+00, 8.230396790862839e-02, 6.219443418787717e-04, 8.313686874804028e-14, 5.411288093151930e+00, 3.511637272387816e-01, 1.532882605690770e+05, 5.076103975567786e+03
6, 6.000000000000000e-02, 5.500000000000000e-03, 5.256894704508162e-01, 3.972464512225991e-03, 5.280235914417956e-13, 0.000000000000000e+00, 0.000000000000000e+00, 4.075849018734958e+04, 3.266898792059245e+02
7, 8.000000000000000e-02, 0.000000000000000e+00, 1.345989928274542e+00, 1.017120852600937e-02, 1.355927827253923e-12, -2.621054975533856e+01, 2.645004219563432e-01, -8.849486262701420e+04, 3.245441499191911e-04
8, 8.000000000000000e-02, 5.500000000000000e-03, 1.353566299270167e+00, 1.022846069978033e-02, 1.362994502572380e-12, 0.000000000000000e+00, 0.000000000000000e+00, -9.137616692839323e+04, 3.153499832991182e-04
9, 8.550000000000001e-02, 1.100000000000000e-02, 1.407803284309783e+00, 1.063831197211876e-02, 1.418026827413985e-12, 0.000000000000000e+00, 0.000000000000000e+00, -9.931410965022886e+04, 3.276072639357332e-04
10, 1.185000000000000e-01, 1.100000000000000e-02, 1.382844997217175e+00, 1.044971030643007e-02, 1.393003553787187e-12, -4.904253958555402e+00, 5.920557980441611e-03, -9.431201898725175e+04, 3.338538345083581e-04
11, 1.185000000000000e-01, 0.000000000000000e+00, 1.382821724609414e+00, 1.044953444289587e-02, 1.392980459633050e-12, -4.890530284328117e+00, 1.999246513360605e-03, -9.430804098283319e+04, 3.338644932406285e-04
12, 1.200000000000000e-02, 4.000000000000000e-03, 1.822360715840090e+00, 1.377098777713053e-02, 1.834954258113523e-12, 0.000000000000000e+00, 0.000000000000000e+00, -1.271565804723404e+05, 4.238310646115253e-04
13, 1.700000000000000e-02, 4.000000000000000e-03, 1.702388535852968e+00, 1.286439699637108e-02, 1.714596254656038e-12, 0.000000000000000e+00, 0.000000000000000e+00, -1.200956855996392e+05, 3.959286795844123e-04
14, 2.200000000000000e-02, 0.000000000000000e+00, 1.545197101782267e+00, 1.167655240641799e-02, 1.556179557558530e-12, 0.000000000000000e+00, 3.709907156709238e+01, -1.086631331162899e+05, 3.593702971753632e-04
15, 2.200000000000000e-02, 8.000000000000000e-04, 1.585029487033054e+00, 1.197755279874091e-02, 1.596393121580723e-12, 4.501165285003689e-01, -1.031515086138907e+00, -1.118535929501129e+05, 3.686339708911338e-04
16, 6.000000000000000e-02, 8.000000000000000e-04, 8.393230496493131e-02, 6.342491559061967e-04, 8.484921652215591e-14, 5.322601058589414e+00, 6.722295565948605e-01, 1.529436972065971e+05, 4.968003174061550e+03
17, 1.270316136710566e-02, 6.000000000000000e-03, 1.795325248944734e+00, 1.356668953862604e-02, 1.808159630543255e-12, 0.000000000000000e+00, 0.000000000000000e+00, -1.262796986410388e+05, 4.175433314927339e-04
18, 1.324845582513203e-02, 6.000000000000000e-03, 1.782680293197624e+00, 1.347113571685942e-02, 1.795446910926432e-12, 0.000000000000000e+00, 0.000000000000000e+00, -1.254443236426572e+05, 4.146024141479791e-04
19, 1.367150771748992e-02, 6.000000000000000e-03, 1.776807790829167e+00, 1.342675912465456e-02, 1.789542572351009e-12, 0.000000000000000e+00, 0.000000000000000e+00, -1.252603194585738e+05, 4.132365882533896e-04
20, 1.428770100073820e-02, 5.952049833210299e-03, 1.768903801623904e+00, 1.336703124652914e-02, 1.781596884896811e-12, 0.000000000000000e+00, 0.000000000000000e+00, -1.246830517585430e+05, 4.113983344690602e-04
21, 1.453222866221732e-02, 5.911295222963781e-03, 1.763556529259535e+00, 1.332662364679844e-02, 1.776177652323516e-12, 0.000000000000000e+00, 0.000000000000000e+00, -1.243137253700482e+05, 4.101546927478127e-04
22, 1.477671186705127e-02, 5.870548022158121e-03, 1.758418781394157e+00, 1.328779935562440e-02, 1.770988296327365e-12, 0.000000000000000e+00, 0.000000000000000e+00, -1.239574932343994e+05, 4.089597974285859e-04
23, 1.502119507188526e-02, 5.829800821352458e-03, 1.753509843088345e+00, 1.325070410394324e-02, 1.766027552676058e-12, 0.000000000000000e+00, 0.000000000000000e+00, -1.236094467860979e+05, 4.078180999089316e-04
24, 1.526567827671954e-02, 5.789053620546744e-03, 1.748230575996266e+00, 1.321081039795774e-02, 1.760690024099325e-12, 0.000000000000000e+00, 0.000000000000000e+00, -1.232243643197431e+05, 4.065902840767996e-04
25, 1.551016148155366e-02, 5.748306419741058e-03, 1.742623237754205e+00, 1.316843756489438e-02, 1.755017215531986e-12, 0.000000000000000e+00, 0.000000000000000e+00, -1.228334989657507e+05, 4.052861678247957e-04
26, 1.575464468638828e-02, 5.707559218935287e-03, 1.737210353696833e+00, 1.312753415891934e-02, 1.749565852752030e-12, 0.000000000000000e+00, 0.000000000000000e+00, -1.224346387464453e+05, 4.040272750492063e-04
27, 1.599912789122160e-02, 5.666812018129734e-03, 1.730993148807543e+00, 1.308055276177100e-02, 1.743308257626378e-12, 0.000000000000000e+00, 0.000000000000000e+00, -1.219627606575447e+05, 4.025813191132584e-04
28, 1.624361109605622e-02, 5.626064817323964e-03, 1.724015603481728e+00, 1.302782571900669e-02, 1.736243083126653e-12, 0.000000000000000e+00, 0.000000000000000e+00, -1.214867397508746e+05, 4.009585305103391e-04
29, 1.648809430088952e-02, 5.585317616518414e-03, 1.717241182560446e+00, 1.297663362136486e-02, 1.729377720220644e-12, 0.000000000000000e+00, 0.000000000000000e+00, -1.210245777973287e+05, 3.993829930913366e-04
30, 1.673257750572327e-02, 5.544570415712788e-03, 1.710374469806140e+00, 1.292474410432991e-02, 1.722418449878554e-12, 0.000000000000000e+00, 0.000000000000000e+00, -1.205337999510901e+05, 3.977859742644535e-04
31, 1.697706071055612e-02, 5.503823214907313e-03, 1.703097267166052e+00, 1.286975264861132e-02, 1.715090317479844e-12, 0.000000000000000e+00, 0.000000000000000e+00, -1.200181996262470e+05, 3.960935061703129e-04
32, 1.722154391538976e-02, 5.463076014101707e-03, 1.697216477630574e+00, 1.282531343297795e-02, 1.709241589753501e-12, 0.000000000000000e+00, 0.000000000000000e+00, -1.194915185879434e+05, 3.947258047954571e-04
33, 1.746602712022376e-02, 5.422328813296040e-03, 1.691692452608342e+00, 1.278357017084510e-02, 1.703740353638393e-12, 0.000000000000000e+00, 0.000000000000000e+00, -1.190742141326862e+05, 3.934410376509788e-04
34, 1.771051032505757e-02, 5.381581612490405e-03, 1.684088438289109e+00, 1.272610910546056e-02, 1.696022524732299e-12, 0.000000000000000e+00, 0.000000000000000e+00, -1.185820331796429e+05, 3.916725569734172e-04
35, 1.795499352989131e-02, 5.340834411684783e-03, 1.675933700342411e+00, 1.266448640057368e-02, 1.687798292453577e-12, 0.000000000000000e+00, 0.000000000000000e+00, -1.180102351744667e+05, 3.897759925224481e-04
36, 1.819947673472408e-02, 5.300087210879320e-03, 1.668227459697183e+00, 1.260625284406065e-02, 1.680055028323863e-12, 0.000000000000000e+00, 0.000000000000000e+00, -1.174193095040865e+05, 3.879837322745480e-04
37, 1.844395993955857e-02, 5.259340010073572e-03, 1.660710058141388e+00, 1.254944628318560e-02, 1.672502531290710e-12, 0.000000000000000e+00, 0.000000000000000e+00, -1.168407448859747e+05, 3.862353894565781e-04
38, 1.868844314439261e-02, 5.218592809267898e-03, 1.653384660650765e+00, 1.249409063464189e-02, 1.665126355150020e-12, 0.000000000000000e+00, 0.000000000000000e+00, -1.163396719591117e+05, 3.845317012186871e-04
39, 1.893292634922717e-02, 5.177845608462139e-03, 1.646055244072031e+00, 1.243870461515527e-02, 1.657752093153625e-12, 0.000000000000000e+00, 0.000000000000000e+00, -1.158343563150622e+05, 3.828270854051842e-04
40, 1.917740955405981e-02, 5.137098407656699e-03, 1.639114648651828e+00, 1.238625679082119e-02, 1.650795799083158e-12, 0.000000000000000e+00, 0.000000000000000e+00, -1.152856031093172e+05, 3.812128962017815e-04
41, 1.942189275889239e-02, 5.096351206851268e-03, 1.633314632815395e+00, 1.234242795578518e-02, 1.644962669634416e-12, 0.000000000000000e+00, 0.000000000000000e+00, -1.149322262225948e+05, 3.798639690446100e-04
42, 1.966637596372610e-02, 5.055604006045650e-03, 1.627935575753361e+00, 1.230178016942218e-02, 1.639556286847531e-12, 0.000000000000000e+00, 0.000000000000000e+00, -1.146271312004266e+05, 3.786129497569782e-04
43, 1.991085916856049e-02, 5.014856805239919e-03, 1.622064576267481e+00, 1.225741493401245e-02, 1.633727275398263e-12, 0.000000000000000e+00, 0.000000000000000e+00, -1.142093391273837e+05, 3.772475235483772e-04
44, 2.015534237339511e-02, 4.974109604434149e-03, 1.616519195902213e+00, 1.221551029649134e-02, 1.628327688644333e-12, 0.000000000000000e+00, 0.000000000000000e+00, -1.138992237579277e+05, 3.759578318286684e-04
45, 2.039982557822801e-02, 4.933362403628666e-03, 1.609772007537844e+00, 1.216452398643300e-02, 1.621614163087468e-12, 0.000000000000000e+00, 0.000000000000000e+00, -1.130015110641020e+05, 3.743886361970332e-04
46, 2.064430878306061e-02, 4.892615202823232e-03, 1.605167095206675e+00, 1.212972616025319e-02, 1.616737107453372e-12, 0.000000000000000e+00, 0.000000000000000e+00, -1.130664205577728e+05, 3.733176480987616e-04
47, 2.088879198789375e-02, 4.851868002017709e-03, 1.602189594058172e+00, 1.210722615157444e-02, 1.613691348287463e-12, 0.000000000000000e+00, 0.000000000000000e+00, -1.128610823196352e+05, 3.726251531683138e-04
48, 2.113327519272839e-02, 4.811120801211936e-03, 1.599777203722258e+00, 1.208899650168091e-02, 1.611231631398244e-12, 0.000000000000000e+00, 0.000000000000000e+00, -1.127737435551425e+05, 3.720641087344203e-04
49, 2.137775839756296e-02, 4.770373600406174e-03, 1.597252498270305e+00, 1.206991812295083e-02, 1.608718087243614e-12, 0.000000000000000e+00, 0.000000000000000e+00, -1.125219168770151e+05, 3.714769371186367e-04
50, 2.162224160239769e-02, 4.729626399600385e-03, 1.594927804474535e+00, 1.205235116731527e-02, 1.606377783145240e-12, 0.000000000000000e+00, 0.000000000000000e+00, -1.123618453992449e+05, 3.709362526068047e-04
51, 2.186672480723380e-02, 4.688879198794366e-03, 1.593338320289333e+00, 1.204033995181010e-02, 1.604728575192100e-12, 0.000000000000000e+00, 0.000000000000000e+00, -1.123734127445990e+05, 3.705665964684874e-04
52, 2.211120801206962e-02, 4.648131997988397e-03, 1.591305560151841e+00, 1.202497904397017e-02, 1.602661794100362e-12, 0.000000000000000e+00, 0.000000000000000e+00, -1.122699878800240e+05, 3.700938363064929e-04
53, 2.235569121690425e-02, 4.607384797182625e-03, 1.589350908276915e+00, 1.201020837489013e-02, 1.600696019768617e-12, 0.000000000000000e+00, 0.000000000000000e+00, -1.120906609064766e+05, 3.696392394062810e-04
54, 2.260017442173944e-02, 4.566637596376761e-03, 1.587889261540816e+00, 1.199916318544861e-02, 1.599227469422451e-12, 0.000000000000000e+00, 0.000000000000000e+00, -1.120006465042673e+05, 3.692992873003218e-04
55, 2.284465762657457e-02, 4.525890395570904e-03, 1.586944613773791e+00, 1.199202478922431e-02, 1.598281640581108e-12, 0.000000000000000e+00, 0.000000000000000e+00, -1.119755047265647e+05, 3.690795933933067e-04
56, 2.308914083140960e-02, 4.485143194765067e-03, 1.585481446020616e+00, 1.198096810595095e-02, 1.596822643596954e-12, 0.000000000000000e+00, 0.000000000000000e+00, -1.118762947620270e+05, 3.687392991027874e-04
57, 2.333362403624428e-02, 4.444395993959288e-03, 1.584815856639345e+00, 1.197593846327128e-02, 1.596179120395732e-12, 0.000000000000000e+00, 0.000000000000000e+00, -1.118436746842822e+05, 3.685845020491079e-04
58, 2.357810724107878e-02, 4.403648793153537e-03, 1.584158315589564e+00, 1.197096963921750e-02, 1.595543530876846e-12, 0.000000000000000e+00, 0.000000000000000e+00, -1.117870210051181e+05, 3.684315778903343e-04
59, 2.382259044591349e-02, 4.362901592347752e-03, 1.583401582852914e+00, 1.196525125581713e-02, 1.594805305322094e-12, 0.000000000000000e+00, 0.000000000000000e+00, -1.117303862368686e+05, 3.682555837562762e-04
60, 2.406707365074951e-02, 4.322154391541749e-03, 1.582803606359809e+00, 1.196073254176352e-02, 1.594201034577642e-12, 0.000000000000000e+00, 0.000000000000000e+00, -1.116892001153117e+05, 3.681165107666981e-04
61, 2.431155685558557e-02, 4.281407190735741e-03, 1.582251278471021e+00, 1.195655877937982e-02, 1.593611091699780e-12, 0.000000000000000e+00, 0.000000000000000e+00, -1.116586918122573e+05, 3.679880545086923e-04
62, 2.455604006042025e-02, 4.240659989929960e-03, 1.581678480244748e+00, 1.195223032930731e-02, 1.592987763462627e-12, 0.000000000000000e+00, 0.000000000000000e+00, -1.116342837874189e+05, 3.678548319808884e-04
63, 2.480052326525437e-02, 4.199912789124272e-03, 1.581055754289274e+00, 1.194752459160855e-02, 1.592328989069548e-12, 0.000000000000000e+00, 0.000000000000000e+00, -1.115985675548886e+05, 3.677100029857151e-04
64, 2.504500647008910e-02, 4.159165588318484e-03, 1.580503946141194e+00, 1.194335475673645e-02, 1.591750218912444e-12, 0.000000000000000e+00, 0.000000000000000e+00, -1.115665826092569e+05, 3.675816591653230e-04
65, 2.528948967492510e-02, 4.118418387512483e-03, 1.579927591128882e+00, 1.193899942918756e-02, 1.591161010029846e-12, 0.000000000000000e+00, 0.000000000000000e+00, -1.115253846015708e+05, 3.674476211258516e-04
66, 2.553397287976115e-02, 4.077671186706475e-03, 1.578884274372737e+00, 1.193111542347366e-02, 1.590112938868698e-12, 0.000000000000000e+00, 0.000000000000000e+00, -1.114466717212388e+05, 3.672049725395926e-04
67, 2.577845608459589e-02, 4.036923985900685e-03, 1.578440527251963e+00, 1.192776217067184e-02, 1.589674925622315e-12, 0.000000000000000e+00, 0.000000000000000e+00, -1.114109969001945e+05, 3.671017683178746e-04
68, 2.602293928943023e-02, 3.996176785094962e-03, 1.578018273937545e+00, 1.192457133958050e-02, 1.589262319271474e-12, 0.000000000000000e+00, 0.000000000000000e+00, -1.113661389514353e+05, 3.670035588605655e-04
69, 2.626742249426491e-02, 3.955429584289183e-03, 1.577464685059758e+00, 1.192038804831263e-02, 1.588715094297027e-12, 0.000000000000000e+00, 0.000000000000000e+00, -1.113081290925926e+05, 3.668748054821021e-04
70, 2.651190569910060e-02, 3.914682383483235e-03, 1.576266944380495e+00, 1.191133711118972e-02, 1.587516580449335e-12, 0.000000000000000e+00, 0.000000000000000e+00, -1.112150407484918e+05, 3.665962269782197e-04
71, 2.675638890393671e-02, 3.873935182677216e-03, 1.575087545035559e+00, 1.190242477357052e-02, 1.586342743469852e-12, 0.000000000000000e+00, 0.000000000000000e+00, -1.111301863115474e+05, 3.663219269555150e-04
72, 2.700087210877158e-02, 3.833187981871405e-03, 1.574262427728042e+00, 1.189618963018882e-02, 1.585526213698577e-12, 0.000000000000000e+00, 0.000000000000000e+00, -1.110655068942932e+05, 3.661300244799714e-04
73, 2.724535531360625e-02, 3.792440781065626e-03, 1.573465939211633e+00, 1.189017082527892e-02, 1.584725005573878e-12, 0.000000000000000e+00, 0.000000000000000e+00, -1.110044681891174e+05, 3.659447853640882e-04
74, 2.748983851844089e-02, 3.751693580259853e-03, 1.572471970628449e+00, 1.188265972767303e-02, 1.583709435533337e-12, 0.000000000000000e+00, 0.000000000000000e+00, -1.109423646986655e+05, 3.657136118492234e-04
75, 2.773432172327564e-02, 3.710946379454061e-03, 1.571178676173433e+00, 1.187288672171582e-02, 1.582385007588396e-12, 0.000000000000000e+00, 0.000000000000000e+00, -1.108626666744869e+05, 3.654128326159200e-04
76, 2.797880492811055e-02, 3.670199178648242e-03, 1.569899583898266e+00, 1.186322103701683e-02, 1.581076829379529e-12, 0.000000000000000e+00, 0.000000000000000e+00, -1.107850078999360e+05, 3.651153606807933e-04
77, 2.822328813294617e-02, 3.629451977842306e-03, 1.568573709160460e+00, 1.185320183244906e-02, 1.579732647390543e-12, 0.000000000000000e+00, 0.000000000000000e+00, -1.106960835945600e+05, 3.648070112805410e-04
78, 2.846777133778085e-02, 3.588704777036526e-03, 1.566399537379656e+00, 1.183677232277040e-02, 1.577574032730398e-12, 0.000000000000000e+00, 0.000000000000000e+00, -1.105253745217338e+05, 3.643013301469268e-04
79, 2.871229899926069e-02, 3.547950166789886e-03, 1.562590374726476e+00, 1.180798771833822e-02, 1.573835554918029e-12, 0.000000000000000e+00, 0.000000000000000e+00, -1.102404806970925e+05, 3.634154551176191e-04
80, 2.938333979933390e-02, 3.524731599957025e-03, 1.552824335193586e+00, 1.173418893093596e-02, 1.564008042289425e-12, 0.000000000000000e+00, 0.000000000000000e+00, -1.091222905044093e+05, 3.611442129698409e-04
81, 2.977818360006263e-02, 3.550205393552428e-03, 1.552337914380914e+00, 1.173051320691078e-02, 1.563496994328475e-12, 0.000000000000000e+00, 0.000000000000000e+00, -1.093664583156405e+05, 3.610310677144497e-04
82, 3.008472355953306e-02, 3.569982165131165e-03, 1.551264576460810e+00, 1.172240234101591e-02, 1.562397900782892e-12, 0.000000000000000e+00, 0.000000000000000e+00, -1.093819213211015e+05, 3.607814325113984e-04
83, 3.033472039049028e-02, 3.586110992934857e-03, 1.550279349125358e+00, 1.171495729817877e-02, 1.561393243944000e-12, 0.000000000000000e+00, 0.000000000000000e+00, -1.093233476940554e+05, 3.605522931942527e-04
84, 3.058338887892026e-02, 3.602154121220662e-03, 1.549407734049932e+00, 1.170837078627380e-02, 1.560503498153852e-12, 0.000000000000000e+00, 0.000000000000000e+00, -1.092832797994663e+05, 3.603495632756281e-04
85, 3.083205736735024e-02, 3.618197249506466e-03, 1.548595004495955e+00, 1.170222925312033e-02, 1.559670882701392e-12, 0.000000000000000e+00, 0.000000000000000e+00, -1.092412122268106e+05, 3.601605494347584e-04
86, 3.108072585578021e-02, 3.634240377792271e-03, 1.547485942676399e+00, 1.169384843332526e-02, 1.558543060949185e-12, 0.000000000000000e+00, 0.000000000000000e+00, -1.091678567026964e+05, 3.599026102106301e-04
87, 3.135518303494283e-02, 3.651947292576957e-03, 1.546771818403498e+00, 1.168845202824041e-02, 1.557824625412629e-12, 0.000000000000000e+00, 0.000000000000000e+00, -1.091031648217444e+05, 3.597365217064277e-04
88, 3.166986328998877e-02, 3.672249244515404e-03, 1.546680853988027e+00, 1.168776463971045e-02, 1.557740659262664e-12, 0.000000000000000e+00, 0.000000000000000e+00, -1.090736952654097e+05, 3.597153626787511e-04
89, 3.192350897593998e-02, 3.688613482318708e-03, 1.546902515778598e+00, 1.168943966583564e-02, 1.557970141723262e-12, 0.000000000000000e+00, 0.000000000000000e+00, -1.090806925494514e+05, 3.597669564929140e-04
90, 3.217217746436996e-02, 3.704656610604513e-03, 1.547109398153953e+00, 1.169100300872244e-02, 1.558192330353054e-12, 0.000000000000000e+00, 0.000000000000000e+00, -1.091425435800433e+05, 3.598151777588067e-04
91, 3.242084595279993e-02, 3.720699738890318e-03, 1.546142730496925e+00, 1.168369821534446e-02, 1.557214092224980e-12, 0.000000000000000e+00, 0.000000000000000e+00, -1.090860182118245e+05, 3.595899935676242e-04
92, 3.266951444122991e-02, 3.736742867176123e-03, 1.544857211236327e+00, 1.167398396400496e-02, 1.555908024746668e-12, 0.000000000000000e+00, 0.000000000000000e+00, -1.089854690088782e+05, 3.592938877062408e-04
93, 3.293378727651299e-02, 3.753792727516967e-03, 1.544155445326559e+00, 1.166868094705453e-02, 1.555211214468716e-12, 0.000000000000000e+00, 0.000000000000000e+00, -1.089295966661207e+05, 3.591368300288877e-04
94, 3.325255094925906e-02, 3.774358125758649e-03, 1.544134657338388e+00, 1.166852385898272e-02, 1.555198162042695e-12, 0.000000000000000e+00, 0.000000000000000e+00, -1.088977826607696e+05, 3.591089772589997e-04
95, 3.351229756143908e-02, 3.791115971705747e-03, 1.543803947186199e+00, 1.166602478982264e-02, 1.554850132529874e-12, 0.000000000000000e+00, 0.000000000000000e+00, -1.088542626594847e+05, 3.592213377971804e-04
96, 3.376096604986906e-02, 3.807159099991552e-03, 1.543268773785407e+00, 1.166198065833061e-02, 1.554277293811504e-12, 0.000000000000000e+00, 0.000000000000000e+00, -1.088356472600148e+05, 3.586298882934520e-04
97, 3.400963453829905e-02, 3.823202228277358e-03, 1.540541368759388e+00, 1.164137054478392e-02, 1.551420466189829e-12, 0.000000000000000e+00, 0.000000000000000e+00, -1.086574130622133e+05, 3.572016307890512e-04
98, 3.425830302672904e-02, 3.839245356563163e-03, 1.531574683933419e+00, 1.157361222116234e-02, 1.542089896927091e-12, 0.000000000000000e+00, 0.000000000000000e+00, -1.081115588657224e+05, 3.557578584531547e-04
99, 3.451504837384321e-02, 3.855809572506013e-03, 1.501536372181583e+00, 1.134662245981477e-02, 1.511063266468348e-12, 0.000000000000000e+00, 0.000000000000000e+00, -1.047195903156229e+05, 4.165874360917386e-04
100, 3.483265703251182e-02, 3.876300453710440e-03, 1.437392783953066e+00, 1.086191020619549e-02, 1.449067777068412e-12, 0.000000000000000e+00, 0.000000000000000e+00, -9.888742606188903e+04, 5.026518030624733e-04
101, 3.510108614685477e-02, 3.893618461087405e-03, 1.253455916951568e+00, 9.471959070161344e-03, 1.265579232625210e-12, 0.000000000000000e+00, 0.000000000000000e+00, -6.148131597245541e+04, 6.147334338402644e-04
102, 3.534975463528379e-02, 3.909661589373148e-03, 1.125383232474575e+00, 8.504155409125587e-03, 1.136690263994355e-12, 0.000000000000000e+00, 0.000000000000000e+00, -4.439134703883108e+04, 9.146116537610233e-04
103, 3.559842312371272e-02, 3.925704717658886e-03, 1.027326188032853e+00, 7.763170186644830e-03, 1.037082406601130e-12, 0.000000000000000e+00, 0.000000000000000e+00, -2.933088026092007e+04, 1.668138918817930e-03
104, 3.584709161214272e-02, 3.941747845944691e-03, 9.619501609426364e-01, 7.269144793017799e-03, 9.697279819638078e-13, 0.000000000000000e+00, 0.000000000000000e+00, -2.046547305515149e+04, 3.142177785498530e-03
105, 3.609883312075142e-02, 3.957989233596865e-03, 9.093050155270864e-01, 6.871322535468745e-03, 9.172695618714889e-13, 0.000000000000000e+00, 0.000000000000000e+00, -1.219860279310328e+04, 6.090719879584839e-03
106, 3.641004525913807e-02, 3.978067436073423e-03, 8.797845239812427e-01, 6.648245773155681e-03, 8.890149276815272e-13, 0.000000000000000e+00, 0.000000000000000e+00, -8.271161918876116e+03, 1.073295339908876e-02
107, 3.668987473246774e-02, 3.996120950481789e-03, 8.664948740632437e-01, 6.547820207025467e-03, 8.750743206061028e-13, 0.000000000000000e+00, 0.000000000000000e+00, -7.786423422261847e+03, 1.789638483551655e-02
108, 3.693854322089651e-02, 4.012164078767516e-03, 8.476711155755922e-01, 6.405575180671365e-03, 8.553711603849095e-13, 0.000000000000000e+00, 0.000000000000000e+00, -5.257195800675940e+03, 2.930728989615025e-02
109, 3.718721170932620e-02, 4.028207207053303e-03, 8.320490445188337e-01, 6.287524265885082e-03, 8.394220886905234e-13, 0.000000000000000e+00, 0.000000000000000e+00, -4.059288447908991e+03, 4.501736820073528e-02
110, 3.743588019775574e-02, 4.044250335339080e-03, 8.134923545990160e-01, 6.147297389915934e-03, 8.213365179705875e-13, 0.000000000000000e+00, 0.000000000000000e+00, -1.257465904187079e+03, 7.006802771443875e-02
111, 3.768501491438749e-02, 4.060323542863708e-03, 7.988902005323595e-01, 6.036953656411587e-03, 8.089193670815533e-13, 0.000000000000000e+00, 0.000000000000000e+00, -1.999106956688183e+02, 1.040187860494593e-01
112, 3.798457212214384e-02, 4.079649814331861e-03, 7.771593875132260e-01, 5.872740963569672e-03, 7.884446014089991e-13, 0.000000000000000e+00, 0.000000000000000e+00, 3.911900643033965e+03, 1.593945479892503e-01
113, 3.827857848705076e-02, 4.098617966906501e-03, 7.737167206564526e-01, 5.846725848785202e-03, 7.831765256371142e-13, 0.000000000000000e+00, 0.000000000000000e+00, 2.567278541452028e+03, 2.234766662702674e-01
114, 3.852733180643538e-02, 4.114666568157121e-03, 7.640128021178170e-01, 5.773396489554454e-03, 7.709355281154579e-13, 0.000000000000000e+00, 0.000000000000000e+00, 4.138786397117645e+03, 3.128032089878985e-01
115, 3.877600029486399e-02, 4.130709696442837e-03, 7.543731998205618e-01, 5.700553147259283e-03, 7.602273888432866e-13, 0.000000000000000e+00, 0.000000000000000e+00, 5.352907707570444e+03, 4.246014415842144e-01
116, 3.902466878329259e-02, 4.146752824728554e-03, 7.455166844457377e-01, 5.633627338381798e-03, 7.511243165273008e-13, 0.000000000000000e+00, 0.000000000000000e+00, 5.741861857557301e+03, 5.515657508322124e-01
117, 3.927333727172188e-02, 4.162795953014315e-03, 7.102989488274003e-01, 5.367498353860513e-03, 7.155579465648240e-13, 0.000000000000000e+00, 0.000000000000000e+00, 1.420462297394443e+04, 8.386840758923871e-01
118, 3.955810584082566e-02, 4.181168118762946e-03, 7.083839790201517e-01, 5.353027549267167e-03, 7.168486142303428e-13, 0.000000000000000e+00, 0.000000000000000e+00, 1.302152620314833e+04, 1.060558836113010e+00
119, 3.986561699708331e-02, 4.201007548198923e-03, 7.069109102322036e-01, 5.341896047093405e-03, 7.136783176970826e-13, 0.000000000000000e+00, 0.000000000000000e+00, 1.171176363684932e+04, 1.357304777880829e+00
120, 4.011612039202887e-02, 4.217169057550249e-03, 6.966264730325263e-01, 5.264179896975993e-03, 6.988591902048068e-13, 0.000000000000000e+00, 0.000000000000000e+00, 1.281893790469378e+04, 1.734355197065790e+00
121, 4.036478888045759e-02, 4.233212185835973e-03, 7.035070539814057e-01, 5.316174211448971e-03, 7.073928672230800e-13, 0.000000000000000e+00, 0.000000000000000e+00, 1.143569185697515e+04, 2.032499705907533e+00
122, 4.061345736888618e-02, 4.249255314121688e-03, 6.971396663946090e-01, 5.268057932455357e-03, 7.010486414283405e-13, 0.000000000000000e+00, 0.000000000000000e+00, 1.165399522177248e+04, 2.533143983505720e+00
123, 4.086212585731475e-02, 4.265298442407403e-03, 6.774842859839078e-01, 5.119528609453008e-03, 6.809054494602677e-13, 0.000000000000000e+00, 0.000000000000000e+00, 1.509248826183709e+04, 3.307733316728634e+00
124, 4.113445171015735e-02, 4.282867852268216e-03, 6.692544812085872e-01, 5.057338648932011e-03, 6.743984417555887e-13, 0.000000000000000e+00, 0.000000000000000e+00, 1.619301310262231e+04, 4.119401815690941e+00
125, 4.145030368599037e-02, 4.303245399096153e-03, 6.749920245353084e-01, 5.100695399509995e-03, 6.816583100079688e-13, 0.000000000000000e+00, 0.000000000000000e+00, 1.469973903984024e+04, 4.806209765697624e+00
126, 4.170490897741318e-02, 4.319671546929882e-03, 6.787756210246274e-01, 5.129286808749033e-03, 6.855390225963262e-13, 0.000000000000000e+00, 0.000000000000000e+00, 1.446209957254678e+04, 5.778573340199344e+00
127, 4.195357746584315e-02, 4.335714675215686e-03, 6.827714844651755e-01, 5.159482250363544e-03, 6.907098450051416e-13, 0.000000000000000e+00, 0.000000000000000e+00, 1.281228063033760e+04, 6.642093347597885e+00
128, 4.220224595427311e-02, 4.351757803501491e-03, 6.784462813879528e-01, 5.126798096126620e-03, 6.868898060789886e-13, 0.000000000000000e+00, 0.000000000000000e+00, 1.317252742538026e+04, 7.763139793743225e+00
129, 4.245091444270308e-02, 4.367800931787296e-03, 6.660240009403137e-01, 5.032926959242835e-03, 6.740330896680574e-13, 0.000000000000000e+00, 0.000000000000000e+00, 1.522064803343145e+04, 9.318138561821854e+00
130, 4.271356777480612e-02, 4.384746308052008e-03, 6.537843593756160e-01, 4.940435965051299e-03, 6.614375673458634e-13, 0.000000000000000e+00, 0.000000000000000e+00, 1.658779899475349e+04, 1.104683794244267e+01
131, 4.303251435836344e-02, 4.405323506991190e-03, 6.399350474733333e-01, 4.835781215164774e-03, 6.441296813377350e-13, 0.000000000000000e+00, 0.000000000000000e+00, 1.981832353133340e+04, 1.343644053076326e+01
132, 4.329369756275998e-02, 4.422174036307095e-03, 6.375633035090296e-01, 4.817858716698825e-03, 6.382885297221481e-13, 0.000000000000000e+00, 0.000000000000000e+00, 1.996247523897534e+04, 1.551328163066096e+01
133, 4.354236605119135e-02, 4.438217164592990e-03, 6.479566420471231e-01, 4.896397798850418e-03, 6.489985376861569e-13, 0.000000000000000e+00, 0.000000000000000e+00, 1.731680728602189e+04, 1.678130970070722e+01
134, 4.379103453962270e-02, 4.454260292878883e-03, 6.586732223156549e-01, 4.977379513724063e-03, 6.611538928298684e-13, 0.000000000000000e+00, 0.000000000000000e+00, 1.449112628050335e+04, 1.797686160372603e+01
135, 4.403970302805392e-02, 4.470303421164768e-03, 6.548138128883726e-01, 4.948215210746240e-03, 6.578638356173549e-13, 0.000000000000000e+00, 0.000000000000000e+00, 1.510594839807852e+04, 2.039634215226431e+01
136, 4.429531502615652e-02, 4.486794517816549e-03, 6.477872259649278e-01, 4.895117576562502e-03, 6.518788139732064e-13, 0.000000000000000e+00, 0.000000000000000e+00, 1.582462696142564e+04, 2.311988433176342e+01
137, 4.461211831404633e-02, 4.507233439615892e-03, 6.229897905252352e-01, 4.707731414552981e-03, 6.244966818159000e-13, 0.000000000000000e+00, 0.000000000000000e+00, 2.250653044597837e+04, 2.951322425290422e+01
138, 4.488248614825451e-02, 4.524676525693839e-03, 6.169836508035451e-01, 4.662344968297755e-03, 6.153623295139232e-13, 0.000000000000000e+00, 0.000000000000000e+00, 2.411950613222860e+04, 3.342531270954780e+01
139, 4.513115463668611e-02, 4.540719653979749e-03, 6.361284981251984e-01, 4.807016358636562e-03, 6.355739101865891e-13, 0.000000000000000e+00, 0.000000000000000e+00, 1.787249115188724e+04, 3.328331919258817e+01
140, 4.537982312511749e-02, 4.556762782265644e-03, 6.322661704708844e-01, 4.777830003560495e-03, 6.357376427472347e-13, 0.000000000000000e+00, 0.000000000000000e+00, 1.987767088366535e+04, 3.952890446022868e+01
141, 4.562849161354886e-02, 4.572805910551540e-03, 6.615720664074999e-01, 4.999285136572969e-03, 6.723527612644938e-13, 0.000000000000000e+00, 0.000000000000000e+00, 1.231466299065863e+04, 3.795165425998141e+01
142, 4.587956153519549e-02, 4.589003970012611e-03, 6.512229333343156e-01, 4.921080100749862e-03, 6.659577639227096e-13, 0.000000000000000e+00, 0.000000000000000e+00, 1.524372663769766e+04, 4.461567591549949e+01
143, 4.618897783901763e-02, 4.608966312194685e-03, 6.264195176179208e-01, 4.733648747732406e-03, 6.386555248097092e-13, 0.000000000000000e+00, 0.000000000000000e+00, 2.024471033741938e+04, 5.230299860736887e+01
144, 4.647127473361013e-02, 4.627179015071621e-03, 6.279858744779895e-01, 4.745485197563373e-03, 6.354680984782918e-13, 0.000000000000000e+00, 0.000000000000000e+00, 1.969421435459800e+04, 5.650816025952410e+01
145, 4.671994322204176e-02, 4.643222143357532e-03, 6.460151679617423e-01, 4.881726710033579e-03, 6.548640707609368e-13, 0.000000000000000e+00, 0.000000000000000e+00, 1.613495258541402e+04, 5.766792261897309e+01
146, 4.696861171047219e-02, 4.659265271643367e-03, 6.609833548613229e-01, 4.994836434710053e-03, 6.739790083385628e-13, 0.000000000000000e+00, 0.000000000000000e+00, 1.326421711751183e+04, 5.843550967296216e+01
147, 4.721728019890248e-02, 4.675308399929192e-03, 6.504542636687115e-01, 4.915271513860005e-03, 6.626196269284262e-13, 0.000000000000000e+00, 0.000000000000000e+00, 1.578841135557988e+04, 6.491157335125672e+01
148, 4.746618193476981e-02, 4.691366576436762e-03, 6.379036980255115e-01, 4.820430967441863e-03, 6.470628214978426e-13, 0.000000000000000e+00, 0.000000000000000e+00, 1.624079210480433e+04, 7.057095919004945e+01
149, 4.776294815578493e-02, 4.710512784244189e-03, 6.141714843420927e-01, 4.641094340113651e-03, 6.214807886421851e-13, 0.000000000000000e+00, 0.000000000000000e+00, 2.260021594275250e+04, 8.436338807082147e+01
150, 4.805982276316532e-02, 4.729665984720344e-03, 6.213765126977422e-01, 4.695540398219754e-03, 6.266832522773412e-13, 0.000000000000000e+00, 0.000000000000000e+00, 2.059474914892485e+04, 8.752690381423076e+01
151, 4.830873180743606e-02, 4.745724632737810e-03, 6.354465886499544e-01, 4.801863390301492e-03, 6.412592436904494e-13, 0.000000000000000e+00, 0.000000000000000e+00, 1.826896970299955e+04, 9.217072552768245e+01
152, 4.855740029586604e-02, 4.761767761023615e-03, 6.535613314546941e-01, 4.938750615521036e-03, 6.633284161303491e-13, 0.000000000000000e+00, 0.000000000000000e+00, 1.486763997274310e+04, 9.246094498414922e+01
153, 4.880606878429709e-02, 4.777810889309489e-03, 6.604702723725696e-01, 4.990959237063550e-03, 6.725517446908537e-13, 0.000000000000000e+00, 0.000000000000000e+00, 1.284024254595769e+04, 9.479018502529321e+01
154, 4.905473727272804e-02, 4.793854017595357e-03, 6.466170884317902e-01, 4.886275227434326e-03, 6.594188149839665e-13, 0.000000000000000e+00, 0.000000000000000e+00, 1.565737349029911e+04, 1.083190546991166e+02
155, 4.933693947205353e-02, 4.812060611100228e-03, 6.350854364269549e-01, 4.799134280291482e-03, 6.499744467136118e-13, 0.000000000000000e+00, 0.000000000000000e+00, 1.831160244933535e+04, 1.193900839208139e+02
156, 4.964642675480148e-02, 4.832027532567837e-03, 6.447182664997162e-01, 4.871926447091789e-03, 6.570986583588188e-13, 0.000000000000000e+00, 0.000000000000000e+00, 1.511403682148496e+04, 1.179408966504650e+02
157, 4.989752039303968e-02, 4.848227122131591e-03, 6.462396978370797e-01, 4.883423409343843e-03, 6.551411950403538e-13, 0.000000000000000e+00, 0.000000000000000e+00, 1.539877099012544e+04, 1.237817384529121e+02
158, 5.014618888147106e-02, 4.864270250417487e-03, 6.486903304241147e-01, 4.901942043503805e-03, 6.569445151098402e-13, 0.000000000000000e+00, 0.000000000000000e+00, 1.494148808732058e+04, 1.282915069079637e+02
159, 5.039485736990243e-02, 4.880313378703382e-03, 6.468507511480017e-01, 4.888040940661624e-03, 6.551380308970858e-13, 0.000000000000000e+00, 0.000000000000000e+00, 1.526890998346778e+04, 1.353475281875282e+02
160, 5.064352585833430e-02, 4.896356506989309e-03, 6.451024434204436e-01, 4.874829547252289e-03, 6.548631452779621e-13, 0.000000000000000e+00, 0.000000000000000e+00, 1.547615251254654e+04, 1.427459995184721e+02
161, 5.091381899864290e-02, 4.913794774105993e-03, 6.421373431685770e-01, 4.852423248116447e-03, 6.542055661896770e-13, 0.000000000000000e+00, 0.000000000000000e+00, 1.599567058895744e+04, 1.512185055769860e+02
162, 5.123065597185308e-02, 4.934235869151812e-03, 6.386377845620792e-01, 4.825978220864272e-03, 6.498264354933713e-13, 0.000000000000000e+00, 0.000000000000000e+00, 1.623295443267521e+04, 1.627916848675213e+02
163, 5.148630897858911e-02, 4.950729611521877e-03, 6.453670373930109e-01, 4.876828997925745e-03, 6.553956967041911e-13, 0.000000000000000e+00, 0.000000000000000e+00, 1.484506489847084e+04, 1.644836233944636e+02
164, 5.173497746701990e-02, 4.966772739807735e-03, 6.517352965574229e-01, 4.924951863145829e-03, 6.633360848120606e-13, 0.000000000000000e+00, 0.000000000000000e+00, 1.495405546622136e+04, 1.698357176202354e+02
165, 5.198364595545265e-02, 4.982815868093718e-03, 6.554463522543827e-01, 4.952995105189762e-03, 6.660600143502885e-13, 0.000000000000000e+00, 0.000000000000000e+00, 1.343642675984806e+04, 1.721281879658338e+02
166, 5.223231444388288e-02, 4.998858996379540e-03, 6.507487754726334e-01, 4.917497043869117e-03, 6.596617353893118e-13, 0.000000000000000e+00, 0.000000000000000e+00, 1.393540327034384e+04, 1.809382196969059e+02
167, 5.249344192048892e-02, 5.015705930354124e-03, 6.500368492352157e-01, 4.912117248622592e-03, 6.601822958787350e-13, 0.000000000000000e+00, 0.000000000000000e+00, 1.413091476392556e+04, 1.868391119681540e+02
168, 5.281238501501957e-02, 5.036282904194811e-03, 6.498424571675764e-01, 4.910648290933728e-03, 6.591970621541693e-13, 0.000000000000000e+00, 0.000000000000000e+00, 1.460072260910585e+04, 1.939467426676213e+02
169, 5.307509756421193e-02, 5.053232100916898e-03, 6.527487107846444e-01, 4.932609905171620e-03, 6.597371574857250e-13, 0.000000000000000e+00, 0.000000000000000e+00, 1.402783456123149e+04, 1.987367824568036e+02
170, 5.332376605264443e-02, 5.069275229202866e-03, 6.540778419890564e-01, 4.942653717800345e-03, 6.602751150565152e-13, 0.000000000000000e+00, 0.000000000000000e+00, 1.406291609811754e+04, 2.054540002043451e+02
171, 5.357243454107657e-02, 5.085318357488810e-03, 6.554674374559895e-01, 4.953154439213975e-03, 6.608572642019162e-13, 0.000000000000000e+00, 0.000000000000000e+00, 1.332347101069033e+04, 2.099810297973442e+02
172, 5.382110302950795e-02, 5.101361485774706e-03, 6.505482245530847e-01, 4.915981545740486e-03, 6.562832422609046e-13, 0.000000000000000e+00, 0.000000000000000e+00, 1.490506021103577e+04, 2.201351259892117e+02
173, 5.407567063054822e-02, 5.117785201970853e-03, 6.516145170611718e-01, 4.924039171745147e-03, 6.579978470052057e-13, 0.000000000000000e+00, 0.000000000000000e+00, 1.404569393074825e+04, 2.199569099986860e+02
174, 5.439148187647559e-02, 5.138160121062941e-03, 6.370857264944423e-01, 4.814249822378294e-03, 6.404707464514613e-13, 0.000000000000000e+00, 0.000000000000000e+00, 1.737080850435882e+04, 2.468137593207792e+02
175, 5.466388614963868e-02, 5.155734590299269e-03, 6.279442751994710e-01, 4.745170845345011e-03, 6.263919084612437e-13, 0.000000000000000e+00, 0.000000000000000e+00, 2.059612119732268e+04, 2.637698882047953e+02
176, 5.491255463807139e-02, 5.171777718585251e-03, 6.522576000462792e-01, 4.928898740914031e-03, 6.500030629438992e-13, 0.000000000000000e+00, 0.000000000000000e+00, 1.365294100285035e+04, 2.336969427032502e+02
177, 5.516122312650278e-02, 5.187820846871146e-03, 6.524059510089572e-01, 4.930019780933652e-03, 6.505321332429311e-13, 0.000000000000000e+00, 0.000000000000000e+00, 1.423112748196781e+04, 2.427020046660895e+02
178, 5.540989161493407e-02, 5.203863975157036e-03, 6.541974152422128e-01, 4.943557294029259e-03, 6.537080458465851e-13, 0.000000000000000e+00, 0.000000000000000e+00, 1.396622064493673e+04, 2.486724626331336e+02
179, 5.566037443332119e-02, 5.220024156988463e-03, 6.566974538693594e-01, 4.962449273576240e-03, 6.584816477020003e-13, 0.000000000000000e+00, 0.000000000000000e+00, 1.310166541041434e+04, 2.507963726777879e+02
180, 5.596780758655151e-02, 5.239858553971064e-03, 6.469364394396131e-01, 4.888688459248256e-03, 6.467776746223325e-13, 0.000000000000000e+00, 0.000000000000000e+00, 1.557101225351046e+04, 2.675893457413142e+02
181, 5.625267473514655e-02, 5.258237079686873e-03, 6.448446319313468e-01, 4.872881349619867e-03, 6.405057398065565e-13, 0.000000000000000e+00, 0.000000000000000e+00, 1.554866247403581e+04, 2.705824911314054e+02
182, 5.650134322357755e-02, 5.274280207972744e-03, 6.484220949564314e-01, 4.899915075251289e-03, 6.433788962768266e-13, 0.000000000000000e+00, 0.000000000000000e+00, 1.509706568389423e+04, 2.733300936537747e+02
183, 5.675001171200753e-02, 5.290323336258550e-03, 6.597605603904265e-01, 4.985596174245997e-03, 6.567733145443762e-13, 0.000000000000000e+00, 0.000000000000000e+00, 1.262755831375619e+04, 2.658976855646271e+02
184, 5.699868020043834e-02, 5.306366464544409e-03, 6.682275441818128e-01, 5.049578419517554e-03, 6.677193861640526e-13, 0.000000000000000e+00, 0.000000000000000e+00, 1.098868228562132e+04, 2.604545826272235e+02
185, 5.724742919715919e-02, 5.322414786913496e-03, 6.691780606564341e-01, 5.056761163655403e-03, 6.707438131594492e-13, 0.000000000000000e+00, 0.000000000000000e+00, 1.073096097230885e+04, 2.618307990771643e+02
186, 5.754132821484625e-02, 5.341376013861048e-03, 6.500856853668833e-01, 4.912486287412287e-03, 6.513636261475123e-13, 0.000000000000000e+00, 0.000000000000000e+00, 1.622419546401575e+04, 2.940711740600520e+02
187, 5.784098675032533e-02, 5.360708822601633e-03, 6.592408247612915e-01, 4.981668700975822e-03, 6.578619006335289e-13, 0.000000000000000e+00, 0.000000000000000e+00, 1.273429894210542e+04, 2.713401559984899e+02
188, 5.809013180903226e-02, 5.376782697356920e-03, 6.651298609220059e-01, 5.026170233677137e-03, 6.632134627312131e-13, 0.000000000000000e+00, 0.000000000000000e+00, 1.194057049958663e+04, 2.674416286079182e+02
189, 5.833880029746244e-02, 5.392825825642738e-03, 6.644290866765924e-01, 5.020874710412715e-03, 6.621326711652363e-13, 0.000000000000000e+00, 0.000000000000000e+00, 1.231040234988680e+04, 2.669736684796667e+02
190, 5.858746878589382e-02, 5.408868953928633e-03, 6.637979780434209e-01, 5.016105627542153e-03, 6.618236972030234e-13, 0.000000000000000e+00, 0.000000000000000e+00, 1.208308761186348e+04, 2.547529685809973e+02
191, 5.883613727432434e-02, 5.424912082214474e-03, 6.375503904204007e-01, 4.817761136688918e-03, 6.348422469536895e-13, 0.000000000000000e+00, 0.000000000000000e+00, 1.822163409465269e+04, 2.774357938376672e+02
192, 5.911587588862697e-02, 5.442959734750126e-03, 6.107222522861661e-01, 4.615029614264281e-03, 6.077369483989449e-13, 0.000000000000000e+00, 0.000000000000000e+00, 2.127019857663532e+04, 2.737451265239066e+02
193, 5.949233286497251e-02, 5.467247281611128e-03, 5.476235569840042e-01, 4.138213276964986e-03, 5.467429180700733e-13, 0.000000000000000e+00, 0.000000000000000e+00, 3.819953610505044e+04, 3.458808966129735e+02
194, 6.066546448186374e-02, 5.500000000000000e-03, 4.937246395150339e-01, 3.730916671396321e-03, 4.995758219690473e-13, 0.000000000000000e+00, 0.000000000000000e+00, 4.887349190182979e+04, 3.532538676313720e+02
195, 6.155052727783204e-02, 5.500000000000000e-03, 4.779728478124886e-01, 3.611885499838322e-03, 4.854942852382518e-13, 0.000000000000000e+00, 0.000000000000000e+00, 5.436341383522203e+04, 3.556913424310531e+02
196, 6.252155215794593e-02, 5.500000000000000e-03, 4.874094342670611e-01, 3.683194717379649e-03, 4.948666823433814e-13, 0.000000000000000e+00, 0.000000000000000e+00, 5.531443512537931e+04, 3.252849920894678e+02
197, 6.349257703805664e-02, 5.500000000000000e-03, 5.405646091205379e-01, 4.084871101663818e-03, 5.480551320062119e-13, 0.000000000000000e+00, 0.000000000000000e+00, 4.412400974137989e+04, 2.477377365964163e+02
198, 6.446360191816500e-02, 5.500000000000000e-03, 5.964862711152378e-01, 4.507452930340993e-03, 6.033567395468568e-13, 0.000000000000000e+00, 0.000000000000000e+00, 3.476348791121132e+04, 1.839253464593139e+02
199, 6.543462679827240e-02, 5.500000000000000e-03, 6.754504929936548e-01, 5.104159896675767e-03, 6.840253450302972e-13, 0.000000000000000e+00, 0.000000000000000e+00, 1.998710686803601e+04, 1.132112953884185e+02
200, 6.640565167838525e-02, 5.500000000000000e-03, 7.469834049467992e-01, 5.644710868614590e-03, 7.558775666630245e-13, 0.000000000000000e+00, 0.000000000000000e+00, 9.475183261682861e+03, 6.026969520879464e+01
201, 6.737667655849748e-02, 5.500000000000000e-03, 8.142055172316527e-01, 6.152686528199704e-03, 8.224105831005630e-13, 0.000000000000000e+00, 0.000000000000000e+00, -3.137753566542077e+03, 2.447417314597077e+01
202, 6.834770143861088e-02, 5.500000000000000e-03, 8.884766322145512e-01, 6.713929210690454e-03, 8.971807066373579e-13, 0.000000000000000e+00, 0.000000000000000e+00, -1.716427288487009e+04, 6.106475986086124e+00
203, 6.931872631871829e-02, 5.500000000000000e-03, 9.218735772339139e-01, 6.966299072299951e-03, 9.290685858763002e-13, 0.000000000000000e+00, 0.000000000000000e+00, -2.066236386023721e+04, 1.563746619249317e+00
204, 7.028975119882608e-02, 5.500000000000000e-03, 9.621830917982064e-01, 7.270904975809506e-03, 9.688476056138663e-13, 0.000000000000000e+00, 0.000000000000000e+00, -2.817903201531944e+04, 2.592695122220829e-01
205, 7.126077607894393e-02, 5.500000000000000e-03, 1.012431548982370e+00, 7.650616239165175e-03, 1.020196184410935e-12, 0.000000000000000e+00, 0.000000000000000e+00, -3.692693871481127e+04, 2.485790949628238e-02
206, 7.223180095906218e-02, 5.500000000000000e-03, 1.055207170045976e+00, 7.973857708159773e-03, 1.063357534557263e-12, 0.000000000000000e+00, 0.000000000000000e+00, -4.396752768893845e+04, 3.592163780962675e-03
207, 7.320282583917501e-02, 5.500000000000000e-03, 1.091402215736929e+00, 8.247371907336517e-03, 1.099310176050649e-12, 0.000000000000000e+00, 0.000000000000000e+00, -4.981340740399811e+04, 7.150351201951811e-04
208, 7.417385071929403e-02, 5.500000000000000e-03, 1.127018168302415e+00, 8.516510087932617e-03, 1.134833131715130e-12, 0.000000000000000e+00, 0.000000000000000e+00, -5.598231990578958e+04, 3.056913969756511e-04
209, 7.514487559941149e-02, 5.500000000000000e-03, 1.162304748786262e+00, 8.783159310732831e-03, 1.170199338958491e-12, 0.000000000000000e+00, 0.000000000000000e+00, -6.188885035898007e+04, 2.737101698916869e-04
210, 7.611590047953283e-02, 5.500000000000000e-03, 1.190562381483258e+00, 8.996693059072866e-03, 1.198664750691708e-12, 0.000000000000000e+00, 0.000000000000000e+00, -6.539817254676634e+04, 2.780517554076038e-04
211, 7.708692535964798e-02, 5.500000000000000e-03, 1.231837942383308e+00, 9.308599060835750e-03, 1.240858509743891e-12, 0.000000000000000e+00, 0.000000000000000e+00, -7.289842973352018e+04, 2.872697886212270e-04
212, 7.805795023976583e-02, 5.500000000000000e-03, 1.275633576645688e+00, 9.639548438132922e-03, 1.285489597040424e-12, 0.000000000000000e+00, 0.000000000000000e+00, -8.021819834388906e+04, 2.972575763641555e-04
213, 7.902897511988446e-02, 5.500000000000000e-03, 1.317530111374548e+00, 9.956146937344134e-03, 1.327240572587993e-12, 0.000000000000000e+00, 0.000000000000000e+00, -8.716254028298127e+04, 3.067323631895563e-04
214, 1.200000000000000e-02, 4.467104229392380e-03, 1.822506606329788e+00, 1.377209022415518e-02, 1.835697280351312e-12, 3.233137729110710e+01, 8.032309045746702e+00, -1.296089992481663e+05, 4.238647481592975e-04
215, 1.200000000000000e-02, 5.120561727863367e-03, 1.817886378508631e+00, 1.373717666379383e-02, 1.830983974672935e-12, 3.594195018776282e+01, -1.403702544050453e+00, -1.294900318837725e+05, 4.227900693480400e-04
216, 8.000000000000000e-02, 9.166666666647197e-04, 1.347195318197407e+00, 1.018031726598066e-02, 1.357105421435835e-12, -2.466362301181087e+01, 2.840137749343808e-02, -8.892900193430936e+04, 3.246176301201184e-04
217, 8.000000000000000e-02, 1.833333333328681e-03, 1.344756388655585e+00, 1.016188706793170e-02, 1.354539744267082e-12, -2.234790350819152e+01, -2.149058015889971e-01, -8.869609559105184e+04, 3.235088187014572e-04
218, 8.000000000000000e-02, 2.749999999992762e-03, 1.342254374749327e+00, 1.014298016183895e-02, 1.352047302700390e-12, -1.928893616418805e+01, -1.164015480740564e+00, -8.815262381273821e+04, 3.220286067825890e-04
219, 8.000000000000000e-02, 3.666666666661787e-03, 1.340063586166125e+00, 1.012642508438377e-02, 1.349961540770708e-12, -1.448826539754900e+01, -6.118009646663666e-01, -8.758424821953769e+04, 3.199137523657469e-04
220, 8.000000000000000e-02, 4.583333333330951e-03, 1.340209993663515e+00, 1.012753143826859e-02, 1.349879306673789e-12, -7.061603224771324e+00, 7.389838427637738e-01, -8.733802957308698e+04, 3.170564990540846e-04
221, 6.073081159100239e-02, 0.000000000000000e+00, 8.529729542156929e-02, 6.445639452509398e-04, 8.630620703819044e-14, 4.566488047242405e+00, 3.627525483038834e-01, 1.522579909214358e+05, 4.867815620628570e+03
222, 6.165936290135871e-02, 0.000000000000000e+00, 9.177250565801755e-02, 6.934950049721477e-04, 9.285922709917279e-14, 3.723046741684448e+00, 4.685514586022250e-01, 1.505191411153622e+05, 4.486313348612589e+03
223, 6.262465959075988e-02, 0.000000000000000e+00, 1.034707192060423e-01, 7.818946035717507e-04, 1.047224135083857e-13, 3.059162305846192e+00, 6.161929924629852e-01, 1.477631939619183e+05, 3.948632523220814e+03
224, 6.358995628015786e-02, 0.000000000000000e+00, 1.253190424799261e-01, 9.469952832241164e-04, 1.261933230445007e-13, 2.625953090352801e+00, 6.545398609458724e-01, 1.431018405395068e+05, 3.298479390204667e+03
225, 6.455525296955597e-02, 0.000000000000000e+00, 1.697883572479232e-01, 1.283035445201958e-03, 1.689577953298060e-13, 2.909214221765514e+00, 1.039826890262956e+00, 1.346613171189081e+05, 2.650060394490168e+03
226, 6.552054965895145e-02, 0.000000000000000e+00, 2.506973369955841e-01, 1.894438314833641e-03, 2.491778983911126e-13, 4.072502703308059e+00, 4.311257999039707e-01, 1.181624532043811e+05, 1.976969200641387e+03
227, 6.648584634835233e-02, 0.000000000000000e+00, 3.789727795341272e-01, 2.863774152653731e-03, 3.805076026793131e-13, 4.220533040118480e+00, 5.732821289511764e-01, 9.263147267820757e+04, 1.171462106956011e+03
228, 6.745114303775136e-02, 0.000000000000000e+00, 5.107081436270624e-01, 3.859255493404003e-03, 5.154030834619504e-13, 4.993634202150651e-01, 7.310979398128430e-02, 6.652287985082206e+04, 3.930374940808327e+02
229, 6.841643972715411e-02, 0.000000000000000e+00, 5.969241851008407e-01, 4.510762104038632e-03, 6.015631345954091e-13, -4.663921108125306e+00, 1.824384431426753e+00, 5.055041321045537e+04, 6.257271332788569e+01
230, 6.938173641654946e-02, 0.000000000000000e+00, 6.703892113860733e-01, 5.065913436169441e-03, 6.753450097149961e-13, -8.553038173669638e+00, 8.806747000430873e-01, 3.673769371644602e+04, 7.622477738401748e+00
231, 7.034703310594505e-02, 0.000000000000000e+00, 7.423014309491608e-01, 5.609330712465899e-03, 7.471483957568539e-13, -1.204527151581553e+01, 3.465625032119907e-01, 2.338546826124613e+04, 7.086913529035983e-01
232, 7.131232979535136e-02, 0.000000000000000e+00, 8.065745080398252e-01, 6.095021471337485e-03, 8.120104715897115e-13, -1.468202390901320e+01, 4.765700309665862e-01, 1.151064001948852e+04, 5.664900391081844e-02
233, 7.227762648475766e-02, 0.000000000000000e+00, 8.705380878782497e-01, 6.578373460040833e-03, 8.767632463667618e-13, -1.725732739190331e+01, 5.093611024667996e-02, -4.801034063735752e+02, 4.185032313338498e-03
234, 7.324292317415855e-02, 0.000000000000000e+00, 9.333698157464181e-01, 7.053172411185973e-03, 9.400376524655776e-13, -1.959693640438249e+01, 6.667191391209078e-02, -1.193457602546231e+04, 4.426133431234596e-04
235, 7.420821986356504e-02, 0.000000000000000e+00, 9.927013573773426e-01, 7.501521592276428e-03, 9.996956300190629e-13, -2.079272355048690e+01, -5.090296404540250e-02, -2.278807392383092e+04, 2.502995498105220e-04
236, 7.517351655297116e-02, 0.000000000000000e+00, 1.052737859535287e+00, 7.955197931001612e-03, 1.060219188351058e-12, -2.130059922865736e+01, -1.404915104039337e-01, -3.397604439612596e+04, 2.560404960875941e-04
237, 7.613881324238098e-02, 0.000000000000000e+00, 1.114285578598356e+00, 8.420294044828178e-03, 1.122546343853142e-12, -2.237423318503592e+01, -2.467311315388660e-01, -4.548047770512431e+04, 2.691291909302167e-04
238, 7.710410993178379e-02, 0.000000000000000e+00, 1.173458147632140e+00, 8.867441921657927e-03, 1.182250560940798e-12, -2.301068514229067e+01, 2.102527020126360e-01, -5.620356128963272e+04, 2.828863674395852e-04
239, 7.806940662118932e-02, 0.000000000000000e+00, 1.231318569675752e+00, 9.304674330048212e-03, 1.240507455107619e-12, -2.333667574512966e+01, -1.442786741591487e-01, -6.694959779567563e+04, 2.967534480582138e-04
240, 7.903470331059641e-02, 0.000000000000000e+00, 1.289977861723437e+00, 9.747943539477022e-03, 1.299388028682794e-12, -2.423363506859179e+01, -5.686606697579888e-01, -7.802342329122394e+04, 3.109489849126402e-04
241, 8.095506498595662e-02, 5.583557359982503e-03, 1.388014505453123e+00, 1.048877460040627e-02, 1.398369823607893e-12, 0.000000000000000e+00, 0.000000000000000e+00, -9.753025802001770e+04, 3.235761764913490e-04
242, 8.188111080263070e-02, 5.831690590896662e-03, 1.395395103330302e+00, 1.054454738033466e-02, 1.405718375884380e-12, 0.000000000000000e+00, 0.000000000000000e+00, -9.785678620301720e+04, 3.253776306026226e-04
243, 8.275000000541216e-02, 6.236860282310300e-03, 1.400170978503484e+00, 1.058063711715957e-02, 1.410574543783768e-12, 0.000000000000000e+00, 0.000000000000000e+00, -9.843713587299242e+04, 3.262484246883899e-04
244, 8.353533185485584e-02, 6.786755564171287e-03, 1.402171832817772e+00, 1.059575692306113e-02, 1.412572957339394e-12, 0.000000000000000e+00, 0.000000000000000e+00, -9.859113710031635e+04, 3.267670429095462e-04
245, 8.421324443507830e-02, 7.464668144249850e-03, 1.404129086940399e+00, 1.061054725648129e-02, 1.414543348118798e-12, 0.000000000000000e+00, 0.000000000000000e+00, -9.887794370767318e+04, 3.269896969356844e-04
246, 8.476313972137774e-02, 8.250000000975701e-03, 1.405282745758130e+00, 1.061926508130002e-02, 1.415736708871626e-12, 0.000000000000000e+00, 0.000000000000000e+00, -9.902838015326227e+04, 3.271812922848948e-04
247, 8.516830941619086e-02, 9.118889216842091e-03, 1.405561159213194e+00, 1.062136896131305e-02, 1.415992305244831e-12, 0.000000000000000e+00, 0.000000000000000e+00, -9.902824267456017e+04, 3.273172516649860e-04
248, 8.541644264192932e-02, 1.004493502488588e-02, 1.406513475250906e+00, 1.062856530416718e-02, 1.416958689613477e-12, 0.000000000000000e+00, 0.000000000000000e+00, -9.919539583779598e+04, 3.273665064066218e-04
249, 8.649999999999647e-02, 1.100000000000000e-02, 1.397755126973335e+00, 1.056238131214552e-02, 1.408037292227762e-12, -1.824537852648206e+00, 4.414614342151960e-01, -9.710637342901483e+04, 3.297481551241715e-04
250, 8.749999999999565e-02, 1.100000000000000e-02, 1.387957178536372e+00, 1.048834139952377e-02, 1.398229822897338e-12, -2.281827818044553e+00, 6.024809616603815e-01, -9.517364616997742e+04, 3.307794815958531e-04
251, 8.849999999999483e-02, 1.100000000000000e-02, 1.383225408120937e+00, 1.045258494802201e-02, 1.393440565801163e-12, -2.514022334180863e+00, 2.638056483119714e-01, -9.428824353166528e+04, 3.318413681912658e-04
252, 8.949999999999401e-02, 1.100000000000000e-02, 1.382370748609774e+00, 1.044612656380691e-02, 1.392550476895109e-12, -2.871750836008964e+00, -2.084034298488051e-01, -9.416436260072733e+04, 3.328320642695519e-04
253, 9.049999999998670e-02, 1.100000000000000e-02, 1.382601970259124e+00, 1.044787383067868e-02, 1.392769127436198e-12, -3.395791106963185e+00, -5.552342079519893e-01, -9.422412880431049e+04, 3.334517405625519e-04
254, 9.149999999998153e-02, 1.100000000000000e-02, 1.382721484684244e+00, 1.044877696235461e-02, 1.392883295998621e-12, -3.867437874008662e+00, -6.418271564499685e-01, -9.425204679116323e+04, 3.337234002764129e-04
255, 9.249999999998069e-02, 1.100000000000000e-02, 1.382734494356466e+00, 1.044887527222019e-02, 1.392893763116154e-12, -4.206924805896860e+00, -6.130832682494843e-01, -9.426071438013906e+04, 3.338243262407865e-04
256, 9.349999999997988e-02, 1.100000000000000e-02, 1.382745899764977e+00, 1.044896145918617e-02, 1.392904134750418e-12, -4.445540873698249e+00, -5.591183317297710e-01, -9.426973483803676e+04, 3.338640920643968e-04
257, 9.449999999997388e-02, 1.100000000000000e-02, 1.382770903207416e+00, 1.044915040207601e-02, 1.392928857065291e-12, -4.615483560562170e+00, -5.037071864083531e-01, -9.427989946384399e+04, 3.338828981178209e-04
258, 9.549999999996739e-02, 1.100000000000000e-02, 1.382790386313786e+00, 1.044929762957998e-02, 1.392948262315534e-12, -4.746159520573670e+00, -4.311255862127572e-01, -9.428767783958941e+04, 3.338911081909917e-04
259, 9.649999999996657e-02, 1.100000000000000e-02, 1.382792019854501e+00, 1.044930997371623e-02, 1.392948793384937e-12, -4.826472916744810e+00, -3.452392193580665e-01, -9.429249262829052e+04, 3.338911018929585e-04
260, 9.749999999996575e-02, 1.100000000000000e-02, 1.382800409946357e+00, 1.044937337491404e-02, 1.392957280180055e-12, -4.874421484031713e+00, -2.791214966765416e-01, -9.429698641525605e+04, 3.338918376101059e-04
261, 9.849999999996492e-02, 1.100000000000000e-02, 1.382817394013296e+00, 1.044950171798908e-02, 1.392975449036854e-12, -4.909165202274983e+00, -2.422679236942946e-01, -9.430120869470653e+04, 3.338946702907970e-04
262, 9.949999999996056e-02, 1.100000000000000e-02, 1.382819928570819e+00, 1.044952087081657e-02, 1.392978353921094e-12, -4.927982965520338e+00, -1.943991457343879e-01, -9.430303108754219e+04, 3.338932909853727e-04
263, 1.004999999999524e-01, 1.100000000000000e-02, 1.382822864762140e+00, 1.044954305866025e-02, 1.392981405704691e-12, -4.936589615654487e+00, -1.518996239897370e-01, -9.430487906142639e+04, 3.338917365065268e-04
264, 1.014999999999516e-01, 1.100000000000000e-02, 1.382827065552193e+00, 1.044957480266564e-02, 1.392985647877856e-12, -4.938598937357610e+00, -1.168356114025827e-01, -9.430663718805258e+04, 3.338904270978890e-04
265, 1.024999999999562e-01, 1.100000000000000e-02, 1.382830866144621e+00, 1.044960352250758e-02, 1.392989457249454e-12, -4.937668376456481e+00, -8.851924422069485e-02, -9.430804007337283e+04, 3.338889567731852e-04
266, 1.034999999999608e-01, 1.100000000000000e-02, 1.382833740373556e+00, 1.044962524212157e-02, 1.392992323916214e-12, -4.934539228341481e+00, -6.559168141040470e-02, -9.430907579527634e+04, 3.338871650118015e-04
267, 1.044999999999581e-01, 1.100000000000000e-02, 1.382836237911009e+00, 1.044964411520041e-02, 1.392994806994977e-12, -4.929842650544929e+00, -4.804993299856615e-02, -9.430990597471315e+04, 3.338851506571659e-04
268, 1.054999999999553e-01, 1.100000000000000e-02, 1.382838519130314e+00, 1.044966135363334e-02, 1.392997089151719e-12, -4.925182802384651e+00, -3.418061507231945e-02, -9.431057419496131e+04, 3.338831931651737e-04
269, 1.064999999999623e-01, 1.100000000000000e-02, 1.382840219197377e+00, 1.044967420048767e-02, 1.392998783193091e-12, -4.921436044415406e+00, -2.396332896267745e-02, -9.431103440444669e+04, 3.338810463809360e-04
270, 1.074999999999684e-01, 1.100000000000000e-02, 1.382841515483727e+00, 1.044968399610230e-02, 1.393000084254389e-12, -4.917865898005599e+00, -1.657023769645585e-02, -9.431135434961822e+04, 3.338787947691407e-04
271, 1.084999999999730e-01, 1.100000000000000e-02, 1.382842331142417e+00, 1.044969015976987e-02, 1.393000908337481e-12, -4.914574150280122e+00, -1.122617528657937e-02, -9.431154952118166e+04, 3.338766266297686e-04
272, 1.094999999999667e-01, 1.100000000000000e-02, 1.382842914306087e+00, 1.044969456654817e-02, 1.393001499395598e-12, -4.911869702154075e+00, -7.263769167706741e-03, -9.431167945795727e+04, 3.338742637848064e-04
273, 1.104999999999713e-01, 1.100000000000000e-02, 1.382843482613048e+00, 1.044969886105915e-02, 1.393002080184301e-12, -4.909922896023229e+00, -4.663450269115819e-03, -9.431178133113396e+04, 3.338717669201748e-04
274, 1.114999999999782e-01, 1.100000000000000e-02, 1.382843766663923e+00, 1.044970100753922e-02, 1.393002362080719e-12, -4.907526153966515e+00, -2.385645577717753e-03, -9.431183939797919e+04, 3.338702869323172e-04
275, 1.124999999999852e-01, 1.100000000000000e-02, 1.382843933704494e+00, 1.044970226981043e-02, 1.393002523311337e-12, -4.905775516941011e+00, -3.217435089677078e-04, -9.431187877474450e+04, 3.338688517315910e-04
276, 1.134999999999851e-01, 1.100000000000000e-02, 1.382844418832840e+00, 1.044970593576760e-02, 1.393003014664849e-12, -4.904813261125601e+00, 9.713555899276783e-04, -9.431195392504339e+04, 3.338662241067612e-04
277, 1.144999999999843e-01, 1.100000000000000e-02, 1.382844687450979e+00, 1.044970796562754e-02, 1.393003285795920e-12, -4.904335123049526e+00, 2.099512765724908e-03, -9.431198578681581e+04, 3.338634263071146e-04
278, 1.154999999999889e-01, 1.100000000000000e-02, 1.382844816941044e+00, 1.044970894414187e-02, 1.393003413768823e-12, -4.904164935870127e+00, 3.143122773376675e-03, -9.431199789522437e+04, 3.338606461292658e-04
279, 1.164999999999942e-01, 1.100000000000000e-02, 1.382844891460410e+00, 1.044970950726051e-02, 1.393003482657040e-12, -4.904178472988806e+00, 4.136603832882800e-03, -9.431200493357473e+04, 3.338578972475514e-04
280, 1.175000000000008e-01, 1.100000000000000e-02, 1.382844970141247e+00, 1.044971010182607e-02, 1.393003549950385e-12, -4.904274563341367e+00, 5.028869182245755e-03, -9.431201425404540e+04, 3.338552884228268e-04
281, 1.185000000000000e-01, 1.000000000000169e-02, 1.382844765590638e+00, 1.044970855610353e-02, 1.393003341093058e-12, -4.903347315971820e+00, 6.495621839018730e-03, -9.431199514255699e+04, 3.338557804817557e-04
282, 1.185000000000000e-01, 9.000000000004064e-03, 1.382844283180325e+00, 1.044970491068543e-02, 1.393002893491148e-12, -4.902303512450927e+00, 6.900624450721794e-03, -9.431192925332759e+04, 3.338588894636990e-04
283, 1.185000000000000e-01, 8.000000000007116e-03, 1.382842913541026e+00, 1.044969456076634e-02, 1.393001564419026e-12, -4.900939725184934e+00, 7.247308746362095e-03, -9.431170513671811e+04, 3.338628890339573e-04
284, 1.185000000000000e-01, 7.000000000010258e-03, 1.382840630957208e+00, 1.044967731202214e-02, 1.392999290884155e-12, -4.899204551086201e+00, 7.241885139387077e-03, -9.431131320262617e+04, 3.338681265952934e-04
285, 1.185000000000000e-01, 6.000000000013045e-03, 1.382837802504476e+00, 1.044965593832404e-02, 1.392996470979346e-12, -4.897376591766836e+00, 6.993103365876349e-03, -9.431080610077178e+04, 3.338691040849672e-04
286, 1.185000000000000e-01, 5.000000000013383e-03, 1.382834835412632e+00, 1.044963351697521e-02, 1.392993535353966e-12, -4.895838530423278e+00, 6.517338654732067e-03, -9.431027229114721e+04, 3.338688607660289e-04
287, 1.185000000000000e-01, 4.000000000010932e-03, 1.382831977795741e+00, 1.044961192289311e-02, 1.392990722775600e-12, -4.894503436134227e+00, 5.777146922435461e-03, -9.430976232399368e+04, 3.338670711295721e-04
288, 1.185000000000000e-01, 3.000000000007759e-03, 1.382829267485949e+00, 1.044959144196277e-02, 1.392988053957930e-12, -4.893343913132926e+00, 4.895060070206792e-03, -9.430928473072048e+04, 3.338661100992014e-04
289, 1.185000000000000e-01, 2.000000000004741e-03, 1.382826606917436e+00, 1.044957133691111e-02, 1.392985408576273e-12, -4.892123054905224e+00, 3.866872572809422e-03, -9.430882828837258e+04, 3.338659634533914e-04
290, 1.185000000000000e-01, 1.000000000002371e-03, 1.382824737564168e+00, 1.044955721081596e-02, 1.392983550271117e-12, -4.891679497889852e+00, 2.814736941406443e-03, -9.430854101691445e+04, 3.338663331068043e-04
291, 8.098717948717241e-02, 0.000000000000000e+00, 1.381967778067718e+00, 1.044308144636096e-02, 1.392181869889869e-12, -3.158038395727803e+01, -1.367139982971849e+00, -9.550215779432796e+04, 3.333087686188688e-04
292, 8.197435897434480e-02, 0.000000000000000e+00, 1.379667926022531e+00, 1.042570221176259e-02, 1.389812058969051e-12, -3.127838034551995e+01, -5.171311381980209e-01, -9.399883523652180e+04, 3.328612514213099e-04
293, 8.296153846151949e-02, 0.000000000000000e+00, 1.379919327589528e+00, 1.042760197171469e-02, 1.390057087131649e-12, -2.878596212285838e+01, -7.369498876393151e-01, -9.389383732287362e+04, 3.330147577827759e-04
294, 8.394871794870078e-02, 0.000000000000000e+00, 1.381291721706844e+00, 1.043797270811758e-02, 1.391436879714672e-12, -2.609442625455967e+01, -8.620946988915301e-01, -9.403794645486813e+04, 3.334156191576510e-04
295, 8.493589743588208e-02, 0.000000000000000e+00, 1.382173285226849e+00, 1.044463439718562e-02, 1.392325362078718e-12, -2.312202500657508e+01, -8.405842040491320e-01, -9.407696537753163e+04, 3.336793853573345e-04
296, 8.592307692306336e-02, 0.000000000000000e+00, 1.382679045241584e+00, 1.044845626127679e-02, 1.392836605288703e-12, -2.008273500696932e+01, -8.212869546566732e-01, -9.409834546286683e+04, 3.338363955759061e-04
297, 8.691025641024201e-02, 0.000000000000000e+00, 1.382873164308210e+00, 1.044992315598677e-02, 1.393033376257098e-12, -1.728896513351686e+01, -7.227818950563931e-01, -9.411915972234470e+04, 3.339061252465942e-04
298, 8.789743589741983e-02, 0.000000000000000e+00, 1.382974248230265e+00, 1.045068701433981e-02, 1.393134897701014e-12, -1.492464902119291e+01, -5.871113329102517e-01, -9.415364339878834e+04, 3.339448647531822e-04
299, 8.888461538459223e-02, 0.000000000000000e+00, 1.383117553128805e+00, 1.045176992289299e-02, 1.393279041683728e-12, -1.294109208913225e+01, -5.025943360284280e-01, -9.419680233341099e+04, 3.339881607206004e-04
300, 8.987179487176462e-02, 0.000000000000000e+00, 1.383220308117113e+00, 1.045254640895068e-02, 1.393382722963207e-12, -1.127840066150097e+01, -4.444365657351020e-01, -9.422998973017161e+04, 3.340180659210660e-04
301, 9.085897435893731e-02, 0.000000000000000e+00, 1.383181509961192e+00, 1.045225322389328e-02, 1.393343589258533e-12, -9.889179761610063e+00, -3.468531246842742e-01, -9.424275645707003e+04, 3.340113998564022e-04
302, 9.184615384611484e-02, 0.000000000000000e+00, 1.383158676402333e+00, 1.045208067810843e-02, 1.393320487164980e-12, -8.763675527021411e+00, -2.819088169997069e-01, -9.426111423303491e+04, 3.340072792046533e-04
303, 9.283333333329266e-02, 0.000000000000000e+00, 1.383135743572534e+00, 1.045190738216528e-02, 1.393297133356306e-12, -7.878779103387238e+00, -2.356049414242878e-01, -9.427579911955966e+04, 3.339978051135224e-04
304, 9.382051282047034e-02, 0.000000000000000e+00, 1.383081855759972e+00, 1.045150016947583e-02, 1.393242539915872e-12, -7.179003760229462e+00, -1.813105624078873e-01, -9.428303038794125e+04, 3.339860629938553e-04
305, 9.480769230765163e-02, 0.000000000000000e+00, 1.383052674468943e+00, 1.045127965594160e-02, 1.393212958193044e-12, -6.634389386459424e+00, -1.467595907818582e-01, -9.429184364198591e+04, 3.339667715051970e-04
306, 9.579487179483293e-02, 0.000000000000000e+00, 1.383023102215718e+00, 1.045105618803303e-02, 1.393182994395279e-12, -6.202840920712957e+00, -1.143865081923086e-01, -9.429737053829945e+04, 3.339687881216594e-04
307, 9.678205128200880e-02, 0.000000000000000e+00, 1.382993276992415e+00, 1.045083080851181e-02, 1.393152859965020e-12, -5.863539462460515e+00, -8.941640424733824e-02, -9.430096224535794e+04, 3.339593813727992e-04
308, 9.776923076918467e-02, 0.000000000000000e+00, 1.382960714715946e+00, 1.045058474596910e-02, 1.393120022003204e-12, -5.599098728902201e+00, -6.751675083453616e-02, -9.430285500724814e+04, 3.339493077479341e-04
309, 9.875641025636228e-02, 0.000000000000000e+00, 1.382934722547797e+00, 1.045038833160010e-02, 1.393093854034233e-12, -5.398909753725693e+00, -5.215713785676315e-02, -9.430472819049722e+04, 3.339406073041956e-04
310, 9.974358974354008e-02, 0.000000000000000e+00, 1.382912265835525e+00, 1.045021863352233e-02, 1.393071239928524e-12, -5.248494705074638e+00, -3.887230193670994e-02, -9.430600557522800e+04, 3.339331373210937e-04
311, 1.007307692307229e-01, 0.000000000000000e+00, 1.382893332429472e+00, 1.045007555992487e-02, 1.393052181602488e-12, -5.136713632128997e+00, -2.853699042032931e-02, -9.430685072510318e+04, 3.339255313400422e-04
312, 1.017179487179023e-01, 0.000000000000000e+00, 1.382878197566075e+00, 1.044996119068001e-02, 1.393036957716099e-12, -5.055152821126912e+00, -2.087092975749001e-02, -9.430748700652950e+04, 3.339193327576700e-04
313, 1.027051282050857e-01, 0.000000000000000e+00, 1.382864959511083e+00, 1.044986115499992e-02, 1.393023643729490e-12, -4.995472514597348e+00, -1.575996478599424e-02, -9.430776093631875e+04, 3.339117066894159e-04
314, 1.036923076922670e-01, 0.000000000000000e+00, 1.382851936334463e+00, 1.044976274308580e-02, 1.393010530876887e-12, -4.954782837373946e+00, -1.019810549952662e-02, -9.430770215160733e+04, 3.338849070633929e-04
315, 1.046794871794483e-01, 0.000000000000000e+00, 1.382845215321674e+00, 1.044971195457607e-02, 1.393003802536847e-12, -4.927874174868258e+00, -6.959750462233254e-03, -9.430814178096439e+04, 3.339079979590636e-04
316, 1.056666666666296e-01, 0.000000000000000e+00, 1.382841712820069e+00, 1.044968548730948e-02, 1.393000313781139e-12, -4.909306810312300e+00, -5.157327293955130e-03, -9.430853770994127e+04, 3.339025679673018e-04
317, 1.066538461538163e-01, 0.000000000000000e+00, 1.382837148379058e+00, 1.044965099531189e-02, 1.392995737335995e-12, -4.896600564867239e+00, -3.020070487889908e-03, -9.430852563478172e+04, 3.338981543226536e-04
318, 1.076410256410027e-01, 0.000000000000000e+00, 1.382834561734799e+00, 1.044963144888177e-02, 1.392993171298773e-12, -4.889072177087967e+00, -1.819870407580314e-03, -9.430865210189836e+04, 3.338942533134567e-04
319, 1.086282051281821e-01, 0.000000000000000e+00, 1.382832436485893e+00, 1.044961538906627e-02, 1.392991067962973e-12, -4.884207654906137e+00, -9.426230126764000e-04, -9.430871690156401e+04, 3.338905165555586e-04
320, 1.096153846153614e-01, 0.000000000000000e+00, 1.382830974582723e+00, 1.044960434193908e-02, 1.392989626658151e-12, -4.881650969092046e+00, -4.392596879425018e-04, -9.430876820029077e+04, 3.338873542951628e-04
321, 1.106025641025422e-01, 0.000000000000000e+00, 1.382829795062301e+00, 1.044959542868641e-02, 1.392988464378663e-12, -4.880405933449111e+00, -1.323415592605198e-04, -9.430876475854863e+04, 3.338843727663570e-04
322, 1.115897435897254e-01, 0.000000000000000e+00, 1.382828483858250e+00, 1.044958552034338e-02, 1.392987166224744e-12, -4.880148489489069e+00, 1.323059443765592e-04, -9.430870142021688e+04, 3.338810301169013e-04
323, 1.125769230769086e-01, 0.000000000000000e+00, 1.382827246898960e+00, 1.044957617304381e-02, 1.392985939927571e-12, -4.880632381989845e+00, 2.986397339699619e-04, -9.430862662827410e+04, 3.338719387797299e-04
324, 1.135641025640897e-01, 0.000000000000000e+00, 1.382826106000433e+00, 1.044956755164432e-02, 1.392984806536615e-12, -4.881662699601760e+00, 3.995711350084624e-04, -9.430854352274173e+04, 3.338770895309873e-04
325, 1.145512820512772e-01, 0.000000000000000e+00, 1.382825111195720e+00, 1.044956003422830e-02, 1.392983819229686e-12, -4.883009858786173e+00, 4.565294290630682e-04, -9.430845778683294e+04, 3.338739691772949e-04
326, 1.155384615384565e-01, 0.000000000000000e+00, 1.382824095495091e+00, 1.044955235890868e-02, 1.392982812113918e-12, -4.884494120734188e+00, 5.167830477032414e-04, -9.430835231398474e+04, 3.338680690321540e-04
327, 1.165256410256359e-01, 0.000000000000000e+00, 1.382822727267454e+00, 1.044954201965705e-02, 1.392981455832219e-12, -4.886068774034069e+00, 6.195122059719813e-04, -9.430819511103850e+04, 3.338660834746338e-04
328, 1.175128205128168e-01, 0.000000000000000e+00, 1.382821380959254e+00, 1.044953184604333e-02, 1.392980115305397e-12, -4.888042352227021e+00, 8.025905047004226e-04, -9.430804928460684e+04, 3.338643235220613e-04
329, 1.238286673703453e-02, 4.000000000000000e-03, 1.802622342593865e+00, 1.362183130423664e-02, 1.815468745122040e-12, 0.000000000000000e+00, 0.000000000000000e+00, -1.263603423032425e+05, 4.192404726996174e-04
330, 1.274741016582889e-02, 4.000000000000000e-03, 1.794762137073030e+00, 1.356243428518724e-02, 1.807811596127151e-12, 0.000000000000000e+00, 0.000000000000000e+00, -1.261742583235378e+05, 4.174123002225747e-04
331, 1.309450709663154e-02, 4.000000000000000e-03, 1.786772523807362e+00, 1.350205937386002e-02, 1.799590459693351e-12, 0.000000000000000e+00, 0.000000000000000e+00, -1.258598893211736e+05, 4.155540929616097e-04
332, 1.342499264904158e-02, 4.000000000000000e-03, 1.778692274681533e+00, 1.344099955678826e-02, 1.791448703977083e-12, 0.000000000000000e+00, 0.000000000000000e+00, -1.253850417072471e+05, 4.136748481839881e-04
333, 1.373966166163752e-02, 4.000000000000000e-03, 1.771278152384180e+00, 1.338497344370996e-02, 1.784032869240639e-12, 0.000000000000000e+00, 0.000000000000000e+00, -1.245811741108743e+05, 4.119505529308749e-04
334, 1.403927110551756e-02, 4.000000000000000e-03, 1.765724785684506e+00, 1.334300845605522e-02, 1.778362571480669e-12, 0.000000000000000e+00, 0.000000000000000e+00, -1.242556800843480e+05, 4.106589557012256e-04
335, 1.432454175699991e-02, 4.000000000000000e-03, 1.764232291947543e+00, 1.333173016585143e-02, 1.776848711590923e-12, 0.000000000000000e+00, 0.000000000000000e+00, -1.245591783666905e+05, 4.103118596862964e-04
336, 1.459615982229615e-02, 4.000000000000000e-03, 1.759787260350039e+00, 1.329814050642433e-02, 1.772498344316154e-12, 0.000000000000000e+00, 0.000000000000000e+00, -1.240469303132255e+05, 4.092780494818699e-04
337, 1.485477868420122e-02, 4.000000000000000e-03, 1.753860378254693e+00, 1.325335298429316e-02, 1.766580703230798e-12, 0.000000000000000e+00, 0.000000000000000e+00, -1.234477866984382e+05, 4.078996325838311e-04
338, 1.510102048169119e-02, 4.000000000000000e-03, 1.747827868628191e+00, 1.320776726923156e-02, 1.760427528824919e-12, 0.000000000000000e+00, 0.000000000000000e+00, -1.229364011823029e+05, 4.064966126034978e-04
339, 1.533547755003391e-02, 4.000000000000000e-03, 1.744928118172645e+00, 1.318585479727542e-02, 1.757405089551019e-12, 0.000000000000000e+00, 0.000000000000000e+00, -1.231371654316648e+05, 4.058222371055156e-04
340, 1.555871389759736e-02, 4.000000000000000e-03, 1.739051745974964e+00, 1.314144896202824e-02, 1.751654826766897e-12, 0.000000000000000e+00, 0.000000000000000e+00, -1.223967708789272e+05, 4.044555127788394e-04
341, 1.577126651024743e-02, 4.000000000000000e-03, 1.731296666297370e+00, 1.308284634481748e-02, 1.743670305121674e-12, 0.000000000000000e+00, 0.000000000000000e+00, -1.218336979094279e+05, 4.026519078248280e-04
342, 1.597364672499613e-02, 4.000000000000000e-03, 1.728591676242574e+00, 1.306240561392469e-02, 1.741027622423211e-12, 0.000000000000000e+00, 0.000000000000000e+00, -1.220044939569315e+05, 4.020228304819033e-04
343, 1.616634136363700e-02, 4.000000000000000e-03, 1.723162760101186e+00, 1.302138105869999e-02, 1.735631878979643e-12, 0.000000000000000e+00, 0.000000000000000e+00, -1.211950226811791e+05, 4.007601789592798e-04
344, 1.634981390150228e-02, 4.000000000000000e-03, 1.719705228447765e+00, 1.299525361547532e-02, 1.732055229324714e-12, 0.000000000000000e+00, 0.000000000000000e+00, -1.211143161275543e+05, 3.999560492472954e-04
345, 1.652450577389215e-02, 4.000000000000000e-03, 1.715558674891806e+00, 1.296391945762178e-02, 1.727816455237429e-12, 0.000000000000000e+00, 0.000000000000000e+00, -1.210084216187519e+05, 3.989916930842074e-04
346, 1.669083722656490e-02, 4.000000000000000e-03, 1.709809325136219e+00, 1.292047348969547e-02, 1.722029845401411e-12, 0.000000000000000e+00, 0.000000000000000e+00, -1.205966380933288e+05, 3.976545525988633e-04
347, 1.684920830615151e-02, 4.000000000000000e-03, 1.705453842106415e+00, 1.288756051969696e-02, 1.717650050383841e-12, 0.000000000000000e+00, 0.000000000000000e+00, -1.202890721844106e+05, 3.966415818036780e-04
348, 1.713306006660128e-02, 3.998583350632156e-03, 1.698733050273310e+00, 1.283677367964823e-02, 1.710938638450971e-12, 0.000000000000000e+00, 0.000000000000000e+00, -1.198671353571825e+05, 3.950785183313399e-04
349, 1.725295522974313e-02, 3.994877812539100e-03, 1.694212198523419e+00, 1.280261107196634e-02, 1.706445625678212e-12, 0.000000000000000e+00, 0.000000000000000e+00, -1.195817824728189e+05, 3.940271021014745e-04
350, 1.737275702910158e-02, 3.988868687515726e-03, 1.689733125412424e+00, 1.276876417188328e-02, 1.701938215269736e-12, 0.000000000000000e+00, 0.000000000000000e+00, -1.190997634253919e+05, 3.929853930112243e-04
351, 1.749242094207299e-02, 3.980554463151721e-03, 1.685413153817547e+00, 1.273611955025970e-02, 1.697446343750628e-12, 0.000000000000000e+00, 0.000000000000000e+00, -1.189336144477897e+05, 3.919806860986160e-04
352, 1.761190216105896e-02, 3.969933056990568e-03, 1.680612588790141e+00, 1.269984324022889e-02, 1.692623421013701e-12, 0.000000000000000e+00, 0.000000000000000e+00, -1.185502769336772e+05, 3.908641971917056e-04
353, 1.773115549365849e-02, 3.957001826158224e-03, 1.676549490874787e+00, 1.266913972953352e-02, 1.688525392703565e-12, 0.000000000000000e+00, 0.000000000000000e+00, -1.182715898506797e+05, 3.899192312919036e-04
354, 1.785013525321601e-02, 3.941757581687791e-03, 1.672633996294582e+00, 1.263955160928012e-02, 1.684565122861156e-12, 0.000000000000000e+00, 0.000000000000000e+00, -1.179777151801720e+05, 3.890085952612477e-04
355, 1.796879517952894e-02, 3.924196602628078e-03, 1.669081404676562e+00, 1.261270582879139e-02, 1.680945123835849e-12, 0.000000000000000e+00, 0.000000000000000e+00, -1.177404773953438e+05, 3.881823582793527e-04
356, 1.808708833074339e-02, 3.904314656267268e-03, 1.665637319201440e+00, 1.258667999396689e-02, 1.677432972299311e-12, 0.000000000000000e+00, 0.000000000000000e+00, -1.175125885890605e+05, 3.873813580620484e-04
357, 1.820496698394098e-02, 3.882107021099726e-03, 1.660811345819121e+00, 1.255021168125417e-02, 1.672556729845938e-12, 0.000000000000000e+00, 0.000000000000000e+00, -1.171781870348432e+05, 3.862589699928593e-04
358, 1.832238253005353e-02, 3.857568514530091e-03, 1.656276270493246e+00, 1.251594159063037e-02, 1.668042896186373e-12, 0.000000000000000e+00, 0.000000000000000e+00, -1.168388951640479e+05, 3.852042372204564e-04
359, 1.843928539520880e-02, 3.830693518506634e-03, 1.652429178056006e+00, 1.248687036314482e-02, 1.664256816369487e-12, 0.000000000000000e+00, 0.000000000000000e+00, -1.165073662555444e+05, 3.843095081960991e-04
360, 1.855562486761292e-02, 3.801476030913406e-03, 1.647431080692584e+00, 1.244910136543635e-02, 1.659243002025612e-12, 0.000000000000000e+00, 0.000000000000000e+00, -1.161588174015142e+05, 3.831470849138135e-04
361, 1.867134909083811e-02, 3.769909683081938e-03, 1.643186789144575e+00, 1.241702863333559e-02, 1.654933263859711e-12, 0.000000000000000e+00, 0.000000000000000e+00, -1.158827074564342e+05, 3.821599795616051e-04
362, 1.878640484628182e-02, 3.735987813700109e-03, 1.639634911148891e+00, 1.239018824545892e-02, 1.651315273910744e-12, 0.000000000000000e+00, 0.000000000000000e+00, -1.156520252666434e+05, 3.813339059810506e-04
363, 1.890073751152370e-02, 3.699703504858664e-03, 1.636220871022308e+00, 1.236438945357043e-02, 1.647839710940287e-12, 0.000000000000000e+00, 0.000000000000000e+00, -1.154225079496642e+05, 3.805398985084374e-04
364, 1.901429093363653e-02, 3.661049644868068e-03, 1.632757308761178e+00, 1.233821643900278e-02, 1.644298315359145e-12, 0.000000000000000e+00, 0.000000000000000e+00, -1.151777131655699e+05, 3.797343665916835e-04
365, 1.912700728442783e-02, 3.620019006534937e-03, 1.629382480044684e+00, 1.231271395499920e-02, 1.640810736280220e-12, 0.000000000000000e+00, 0.000000000000000e+00, -1.149687264592709e+05, 3.789494804567141e-04
366, 1.923882697238188e-02, 3.576604314730752e-03, 1.627490351322653e+00, 1.229841575306960e-02, 1.638828809173605e-12, 0.000000000000000e+00, 0.000000000000000e+00, -1.149080906552477e+05, 3.785094308412264e-04
367, 1.934968849434085e-02, 3.530798344131228e-03, 1.625212294968667e+00, 1.228120122142741e-02, 1.636541424666441e-12, 0.000000000000000e+00, 0.000000000000000e+00, -1.147271270414212e+05, 3.779796222060890e-04
368, 1.945952833243161e-02, 3.482594010857190e-03, 1.622405602014241e+00, 1.225999195476909e-02, 1.633867576424520e-12, 0.000000000000000e+00, 0.000000000000000e+00, -1.144472817113816e+05, 3.773268540991457e-04
369, 1.956828086218579e-02, 3.431984467370930e-03, 1.619276191234411e+00, 1.223634401436723e-02, 1.630817258965770e-12, 0.000000000000000e+00, 0.000000000000000e+00, -1.142219495180160e+05, 3.765990288851929e-04
370, 1.967587813307367e-02, 3.378963269827066e-03, 1.616638229326139e+00, 1.221640979339794e-02, 1.628186867551560e-12, 0.000000000000000e+00, 0.000000000000000e+00, -1.140483232682435e+05, 3.759855136527854e-04
371, 1.978224984689459e-02, 3.323524470385501e-03, 1.613389012624040e+00, 1.219185651857096e-02, 1.624940838114110e-12, 0.000000000000000e+00, 0.000000000000000e+00, -1.138279209472936e+05, 3.752298365145178e-04
372, 1.988732320457588e-02, 3.265662783553025e-03, 1.610622040718169e+00, 1.217094741096987e-02, 1.622201301236864e-12, 0.000000000000000e+00, 0.000000000000000e+00, -1.136435717700423e+05, 3.745863155626824e-04
373, 1.999102277471485e-02, 3.205373764029357e-03, 1.608262258368065e+00, 1.215311530253072e-02, 1.619874979489659e-12, 0.000000000000000e+00, 0.000000000000000e+00, -1.134854127839379e+05, 3.740374947174538e-04
374, 2.009327038988303e-02, 3.142653991270224e-03, 1.605555972053342e+00, 1.213266477622293e-02, 1.617206323313734e-12, 0.000000000000000e+00, 0.000000000000000e+00, -1.133035179443242e+05, 3.734080924852483e-04
375, 2.019398505712364e-02, 3.077501267443664e-03, 1.602737154150089e+00, 1.211136388526628e-02, 1.614436887654708e-12, 0.000000000000000e+00, 0.000000000000000e+00, -1.130514743875135e+05, 3.727525213420533e-04
376, 2.029308286921863e-02, 3.009914839083263e-03, 1.600462001803205e+00, 1.209417129826227e-02, 1.612030428171896e-12, 0.000000000000000e+00, 0.000000000000000e+00, -1.129667983437297e+05, 3.722233854283325e-04
377, 2.039047692687353e-02, 2.939895639871671e-03, 1.597796142779383e+00, 1.207402626785564e-02, 1.609309114940156e-12, 0.000000000000000e+00, 0.000000000000000e+00, -1.127574589422540e+05, 3.716033644775093e-04
378, 2.048607709065126e-02, 2.867446698989072e-03, 1.595754127215019e+00, 1.205859541976228e-02, 1.607211983588505e-12, 0.000000000000000e+00, 0.000000000000000e+00, -1.126348040096997e+05, 3.711284499001413e-04
379, 2.057979037169233e-02, 2.792573109630771e-03, 1.594255250043325e+00, 1.204726889201649e-02, 1.605709179036426e-12, 0.000000000000000e+00, 0.000000000000000e+00, -1.125336631263593e+05, 3.707798527565507e-04
380, 2.067152054051507e-02, 2.715282605764749e-03, 1.593391354746144e+00, 1.204074071596726e-02, 1.604852875493128e-12, 0.000000000000000e+00, 0.000000000000000e+00, -1.124831318133547e+05, 3.705789345729861e-04
381, 2.076116769545584e-02, 2.635586318575436e-03, 1.592272191695339e+00, 1.203228356444990e-02, 1.603738436388939e-12, 0.000000000000000e+00, 0.000000000000000e+00, -1.124112655324897e+05, 3.703186479432659e-04
382, 2.084862977354056e-02, 2.553497850866329e-03, 1.591172928211159e+00, 1.202397678749132e-02, 1.602664536937720e-12, 0.000000000000000e+00, 0.000000000000000e+00, -1.123266454635875e+05, 3.700629858582305e-04
383, 2.093380100989707e-02, 2.469035065223044e-03, 1.590320752746939e+00, 1.201753717441156e-02, 1.601829862953940e-12, 0.000000000000000e+00, 0.000000000000000e+00, -1.122716835726453e+05, 3.698648002052476e-04
384, 2.101657283673164e-02, 2.382219824916855e-03, 1.589587502897596e+00, 1.201199624356012e-02, 1.601087750905195e-12, 0.000000000000000e+00, 0.000000000000000e+00, -1.122337041074028e+05, 3.696942684310760e-04
385, 2.109683393915451e-02, 2.293078514136552e-03, 1.588767209721836e+00, 1.200579755457458e-02, 1.600248321498164e-12, 0.000000000000000e+00, 0.000000000000000e+00, -1.121776129538192e+05, 3.695034889713870e-04
386, 2.117447050679863e-02, 2.201642439688097e-03, 1.587909937678938e+00, 1.199931942830586e-02, 1.599374792457713e-12, 0.000000000000000e+00, 0.000000000000000e+00, -1.121184627014541e+05, 3.693041118092725e-04
387, 2.124936637426961e-02, 2.107948449802589e-03, 1.587153484155264e+00, 1.199360315482726e-02, 1.598609673285296e-12, 0.000000000000000e+00, 0.000000000000000e+00, -1.120690148537606e+05, 3.691281826852691e-04
388, 2.132140347902759e-02, 2.012039279369784e-03, 1.586535327803643e+00, 1.198893194813998e-02, 1.597985466771551e-12, 0.000000000000000e+00, 0.000000000000000e+00, -1.120296494157205e+05, 3.689844172410003e-04
389, 2.139046226100971e-02, 1.913964034713208e-03, 1.586015573409191e+00, 1.198500433306859e-02, 1.597461413060587e-12, 0.000000000000000e+00, 0.000000000000000e+00, -1.119959779693600e+05, 3.688635376131047e-04
390, 2.145642218913103e-02, 1.813778601213822e-03, 1.585457661790790e+00, 1.198078837625451e-02, 1.596902217083791e-12, 0.000000000000000e+00, 0.000000000000000e+00, -1.119574654261565e+05, 3.687337841420246e-04
391, 2.151916227246888e-02, 1.711546174445814e-03, 1.585019533179917e+00, 1.197747758070639e-02, 1.596464288801204e-12, 0.000000000000000e+00, 0.000000000000000e+00, -1.119294246873155e+05, 3.686318887473630e-04
392, 2.157856181250769e-02, 1.607337521054499e-03, 1.584722474913306e+00, 1.197523280791089e-02, 1.596170244780175e-12, 0.000000000000000e+00, 0.000000000000000e+00, -1.119120556338329e+05, 3.685627999505388e-04
393, 2.163450108218622e-02, 1.501231434622081e-03, 1.584576213989736e+00, 1.197412756163711e-02, 1.596028680098221e-12, 0.000000000000000e+00, 0.000000000000000e+00, -1.118986446889027e+05, 3.685287823557604e-04
394, 2.168686221228924e-02, 1.393314919869058e-03, 1.584405858544826e+00, 1.197284024089478e-02, 1.595854045257357e-12, 0.000000000000000e+00, 0.000000000000000e+00, -1.118881034331885e+05, 3.684891689048535e-04
395, 2.173553006582194e-02, 1.283683449003571e-03, 1.584401472584907e+00, 1.197280709762092e-02, 1.595841652054254e-12, 0.000000000000000e+00, 0.000000000000000e+00, -1.118907965797143e+05, 3.684881515988621e-04
396, 2.178039323276347e-02, 1.172441020135118e-03, 1.584379920920169e+00, 1.197264423869354e-02, 1.595807517249328e-12, 0.000000000000000e+00, 0.000000000000000e+00, -1.118891636661863e+05, 3.684831326275619e-04
397, 2.182134503277005e-02, 1.059700206657279e-03, 1.584445700666893e+00, 1.197314131486536e-02, 1.595856451442436e-12, 0.000000000000000e+00, 0.000000000000000e+00, -1.118962125947650e+05, 3.684984407010353e-04
398, 2.185828460498797e-02, 9.455819615663187e-04, 1.584627868264226e+00, 1.197451789620551e-02, 1.596020832109086e-12, 0.000000000000000e+00, 0.000000000000000e+00, -1.119105189417724e+05, 3.685408095753851e-04
399, 2.189111796567253e-02, 8.302154114205901e-04, 1.584939087061081e+00, 1.197686967552696e-02, 1.596312056874842e-12, 0.000000000000000e+00, 0.000000000000000e+00, -1.119329893237413e+05, 3.686131866886968e-04
400, 2.191975909530712e-02, 7.137374056692337e-04, 1.585405667099397e+00, 1.198039546926755e-02, 1.596756276606379e-12, 0.000000000000000e+00, 0.000000000000000e+00, -1.119671109082957e+05, 3.687217037998224e-04
401, 2.194413096741944e-02, 5.962919966615743e-04, 1.585852911607607e+00, 1.198377515068992e-02, 1.597174018313213e-12, 0.000000000000000e+00, 0.000000000000000e+00, -1.119994537400400e+05, 3.688257232661683e-04
402, 2.196416653116058e-02, 4.780297235311300e-04, 1.586165844229150e+00, 1.198613988082768e-02, 1.597436201993643e-12, 0.000000000000000e+00, 0.000000000000000e+00, -1.120220070758475e+05, 3.688985045134840e-04
403, 2.197980959597637e-02, 3.591067922023271e-04, 1.586346592398004e+00, 1.198750573600809e-02, 1.597547609598953e-12, 0.000000000000000e+00, 0.000000000000000e+00, -1.120352470509212e+05, 3.689405427240169e-04
404, 2.199101560497451e-02, 2.396840999661193e-04, 1.586077321297288e+00, 1.198547094179584e-02, 1.597532334550349e-12, 0.000000000000000e+00, 0.000000000000000e+00, -1.120154647638393e+05, 3.688779183891526e-04
405, 2.199775226247633e-02, 1.199261717228851e-04, 1.578645317751895e+00, 1.192930970593534e-02, 1.590816716532689e-12, 0.000000000000000e+00, 0.000000000000000e+00, -1.114910357830123e+05, 3.671494396889371e-04
406, 2.200000000000000e-02, 1.142857142854949e-04, 1.581358444837213e+00, 1.194981192572374e-02, 1.593481767207593e-12, 8.843790013241576e-01, 6.028892466650392e+00, -1.116574381920619e+05, 3.677804349493711e-04
407, 2.200000000000000e-02, 2.285714285708805e-04, 1.585989576227454e+00, 1.198480788081513e-02, 1.597169487607345e-12, -8.002491542688539e-01, -1.748808605900146e-01, -1.120083749154103e+05, 3.688574979558319e-04
408, 2.200000000000000e-02, 3.428571428562627e-04, 1.586268054399702e+00, 1.198691224987497e-02, 1.597374554315234e-12, -6.958610964929986e-02, 1.277281421285646e-02, -1.120119394807623e+05, 3.689222442801036e-04
409, 2.200000000000000e-02, 4.571428571419693e-04, 1.586153865342422e+00, 1.198604936027312e-02, 1.597389739889282e-12, 1.223240618750078e-03, -1.746469742655142e-01, -1.119923929571671e+05, 3.688956565408050e-04
410, 2.200000000000000e-02, 5.714285714279867e-04, 1.585858590486273e+00, 1.198381806413077e-02, 1.597158621201589e-12, 5.622131235842728e-02, -3.621847723702010e-01, -1.119552927705715e+05, 3.688269387548052e-04
411, 2.200000000000000e-02, 6.857142857140040e-04, 1.585486535452696e+00, 1.198100656513634e-02, 1.596828039292262e-12, 1.467563658231577e-01, -6.275456327906735e-01, -1.119091007249645e+05, 3.687403475527350e-04
412, 2.211999883978182e-02, 8.000000000000000e-04, 1.585043490084611e+00, 1.197765861525141e-02, 1.596402529807743e-12, 1.535674588394281e+00, -2.250613376430909e+00, -1.117635026430743e+05, 3.686369682991638e-04
413, 2.223999767956385e-02, 8.000000000000000e-04, 1.585235817874642e+00, 1.197911197386624e-02, 1.596595973329408e-12, 2.900646497689818e+00, -3.338176502138695e+00, -1.116977116084144e+05, 3.686814606260545e-04
414, 2.236502815562918e-02, 8.000000000000000e-04, 1.585801882500621e+00, 1.198338954030936e-02, 1.597172110671702e-12, 4.716764110658758e+00, -4.428860401403041e+00, -1.116745598539262e+05, 3.688128797256032e-04
415, 2.251593882018499e-02, 8.000000000000000e-04, 1.586884963085199e+00, 1.199157402835404e-02, 1.598248440239190e-12, 6.670008999360268e+00, -5.333054582733348e+00, -1.117262433297461e+05, 3.690645089038321e-04
416, 2.266983734558578e-02, 8.000000000000000e-04, 1.587809408716431e+00, 1.199855976360272e-02, 1.599106608221535e-12, 8.285712327203386e+00, -5.744596176793720e+00, -1.118154529586899e+05, 3.692792556483379e-04
417, 2.282475170941900e-02, 8.000000000000000e-04, 1.589051840068787e+00, 1.200794841362049e-02, 1.600361226874990e-12, 1.103292351722851e+01, -6.661798908832052e+00, -1.119602835921463e+05, 3.695679666894289e-04
418, 2.298068857568049e-02, 8.000000000000000e-04, 1.589637291714334e+00, 1.201237248147106e-02, 1.600875486820750e-12, 1.327584628221092e+01, -6.188839165030015e+00, -1.120476374689928e+05, 3.697038957991470e-04
419, 2.313765473832637e-02, 8.000000000000000e-04, 1.590790434102362e+00, 1.202108640379857e-02, 1.602118493615229e-12, 1.649534242702422e+01, -7.008074379968201e+00, -1.121949014623244e+05, 3.699718470364636e-04
420, 2.329565695299008e-02, 8.000000000000000e-04, 1.591890387483711e+00, 1.202939839408574e-02, 1.603275019951037e-12, 1.974271058679798e+01, -7.292635803053585e+00, -1.123656505197649e+05, 3.702274066187173e-04
421, 2.345470206704434e-02, 8.000000000000000e-04, 1.592660583115211e+00, 1.203521851220789e-02, 1.604052696795260e-12, 2.250719922226741e+01, -6.930265537852307e+00, -1.125430574768070e+05, 3.704062932594386e-04
422, 2.361228769494679e-02, 8.000000000000000e-04, 1.592756695436982e+00, 1.203594480179307e-02, 1.604142972512414e-12, 2.492906164706988e+01, -6.806279085802911e+00, -1.126341804900966e+05, 3.704284330328205e-04
423, 2.374049462994123e-02, 8.000000000000000e-04, 1.592761540256280e+00, 1.203598141251824e-02, 1.604142328927637e-12, 2.697526718443412e+01, -6.639206213310684e+00, -1.126897648553818e+05, 3.704293906894336e-04
424, 2.386049346972333e-02, 8.000000000000000e-04, 1.592900863067577e+00, 1.203703422973208e-02, 1.604280793286154e-12, 2.886490956334600e+01, -6.389652187108914e+00, -1.127457020233400e+05, 3.704616368958797e-04
425, 2.398049230950531e-02, 8.000000000000000e-04, 1.593199305713400e+00, 1.203928946383150e-02, 1.604582937989363e-12, 3.070816055949935e+01, -6.249868170563349e+00, -1.128186066716367e+05, 3.705308898596984e-04
426, 2.410049114928708e-02, 8.000000000000000e-04, 1.593401452943581e+00, 1.204081702476486e-02, 1.604784142017848e-12, 3.242938047485357e+01, -6.070037058184537e+00, -1.128783752665330e+05, 3.705777516160865e-04
427, 2.422048998906863e-02, 8.000000000000000e-04, 1.593457743121050e+00, 1.204124239134524e-02, 1.604834054025945e-12, 3.409025246721814e+01, -5.757973099398188e+00, -1.129071084847817e+05, 3.705906981877710e-04
428, 2.434254972929971e-02, 8.000000000000000e-04, 1.593730694364545e+00, 1.204330499520036e-02, 1.605107383430594e-12, 3.587464608404207e+01, -5.274711225252164e+00, -1.129498444734935e+05, 3.706540295556296e-04
429, 2.449512402064448e-02, 8.000000000000000e-04, 1.594097577560926e+00, 1.204607741230150e-02, 1.605461486728884e-12, 3.762179365552758e+01, -4.923561249655847e+00, -1.130096252828354e+05, 3.707391806819182e-04
430, 2.466208631250990e-02, 8.000000000000000e-04, 1.594692821243660e+00, 1.205057547539523e-02, 1.606050878986772e-12, 3.948593935886758e+01, -4.701002096674385e+00, -1.131148531793429e+05, 3.708774244131850e-04
431, 2.483015065230385e-02, 8.000000000000000e-04, 1.594881821265475e+00, 1.205200368714709e-02, 1.606162147503507e-12, 4.099150685714631e+01, -4.508127398113912e+00, -1.131781444942230e+05, 3.709212223665446e-04
432, 2.499932436590031e-02, 8.000000000000000e-04, 1.595582037083402e+00, 1.205729499055692e-02, 1.606993802452993e-12, 4.286327924086886e+01, -4.614324349698592e+00, -1.133198532809285e+05, 3.710838572425832e-04
433, 2.516961465282412e-02, 8.000000000000000e-04, 1.595555673351436e+00, 1.205709576840098e-02, 1.606992238506304e-12, 4.464964603839389e+01, -4.249933106771656e+00, -1.133975650525525e+05, 3.710775382291956e-04
434, 2.534102895752899e-02, 8.000000000000000e-04, 1.595277318274854e+00, 1.205499232953513e-02, 1.606706133027515e-12, 4.632707299134825e+01, -3.951166625270898e+00, -1.134322921900350e+05, 3.710126353724794e-04
435, 2.551357472687482e-02, 8.000000000000000e-04, 1.594968551766649e+00, 1.205265908136233e-02, 1.606376088179581e-12, 4.779412391398863e+01, -3.785722390279092e+00, -1.134562588539570e+05, 3.709406800695525e-04
436, 2.566482790028821e-02, 8.000000000000000e-04, 1.594574258812401e+00, 1.204967953762745e-02, 1.605988347219399e-12, 4.912638420823449e+01, -3.614366723242294e+00, -1.134555251590877e+05, 3.708488431635766e-04
437, 2.578625063627022e-02, 8.000000000000000e-04, 1.594358929295701e+00, 1.204805236243828e-02, 1.605785110205437e-12, 5.028427131746515e+01, -3.528949814159091e+00, -1.134596712645276e+05, 3.707986422601635e-04
438, 2.590624947605232e-02, 8.000000000000000e-04, 1.594254693756980e+00, 1.204726468834214e-02, 1.605687418708166e-12, 5.139255877405866e+01, -3.441090494665578e+00, -1.134760020589000e+05, 3.707742839169307e-04
439, 2.602624831583438e-02, 8.000000000000000e-04, 1.594133161115439e+00, 1.204634630566047e-02, 1.605566196558471e-12, 5.242691823068557e+01, -3.359993214586795e+00, -1.134827990288006e+05, 3.707459078544957e-04
440, 2.614624715561620e-02, 8.000000000000000e-04, 1.594039587170517e+00, 1.204563919776431e-02, 1.605477254623359e-12, 5.347800891261703e+01, -3.337446245821151e+00, -1.134828747441732e+05, 3.707240320655079e-04
441, 2.626624599539806e-02, 8.000000000000000e-04, 1.594077717895483e+00, 1.204592733926278e-02, 1.605531508721432e-12, 5.448180551990777e+01, -3.331471929436445e+00, -1.135029428417195e+05, 3.707327788023378e-04
442, 2.639595848740916e-02, 8.000000000000000e-04, 1.594146758477826e+00, 1.204644905650970e-02, 1.605600707567713e-12, 5.556807850426223e+01, -3.222577682655742e+00, -1.135349750217318e+05, 3.707487071549142e-04
443, 2.656482919977581e-02, 8.000000000000000e-04, 1.593971375798588e+00, 1.204512374659106e-02, 1.605395644912544e-12, 5.665874043004139e+01, -3.098222455952843e+00, -1.135318104147403e+05, 3.707077915391502e-04
444, 2.674545270651971e-02, 8.000000000000000e-04, 1.594126851966192e+00, 1.204629862946971e-02, 1.605539092101405e-12, 5.789092623761761e+01, -3.076631178570134e+00, -1.136032266741734e+05, 3.707438005865739e-04
445, 2.692726851166810e-02, 8.000000000000000e-04, 1.593870125893708e+00, 1.204435863395977e-02, 1.605276230274261e-12, 5.914996201065303e+01, -2.998545990370107e+00, -1.136221827278824e+05, 3.706839526895950e-04
446, 2.711028436646269e-02, 8.000000000000000e-04, 1.593434545395825e+00, 1.204106709367353e-02, 1.604820524158038e-12, 6.055747042409892e+01, -2.964638212244906e+00, -1.136156520317069e+05, 3.705825151010068e-04
447, 2.729450821614161e-02, 8.000000000000000e-04, 1.593236963240672e+00, 1.203957402952879e-02, 1.604633539619459e-12, 6.177366748278325e+01, -2.819140955844578e+00, -1.136537429215705e+05, 3.705364083019542e-04
448, 2.747991817720544e-02, 8.000000000000000e-04, 1.592919762156202e+00, 1.203717704400381e-02, 1.604338810313378e-12, 6.286993531316108e+01, -2.758559741791645e+00, -1.136871062525913e+05, 3.704624879664905e-04
449, 2.763970378874501e-02, 8.000000000000000e-04, 1.592191279826489e+00, 1.203167213974903e-02, 1.603614864586725e-12, 6.392722484318028e+01, -2.692181337453356e+00, -1.136540560100114e+05, 3.702929648832189e-04
450, 2.776373459203060e-02, 8.000000000000000e-04, 1.591483206678876e+00, 1.202632146105171e-02, 1.602889379286325e-12, 6.478683272411448e+01, -2.571765955065687e+00, -1.135902841230476e+05, 3.701282579234129e-04
451, 2.788373343181219e-02, 8.000000000000000e-04, 1.591307595784110e+00, 1.202499442658242e-02, 1.602722198319266e-12, 6.554312214112674e+01, -2.603241921049197e+00, -1.135898718115883e+05, 3.700872999078948e-04
452, 2.800373227159417e-02, 8.000000000000000e-04, 1.591293805970054e+00, 1.202489022143839e-02, 1.602730111854425e-12, 6.624858810874976e+01, -2.707266756695556e+00, -1.136163287278422e+05, 3.700839826233214e-04
453, 2.812373111137618e-02, 8.000000000000000e-04, 1.591086924736074e+00, 1.202332688717656e-02, 1.602535069193935e-12, 6.704648450488114e+01, -2.820142783184507e+00, -1.136161034142101e+05, 3.700357664738060e-04
454, 2.824372995115800e-02, 8.000000000000000e-04, 1.590726642224138e+00, 1.202060434930301e-02, 1.602165243881464e-12, 6.799379272748969e+01, -2.979652563854329e+00, -1.135805156132874e+05, 3.699518874125483e-04
455, 2.836893372706623e-02, 8.000000000000000e-04, 1.590460666455506e+00, 1.201859445684486e-02, 1.601886458656701e-12, 6.912813804506980e+01, -3.116417713578324e+00, -1.135495197817851e+05, 3.698899362798286e-04
456, 2.853164706848014e-02, 8.000000000000000e-04, 1.590389029258628e+00, 1.201805311782568e-02, 1.601802691307398e-12, 7.053663945339738e+01, -3.198397356751714e+00, -1.135580569164067e+05, 3.698731633863727e-04
457, 2.872498574660060e-02, 8.000000000000000e-04, 1.590210005305509e+00, 1.201670029198347e-02, 1.601618477415646e-12, 7.207931838227572e+01, -3.190426443843949e+00, -1.135932417191968e+05, 3.698314039699149e-04
458, 2.891986754119098e-02, 8.000000000000000e-04, 1.589593996521369e+00, 1.201204531376580e-02, 1.600989216576236e-12, 7.358845850616704e+01, -2.989173941389563e+00, -1.135727217739052e+05, 3.696880340276090e-04
459, 2.911603563007105e-02, 8.000000000000000e-04, 1.589085343210143e+00, 1.200820158597316e-02, 1.600473574700343e-12, 7.488137266105979e+01, -2.809930521646447e+00, -1.135966554179355e+05, 3.695696389109736e-04
460, 2.931349864084815e-02, 8.000000000000000e-04, 1.588129190681246e+00, 1.200097625200163e-02, 1.599513604619159e-12, 7.601539893176981e+01, -2.389119385235224e+00, -1.135443663211960e+05, 3.693471882527629e-04
461, 2.950736601451716e-02, 8.000000000000000e-04, 1.587184228120196e+00, 1.199383547698110e-02, 1.598558592721795e-12, 7.708862516350362e+01, -2.176942864685892e+00, -1.134806422126052e+05, 3.691273486385748e-04
462, 2.966020324625568e-02, 8.000000000000000e-04, 1.586290824214745e+00, 1.198708431396762e-02, 1.597667572013579e-12, 7.792053441537739e+01, -1.916131856588998e+00, -1.134183123981036e+05, 3.689195143514919e-04
463, 2.978201237915656e-02, 8.000000000000000e-04, 1.585697043266102e+00, 1.198259730428015e-02, 1.597069136444457e-12, 7.851137751939426e+01, -1.678029710469103e+00, -1.133847523341885e+05, 3.687813734071634e-04
464, 2.990201121893866e-02, 8.000000000000000e-04, 1.585185598730515e+00, 1.197873248411199e-02, 1.596550454832308e-12, 7.900547342187363e+01, -1.442484333158573e+00, -1.133535712803580e+05, 3.686623837421424e-04
465, 3.002201005872076e-02, 8.000000000000000e-04, 1.584691270081945e+00, 1.197499700314042e-02, 1.596045637151770e-12, 7.944283094419731e+01, -1.198140347160870e+00, -1.133138830423339e+05, 3.685473751357616e-04
466, 3.014200889850285e-02, 8.000000000000000e-04, 1.584332733432639e+00, 1.197228765818346e-02, 1.595680074401644e-12, 7.975103850903176e+01, -9.962298546306637e-01, -1.132823052440424e+05, 3.684639471685151e-04
467, 3.026200773828482e-02, 8.000000000000000e-04, 1.584208275084259e+00, 1.197134716688589e-02, 1.595557243068367e-12, 7.993946506369022e+01, -8.910138862005812e-01, -1.132877352052045e+05, 3.684349550202450e-04
468, 3.039075781494408e-02, 8.000000000000000e-04, 1.584220380280846e+00, 1.197143864192307e-02, 1.595578832917783e-12, 8.004426380389832e+01, -8.462595225976083e-01, -1.133385843433717e+05, 3.684377173713531e-04
469, 3.056086853324141e-02, 8.000000000000000e-04, 1.583944096015427e+00, 1.196935085150429e-02, 1.595300852199628e-12, 8.021748872495783e+01, -6.857650496844409e-01, -1.133621407580468e+05, 3.683734059701056e-04
470, 3.076695331218625e-02, 8.000000000000000e-04, 1.583193999250707e+00, 1.196368261398755e-02, 1.594531845278000e-12, 8.063585527600826e+01, -5.013895903103810e-01, -1.132835012490364e+05, 3.681988910590823e-04
471, 3.097531328809734e-02, 8.000000000000000e-04, 1.582901236338170e+00, 1.196147029978704e-02, 1.594231315038291e-12, 8.085813333163452e+01, -4.644040312329349e-01, -1.132964151381918e+05, 3.681307313185210e-04
472, 3.118504853270487e-02, 8.000000000000000e-04, 1.582615966662991e+00, 1.195931460954637e-02, 1.593955810308084e-12, 8.068334124200987e+01, -2.228143881400132e-01, -1.133422027110627e+05, 3.680643288855304e-04
473, 3.139609094820273e-02, 8.000000000000000e-04, 1.582033844882835e+00, 1.195491570440664e-02, 1.593379310462468e-12, 8.044429402851198e+01, 1.174663692766185e-01, -1.133387239959714e+05, 3.679288862401396e-04
474, 3.157709731548199e-02, 8.000000000000000e-04, 1.581384210728388e+00, 1.195000663019167e-02, 1.592733205302965e-12, 8.018792978690148e+01, 4.598899394305385e-01, -1.133022568077397e+05, 3.677777457446703e-04
475, 3.171246937591875e-02, 8.000000000000000e-04, 1.581041416875949e+00, 1.194741624843521e-02, 1.592387053092299e-12, 7.989275380694187e+01, 6.676467835829956e-01, -1.132821606874219e+05, 3.676979716313653e-04
476, 3.183246821570080e-02, 8.000000000000000e-04, 1.580905159185320e+00, 1.194638659334229e-02, 1.592250755795141e-12, 7.964329394315369e+01, 7.226231787628803e-01, -1.132825724132869e+05, 3.676662311600110e-04
477, 3.195246705548341e-02, 8.000000000000000e-04, 1.580772777094996e+00, 1.194538622490157e-02, 1.592121332106180e-12, 7.940649322290858e+01, 6.574568775262551e-01, -1.132828750920671e+05, 3.676353910778079e-04
478, 3.207246589526551e-02, 8.000000000000000e-04, 1.580626085705510e+00, 1.194427772573669e-02, 1.591974948794635e-12, 7.920392421816375e+01, 5.310767454877688e-01, -1.132724773565755e+05, 3.676012217037790e-04
479, 3.219246473504760e-02, 8.000000000000000e-04, 1.580539006887195e+00, 1.194361969940184e-02, 1.591884107348484e-12, 7.908312021173661e+01, 2.907615005137070e-01, -1.132556407629818e+05, 3.675809138982015e-04
480, 3.231265442882911e-02, 8.000000000000000e-04, 1.580737582617363e+00, 1.194512027167013e-02, 1.592078654573675e-12, 7.905365866677987e+01, -1.846528238759120e-02, -1.132916491465538e+05, 3.676270365837669e-04
481, 3.245629166281825e-02, 8.000000000000000e-04, 1.580933532571824e+00, 1.194660100180460e-02, 1.592272710957881e-12, 7.906061876333308e+01, -1.567502804583162e-01, -1.133944285924580e+05, 3.676725442661947e-04
482, 3.264859242121242e-02, 8.000000000000000e-04, 1.580118260453850e+00, 1.194044025532119e-02, 1.591445674621617e-12, 7.907431569630754e+01, 2.369449626932857e-01, -1.133527928420787e+05, 3.674828739164138e-04
483, 3.286937230665860e-02, 8.000000000000000e-04, 1.579572428616971e+00, 1.193631558149089e-02, 1.590885823977115e-12, 7.903361468466082e+01, 4.508059544570973e-01, -1.133256591672538e+05, 3.673558788361158e-04
484, 3.309160940711765e-02, 8.000000000000000e-04, 1.579073093507590e+00, 1.193254226832176e-02, 1.590383079626879e-12, 7.870518512248854e+01, 8.088964400231528e-01, -1.133021932056912e+05, 3.672397827948901e-04
485, 3.331531345761572e-02, 8.000000000000000e-04, 1.578777458240127e+00, 1.193030824866839e-02, 1.590085552632981e-12, 7.839219450954729e+01, 1.100625514757312e+00, -1.132917176887174e+05, 3.671712230307273e-04
486, 3.351642162997589e-02, 8.000000000000000e-04, 1.578519917608963e+00, 1.192836209780316e-02, 1.589834948918428e-12, 7.797109087821602e+01, 1.328497850846416e+00, -1.132871258683357e+05, 3.671117890547375e-04
487, 3.366696642872240e-02, 8.000000000000000e-04, 1.578462416797981e+00, 1.192792758285871e-02, 1.589777714308948e-12, 7.735336591381063e+01, 1.685317173010596e+00, -1.133097123283178e+05, 3.670992548760994e-04
488, 3.378822537792141e-02, 8.000000000000000e-04, 1.578404419456376e+00, 1.192748931579368e-02, 1.589716544659747e-12, 7.673782968199033e+01, 2.008274286443330e+00, -1.133244093008270e+05, 3.670867042953742e-04
489, 3.390822421770311e-02, 8.000000000000000e-04, 1.578408977595955e+00, 1.192752376017338e-02, 1.589719095747838e-12, 7.603836941520017e+01, 2.313696318468470e+00, -1.133449960592701e+05, 3.670880776343590e-04
490, 3.402822305748521e-02, 8.000000000000000e-04, 1.578522739024629e+00, 1.192838341832458e-02, 1.589831571091984e-12, 7.522209788965696e+01, 2.605368177878173e+00, -1.133898228978251e+05, 3.671156470971568e-04
491, 3.414822189726730e-02, 8.000000000000000e-04, 1.578535892893709e+00, 1.192848281783905e-02, 1.589842672558787e-12, 7.415890690167321e+01, 3.000771342648476e+00, -1.134246796374658e+05, 3.671203160947372e-04
492, 3.426822073704931e-02, 8.000000000000000e-04, 1.578229062535132e+00, 1.192616420051984e-02, 1.589525709267628e-12, 7.270076656923766e+01, 3.429350020717449e+00, -1.133390463175624e+05, 3.670507516906771e-04
493, 3.439840002371912e-02, 8.000000000000000e-04, 1.579375245006986e+00, 1.193482552902251e-02, 1.590679474021288e-12, 7.116327315657698e+01, 4.086102212349068e+00, -1.134123692801922e+05, 3.673215314133180e-04
494, 3.457110107393593e-02, 8.000000000000000e-04, 1.586301560669414e+00, 1.198716544586725e-02, 1.597472950472516e-12, 6.716599950449647e+01, 5.021096613424347e+00, -1.155121269739764e+05, 3.689393735917220e-04
495, 3.479512666051460e-02, 8.000000000000000e-04, 1.576592874259373e+00, 1.191380005737926e-02, 1.586806573862286e-12, 4.735008797496037e+01, 5.586500492405412e+00, -1.176462208202741e+05, 3.666850108869997e-04
496, 3.503007479443936e-02, 8.000000000000000e-04, 1.376753387098319e+00, 1.040367798815254e-02, 1.384967056043976e-12, 9.921469737914958e+00, 5.274930216904895e+00, -6.976717430288739e+04, 3.203059780492159e-04
497, 3.526657378649371e-02, 8.000000000000000e-04, 1.149461612584029e+00, 8.686107903661536e-03, 1.156045954080401e-12, 1.339623630091245e+01, 3.811639158153978e+00, -2.333218093932810e+04, 2.978292467838558e-04
498, 3.547991205570733e-02, 8.000000000000000e-04, 9.639431988009404e-01, 7.284205532501480e-03, 9.716087872316571e-13, 2.692424568444562e+01, 2.300168081067332e+00, 8.724011380101301e+03, 4.661507167379214e-04
499, 3.563969922089805e-02, 8.000000000000000e-04, 8.517871170906661e-01, 6.436678466679826e-03, 8.592422638043575e-13, 3.561995740610612e+01, 1.747573835943560e+00, 2.666633584128897e+04, 9.845599068597729e-04
500, 3.576373060333202e-02, 8.000000000000000e-04, 7.804696847646363e-01, 5.897755804267241e-03, 7.867448873664767e-13, 4.003738033451923e+01, 1.476687008691115e+00, 3.796171583907279e+04, 1.960103587855546e-03
501, 3.588372944311356e-02, 8.000000000000000e-04, 7.251259230502674e-01, 5.479540980229573e-03, 7.306242973061379e-13, 4.189751871883552e+01, 1.214673992098824e+00, 4.749787073001085e+04, 3.846927115966750e-03
502, 3.600372828289534e-02, 8.000000000000000e-04, 6.791600321069585e-01, 5.132191678391056e-03, 6.841725640034315e-13, 4.281447052405001e+01, 1.013354374558428e+00, 5.566382092408515e+04, 7.375486233206470e-03
503, 3.612372712267745e-02, 8.000000000000000e-04, 6.386038250393804e-01, 4.825721599794754e-03, 6.432386079094314e-13, 4.332727828851824e+01, 8.576519268128594e-01, 6.285328954779779e+04, 1.376152014856061e-02
504, 3.624372596245954e-02, 8.000000000000000e-04, 6.018575276792231e-01, 4.548041770876783e-03, 6.060888322823623e-13, 4.354207606686030e+01, 8.459688516909559e-01, 6.932484263920147e+04, 2.494786407713627e-02
505, 3.636892907460768e-02, 8.000000000000000e-04, 5.655012569941091e-01, 4.273309246808243e-03, 5.691750539380065e-13, 4.333554707606405e+01, 8.837182437928329e-01, 7.562488261938027e+04, 4.482672092825693e-02
506, 3.653164083318280e-02, 8.000000000000000e-04, 5.254647421674965e-01, 3.970766313609469e-03, 5.289362378066203e-13, 4.276735617037733e+01, 7.559129967091832e-01, 8.299076102408148e+04, 8.759350399062150e-02
507, 3.674938247500471e-02, 8.000000000000000e-04, 4.831075667785314e-01, 3.650686902609508e-03, 4.863878405706657e-13, 4.236383559871473e+01, 7.362206972277053e-01, 9.096593155512874e+04, 1.832835382686005e-01
508, 3.699722984020368e-02, 8.000000000000000e-04, 4.438791836856428e-01, 3.354250758330773e-03, 4.468101519934306e-13, 4.276222501251853e+01, 8.743144447983378e-01, 9.801142029331574e+04, 3.652171918215620e-01
509, 3.724671319140629e-02, 8.000000000000000e-04, 4.121573189906168e-01, 3.114538934438819e-03, 4.148955009256999e-13, 4.365897285129985e+01, 9.796585247964621e-01, 1.033444596354873e+05, 6.475698971771000e-01
510, 3.746551417492720e-02, 8.000000000000000e-04, 3.886121489914523e-01, 2.936615735452340e-03, 3.914660311076373e-13, 4.450444253409481e+01, 9.825753560675242e-01, 1.070633745962924e+05, 1.006950836127450e+00
511, 3.762894613367809e-02, 8.000000000000000e-04, 3.717655810668784e-01, 2.809311695719704e-03, 3.747386630776524e-13, 4.529857741460416e+01, 9.154059530732597e-01, 1.094190790562704e+05, 1.386898670868312e+00
512, 3.775445836450939e-02, 8.000000000000000e-04, 3.593633312653603e-01, 2.715591923919900e-03, 3.621650462452089e-13, 4.553930589779959e+01, 8.620469991143643e-01, 1.112568003795888e+05, 1.774697350954912e+00
513, 3.787445720429094e-02, 8.000000000000000e-04, 3.484391365035377e-01, 2.633041333780255e-03, 3.510930256348683e-13, 4.557820852053887e+01, 8.066988872215274e-01, 1.129972080897974e+05, 2.238543904614636e+00
514, 3.799445604407300e-02, 8.000000000000000e-04, 3.382503126197367e-01, 2.556047702416540e-03, 3.407990468045215e-13, 4.551610497267734e+01, 7.505497709432729e-01, 1.146583169654069e+05, 2.812193764190090e+00
515, 3.811445488385509e-02, 8.000000000000000e-04, 3.285827346907675e-01, 2.482992957361375e-03, 3.310292423461521e-13, 4.539819333700095e+01, 6.992095251352678e-01, 1.162392496539109e+05, 3.520685347209198e+00
516, 3.823445372363736e-02, 8.000000000000000e-04, 3.190604881784678e-01, 2.411036434598504e-03, 3.213509867388771e-13, 4.521916217170841e+01, 6.520493502149479e-01, 1.177657908962319e+05, 4.396826092778072e+00
517, 3.835822338480616e-02, 8.000000000000000e-04, 3.092686119107608e-01, 2.337042407386787e-03, 3.113549864320334e-13, 4.490170776887880e+01, 6.654915992013473e-01, 1.193181234740769e+05, 5.501030988884264e+00
518, 3.851730640415020e-02, 8.000000000000000e-04, 2.975946756974862e-01, 2.248826264717105e-03, 2.996641022949113e-13, 4.441520476873559e+01, 6.953510137962384e-01, 1.212852686909078e+05, 7.203173473234395e+00
519, 3.873031131593163e-02, 8.000000000000000e-04, 2.843262995462812e-01, 2.148561457528999e-03, 2.863970449784649e-13, 4.383678316862974e+01, 8.015590072047187e-01, 1.236398314449162e+05, 9.877379817401726e+00
520, 3.898976148816020e-02, 8.000000000000000e-04, 2.710526991499245e-01, 2.048257172417959e-03, 2.730349814221998e-13, 4.342057056809117e+01, 9.117348362522022e-01, 1.258625040192575e+05, 1.367589946623625e+01
521, 3.925136284161346e-02, 8.000000000000000e-04, 2.593686478507862e-01, 1.959964593331225e-03, 2.612892744643906e-13, 4.323834896943227e+01, 9.555243503583831e-01, 1.276049892406287e+05, 1.823879536549670e+01
522, 3.946900692350715e-02, 8.000000000000000e-04, 2.503589700400737e-01, 1.891881385693472e-03, 2.523016027079905e-13, 4.319259874924083e+01, 9.313848779750692e-01, 1.288115271805176e+05, 2.283756515242772e+01
523, 3.963155470427294e-02, 8.000000000000000e-04, 2.437004313883842e-01, 1.841564972708328e-03, 2.456436853539155e-13, 4.314149488415681e+01, 9.319898056744649e-01, 1.296360994866167e+05, 2.700145752304714e+01
524, 3.975668855507335e-02, 8.000000000000000e-04, 2.384814513868438e-01, 1.802126836676591e-03, 2.403357083780248e-13, 4.298468422735612e+01, 9.481830369882989e-01, 1.302916015451605e+05, 3.078247090880408e+01
525, 3.987668739485515e-02, 8.000000000000000e-04, 2.337317394315656e-01, 1.766234806787876e-03, 2.355140417179943e-13, 4.275236233849565e+01, 9.268368025462742e-01, 1.309658951934532e+05, 3.486715153507253e+01
526, 3.999668623463686e-02, 8.000000000000000e-04, 2.292597846653192e-01, 1.732441697723069e-03, 2.309797279406633e-13, 4.250421567790411e+01, 9.035632610087181e-01, 1.316347061413597e+05, 3.941394885297785e+01
527, 4.011668507441896e-02, 8.000000000000000e-04, 2.249251812196301e-01, 1.699686507957175e-03, 2.265912867167307e-13, 4.225197715182895e+01, 8.829274067665562e-01, 1.322884400623788e+05, 4.451108175939608e+01
528, 4.023668391420106e-02, 8.000000000000000e-04, 2.205858295823540e-01, 1.666895437650336e-03, 2.221873062597074e-13, 4.198089560610919e+01, 8.690616384155273e-01, 1.329364546749941e+05, 5.025160345281632e+01
529, 4.036077634096698e-02, 8.000000000000000e-04, 2.159616514724833e-01, 1.631952026240832e-03, 2.174525164132868e-13, 4.162657212439251e+01, 8.776365535611736e-01, 1.335826174528809e+05, 5.689105962866169e+01
530, 4.052072469074300e-02, 8.000000000000000e-04, 2.103805977507204e-01, 1.589777816756537e-03, 2.117839069032095e-13, 4.112346584343273e+01, 8.926536247304712e-01, 1.344290370738932e+05, 6.626388001069267e+01
531, 4.073488826019651e-02, 8.000000000000000e-04, 2.035746778204987e-01, 1.538347691339245e-03, 2.049245348378655e-13, 4.048278536165666e+01, 8.995862794306172e-01, 1.355199524920511e+05, 7.993114880718028e+01
532, 4.100426966717018e-02, 8.000000000000000e-04, 1.966817884323804e-01, 1.486260365988170e-03, 1.980217464691678e-13, 3.987401192456016e+01, 9.108537862802434e-01, 1.366651268025897e+05, 9.789557723887414e+01
533, 4.127335275788860e-02, 8.000000000000000e-04, 1.906436912784704e-01, 1.440632427797290e-03, 1.920348704515339e-13, 3.947027171373920e+01, 9.151796334496795e-01, 1.375168401931601e+05, 1.174137286688303e+02
534, 4.148543011271552e-02, 8.000000000000000e-04, 1.860274854443418e-01, 1.405749260284880e-03, 1.874605576282262e-13, 3.919611466190165e+01, 9.536413252557282e-01, 1.380602996323010e+05, 1.349170097793069e+02
535, 4.164382038062544e-02, 8.000000000000000e-04, 1.825059707102721e-01, 1.379138317709984e-03, 1.839507520846168e-13, 3.898341852231741e+01, 9.856409372613182e-01, 1.384195731057847e+05, 1.498091529694516e+02
536, 4.176734041611336e-02, 8.000000000000000e-04, 1.797174894027520e-01, 1.358066670549921e-03, 1.811077139451689e-13, 3.876003255093809e+01, 9.768012963421225e-01, 1.387231353356697e+05, 1.627320413368816e+02
537, 4.188733925589577e-02, 8.000000000000000e-04, 1.771292939774048e-01, 1.338508518721134e-03, 1.784705491657480e-13, 3.849962690966814e+01, 9.828165771083878e-01, 1.390562812949911e+05, 1.762683206190167e+02
538, 4.200733809567949e-02, 8.000000000000000e-04, 1.746232650621238e-01, 1.319571272509970e-03, 1.759207451446206e-13, 3.821299385752253e+01, 9.865101228798342e-01, 1.394004571635305e+05, 1.907911357866600e+02
539, 4.212733693546323e-02, 8.000000000000000e-04, 1.721736446309979e-01, 1.301060286884357e-03, 1.734320464600414e-13, 3.791781483550564e+01, 9.783549092427036e-01, 1.397521189354233e+05, 2.063559917139186e+02
540, 4.224733577524649e-02, 8.000000000000000e-04, 1.697160366513767e-01, 1.282488941950219e-03, 1.709329821637970e-13, 3.761772285561733e+01, 9.625016799637458e-01, 1.400963738428823e+05, 2.230387086770295e+02
541, 4.237316269302732e-02, 8.000000000000000e-04, 1.670681991789244e-01, 1.262480094551379e-03, 1.682322468472472e-13, 3.726324684787479e+01, 9.491454556318887e-01, 1.404341386534412e+05, 2.417245484580844e+02
542, 4.253730944722265e-02, 8.000000000000000e-04, 1.638162348511542e-01, 1.237906056810040e-03, 1.649551237233338e-13, 3.677694873142736e+01, 9.327527823180771e-01, 1.409094293012218e+05, 2.672880106851746e+02
543, 4.275709448268179e-02, 8.000000000000000e-04, 1.598830943514667e-01, 1.208184592076865e-03, 1.610041753837861e-13, 3.617562479847741e+01, 9.273932399319832e-01, 1.415107727785402e+05, 3.024520991687951e+02
544, 4.303727923236490e-02, 8.000000000000000e-04, 1.557156690869673e-01, 1.176692713503786e-03, 1.568295024727052e-13, 3.556548399371713e+01, 9.561236601557735e-01, 1.421530969662041e+05, 3.478413940838519e+02
545, 4.330632151003248e-02, 8.000000000000000e-04, 1.521579429219243e-01, 1.149808132911470e-03, 1.532831452771128e-13, 3.509418257689178e+01, 9.760760009040721e-01, 1.426701783705530e+05, 3.939951232564664e+02
546, 4.351005287603191e-02, 8.000000000000000e-04, 1.494307685128171e-01, 1.129199762061745e-03, 1.505697644342902e-13, 3.474323965753931e+01, 9.840677681195751e-01, 1.429674287742156e+05, 4.326065535253520e+02
547, 4.366220991834381e-02, 8.000000000000000e-04, 1.473652836249391e-01, 1.113591563916559e-03, 1.484931005418667e-13, 3.445505930879534e+01, 9.750252223772434e-01, 1.431978762962760e+05, 4.642535590204114e+02
548, 4.378384604196161e-02, 8.000000000000000e-04, 1.456755604532036e-01, 1.100822874961400e-03, 1.467732122061351e-13, 3.420539486379823e+01, 9.524186462008540e-01, 1.433796840919281e+05, 4.913674621525151e+02
549, 4.390384488174404e-02, 8.000000000000000e-04, 1.440849008807905e-01, 1.088802777436879e-03, 1.451593634199920e-13, 3.395024147497695e+01, 9.342535815031549e-01, 1.435991638372476e+05, 5.195532073267848e+02
550, 4.402384372152664e-02, 8.000000000000000e-04, 1.425251893799913e-01, 1.077016544433368e-03, 1.435781800426963e-13, 3.368683352048269e+01, 9.248332934990570e-01, 1.438257925620719e+05, 5.491232626239785e+02
551, 4.414384256130996e-02, 8.000000000000000e-04, 1.409677713874604e-01, 1.065247642726601e-03, 1.419957029896057e-13, 3.340932873082603e+01, 9.195959171112177e-01, 1.440464830297395e+05, 5.800452437395043e+02
552, 4.426384140109370e-02, 8.000000000000000e-04, 1.393956394717958e-01, 1.053367552683818e-03, 1.403927201242127e-13, 3.312393076557267e+01, 9.115288965456131e-01, 1.442646118126650e+05, 6.123298478035040e+02
553, 4.439300129435270e-02, 8.000000000000000e-04, 1.376545568379579e-01, 1.040210756962158e-03, 1.386101627867818e-13, 3.277350250746544e+01, 9.125004753497445e-01, 1.444698052805429e+05, 6.482749561243699e+02
554, 4.456387243041970e-02, 8.000000000000000e-04, 1.355177548988884e-01, 1.024063639034711e-03, 1.364334452871231e-13, 3.232145729642690e+01, 9.204023029775160e-01, 1.447579416063937e+05, 6.963457419459145e+02
555, 4.479266111091665e-02, 8.000000000000000e-04, 1.329781482906566e-01, 1.004872657108532e-03, 1.338700822821373e-13, 3.178871594141257e+01, 9.047292721271577e-01, 1.451503922035300e+05, 7.605637792773783e+02
556, 4.508521844709902e-02, 8.000000000000000e-04, 1.302588157138965e-01, 9.843235444376899e-04, 1.312135235039073e-13, 3.122125328398622e+01, 9.010042376510343e-01, 1.456142229123134e+05, 8.426340659867546e+02
557, 4.534492177077429e-02, 8.000000000000000e-04, 1.279939562690169e-01, 9.672087375493700e-04, 1.289702221053117e-13, 3.074276505249747e+01, 9.384093190575118e-01, 1.459408998677999e+05, 9.189950208129102e+02
558, 4.553888153485808e-02, 8.000000000000000e-04, 1.262748954239619e-01, 9.542183533298033e-04, 1.272368125728265e-13, 3.036808210571872e+01, 9.819003680155576e-01, 1.461466748150496e+05, 9.803846154582201e+02
559, 4.568374066264717e-02, 8.000000000000000e-04, 1.249524007199894e-01, 9.442246905793842e-04, 1.258979457888623e-13, 3.005579137969975e+01, 9.978334654685171e-01, 1.462973417139869e+05, 1.029410968111906e+03
560, 4.580405279661814e-02, 8.000000000000000e-04, 1.238425965705372e-01, 9.358382612384539e-04, 1.247633739138292e-13, 2.976066783592421e+01, 1.005255488947183e+00, 1.464304264190151e+05, 1.072131149861733e+03
561, 4.592405163640078e-02, 8.000000000000000e-04, 1.227715335173193e-01, 9.277445857733468e-04, 1.236697274937920e-13, 2.945453964067288e+01, 1.009790784543743e+00, 1.465855212950410e+05, 1.116149930947929e+03
562, 4.604405047618343e-02, 8.000000000000000e-04, 1.217153838040879e-01, 9.197636055726243e-04, 1.225891568414989e-13, 2.914867438569454e+01, 1.007284149998484e+00, 1.467492889828475e+05, 1.161517419629595e+03
563, 4.616404931596573e-02, 8.000000000000000e-04, 1.206661388812175e-01, 9.118348026290402e-04, 1.215140666927458e-13, 2.884152011845742e+01, 9.916441272958303e-01, 1.469213687526246e+05, 1.208208318220806e+03
564, 4.628404815574833e-02, 8.000000000000000e-04, 1.195889260000451e-01, 9.036946549124010e-04, 1.204060759747121e-13, 2.852225412376625e+01, 9.605466739144717e-01, 1.470766840929254e+05, 1.256021265523446e+03
565, 4.641839824376347e-02, 8.000000000000000e-04, 1.183609701629195e-01, 8.944153916596035e-04, 1.191388779394499e-13, 2.816538152403358e+01, 9.350651021247870e-01, 1.472238819716953e+05, 1.309985969397150e+03
566, 4.659787779146875e-02, 8.000000000000000e-04, 1.168593061891944e-01, 8.830678049564271e-04, 1.175993286054956e-13, 2.772997590424964e+01, 9.067523358817221e-01, 1.474624332285447e+05, 1.381804113866385e+03
567, 4.683819276081711e-02, 8.000000000000000e-04, 1.150083382451696e-01, 8.690806416514197e-04, 1.157615712744458e-13, 2.717935605893448e+01, 8.869835689136120e-01, 1.477556726547874e+05, 1.476666598634067e+03
568, 4.713889768596269e-02, 8.000000000000000e-04, 1.131359338439862e-01, 8.549314900051381e-04, 1.139243689266175e-13, 2.662884974600762e+01, 8.963280963066532e-01, 1.481272538589865e+05, 1.591544542212546e+03
569, 4.738501217982578e-02, 8.000000000000000e-04, 1.116443936679067e-01, 8.436604055511031e-04, 1.124495417835862e-13, 2.618647324667251e+01, 9.154303297656635e-01, 1.483976877394019e+05, 1.688903685449455e+03
570, 4.756882310857284e-02, 8.000000000000000e-04, 1.105225758940171e-01, 8.351831931539231e-04, 1.113405505618384e-13, 2.582770195003593e+01, 9.250073890909013e-01, 1.485835075331508e+05, 1.765111126886919e+03
571, 4.770614832330797e-02, 8.000000000000000e-04, 1.096534170593214e-01, 8.286152422620203e-04, 1.104601999797926e-13, 2.553586111346480e+01, 9.177342012470699e-01, 1.487044991923991e+05, 1.824090249487789e+03
572, 4.782614716309084e-02, 8.000000000000000e-04, 1.088858283746184e-01, 8.228148239897160e-04, 1.096785337477593e-13, 2.527978910686170e+01, 9.029130177896837e-01, 1.488035432857844e+05, 1.876580577251869e+03
573, 4.794614600287349e-02, 8.000000000000000e-04, 1.081469898763358e-01, 8.172316615341876e-04, 1.089282277838121e-13, 2.503302591126107e+01, 8.908130630919887e-01, 1.489260219329355e+05, 1.929959921731779e+03
574, 4.806614484265613e-02, 8.000000000000000e-04, 1.074228846499654e-01, 8.117598336271112e-04, 1.081947239659384e-13, 2.478785191766554e+01, 8.741091224434915e-01, 1.490631107069104e+05, 1.984233390795742e+03
575, 4.818614368243850e-02, 8.000000000000000e-04, 1.067018206722093e-01, 8.063109874475999e-04, 1.074639044098063e-13, 2.453904018166561e+01, 8.509765161704415e-01, 1.492012463306872e+05, 2.039121772022436e+03
576, 4.830618864160183e-02, 8.000000000000000e-04, 1.059623646029079e-01, 8.007231582085581e-04, 1.067103150355432e-13, 2.427652461668564e+01, 8.244147923365289e-01, 1.493177499750002e+05, 2.094220247747472e+03
577, 4.844763426087609e-02, 8.000000000000000e-04, 1.050933949855245e-01, 7.941566371704054e-04, 1.058277855485974e-13, 2.395571512627087e+01, 7.883132411544423e-01, 1.494357500235345e+05, 2.158717778892218e+03
578, 4.863702349222902e-02, 8.000000000000000e-04, 1.040206848206453e-01, 7.860505150176749e-04, 1.047402908825031e-13, 2.356141148567346e+01, 7.460145687555100e-01, 1.496104255182822e+05, 2.243270052832681e+03
579, 4.889060708760726e-02, 8.000000000000000e-04, 1.027573331236519e-01, 7.765037767532530e-04, 1.034604789745586e-13, 2.312010780608705e+01, 7.647780102170791e-01, 1.498260072004218e+05, 2.351845556697556e+03
580, 4.919065382601136e-02, 8.000000000000000e-04, 1.014570119907140e-01, 7.666776724740356e-04, 1.022267347390413e-13, 2.266492087229741e+01, 8.240188289673139e-01, 1.500634854776588e+05, 2.477435286302181e+03
581, 4.942366631264138e-02, 8.000000000000000e-04, 1.004470948258384e-01, 7.590460566184985e-04, 1.012513077356447e-13, 2.227879121531646e+01, 8.609393673872865e-01, 1.502435248433012e+05, 2.578113725218820e+03
582, 4.959769200295627e-02, 8.000000000000000e-04, 9.969545978703095e-02, 7.533661948642837e-04, 1.004942203103613e-13, 2.196652375069129e+01, 8.634335564313629e-01, 1.504058873925036e+05, 2.655874655751726e+03
583, 4.972863805200168e-02, 8.000000000000000e-04, 9.910760517439499e-02, 7.489239685723368e-04, 9.989238135719898e-14, 2.171681059885792e+01, 8.568838666557403e-01, 1.505192155689521e+05, 2.715389020953149e+03
584, 4.984863689178390e-02, 8.000000000000000e-04, 9.857372915195164e-02, 7.448896409468332e-04, 9.934493274666114e-14, 2.148377308154377e+01, 8.433564606294465e-01, 1.506287643128460e+05, 2.770385046407800e+03
585, 4.996863573156655e-02, 8.000000000000000e-04, 9.805162414859220e-02, 7.409442630877048e-04, 9.881090798079786e-14, 2.125211161283557e+01, 8.272696342788253e-01, 1.507424693655181e+05, 2.825519419320342e+03
586, 5.008863457134919e-02, 8.000000000000000e-04, 9.753570233131427e-02, 7.370456095566483e-04, 9.828334245227669e-14, 2.102643482935780e+01, 8.019788943487467e-01, 1.508576755560022e+05, 2.880703905801236e+03
587, 5.020863341113181e-02, 8.000000000000000e-04, 9.702021308426863e-02, 7.331502248182799e-04, 9.775576277282543e-14, 2.080112794434849e+01, 7.780143738307727e-01, 1.509678595717197e+05, 2.935727676656424e+03
588, 5.032965289040573e-02, 8.000000000000000e-04, 9.648704058069653e-02, 7.291212134562895e-04, 9.720797336076748e-14, 2.056492189539596e+01, 7.496595051959236e-01, 1.510587665482140e+05, 2.990675715867133e+03
589, 5.047905179572732e-02, 8.000000000000000e-04, 9.584355860892725e-02, 7.242586292867595e-04, 9.655265467398969e-14, 2.027964213336390e+01, 7.223338481717458e-01, 1.511605115923507e+05, 3.057191365291186e+03
590, 5.067909014156474e-02, 8.000000000000000e-04, 9.503559476483427e-02, 7.181531090543239e-04, 9.573690835454594e-14, 1.993311511325268e+01, 6.931210833760459e-01, 1.512951099506796e+05, 3.143572235851841e+03
591, 5.094693239281976e-02, 8.000000000000000e-04, 9.410609039511415e-02, 7.111291465627134e-04, 9.482089391447127e-14, 1.950349224811115e+01, 7.060795000542844e-01, 1.514731580173937e+05, 3.253688949268389e+03
592, 5.123965470619835e-02, 8.000000000000000e-04, 9.321787220066000e-02, 7.044171702821423e-04, 9.397566239244672e-14, 1.906700066836444e+01, 7.581100556974421e-01, 1.516724957129908e+05, 3.370743756065550e+03
593, 5.146026268462323e-02, 8.000000000000000e-04, 9.253620778758809e-02, 6.992660538105411e-04, 9.330764059069579e-14, 1.870413674494511e+01, 7.802014854547787e-01, 1.518207988958350e+05, 3.460349685191472e+03
594, 5.162502404544570e-02, 8.000000000000000e-04, 9.202851058869820e-02, 6.954295510481505e-04, 9.279467790118235e-14, 1.840527476756383e+01, 7.899942845612556e-01, 1.519394602200341e+05, 3.527960531043807e+03
595, 5.175112778074302e-02, 8.000000000000000e-04, 9.160722643032962e-02, 6.922460435541973e-04, 9.235902224381664e-14, 1.817973733228991e+01, 7.807842441238356e-01, 1.520133114487867e+05, 3.579509351097250e+03
596, 5.187112662052533e-02, 8.000000000000000e-04, 9.123161778128842e-02, 6.894076910425559e-04, 9.197749773307318e-14, 1.795850573911219e+01, 7.802970368703103e-01, 1.520977266500149e+05, 3.628367583402637e+03
597, 5.199112546030779e-02, 8.000000000000000e-04, 9.086597640787457e-02, 6.866446579940897e-04, 9.160848786748303e-14, 1.773812052409366e+01, 7.646747470232332e-01, 1.521901685351720e+05, 3.677040577440939e+03
598, 5.211112430009044e-02, 8.000000000000000e-04, 9.051043194519127e-02, 6.839579240191527e-04, 9.125105197495641e-14, 1.751361035973177e+01, 7.489913829273162e-01, 1.522806844420563e+05, 3.725217551179078e+03
599, 5.223112313987308e-02, 8.000000000000000e-04, 9.015614555496300e-02, 6.812806968889662e-04, 9.089325617489607e-14, 1.729943043612019e+01, 7.246953611017048e-01, 1.523644077786452e+05, 3.772658727049495e+03
600, 5.235443647853917e-02, 8.000000000000000e-04, 8.978157068318943e-02, 6.784501562962230e-04, 9.051344898403726e-14, 1.706425947865814e+01, 6.918060863842929e-01, 1.524222716382288e+05, 3.820221332424156e+03
601, 5.251223589373566e-02, 8.000000000000000e-04, 8.932501074284674e-02, 6.750000811802767e-04, 9.005989603861439e-14, 1.678458880044658e+01, 6.726822885518552e-01, 1.524898768578235e+05, 3.879306359528216e+03
602, 5.272352214107469e-02, 8.000000000000000e-04, 8.873304508521847e-02, 6.705267890571376e-04, 8.946841524476728e-14, 1.645853387352321e+01, 6.441137812923303e-01, 1.525806798831159e+05, 3.955694489566933e+03
603, 5.300638781311461e-02, 8.000000000000000e-04, 8.805427740345791e-02, 6.653975622427802e-04, 8.882171705037785e-14, 1.606289322937028e+01, 6.507923273080042e-01, 1.527278149737648e+05, 4.053403966991621e+03
604, 5.328604699899226e-02, 8.000000000000000e-04, 8.746363905784472e-02, 6.609343001852010e-04, 8.826239609953023e-14, 1.567665646064760e+01, 6.993960400018451e-01, 1.528746714705782e+05, 4.146765312290956e+03
605, 5.349491082911598e-02, 8.000000000000000e-04, 8.702200764773603e-02, 6.575970351213939e-04, 8.782546867072253e-14, 1.534816317233786e+01, 7.312535623531883e-01, 1.529828709003345e+05, 4.216302303176271e+03
606, 5.365090106402857e-02, 8.000000000000000e-04, 8.668556110306945e-02, 6.550546179072879e-04, 8.748636618742008e-14, 1.508864781695326e+01, 7.420548350489237e-01, 1.530574996188909e+05, 4.267801087736761e+03
607, 5.377361750950169e-02, 8.000000000000000e-04, 8.641455329506929e-02, 6.530066999627077e-04, 8.720885670822157e-14, 1.487252575790815e+01, 7.388817678187278e-01, 1.531100243411003e+05, 4.307909475157508e+03
608, 5.389361634928434e-02, 8.000000000000000e-04, 8.615874947658138e-02, 6.510736736265302e-04, 8.694825633305480e-14, 1.466637844254183e+01, 7.339651373944335e-01, 1.531698853360328e+05, 4.346857083339694e+03
609, 5.401361518906699e-02, 8.000000000000000e-04, 8.590817278578833e-02, 6.491801469958534e-04, 8.669390874782739e-14, 1.446091589971722e+01, 7.302680616182232e-01, 1.532286566114646e+05, 4.385279403615388e+03
610, 5.413361402884963e-02, 8.000000000000000e-04, 8.565974619360511e-02, 6.473028679617262e-04, 8.644058819913963e-14, 1.425350335061974e+01, 7.246171531026051e-01, 1.532825904027644e+05, 4.423035157118171e+03
611, 5.425361286863208e-02, 8.000000000000000e-04, 8.540542572019742e-02, 6.453810507823290e-04, 8.617942374360312e-14, 1.403425318885298e+01, 7.226271984221986e-01, 1.533171566501438e+05, 4.459680182195043e+03
612, 5.438061361130678e-02, 8.000000000000000e-04, 8.513274322099722e-02, 6.433204777405217e-04, 8.589868267623447e-14, 1.379773668835816e+01, 7.172097136953877e-01, 1.533393245294841e+05, 4.497214723647716e+03
613, 5.454728588632973e-02, 8.000000000000000e-04, 8.478441359034952e-02, 6.406882639069182e-04, 8.554133980221901e-14, 1.351168362942828e+01, 7.033832153288558e-01, 1.533699765147961e+05, 4.544823400702904e+03
614, 5.477045248742646e-02, 8.000000000000000e-04, 8.434396412318784e-02, 6.373599304019447e-04, 8.506875081745688e-14, 1.315640311906889e+01, 6.722635683952113e-01, 1.534062861005551e+05, 4.605217247678828e+03
615, 5.506519815141078e-02, 8.000000000000000e-04, 8.386618411394102e-02, 6.337495021205084e-04, 8.454613106193330e-14, 1.274403034797831e+01, 6.810703272470624e-01, 1.535060787787314e+05, 4.681116851988432e+03
616, 5.532996958064700e-02, 8.000000000000000e-04, 8.348902323373023e-02, 6.308994199022788e-04, 8.416213064636421e-14, 1.234599269560748e+01, 7.204030848428855e-01, 1.536305123194592e+05, 4.747537764508175e+03
617, 5.552771447558404e-02, 8.000000000000000e-04, 8.321866650050153e-02, 6.288564219181870e-04, 8.388230699130345e-14, 1.202009213435693e+01, 7.334637877632736e-01, 1.537394251798027e+05, 4.796436276397197e+03
618, 5.567540052068982e-02, 8.000000000000000e-04, 8.301666573692176e-02, 6.273299677853521e-04, 8.367074237010260e-14, 1.175372948301213e+01, 7.357620360807572e-01, 1.538167149856983e+05, 4.832058645782564e+03
619, 5.579610723822552e-02, 8.000000000000000e-04, 8.284994364162300e-02, 6.260701030853683e-04, 8.349787597372044e-14, 1.153405708676810e+01, 7.293289108151557e-01, 1.538693850131793e+05, 4.860119450274856e+03
620, 5.591610607800761e-02, 8.000000000000000e-04, 8.268712848972998e-02, 6.248397618871896e-04, 8.332955319982424e-14, 1.132750404387111e+01, 7.149100411074448e-01, 1.539150026028649e+05, 4.886973020568546e+03
621, 5.603610491778992e-02, 8.000000000000000e-04, 8.252909974346612e-02, 6.236455900010689e-04, 8.316673819452852e-14, 1.112872328627988e+01, 6.933827967821174e-01, 1.539571197345793e+05, 4.912860188075098e+03
622, 5.615610375757256e-02, 8.000000000000000e-04, 8.237881341776855e-02, 6.225099250713662e-04, 8.301340631352700e-14, 1.093437795902151e+01, 6.687691804441005e-01, 1.539992900970729e+05, 4.937877327914284e+03
623, 5.627610259735520e-02, 8.000000000000000e-04, 8.223605118282051e-02, 6.214311172505995e-04, 8.286959318598356e-14, 1.073780622654960e+01, 6.429504296642233e-01, 1.540353814488196e+05, 4.961872385375915e+03
624, 5.640826265096806e-02, 8.000000000000000e-04, 8.206863805227879e-02, 6.201660306218218e-04, 8.269965780991961e-14, 1.053049485820437e+01, 6.337178232422445e-01, 1.540388516594119e+05, 4.985995079200356e+03
625, 5.658430670597741e-02, 8.000000000000000e-04, 8.184945572052756e-02, 6.185097409612377e-04, 8.247295152518845e-14, 1.028266523774783e+01, 6.302056357935032e-01, 1.540290786249304e+05, 5.015430537303631e+03
626, 5.682002169904970e-02, 8.000000000000000e-04, 8.156470656362230e-02, 6.163579841080935e-04, 8.215328090997011e-14, 9.966534179156227e+00, 6.252863053750380e-01, 1.540099970895386e+05, 5.050779693165940e+03
627, 5.712087768762928e-02, 8.000000000000000e-04, 8.133097662844786e-02, 6.145917629354649e-04, 8.193143248099904e-14, 9.566302361821416e+00, 6.611390493086950e-01, 1.540596519597449e+05, 5.091417791148372e+03
628, 5.737155392562938e-02, 8.000000000000000e-04, 8.117588666190560e-02, 6.134197984527188e-04, 8.180831148307239e-14, 9.200870090703223e+00, 6.877919878476120e-01, 1.541112417829722e+05, 5.120414484722356e+03
629, 5.755877178920075e-02, 8.000000000000000e-04, 8.108845292826740e-02, 6.127590901380635e-04, 8.172193077735472e-14, 8.891623324270833e+00, 7.248959804776944e-01, 1.541562987272444e+05, 5.138954146140304e+03
630, 5.769859572896087e-02, 8.000000000000000e-04, 8.103707666903470e-02, 6.123708564410973e-04, 8.166555308752845e-14, 8.644260612756009e+00, 7.379422846459763e-01, 1.541789541803241e+05, 5.150426408785380e+03
631, 5.781859696694713e-02, 8.000000000000000e-04, 8.100330348629813e-02, 6.121156434733182e-04, 8.162861941294737e-14, 8.423534064566082e+00, 7.368331068861580e-01, 1.541870859322996e+05, 5.158444654697234e+03
632, 5.793859580672889e-02, 8.000000000000000e-04, 8.098173047605788e-02, 6.119526232448075e-04, 8.160266159531196e-14, 8.209407247206691e+00, 7.301437397579418e-01, 1.541875252661844e+05, 5.164746348168518e+03
633, 5.805859464651099e-02, 8.000000000000000e-04, 8.097650437856917e-02, 6.119131313242431e-04, 8.159262587398356e-14, 7.997802702277301e+00, 7.194465075433014e-01, 1.541836032597967e+05, 5.169415814093441e+03
634, 5.817859348629358e-02, 8.000000000000000e-04, 8.098635796679363e-02, 6.119875916886638e-04, 8.159818935857737e-14, 7.788391444276303e+00, 7.071600342098114e-01, 1.541709094252578e+05, 5.172262612255264e+03
635, 5.829859232607622e-02, 8.000000000000000e-04, 8.101193815049174e-02, 6.121808928249248e-04, 8.162028992920561e-14, 7.573593244929519e+00, 6.892935397838315e-01, 1.541477160571119e+05, 5.173216400559849e+03
636, 5.843746637487607e-02, 8.000000000000000e-04, 8.106016209749597e-02, 6.125453055226955e-04, 8.166262391831711e-14, 7.330693988347213e+00, 6.642590801062540e-01, 1.541010789154495e+05, 5.171641504130524e+03
637, 5.862340914831134e-02, 8.000000000000000e-04, 8.116627886922274e-02, 6.133471954853801e-04, 8.175590025297096e-14, 7.036385021589410e+00, 6.326911023445885e-01, 1.540214118982102e+05, 5.165330939879464e+03
638, 5.887237808886039e-02, 8.000000000000000e-04, 8.139990811267687e-02, 6.151126557634136e-04, 8.192671807193772e-14, 6.683551148119433e+00, 5.915719929640434e-01, 1.538983589742401e+05, 5.149684268450136e+03
639, 5.920573611579460e-02, 8.000000000000000e-04, 8.189559236533740e-02, 6.188583805946702e-04, 8.231437203128412e-14, 6.272408907314587e+00, 5.799331528580882e-01, 1.536916061855234e+05, 5.115095056533944e+03
640, 5.960131677043291e-02, 8.000000000000000e-04, 8.271916321705301e-02, 6.250818379122582e-04, 8.347588978345943e-14, 5.844356582427652e+00, 6.160510796870499e-01, 1.533449817517179e+05, 5.052387095376560e+03
641, 6.000000000000000e-02, 4.515979690540125e-04, 8.297820137537214e-02, 6.270393051034586e-04, 8.390741401225115e-14, 5.473429488734271e+00, 4.572263868408127e-01, 1.531924619985679e+05, 5.027765157596386e+03
642, 2.210862485602916e-02, 0.000000000000000e+00, 1.573849037091516e+00, 1.189306577147482e-02, 1.585426473856534e-12, -1.120016114511446e+01, -3.464031594218220e-02, -1.111641731145533e+05, 3.660337726368451e-04
643, 2.221724971205844e-02, 0.000000000000000e+00, 1.585300876424088e+00, 1.197960360018473e-02, 1.596750811136447e-12, -6.246620833260309e+00, -2.011862712202609e+00, -1.118618503615312e+05, 3.686970065047012e-04
644, 2.232690066154806e-02, 0.000000000000000e+00, 1.586060215362953e+00, 1.198534167780846e-02, 1.597457215680695e-12, -2.590327604448406e+00, -9.694799831908150e-01, -1.117334331659873e+05, 3.688734795001186e-04
645, 2.245687571983252e-02, 0.000000000000000e+00, 1.585997016670026e+00, 1.198486410582165e-02, 1.597356291373095e-12, -1.647145104168687e-01, -7.365549516775859e-01, -1.116146626661275e+05, 3.688586411027722e-04
646, 2.259265678987277e-02, 0.000000000000000e+00, 1.586317775472166e+00, 1.198728797586300e-02, 1.597662114454804e-12, 2.149770428661547e+00, -8.799357947589013e-01, -1.115557094614672e+05, 3.689331024437453e-04
647, 2.272843785991592e-02, 0.000000000000000e+00, 1.586781052734133e+00, 1.199078881159574e-02, 1.598120978363087e-12, 4.540963377000317e+00, -8.429824705176321e-01, -1.115253721073877e+05, 3.690407101602134e-04
648, 2.286421892995830e-02, 0.000000000000000e+00, 1.587153838262086e+00, 1.199360583069866e-02, 1.598490564928286e-12, 7.395059273704734e+00, -9.035882920353416e-01, -1.115094389446043e+05, 3.691272760820903e-04
649, 2.314890371787906e-02, 0.000000000000000e+00, 1.587401718059632e+00, 1.199547897778338e-02, 1.598725585137813e-12, 1.307464085579149e+01, -9.675317070211383e-01, -1.114807662060530e+05, 3.691846530228423e-04
650, 2.330088689112012e-02, 0.000000000000000e+00, 1.587514648682729e+00, 1.199633235780676e-02, 1.598831338456109e-12, 1.580243903514312e+01, -9.818467804997375e-01, -1.114786890486384e+05, 3.692107696700101e-04
651, 2.345601323250427e-02, 0.000000000000000e+00, 1.588067178414766e+00, 1.200050764545438e-02, 1.599377990769958e-12, 1.914736291907850e+01, -1.220500843706297e+00, -1.115725694714043e+05, 3.693391125143048e-04
652, 2.361434776020855e-02, 0.000000000000000e+00, 1.587630838172521e+00, 1.199721036402684e-02, 1.598922737819117e-12, 2.215665211361748e+01, -8.066811743393976e-01, -1.115704211639909e+05, 3.692374693009851e-04
653, 2.377595680614839e-02, 0.000000000000000e+00, 1.587284153328395e+00, 1.199459057931050e-02, 1.598569464847897e-12, 2.512642653403339e+01, -6.722677352721041e-01, -1.115897915712195e+05, 3.691566701131337e-04
654, 2.394090810733472e-02, 0.000000000000000e+00, 1.586505829575574e+00, 1.198870903961663e-02, 1.597796309697543e-12, 2.753902509067472e+01, -5.947220109732152e-01, -1.115401277495900e+05, 3.689754859792387e-04
655, 2.410927077162670e-02, 0.000000000000000e+00, 1.586042044137833e+00, 1.198520436376464e-02, 1.597341183233343e-12, 2.967966048873672e+01, -5.814487761162689e-01, -1.114993120105816e+05, 3.688674484293558e-04
656, 2.428111536559040e-02, 0.000000000000000e+00, 1.585587026509825e+00, 1.198176594340186e-02, 1.596894144897716e-12, 3.207207719556918e+01, -5.756422453533582e-01, -1.114244978598662e+05, 3.687614413035930e-04
657, 2.445651387889919e-02, 0.000000000000000e+00, 1.585915520104016e+00, 1.198424826275339e-02, 1.597229758474143e-12, 3.425727368701193e+01, -6.334216534311954e-01, -1.114524910313019e+05, 3.688376549325351e-04
658, 2.463553982863451e-02, 0.000000000000000e+00, 1.586134519389246e+00, 1.198590316919087e-02, 1.597448520837100e-12, 3.676194369281895e+01, -6.790300485617000e-01, -1.114768491956819e+05, 3.688884023478441e-04
659, 2.481826821571971e-02, 0.000000000000000e+00, 1.585828217546055e+00, 1.198358854569067e-02, 1.597149339857594e-12, 3.932007542481746e+01, -6.803506493134155e-01, -1.114024225308214e+05, 3.688169688064687e-04
660, 2.500477563242677e-02, 0.000000000000000e+00, 1.586569422338467e+00, 1.198918958946200e-02, 1.597906787866969e-12, 4.202817741158469e+01, -9.334751873158907e-01, -1.115175661513546e+05, 3.689891455910306e-04
661, 2.519514021706271e-02, 0.000000000000000e+00, 1.586580150890653e+00, 1.198927066164474e-02, 1.597920358856577e-12, 4.488486613055291e+01, -8.835257038717164e-01, -1.115864513670447e+05, 3.689914392181869e-04
662, 2.538944173347288e-02, 0.000000000000000e+00, 1.586141701133513e+00, 1.198595743929859e-02, 1.597472831398474e-12, 4.718322314311204e+01, -8.263898851531648e-01, -1.116100844466171e+05, 3.688892663069023e-04
663, 2.558776163315268e-02, 0.000000000000000e+00, 1.585441124775457e+00, 1.198066341140400e-02, 1.596755128935420e-12, 4.937062626501545e+01, -3.957774696664516e-01, -1.115804083272456e+05, 3.687261494198533e-04
664, 2.579018298310960e-02, 0.000000000000000e+00, 1.584922970649805e+00, 1.197674788904392e-02, 1.596226167090861e-12, 5.134188904571640e+01, -3.628484005438347e-01, -1.115745206111383e+05, 3.686054561785885e-04
665, 2.599679062718628e-02, 0.000000000000000e+00, 1.584240360053243e+00, 1.197158962257114e-02, 1.595544241004134e-12, 5.296288239107303e+01, -3.746799383795013e-01, -1.115301384816998e+05, 3.684465126043347e-04
666, 2.620767114301820e-02, 0.000000000000000e+00, 1.583740015889737e+00, 1.196780868430786e-02, 1.595041354468715e-12, 5.449002042307449e+01, -3.906017099430666e-01, -1.114715915985660e+05, 3.683299566544726e-04
667, 2.642291289361529e-02, 0.000000000000000e+00, 1.583650179570191e+00, 1.196712982043218e-02, 1.594954505187357e-12, 5.642547560422824e+01, -4.451074570405385e-01, -1.114416804960233e+05, 3.683088587220136e-04
668, 2.664260613719563e-02, 0.000000000000000e+00, 1.583768094937728e+00, 1.196802086854958e-02, 1.595078980390689e-12, 5.855260436997676e+01, -5.367990089483831e-01, -1.114739315805493e+05, 3.683360551343417e-04
669, 2.686684275276728e-02, 0.000000000000000e+00, 1.583617399112143e+00, 1.196688210916228e-02, 1.594931606737432e-12, 6.064051858810449e+01, -5.502709353179432e-01, -1.115027405953159e+05, 3.683007703092542e-04
670, 2.709571683239051e-02, 0.000000000000000e+00, 1.583195250042706e+00, 1.196369206581639e-02, 1.594512718208147e-12, 6.273194051184268e+01, -4.430691553361672e-01, -1.114900476728044e+05, 3.682023575384170e-04
671, 2.732932438100780e-02, 0.000000000000000e+00, 1.583085884764585e+00, 1.196286562794645e-02, 1.594399614920368e-12, 6.485296350560455e+01, -5.400862467717693e-01, -1.115727963186984e+05, 3.681766881501140e-04
672, 2.756776308240555e-02, 0.000000000000000e+00, 1.582328232432820e+00, 1.195714029546461e-02, 1.593632518056992e-12, 6.672520837418503e+01, -4.190426108258752e-01, -1.115775353080348e+05, 3.680002658554805e-04
673, 2.781113299727998e-02, 0.000000000000000e+00, 1.581403286005745e+00, 1.195015077586454e-02, 1.592699458241941e-12, 6.830520794447983e+01, -3.360516261788367e-01, -1.115341516226470e+05, 3.677849505676717e-04
674, 2.805953599239162e-02, 0.000000000000000e+00, 1.580609928475200e+00, 1.194415563079747e-02, 1.591896415732721e-12, 6.968422909519745e+01, -2.666484604894046e-01, -1.114728678424414e+05, 3.676002502874537e-04
675, 2.831307636225226e-02, 0.000000000000000e+00, 1.580062191418856e+00, 1.194001655984271e-02, 1.591342048551052e-12, 7.117827541975421e+01, -2.724824487677854e-01, -1.114296897130673e+05, 3.674726743620856e-04
676, 2.857186008924121e-02, 0.000000000000000e+00, 1.579400429102237e+00, 1.193501583704711e-02, 1.590671057966800e-12, 7.299648036529277e+01, -3.859587614525110e-01, -1.113387459992130e+05, 3.673185613009708e-04
677, 2.883599575262180e-02, 0.000000000000000e+00, 1.579509629188648e+00, 1.193584102661698e-02, 1.590779624553416e-12, 7.554150657734037e+01, -4.594009774665988e-01, -1.113905665131113e+05, 3.673437179286901e-04
678, 2.910559406467333e-02, 0.000000000000000e+00, 1.578929111283852e+00, 1.193145424144221e-02, 1.590191716450973e-12, 7.763873079801822e+01, -4.510098458229289e-01, -1.113934596967567e+05, 3.672084752587843e-04
679, 2.938076794707230e-02, 0.000000000000000e+00, 1.578163063714333e+00, 1.192566546887658e-02, 1.589419853702084e-12, 7.965831556662103e+01, -3.796502104156765e-01, -1.114278646757776e+05, 3.670300847155495e-04
680, 2.966153275693104e-02, 0.000000000000000e+00, 1.576787305771185e+00, 1.191526931313487e-02, 1.588050953259063e-12, 8.111265087847073e+01, -1.725666322898557e-01, -1.113654266610221e+05, 3.667099229914775e-04
681, 2.993103616226907e-02, 0.000000000000000e+00, 1.575539634616623e+00, 1.190584106763437e-02, 1.586799740458136e-12, 8.224399223240214e+01, -1.467663444144073e-01, -1.112824632072596e+05, 3.664195617430841e-04
682, 3.019405181249105e-02, 0.000000000000000e+00, 1.574786512067002e+00, 1.190014996524430e-02, 1.586038411453745e-12, 8.316062877941478e+01, -2.734536304357418e-02, -1.112275689293126e+05, 3.662442148128063e-04
683, 3.047527123407274e-02, 0.000000000000000e+00, 1.574565699654085e+00, 1.189848135759001e-02, 1.585813422986173e-12, 8.391131703424203e+01, 1.032691152232116e-02, -1.112391590877376e+05, 3.661926623738503e-04
684, 3.077873457267196e-02, 0.000000000000000e+00, 1.574553620472676e+00, 1.189839007914108e-02, 1.585806891617249e-12, 8.463832286174218e+01, 1.336804167895753e-02, -1.113359281379088e+05, 3.661896381126337e-04
685, 3.108851078546105e-02, 0.000000000000000e+00, 1.574008221324287e+00, 1.189426867499708e-02, 1.585259971781085e-12, 8.515659316778785e+01, 1.300435934190563e-01, -1.113933145811831e+05, 3.660625956667790e-04
686, 3.140467316142343e-02, 0.000000000000000e+00, 1.573179170884461e+00, 1.188800381021250e-02, 1.584430326836543e-12, 8.540659789928182e+01, 1.946377193471345e-01, -1.113834567887510e+05, 3.658696104120222e-04
687, 3.169986237068822e-02, 0.000000000000000e+00, 1.572574880320784e+00, 1.188343738277917e-02, 1.583825940446804e-12, 8.530628224602208e+01, 2.997183900916131e-01, -1.113743198962090e+05, 3.657289227302791e-04
688, 3.196701195812758e-02, 0.000000000000000e+00, 1.572507451919425e+00, 1.188292784826009e-02, 1.583758883785524e-12, 8.498322413170706e+01, 3.084467382799871e-01, -1.114131872279597e+05, 3.657130835874618e-04
689, 3.223105718762517e-02, 0.000000000000000e+00, 1.572519225944192e+00, 1.188301682073946e-02, 1.583763797649840e-12, 8.479784754845592e+01, 2.281014015280117e-01, -1.114516934946498e+05, 3.657156747200534e-04
690, 3.251674980155905e-02, 0.000000000000000e+00, 1.572614499181643e+00, 1.188373676963710e-02, 1.583851154948938e-12, 8.470610126287893e+01, 2.244819098091393e-01, -1.115055514687875e+05, 3.657376785261791e-04
691, 3.284782005036279e-02, 0.000000000000000e+00, 1.572810999097443e+00, 1.188522165565070e-02, 1.584051265090241e-12, 8.456465047391269e+01, 2.820947245916744e-01, -1.116313775294215e+05, 3.657832062760478e-04
692, 3.320038710465922e-02, 0.000000000000000e+00, 1.572444708610747e+00, 1.188245371746405e-02, 1.583695760441408e-12, 8.393702367190261e+01, 6.329082350354248e-01, -1.117569455459818e+05, 3.656978508869024e-04
693, 3.352546543181867e-02, 0.000000000000000e+00, 1.571276072804397e+00, 1.187362271640851e-02, 1.582519047390032e-12, 8.280068923336158e+01, 7.762970329936105e-01, -1.116995659105334e+05, 3.654259202183335e-04
694, 3.380660900976676e-02, 0.000000000000000e+00, 1.571005101540266e+00, 1.187157507461408e-02, 1.582242979219558e-12, 8.125713749451339e+01, 4.518427837114992e-01, -1.116903526241319e+05, 3.653628327558601e-04
695, 3.406961042779465e-02, 0.000000000000000e+00, 1.570803633770737e+00, 1.187005264814414e-02, 1.581996226085434e-12, 8.030687849711458e+01, 6.243677062146410e-01, -1.114504559371804e+05, 3.653160507919377e-04
696, 3.433916037386442e-02, 0.000000000000000e+00, 1.578348709663881e+00, 1.192706833499416e-02, 1.589581571649145e-12, 8.133205420591128e+01, -1.331019435821911e-01, -1.125107093973946e+05, 3.670713028138122e-04
697, 3.464033741554502e-02, 0.000000000000000e+00, 1.603574152964222e+00, 1.211768881333375e-02, 1.615488650022296e-12, 7.780155311488564e+01, -1.037703489751785e+01, -1.224775792926773e+05, 3.729386962941110e-04
698, 3.536517387751117e-02, 0.000000000000000e+00, 1.108430714088733e+00, 8.376050736187416e-03, 1.117604077628319e-12, 3.866671988742664e+01, 1.460856952040995e+01, -2.258550520358113e+04, 2.841914311036167e-04
699, 3.567031678916634e-02, 0.000000000000000e+00, 9.219247966809653e-01, 6.966686121012897e-03, 9.314255438041564e-13, 3.994209310018748e+01, 6.434438098229965e+00, 1.040497666735563e+04, 6.933814291911795e-04
700, 3.594365238010423e-02, 0.000000000000000e+00, 7.753700012387043e-01, 5.859219152936402e-03, 7.826090573523539e-13, 4.242802877603666e+01, 1.661848981629856e+00, 3.666210755558624e+04, 3.440289830349024e-03
701, 3.621150540715429e-02, 0.000000000000000e+00, 6.716028243055904e-01, 5.075084314650750e-03, 6.779476993295023e-13, 4.285248989443489e+01, 7.608389200604405e-01, 5.573540920066405e+04, 1.448886271376662e-02
702, 3.649986469117796e-02, 0.000000000000000e+00, 5.780378407634289e-01, 4.368044136751312e-03, 5.827830838539236e-13, 4.402326854430898e+01, 2.643117799588376e-02, 7.296413924012971e+04, 5.525417074453995e-02
703, 3.683601602196587e-02, 0.000000000000000e+00, 4.963242905845321e-01, 3.750561389808313e-03, 4.998283952468780e-13, 4.435039672394067e+01, 1.379936960060891e-01, 8.788256431642378e+04, 1.839844018297875e-01
704, 3.721979088491061e-02, 0.000000000000000e+00, 4.368478746038232e-01, 3.301117440331459e-03, 4.402614634270580e-13, 4.479257340987022e+01, 7.041658820956050e-01, 9.875187349828388e+04, 5.026140980212007e-01
705, 3.754673820453348e-02, 0.000000000000000e+00, 3.936650826996945e-01, 2.974799113600306e-03, 3.965156738344244e-13, 4.604946139634966e+01, 1.314117929762615e-01, 1.055712393858468e+05, 1.048432368802065e+00
706, 3.783023566131991e-02, 0.000000000000000e+00, 3.621621728716758e-01, 2.736741860492055e-03, 3.646199470553431e-13, 4.680395550313852e+01, 9.117584888513296e-02, 1.105109505062985e+05, 1.896183072261779e+00
707, 3.809725204803643e-02, 0.000000000000000e+00, 3.371370797037218e-01, 2.547635363000927e-03, 3.395957182296673e-13, 4.645298743971841e+01, 2.151105211422364e-01, 1.145790956930387e+05, 3.214220958828396e+00
708, 3.837372563806484e-02, 0.000000000000000e+00, 3.143992475794499e-01, 2.375812954001357e-03, 3.166843182679279e-13, 4.564093584277854e+01, 3.565440764098642e-01, 1.184035384567105e+05, 5.295106591250192e+00
709, 3.868617728586801e-02, 0.000000000000000e+00, 2.928364838683957e-01, 2.212870155176901e-03, 2.952275059042283e-13, 4.491507574750428e+01, 4.196293203358987e-01, 1.220249759423422e+05, 8.644605748386876e+00
710, 3.906134792551141e-02, 0.000000000000000e+00, 2.718743012157147e-01, 2.054465752259807e-03, 2.741620579189179e-13, 4.435116260615268e+01, 5.096611702058117e-01, 1.255782603736593e+05, 1.409418090683428e+01
711, 3.941542557031643e-02, 0.000000000000000e+00, 2.544402937545848e-01, 1.922722622830887e-03, 2.563623085799900e-13, 4.403451634616437e+01, 3.486070737950052e-01, 1.280635141674743e+05, 2.099027254651989e+01
712, 3.971388382516929e-02, 0.000000000000000e+00, 2.416531182384666e-01, 1.826094092482532e-03, 2.433598599518379e-13, 4.378852067698318e+01, 2.148289247236083e-01, 1.297803227859856e+05, 2.868408042381148e+01
713, 3.998468306291333e-02, 0.000000000000000e+00, 2.313646471010026e-01, 1.748347459201748e-03, 2.331306624979842e-13, 4.330714210423846e+01, 3.044053438981338e-01, 1.313198046910758e+05, 3.791614895167111e+01
714, 4.025399159091737e-02, 0.000000000000000e+00, 2.215157968269976e-01, 1.673922897937071e-03, 2.233078554800190e-13, 4.263526594746666e+01, 3.093031141073138e-01, 1.327698892130582e+05, 4.982780569439284e+01
715, 4.054788655672118e-02, 0.000000000000000e+00, 2.109418269657793e-01, 1.594018843570339e-03, 2.125246847772880e-13, 4.190745089740646e+01, 3.589162486751784e-01, 1.345170033983764e+05, 6.639443172230976e+01
716, 4.089402096521687e-02, 0.000000000000000e+00, 2.003502219734012e-01, 1.513981526247720e-03, 2.017444980402776e-13, 4.107977195815597e+01, 3.715188203866104e-01, 1.360839164974353e+05, 8.870011286910038e+01
717, 4.127421556709431e-02, 0.000000000000000e+00, 1.912396375945511e-01, 1.445135800462895e-03, 1.926180692097458e-13, 4.036869307077566e+01, 4.006211121043199e-01, 1.374061730834701e+05, 1.158249597386417e+02
718, 4.159260718371739e-02, 0.000000000000000e+00, 1.842693080954541e-01, 1.392463285356312e-03, 1.856402307703556e-13, 3.987896666853284e+01, 3.212503954256666e-01, 1.382482013898786e+05, 1.427508815289466e+02
719, 4.187184856605462e-02, 0.000000000000000e+00, 1.782470923935954e-01, 1.346955358138188e-03, 1.796029998478269e-13, 3.941512272948714e+01, 2.533169612160513e-01, 1.390011582755251e+05, 1.720603071669823e+02
720, 4.213863551213688e-02, 0.000000000000000e+00, 1.724932167098519e-01, 1.303475189243455e-03, 1.737569788208333e-13, 3.880285911492797e+01, 2.533960313686340e-01, 1.397929627301003e+05, 2.059440084306611e+02
721, 4.241889253595045e-02, 0.000000000000000e+00, 1.668519417322862e-01, 1.260845907297142e-03, 1.680493520061738e-13, 3.806446008155574e+01, 2.811019850284494e-01, 1.406183879474115e+05, 2.460467865601892e+02
722, 4.273938014770101e-02, 0.000000000000000e+00, 1.611217453435233e-01, 1.217544675140110e-03, 1.623727777893946e-13, 3.731296880235170e+01, 3.125289782525179e-01, 1.414554185252162e+05, 2.959727058979876e+02
723, 4.312081887690729e-02, 0.000000000000000e+00, 1.552571254745478e-01, 1.173227648422362e-03, 1.564909309171756e-13, 3.648095714211318e+01, 4.295531716918545e-01, 1.423580918691478e+05, 3.596329616682928e+02
724, 4.346436119584509e-02, 0.000000000000000e+00, 1.502006628073366e-01, 1.135017603078295e-03, 1.513180289458103e-13, 3.576514889062282e+01, 3.454914397747462e-01, 1.429024339486524e+05, 4.235234627344173e+02
725, 4.375679592775639e-02, 0.000000000000000e+00, 1.461469556546674e-01, 1.104385055325160e-03, 1.472082204430472e-13, 3.515351371673457e+01, 1.850893610735676e-01, 1.433784545488999e+05, 4.856302705653019e+02
726, 4.402567843322826e-02, 0.000000000000000e+00, 1.427406154094003e-01, 1.078644448937670e-03, 1.438319442359321e-13, 3.461288534563337e+01, 2.282052320163116e-01, 1.439672921342061e+05, 5.503980232429627e+02
727, 4.429705997007949e-02, 0.000000000000000e+00, 1.391975669201920e-01, 1.051870782772273e-03, 1.403253996624723e-13, 3.402269459672053e+01, 2.245251539192717e-01, 1.444390792287661e+05, 6.226523442452406e+02
728, 4.459714491749213e-02, 0.000000000000000e+00, 1.354297912953553e-01, 1.023398926665259e-03, 1.364778653547382e-13, 3.328424082901582e+01, 3.392095888996438e-01, 1.450641931065415e+05, 7.086441322228452e+02
729, 4.495400334916956e-02, 0.000000000000000e+00, 1.313431330181791e-01, 9.925173779713394e-04, 1.322764774084346e-13, 3.241807844134809e+01, 3.887515707171550e-01, 1.455614052628035e+05, 8.132196978883907e+02
730, 4.532701982467814e-02, 0.000000000000000e+00, 1.277018389050610e-01, 9.650013015498249e-04, 1.285833492001462e-13, 3.161272952903964e+01, 2.935321003439384e-01, 1.460022239602499e+05, 9.249521077657187e+02
731, 4.563754938361862e-02, 0.000000000000000e+00, 1.249651811551213e-01, 9.443212681749019e-04, 1.258701277684412e-13, 3.098463594413667e+01, 2.727412565027763e-01, 1.464521880961508e+05, 1.026107325033590e+03
732, 4.591316646143025e-02, 0.000000000000000e+00, 1.226093369808313e-01, 9.265189192507807e-04, 1.235017443602609e-13, 3.042848257230898e+01, 2.636537032735908e-01, 1.468415621705446e+05, 1.124709566311562e+03
733, 4.618033803413694e-02, 0.000000000000000e+00, 1.202590902416601e-01, 9.087588683250019e-04, 1.211649443075530e-13, 2.986129849464403e+01, 2.385659646008007e-01, 1.471948176479861e+05, 1.228475938986840e+03
734, 4.646501176649791e-02, 0.000000000000000e+00, 1.178503741226036e-01, 8.905569832943695e-04, 1.187218018148547e-13, 2.919054571224927e+01, 3.132688010804587e-01, 1.476633003826624e+05, 1.344011054976190e+03
735, 4.679423254280582e-02, 0.000000000000000e+00, 1.151235857915988e-01, 8.699515299114766e-04, 1.159613538187021e-13, 2.844668988603079e+01, 2.931073123575448e-01, 1.479698106630621e+05, 1.477674864936280e+03
736, 4.717834362056669e-02, 0.000000000000000e+00, 1.125066924242665e-01, 8.501765170601051e-04, 1.133209722879136e-13, 2.759902880100539e+01, 3.988886169956934e-01, 1.484497294789482e+05, 1.632527104603545e+03
737, 4.751208740111706e-02, 0.000000000000000e+00, 1.101851695605513e-01, 8.326335231278255e-04, 1.109262205684273e-13, 2.685192898031824e+01, 3.123019592252375e-01, 1.487317025525407e+05, 1.773041708078618e+03
738, 4.779915029076533e-02, 0.000000000000000e+00, 1.083918221691006e-01, 8.190817796156180e-04, 1.091108332072882e-13, 2.624335562971772e+01, 1.894639137104373e-01, 1.490327852555157e+05, 1.898135056826271e+03
739, 4.806673300087299e-02, 0.000000000000000e+00, 1.067938935881425e-01, 8.070067525554268e-04, 1.075422016791311e-13, 2.572947618303157e+01, 2.125639475253685e-01, 1.494211499528044e+05, 2.021592685067637e+03
740, 4.834080799463639e-02, 0.000000000000000e+00, 1.051234410562760e-01, 7.943836855639710e-04, 1.058742219209850e-13, 2.520731206401856e+01, 2.164109352031063e-01, 1.497233771729359e+05, 2.149554933590476e+03
741, 4.864774600395469e-02, 0.000000000000000e+00, 1.033548037853849e-01, 7.810186684035595e-04, 1.041113371685444e-13, 2.461793474792415e+01, 2.505493608559334e-01, 1.499955824993307e+05, 2.289424479461377e+03
742, 4.901594543016387e-02, 0.000000000000000e+00, 1.014673496701366e-01, 7.667557909583788e-04, 1.021965394584282e-13, 2.389829285929259e+01, 3.485238655379905e-01, 1.503018838297749e+05, 2.452666647670019e+03
743, 4.937831697627157e-02, 0.000000000000000e+00, 9.971808816236440e-02, 7.535371901440202e-04, 1.004071161621224e-13, 2.315748987380838e+01, 2.904561839924042e-01, 1.505072357427718e+05, 2.610842701959631e+03
744, 4.968166503483358e-02, 0.000000000000000e+00, 9.839093922865730e-02, 7.435083568918188e-04, 9.908004428280991e-14, 2.253371238190630e+01, 1.570707291600116e-01, 1.507458134735453e+05, 2.745596183118480e+03
745, 4.995428430839629e-02, 0.000000000000000e+00, 9.727989960069486e-02, 7.351125914411431e-04, 9.802303287425339e-14, 2.204974067791378e+01, 1.836110951235137e-01, 1.511108101529119e+05, 2.873710575395058e+03
746, 5.022245507324314e-02, 0.000000000000000e+00, 9.610895886786096e-02, 7.262641728050573e-04, 9.688996427641672e-14, 2.157126659878718e+01, 1.626636354034927e-01, 1.513132124104659e+05, 2.997530731485059e+03
747, 5.051218533587586e-02, 0.000000000000000e+00, 9.487340244643443e-02, 7.169274744063985e-04, 9.562202346253698e-14, 2.097834772129271e+01, 2.575860908060542e-01, 1.516108801587465e+05, 3.134493081111524e+03
748, 5.085085124842114e-02, 0.000000000000000e+00, 9.347225369343444e-02, 7.063394485651281e-04, 9.418181938011980e-14, 2.036698061727832e+01, 2.347118253810264e-01, 1.517407368341126e+05, 3.281048575696890e+03
749, 5.123404388474907e-02, 0.000000000000000e+00, 9.220998138168573e-02, 6.968008668642311e-04, 9.293506620347893e-14, 1.973547139405310e+01, 2.577557270013042e-01, 1.519846185008457e+05, 3.437734906292126e+03
750, 5.155870870319700e-02, 0.000000000000000e+00, 9.120068367444688e-02, 6.891739320487952e-04, 9.194286839842623e-14, 1.916723484594374e+01, 2.253194916539504e-01, 1.521811730844994e+05, 3.568667993376062e+03
751, 5.184104329015110e-02, 0.000000000000000e+00, 9.034217558175989e-02, 6.826864653534172e-04, 9.108626272433569e-14, 1.864406495415453e+01, 2.076189991806371e-01, 1.524209084322145e+05, 3.685935377859088e+03
752, 5.210794135423515e-02, 0.000000000000000e+00, 8.951364279924424e-02, 6.764255123369345e-04, 9.024588667384173e-14, 1.815430903624792e+01, 2.041449055366056e-01, 1.526340111751988e+05, 3.796725149422960e+03
753, 5.238533410930810e-02, 0.000000000000000e+00, 8.866715155527424e-02, 6.700288530626049e-04, 8.939250604261030e-14, 1.768023570560917e+01, 1.898210753288048e-01, 1.527878873884587e+05, 3.906194077112366e+03
754, 5.269980025181281e-02, 0.000000000000000e+00, 8.777828733191262e-02, 6.633119949515150e-04, 8.853395868943003e-14, 1.719103914336592e+01, 1.895642337601739e-01, 1.529380080547597e+05, 4.023644320132282e+03
755, 5.307693920642675e-02, 0.000000000000000e+00, 8.685560033642926e-02, 6.563395491417915e-04, 8.762391316981412e-14, 1.659250512289596e+01, 2.852627190557286e-01, 1.531417502056708e+05, 4.157906239899164e+03
756, 5.342821751481525e-02, 0.000000000000000e+00, 8.603865312816793e-02, 6.501661445453738e-04, 8.678877831569182e-14, 1.599857472998119e+01, 2.651953295821402e-01, 1.532478644496351e+05, 4.273903067948278e+03
757, 5.372505312967898e-02, 0.000000000000000e+00, 8.539122320032345e-02, 6.452737269546134e-04, 8.613363291592470e-14, 1.545224765707065e+01, 1.455823533563496e-01, 1.533440019046361e+05, 4.368174085688241e+03
758, 5.399529678087379e-02, 0.000000000000000e+00, 8.487517650131875e-02, 6.413741297328922e-04, 8.562867453236077e-14, 1.503569529620650e+01, 1.608210633036545e-01, 1.535860344714845e+05, 4.458688912695136e+03
759, 5.426508267643307e-02, 0.000000000000000e+00, 8.428440382640912e-02, 6.369098525925018e-04, 8.503983344982451e-14, 1.462000230457663e+01, 1.452389067827182e-01, 1.536509449051352e+05, 4.541612957563219e+03
760, 5.456051712119801e-02, 0.000000000000000e+00, 8.367313840599530e-02, 6.322907184332221e-04, 8.440716292947138e-14, 1.407330673698181e+01, 2.511952288131756e-01, 1.537620999067398e+05, 4.632079220750285e+03
761, 5.490935631806700e-02, 0.000000000000000e+00, 8.296644007523039e-02, 6.269504287801127e-04, 8.366953385635181e-14, 1.343274304144095e+01, 2.563986364714652e-01, 1.537452656913511e+05, 4.725411172217403e+03
762, 5.528803801501085e-02, 0.000000000000000e+00, 8.239432133646454e-02, 6.226271133738307e-04, 8.306641821184763e-14, 1.281384576679122e+01, 2.463644469640787e-01, 1.538981004743292e+05, 4.821719410044149e+03
763, 5.560432802598157e-02, 0.000000000000000e+00, 8.196532236030504e-02, 6.193853075086347e-04, 8.263026627985251e-14, 1.229494587066452e+01, 1.893913107202931e-01, 1.540297043107273e+05, 4.896203776587432e+03
764, 5.588257067769381e-02, 0.000000000000000e+00, 8.162114401085693e-02, 6.167844635581451e-04, 8.227969945863971e-14, 1.180947881732270e+01, 2.128973915750752e-01, 1.542154237292284e+05, 4.962798465448189e+03
765, 5.614939828950402e-02, 0.000000000000000e+00, 8.125198520982628e-02, 6.139948504521307e-04, 8.189879432308243e-14, 1.134983657758210e+01, 2.010981206126997e-01, 1.542804930527474e+05, 5.019979049611905e+03
766, 5.643073785935245e-02, 0.000000000000000e+00, 8.088497070086259e-02, 6.112214410645040e-04, 8.152020572639387e-14, 1.089982484238562e+01, 2.005578363066292e-01, 1.543281524628788e+05, 5.075326292236282e+03
767, 5.675341913571481e-02, 0.000000000000000e+00, 8.049988507468826e-02, 6.083114741160909e-04, 8.112073741868498e-14, 1.042230223302033e+01, 2.093918039192552e-01, 1.543141777210483e+05, 5.128082074517539e+03
768, 5.713589441181068e-02, 0.000000000000000e+00, 8.016932857073705e-02, 6.058135660257803e-04, 8.077867692344412e-14, 9.819195325136448e+00, 2.757480910532842e-01, 1.543809134418004e+05, 5.182675654081895e+03
769, 5.747682973562994e-02, 0.000000000000000e+00, 7.993742910028377e-02, 6.040611770803006e-04, 8.052988946840521e-14, 9.273490470602159e+00, 2.039127306083445e-01, 1.543728762311001e+05, 5.216225844884527e+03
770, 5.776781153641851e-02, 0.000000000000000e+00, 7.986267245495594e-02, 6.034962654027632e-04, 8.044537789210241e-14, 8.775057913387240e+00, 2.190250948907057e-01, 1.544668179178207e+05, 5.240705663634824e+03
771, 5.803629841026652e-02, 0.000000000000000e+00, 7.981933876139564e-02, 6.031688067612532e-04, 8.039543606802541e-14, 8.305054670546562e+00, 1.842736097023033e-01, 1.544624438230385e+05, 5.253716085511895e+03
772, 5.830831766095096e-02, 0.000000000000000e+00, 7.984155539601769e-02, 6.033366906501055e-04, 8.038756335168644e-14, 7.904113299930300e+00, 1.592340837228222e-01, 1.544403088134302e+05, 5.259784320852516e+03
773, 5.861011256556171e-02, 0.000000000000000e+00, 7.992645668080543e-02, 6.039782620717273e-04, 8.040276688364976e-14, 7.495266726695748e+00, 1.611341861982519e-01, 1.542948704823631e+05, 5.252685506575303e+03
774, 5.896987111222354e-02, 0.000000000000000e+00, 8.020818277055297e-02, 6.061071745887189e-04, 8.067797402838062e-14, 6.925464830778415e+00, 2.624575228061509e-01, 1.541659223483020e+05, 5.235610249415216e+03
775, 5.941999270094694e-02, 0.000000000000000e+00, 8.081357722634074e-02, 6.106819437760333e-04, 8.131288205619651e-14, 6.287401559821805e+00, 2.358916125827684e-01, 1.537676688041544e+05, 5.179781754277939e+03
776, 5.823670603163812e-02, 9.032566475086056e-04, 8.128363985096247e-02, 6.142340542894317e-04, 8.190039399908029e-14, 7.607849090798108e+00, 7.910691029120294e-01, 1.540652296847987e+05, 5.151419166025176e+03
777, 5.763353059634756e-02, 9.209431725275462e-04, 8.140058818308671e-02, 6.151177948344266e-04, 8.204019155091080e-14, 8.639443887060271e+00, 8.411725664539551e-01, 1.540604648618178e+05, 5.120324653770176e+03
778, 5.585624789241889e-02, 9.038405020142381e-04, 8.304919077621251e-02, 6.275757489386919e-04, 8.369639328161677e-14, 1.130094744170009e+01, 8.105085702824802e-01, 1.537928977983178e+05, 4.852845006400532e+03
779, 5.651036749156479e-02, 9.369693835958750e-04, 8.234173303366420e-02, 6.222297206574770e-04, 8.297467900022020e-14, 1.023296670664435e+01, 7.212314787644836e-01, 1.539332498818402e+05, 4.975967616553309e+03
780, 5.407361460895835e-02, 9.039220436763430e-04, 8.606550997213841e-02, 6.503690929884143e-04, 8.685802958443519e-14, 1.420067518527483e+01, 8.107007710186561e-01, 1.531440969510513e+05, 4.383936447755776e+03
781, 2.163265306172623e-02, 1.705868271886581e-03, 1.585192326602276e+00, 1.197878332445220e-02, 1.596645892023175e-12, 2.915537773838647e+00, -4.181330850880030e+00, -1.118898026187395e+05, 3.686716556435764e-04
782, 5.217916578429242e-02, 9.170114632524781e-04, 9.061329387914499e-02, 6.847352182303826e-04, 9.136033456003059e-14, 1.718864337699457e+01, 8.412439649611559e-01, 1.522041839334356e+05, 3.731194067419338e+03
783, 5.154104850481221e-02, 9.445170146204289e-04, 9.265156176925386e-02, 7.001377463672123e-04, 9.342167656061835e-14, 1.827969344858145e+01, 9.241608816991440e-01, 1.517229676431470e+05, 3.469074524256461e+03
784, 2.319136487315060e-02, 9.754185555799061e-04, 1.593680396771990e+00, 1.204292491263688e-02, 1.605060736609635e-12, 2.020011541923508e+01, -8.465673501338719e+00, -1.126741715576399e+05, 3.706435106978170e-04
785, 5.014871390413381e-02, 9.039991098572041e-04, 9.751636710687636e-02, 7.368994995483030e-04, 9.826317331524882e-14, 2.069180643559274e+01, 8.821103856866783e-01, 1.507990424007421e+05, 2.893531260784591e+03
786, 4.950858885458961e-02, 9.329117453894350e-04, 1.003699268446351e-01, 7.584629232592852e-04, 1.011685766846308e-13, 2.178197759221161e+01, 9.881835535680239e-01, 1.501641510624495e+05, 2.599192686456745e+03
787, 4.824599385902591e-02, 9.086606758515706e-04, 1.065382886648696e-01, 8.050752292057326e-04, 1.073031708708211e-13, 2.414144954919123e+01, 9.473831584999186e-01, 1.491416749243554e+05, 2.055805637842630e+03
788, 4.764787522331777e-02, 9.232461815164724e-04, 1.102237694356572e-01, 8.329252098413712e-04, 1.110449212250198e-13, 2.530787659205279e+01, 1.052213983468627e+00, 1.485187603363422e+05, 1.789002538266944e+03
789, 4.586405218803448e-02, 9.022055109766673e-04, 1.234001625673518e-01, 9.324949312395717e-04, 1.243154626861081e-13, 2.928811760462976e+01, 1.144048988612345e+00, 1.463965657201616e+05, 1.090477376197674e+03
790, 4.421169087311115e-02, 9.066128196628361e-04, 1.401064013603654e-01, 1.058738549322855e-03, 1.411293227329146e-13, 3.294785167763561e+01, 1.032582740371366e+00, 1.440959270619814e+05, 5.972606956079717e+02
791, 5.872490733990786e-02, 5.214604376604154e-03, 4.228567863880071e-01, 3.195391332914201e-03, 4.208930015766756e-13, 1.239907769587569e+00, 2.481698646405702e+01, 9.013110992816999e+04, 1.907031108179313e+03
792, 4.218666241523722e-02, 9.031537781759636e-04, 1.708340227540782e-01, 1.290937199653246e-03, 1.720670407719253e-13, 3.747713098885639e+01, 1.086677016418899e+00, 1.398799082902350e+05, 2.149922064829112e+02
793, 2.392001209888169e-02, 9.051068407715494e-04, 1.594779908874136e+00, 1.205123356832060e-02, 1.606178436789833e-12, 3.075383819521668e+01, -7.035361565303293e+00, -1.130921130772047e+05, 3.708983191533619e-04
794, 5.519490941289604e-02, 1.001293121488662e-03, 8.425960780352988e-02, 6.367224771048088e-04, 8.493477643697128e-14, 1.225178479735022e+01, 8.610536725862882e-01, 1.533613341603174e+05, 4.671974140833259e+03
795, 4.017678480196203e-02, 9.015540727141040e-04, 2.225905086933825e-01, 1.682044146297869e-03, 2.242427929727695e-13, 4.188025216885670e+01, 9.808550736763468e-01, 1.326013954655079e+05, 4.761525040404310e+01
796, 4.359199419725514e-02, 9.284649825491849e-04, 1.482704384595071e-01, 1.120431524883082e-03, 1.493979517821380e-13, 3.421640806980320e+01, 1.129384475388229e+00, 1.430007660310136e+05, 4.492137943974102e+02
797, 5.339672370573882e-02, 9.565617963390313e-04, 8.766635392373570e-02, 6.624661505571548e-04, 8.847904266460703e-14, 1.520251793984452e+01, 8.483089338687662e-01, 1.527629343008069e+05, 4.153411708797624e+03
798, 5.714883649168882e-02, 5.097572688417066e-03, 4.246925866074546e-01, 3.209263878649133e-03, 4.254049822200276e-13, 1.894227332586071e+00, 2.506446060259310e+01, 9.014238671931248e+04, 2.046712955457902e+03
799, 4.652256628347920e-02, 9.395115444839821e-04, 1.177280508504352e-01, 8.896326260740884e-04, 1.184919521337941e-13, 2.751835491436547e+01, 1.066523814887207e+00, 1.472497502252209e+05, 1.343963383561008e+03
800, 5.396244538607921e-02, 4.891665725080986e-03, 4.118216065438935e-01, 3.112002064563041e-03, 4.153427289568795e-13, 4.233140807647498e+00, 2.442991380661955e+01, 9.148408430416908e+04, 1.664217695950375e+03
801, 3.793534731697826e-02, 9.030404342261599e-04, 3.424977362293576e-01, 2.588144102489313e-03, 3.450355773209769e-13, 4.526767970332646e+01, 8.405069852322612e-01, 1.139512520958492e+05, 2.551636908371829e+00
802, 5.211965391468200e-02, 4.782415262440293e-03, 4.081626885440831e-01, 3.084352810154662e-03, 4.131011939303619e-13, 5.289539138059576e+00, 2.342379741034631e+01, 9.220669361091283e+04, 1.337438098385271e+03
803, 5.583224662375021e-02, 5.006219374469878e-03, 4.143693435363019e-01, 3.131254485166574e-03, 4.132994924336459e-13, 3.656468004997970e+00, 2.398176627165020e+01, 9.101555263562695e+04, 1.958442395103750e+03
804, 2.572776940084154e-02, 9.081926304206016e-04, 1.596844452902131e+00, 1.206683465669333e-02, 1.608306424645681e-12, 4.970205659088266e+01, -4.042976775150783e+00, -1.139137262732352e+05, 3.713764832707691e-04
805, 5.053177328979538e-02, 4.670884315225821e-03, 4.038574393162466e-01, 3.051819440674779e-03, 4.090379582321481e-13, 5.877189801033869e+00, 2.351368552573858e+01, 9.272182643319671e+04, 1.053648842927950e+03
806, 4.156462524667048e-02, 9.220707421655531e-04, 1.840006403161836e-01, 1.390433050248435e-03, 1.854042646895655e-13, 3.874553424790479e+01, 1.119151292226893e+00, 1.381662067244241e+05, 1.429329609262403e+02
807, 3.606372770278637e-02, 9.039220436758171e-04, 6.500548402935676e-01, 4.912253201212110e-03, 6.546035223166433e-13, 4.222249487182491e+01, 1.370621330201744e+00, 6.082607610992711e+04, 1.077152018510027e-02
808, 3.735611368316672e-02, 9.655117190853242e-04, 3.974306582634565e-01, 3.003254344561336e-03, 3.998223996922828e-13, 4.373014731237318e+01, 1.220689721511392e+00, 1.055241559760980e+05, 8.391332007893428e-01
809, 2.136942607945859e-02, 2.121104375429299e-03, 1.587667603106560e+00, 1.199748818468593e-02, 1.599130874503457e-12, 5.298472781250312e+00, -5.808520091792668e+00, -1.120933335477298e+05, 3.692472490262235e-04
810, 4.869206601176645e-02, 4.570933047663830e-03, 4.207499114529830e-01, 3.179470363620682e-03, 4.271861251305569e-13, 6.473504132604479e+00, 2.434244045535018e+01, 9.079788539235771e+04, 7.151333514612162e+02
811, 2.620600999980837e-02, 9.062207371784817e-04, 1.596289968488809e+00, 1.206264459815436e-02, 1.607751830801083e-12, 5.378210224761712e+01, -3.738068644366534e+00, -1.139261104507469e+05, 3.712470951024777e-04
812, 3.969403008433032e-02, 9.028875245166093e-04, 2.407879023799237e-01, 1.819555937380007e-03, 2.426344734480056e-13, 4.281331514041946e+01, 1.080195367222800e+00, 1.299161422105062e+05, 2.908219225491131e+01
813, 3.420919539510338e-02, 9.145761240535481e-04, 1.578934329804939e+00, 1.193149367611030e-02, 1.590240861251900e-12, 7.191624237509592e+01, 3.935204323023062e+00, -1.136198830282817e+05, 3.672185353912270e-04
814, 3.372979451513025e-02, 9.080627601055905e-04, 1.579253187005319e+00, 1.193390317636501e-02, 1.590584851733302e-12, 7.506563061346827e+01, 2.059604338213411e+00, -1.135927501009314e+05, 3.672866324745183e-04
815, 2.442020128660556e-02, 9.432158200037344e-04, 1.596558852056739e+00, 1.206467646390703e-02, 1.607942032179480e-12, 3.779068063502939e+01, -5.822023200117637e+00, -1.134588772168134e+05, 3.713113181498832e-04
816, 3.843776489447821e-02, 9.224788034263218e-04, 3.032822464855676e-01, 2.291805389060120e-03, 3.055234910776991e-13, 4.435424902538470e+01, 7.433352862228516e-01, 1.203387414513466e+05, 6.367346188172712e+00
817, 3.554015977470599e-02, 9.320646938606408e-04, 9.038093994873785e-01, 6.829793950788239e-03, 9.100897693657981e-13, 2.744057004929662e+01, 5.866663913097890e+00, 1.872350701792712e+04, 6.462541758466352e-04
818, 4.528799300392800e-02, 4.294388225675662e-03, 3.846926721238046e-01, 2.906997522346733e-03, 3.873900994964218e-13, 9.592156920374613e+00, 2.174800348065440e+01, 9.796531389393011e+04, 2.889765599448580e+02
819, 3.224934904729504e-02, 9.021255793895193e-04, 1.581828006229537e+00, 1.195336024858831e-02, 1.593179373190406e-12, 7.744247309733309e+01, 2.038998027905123e-01, -1.135575223367055e+05, 3.678807450804262e-04
820, 3.177270138453489e-02, 9.037779372019280e-04, 1.582035995242776e+00, 1.195493195397796e-02, 1.593393586505845e-12, 7.803940938056118e+01, 7.703969229267171e-01, -1.135813050667666e+05, 3.679293348810230e-04
821, 4.711054328187609e-02, 4.473337981578241e-03, 4.192083784247386e-01, 3.167821499425307e-03, 4.270265221346473e-13, 6.947295175110763e+00, 2.464952184130192e+01, 9.185488870305363e+04, 4.700581441350590e+02
822, 2.782418620406301e-02, 8.959801652812977e-04, 1.593329393661655e+00, 1.204027249618600e-02, 1.604760278774174e-12, 6.436943586813146e+01, -2.930730712669995e+00, -1.139933038361283e+05, 3.705573710502976e-04
823, 2.830601201547351e-02, 9.146425273139952e-04, 1.592883188164115e+00, 1.203690066622976e-02, 1.604330995840158e-12, 6.747927362608540e+01, -3.534486920099572e+00, -1.140355410631304e+05, 3.704531911737283e-04
824, 4.393506778676071e-02, 4.250333690636541e-03, 4.177869093721393e-01, 3.157079919690569e-03, 4.197218964559445e-13, 1.052911692440062e+01, 2.454628497447120e+01, 9.160672526078412e+04, 1.516249283996740e+02
825, 2.503951693230197e-02, 9.760696366782493e-04, 1.599421772847515e+00, 1.208631062605381e-02, 1.610915064651679e-12, 4.412192314896260e+01, -5.123436499210007e+00, -1.140722684277604e+05, 3.719763411465080e-04
826, 2.390258648329496e-02, 4.140700890144589e-03, 1.582917437662429e+00, 1.196159272792930e-02, 1.594330226504727e-12, 1.075669839809711e+01, -2.171400786509140e+00, -1.114183425974864e+05, 3.681422732639787e-04
827, 3.020835489717690e-02, 9.003432580268800e-04, 1.585659652924971e+00, 1.198231475762171e-02, 1.597024352010396e-12, 7.872293499580772e+01, -1.023545707484014e+00, -1.136208607181262e+05, 3.687725293868262e-04
828, 2.972340379459074e-02, 9.084846836440914e-04, 1.587616257014383e+00, 1.199710017895225e-02, 1.599016455020893e-12, 7.701782959512362e+01, -2.082664782737445e+00, -1.137886772252761e+05, 3.692277151390863e-04
829, 4.234036000649129e-02, 4.144482292282363e-03, 4.384112713056406e-01, 3.312931521198300e-03, 4.441112862581894e-13, 1.158443790732941e+01, 2.424933358759414e+01, 8.917024180291765e+04, 6.655810103777732e+01
830, 4.050073830687560e-02, 4.026517489522639e-03, 4.694585327885858e-01, 3.547545587823804e-03, 4.727779161623047e-13, 1.322088148034114e+01, 2.518185032906149e+01, 8.588018866202596e+04, 1.812845042862393e+01
831, 5.080354587077336e-02, 9.940384304446361e-04, 9.512668689373979e-02, 7.188414626732224e-04, 9.585739615080389e-14, 1.933929355788650e+01, 8.390251671785445e-01, 1.511777822854381e+05, 3.163272529572824e+03
832, 2.105344207617108e-02, 2.489305673480355e-03, 1.590774764265759e+00, 1.202096799193409e-02, 1.602304658696353e-12, 7.292910127466360e+00, -6.745579282142422e+00, -1.122799236578606e+05, 3.699698871450081e-04
833, 5.902002870566044e-02, 1.036898172055527e-03, 8.235618933403732e-02, 6.223389622221103e-04, 8.284355613084853e-14, 6.366049695623884e+00, 7.359157569835225e-01, 1.536113828134329e+05, 5.083453129951909e+03
834, 3.915882125592584e-02, 3.941709990545894e-03, 5.047666919475620e-01, 3.814357873660205e-03, 5.082691260486915e-13, 1.434615936792683e+01, 2.449313584900346e+01, 8.085406288222717e+04, 5.010220990061700e+00
835, 3.661303148265552e-02, 9.554103106960107e-04, 5.044166493185999e-01, 3.811712715254525e-03, 5.081048856584905e-13, 4.171425698480466e+01, 1.233252925237603e+00, 8.700394028041397e+04, 1.232038274199348e-01
836, 2.293161111796118e-02, 4.293788128982365e-03, 1.586031257413234e+00, 1.198512285199082e-02, 1.597360243236976e-12, 1.099909642447187e+01, -2.358287163928404e+00, -1.116501946823994e+05, 3.688665381843194e-04
837, 2.586813837347652e-02, 3.821194504278578e-03, 1.577970179177129e+00, 1.192420790310379e-02, 1.589211714544903e-12, 9.735023772334205e+00, -1.772937190119543e+00, -1.111464882492959e+05, 3.669914599281351e-04
838, 3.911961969337332e-02, 1.018192163924490e-03, 2.644871460212482e-01, 1.998643420815994e-03, 2.663160794220861e-13, 4.280763112713259e+01, 1.174720379983006e+00, 1.267196809656586e+05, 1.613885860491022e+01
839, 2.488949609619713e-02, 3.979926559873515e-03, 1.580536593944565e+00, 1.194360146557802e-02, 1.591794176998847e-12, 8.906812803082930e+00, -1.893301820461568e+00, -1.113664050675005e+05, 3.675884727792664e-04
840, 4.521320169272160e-02, 9.852881661155644e-04, 1.292365205377236e-01, 9.765983919728829e-04, 1.302004476096607e-13, 3.037173199999684e+01, 1.131166921556598e+00, 1.455868972648734e+05, 8.754130903665913e+02
841, 2.681180547084486e-02, 1.019365888219803e-03, 1.598833346808164e+00, 1.208186408167594e-02, 1.610279719576096e-12, 5.728967071284126e+01, -3.734391250658652e+00, -1.145699433105890e+05, 3.718378492029542e-04
842, 2.882242664389576e-02, 9.681043958183944e-04, 1.593084532711534e+00, 1.203842216155031e-02, 1.604531613508603e-12, 7.109848524338199e+01, -4.033115910619372e+00, -1.142913308849410e+05, 3.704996562783285e-04
843, 3.598197181590940e-02, 3.724993999599629e-03, 7.179777791048538e-01, 5.425524779130846e-03, 7.232426460599289e-13, 1.395037110114290e+01, 2.432821753318344e+01, 5.029362154359752e+04, 2.379480692311780e-02
844, 3.320346143236669e-02, 9.833138804167480e-04, 1.580399707050246e+00, 1.194256705579773e-02, 1.591725062275595e-12, 7.537456851531664e+01, 9.750381014332858e-01, -1.137310999620068e+05, 3.675491129757194e-04
845, 3.785376074849473e-02, 3.840960697122981e-03, 5.551042796410710e-01, 4.194742667310587e-03, 5.615146918956838e-13, 1.608358252556619e+01, 2.407534952188066e+01, 7.454412172832155e+04, 9.961615171417101e-01
846, 3.439477198430892e-02, 3.617516518104767e-03, 1.519477694603122e+00, 1.148219920355357e-02, 1.529524881720831e-12, 6.293622008438455e+00, 2.497668145415308e+00, -1.061755377736722e+05, 4.770928172031016e-04
847, 2.069330384238419e-02, 2.832762422992214e-03, 1.595183725586919e+00, 1.205428508000334e-02, 1.606662329942598e-12, 1.058971718673482e+01, -7.535918134620491e+00, -1.125931451294803e+05, 3.709952754416162e-04
848, 4.289640933004054e-02, 1.020620809327391e-03, 1.578372931385453e-01, 1.192725137067354e-03, 1.589610126721588e-13, 3.515417089126669e+01, 1.197155605295792e+00, 1.416860026668322e+05, 3.243198529218553e+02
849, 2.783089740412156e-02, 3.498391861008978e-03, 1.570040344283718e+00, 1.186428471751136e-02, 1.581233183703370e-12, 1.191321201370046e+01, -2.051599545760259e+00, -1.105487929417407e+05, 3.651469733084613e-04
850, 2.180436489289134e-02, 1.371818201729269e-03, 1.584606587336924e+00, 1.197435708315248e-02, 1.596056185403934e-12, 1.800891867977039e+00, -3.220409012631730e+00, -1.118279574329849e+05, 3.685354800203964e-04
851, 3.230964311258482e-02, 3.509141412749370e-03, 1.545128978122195e+00, 1.167603761805424e-02, 1.556194575392822e-12, 1.065022423150702e+01, 8.663970175603876e-01, -1.085445636704615e+05, 3.593557105004753e-04
852, 4.875131889801182e-02, 1.028487645717580e-03, 1.039770252485955e-01, 7.857205938182892e-04, 1.047119087104120e-13, 2.283240774906125e+01, 9.282640134962299e-01, 1.494764433260366e+05, 2.265349253984175e+03
853, 5.480749039345341e-02, 4.953152918384301e-03, 4.088415663714941e-01, 3.089482869312891e-03, 4.070457494284300e-13, 2.997201421105478e+00, 2.391715451457971e+01, 9.230284113679394e+04, 1.751097622125338e+03
854, 4.087248700381713e-02, 1.040276945954833e-03, 1.997111113878229e-01, 1.509151975223241e-03, 2.010822467894583e-13, 3.951251167872231e+01, 1.147813411307811e+00, 1.360538672261048e+05, 8.983542248167750e+01
855, 5.295535383727770e-02, 4.831664748316124e-03, 4.073371403057359e-01, 3.078114410371376e-03, 4.103442884656933e-13, 4.363566707396075e+00, 2.388246155831860e+01, 9.191631368520406e+04, 1.491646991651961e+03
856, 3.047347455581505e-02, 3.378252112894797e-03, 1.548576038300763e+00, 1.170208593174601e-02, 1.559673503399326e-12, 1.265426917384682e+01, 5.276070414214746e-01, -1.087383334563836e+05, 3.601558324002065e-04
857, 3.129233855338698e-02, 9.716505475103894e-04, 1.584389338893579e+00, 1.197271540725854e-02, 1.595764729830858e-12, 7.737033117066520e+01, 7.118569264249519e-02, -1.138962255086708e+05, 3.684768839556069e-04
858, 2.041531975878886e-02, 3.074708418635452e-03, 1.601463908340391e+00, 1.210174238040729e-02, 1.613000832377857e-12, 1.419663395471720e+01, -7.992738783404299e+00, -1.130622346274528e+05, 3.724558026053190e-04
859, 2.855083291287961e-02, 3.367390150179921e-03, 1.564740690053896e+00, 1.182423695255052e-02, 1.575916426183437e-12, 1.328832192513560e+01, -2.252428557160920e+00, -1.100586631809638e+05, 3.639147546348310e-04
860, 2.010137799325375e-02, 3.263770484921738e-03, 1.608736589358824e+00, 1.215669966770015e-02, 1.620386994678702e-12, 1.532855662881794e+01, -8.248725388641597e+00, -1.135162081992177e+05, 3.741472929139968e-04
861, 1.978034162523108e-02, 3.442836240797632e-03, 1.617037255594053e+00, 1.221942510524610e-02, 1.628603975029833e-12, 1.789050495887485e+01, -7.710585531255732e+00, -1.141195354167165e+05, 3.760778080481623e-04
862, 3.682854842904380e-02, 3.789580492172324e-03, 6.347431301382458e-01, 4.796547582908183e-03, 6.405098921036719e-13, 1.521885248561474e+01, 2.548226521065931e+01, 6.320889332522915e+04, 1.567485244235842e-01
863, 1.942114164811515e-02, 3.591702459267500e-03, 1.626248498242096e+00, 1.228903147286377e-02, 1.637679894986906e-12, 1.756223502637902e+01, -5.843898928613032e+00, -1.147906626404201e+05, 3.782202027377890e-04
864, 2.219030243153261e-02, 4.438222505011483e-03, 1.590408704548630e+00, 1.201820179759829e-02, 1.601751092017668e-12, 1.144165036947329e+01, -2.878219404327185e+00, -1.119143853011347e+05, 3.698847463342876e-04
865, 3.469200715007674e-02, 9.756379007917475e-04, 1.589623557411340e+00, 1.201226869580674e-02, 1.600356970820983e-12, 6.040239651108469e+01, 1.158461006133512e+01, -1.184747927564775e+05, 3.697309156907283e-04
866, 3.067450112824080e-02, 9.692793555889039e-04, 1.585810213171684e+00, 1.198345249248351e-02, 1.597185709665117e-12, 7.790244793415401e+01, -7.736758186418713e-01, -1.138988172478868e+05, 3.688074738286140e-04
867, 4.950436739848804e-02, 4.591601531390864e-03, 3.961283315369254e-01, 2.993413084656573e-03, 4.033854328873657e-13, 6.318838644176322e+00, 2.232792861134609e+01, 9.494557412649755e+04, 9.106582248806177e+02
868, 2.739052651244881e-02, 9.510883906583116e-04, 1.596312163307648e+00, 1.206281231718846e-02, 1.607758934204653e-12, 6.103534831103106e+01, -3.223385682869860e+00, -1.143331401807675e+05, 3.712512168716873e-04
869, 4.131332992913958e-02, 4.051813951781719e-03, 4.310833793514721e-01, 3.257557022808292e-03, 4.338644889957540e-13, 1.281316566051370e+01, 2.298288240934295e+01, 9.124100571459044e+04, 3.629202458896201e+01
870, 5.262420819692748e-02, 9.651697175841400e-04, 8.948581570393258e-02, 6.762152320196964e-04, 9.023842607833372e-14, 1.635165105995657e+01, 7.842032806522758e-01, 1.523833222838298e+05, 3.888940698535723e+03
871, 2.264068711341043e-02, 9.244401645878144e-04, 1.588674181544459e+00, 1.200509457086714e-02, 1.600082933875657e-12, 1.182684426216390e+01, -6.676374875791867e+00, -1.118962053395927e+05, 3.694802166420091e-04
872, 2.684329129144438e-02, 3.641526292816263e-03, 1.574448430613892e+00, 1.189759519355789e-02, 1.585712271661759e-12, 1.168993433456160e+01, -2.105338070290693e+00, -1.108457163636179e+05, 3.661721236055753e-04
873, 4.602815334530420e-02, 4.371129906234809e-03, 3.899091862090249e-01, 2.946417024245153e-03, 3.961119029893409e-13, 8.306682275420799e+00, 2.194161121002072e+01, 9.536546997422889e+04, 3.656644625733811e+02
874, 5.976181822888824e-02, 5.098132973892658e-03, 3.292560028546664e-01, 2.488080626110911e-03, 3.283738068292406e-13, 2.179159553455459e+00, 1.884164908122833e+01, 1.064710587229324e+05, 2.156920663610278e+03
875, 5.798198305686453e-02, 5.154806987850121e-03, 4.267258466186256e-01, 3.224628563874692e-03, 4.256000202857939e-13, 7.726686999264124e-01, 2.524976243016616e+01, 8.934410524179370e+04, 2.036871789582085e+03
876, 3.523137966698209e-02, 3.687338390371294e-03, 9.981307897357017e-01, 7.542550048379850e-03, 1.007341309824189e-12, -1.372744941496900e+01, 2.075773981629003e+01, 5.665434069259105e+03, 2.363856571854574e-03
877, 5.135392358883154e-02, 4.699161631078313e-03, 3.908677985134409e-01, 2.953660945941470e-03, 3.970248852948992e-13, 5.319044169038061e+00, 2.263415346925688e+01, 9.465032557001166e+04, 1.280197191647989e+03
878, 4.318713365633820e-02, 4.171839262607344e-03, 3.972912022550505e-01, 3.002200520821360e-03, 3.987047194115064e-13, 1.163615719470026e+01, 2.251770893987856e+01, 9.619082700840486e+04, 1.123139852960651e+02
879, 5.447072587772203e-02, 9.327664819851193e-04, 8.531597545819276e-02, 6.447051042180625e-04, 8.608671157525167e-14, 1.346163206401160e+01, 8.119246259913535e-01, 1.532208103795619e+05, 4.496598557740452e+03
880, 3.339353769616946e-02, 3.540409061130996e-03, 1.542141963903648e+00, 1.165346572219623e-02, 1.553189783603042e-12, 1.317807977258358e+01, 1.009002388504430e+00, -1.081669481515840e+05, 3.592203675675787e-04
881, 4.793074682194867e-02, 4.469760113797406e-03, 3.763145061210961e-01, 2.843686444239668e-03, 3.797759276178355e-13, 8.265636975632733e+00, 2.169295767559820e+01, 9.814212336812567e+04, 6.453577879396713e+02
882, 3.151418129549972e-02, 3.423201252066751e-03, 1.545206251181323e+00, 1.167662154545319e-02, 1.556239129264379e-12, 1.278738329581581e+01, 5.135329695904476e-01, -1.084303829854587e+05, 3.593718685337296e-04
883, 2.143215158235692e-02, 4.506356101892474e-03, 1.598447515356122e+00, 1.207894847876299e-02, 1.609917225508217e-12, 1.832438654665519e+01, -5.044496172082141e+00, -1.124444762835001e+05, 3.717541823751710e-04
884, 2.959710287958076e-02, 3.211742414915768e-03, 1.553206857339160e+00, 1.173707952649449e-02, 1.564355980372365e-12, 2.015039857975774e+01, 1.175135197661218e-01, -1.089646808507028e+05, 3.612329746432017e-04
885, 1.911456402506649e-02, 3.736923571132164e-03, 1.632569884745207e+00, 1.233680013661508e-02, 1.644127319947119e-12, 2.268766434009450e+01, -7.946152206633941e+00, -1.151794698830940e+05, 3.796902819779014e-04
886, 1.719780244867372e-02, 4.085727347063412e-03, 1.696428655090676e+00, 1.281936011403637e-02, 1.708625303214899e-12, 1.832941093341644e+01, -6.617113896668080e-01, -1.195329418995562e+05, 3.945422715295187e-04
887, 1.875576997485554e-02, 3.858711007498805e-03, 1.642938233608490e+00, 1.241515037991431e-02, 1.654635598364916e-12, 2.102231545693507e+01, -5.464208734259327e+00, -1.158566798878990e+05, 3.821016881245842e-04
888, 2.073126227444651e-02, 4.660512936236572e-03, 1.605249923586994e+00, 1.213035206740927e-02, 1.616814336265135e-12, 1.968011956657729e+01, -5.812395651178567e+00, -1.126932092414111e+05, 3.733363136315927e-04
889, 1.757068748156452e-02, 4.083044713204643e-03, 1.683638093888616e+00, 1.272270599915937e-02, 1.695718641311168e-12, 2.228554452389687e+01, -1.409597779808144e+00, -1.186481851890062e+05, 3.915674449588555e-04
890, 1.840410838751742e-02, 3.945371848393162e-03, 1.656719032838911e+00, 1.251928740180660e-02, 1.668551685813842e-12, 2.019376179383413e+01, -3.204640450239135e+00, -1.168523485782842e+05, 3.853067813153082e-04
891, 1.792058389717523e-02, 4.034001378228380e-03, 1.672262588989040e+00, 1.263674500495615e-02, 1.684175937706969e-12, 2.249972451637042e+01, -2.575061070015797e+00, -1.178913854138646e+05, 3.889218052598049e-04
892, 1.677002276635821e-02, 4.133871407849625e-03, 1.707191362627464e+00, 1.290069039768976e-02, 1.719381058821281e-12, 2.076326198015877e+01, -3.168243841303114e-02, -1.202271993628046e+05, 3.970453085604065e-04
893, 1.627241124599622e-02, 4.224014040812684e-03, 1.722000217040675e+00, 1.301259609854505e-02, 1.734416267247884e-12, 2.863459739771531e+01, -9.606889640407034e-01, -1.213230655348186e+05, 4.004892563864706e-04
894, 1.569193344814981e-02, 4.241651134482021e-03, 1.736068835760674e+00, 1.311890807879696e-02, 1.748527248484119e-12, 2.234459799846145e+01, -4.947272533705261e-01, -1.222806301860736e+05, 4.037613685088083e-04
895, 1.437016940246096e-02, 5.714721958401059e-03, 1.765942421648385e+00, 1.334465306031621e-02, 1.778573941605807e-12, 1.884738257578882e+01, -2.901529822413911e+00, -1.242912407625460e+05, 4.107094636088520e-04
896, 1.998801906158908e-02, 4.783947214941805e-03, 1.621642677304888e+00, 1.225422678064269e-02, 1.633315383508683e-12, 2.207647772042125e+01, -5.626472609526704e+00, -1.139725460834469e+05, 3.771488137456022e-04
897, 1.495138077458897e-02, 4.283437753156108e-03, 1.753993921562397e+00, 1.325436212767639e-02, 1.766640301300147e-12, 2.419700527777005e+01, 9.421148471916481e-01, -1.237494644933111e+05, 4.079302464708394e-04
898, 4.698854522338989e-02, 1.010630136145176e-03, 1.143546424826982e-01, 8.641408751843477e-04, 1.151292486079401e-13, 2.623724548490812e+01, 1.082388671973447e+00, 1.476930681862643e+05, 1.520338586642808e+03
899, 5.695790218405683e-02, 9.957635039972779e-04, 8.203871389362391e-02, 6.199399034783816e-04, 8.263002965463931e-14, 9.555170310433917e+00, 7.597817478454550e-01, 1.538520817357099e+05, 5.028557117106491e+03
900, 4.468731809855336e-02, 9.796212430114924e-04, 1.342729297588356e-01, 1.014656899941121e-03, 1.351724327302819e-13, 3.148469751356773e+01, 1.101026844498326e+00, 1.448176746091887e+05, 7.274885501727194e+02
901, 1.926431194156676e-02, 4.904689517797468e-03, 1.639665391255180e+00, 1.239041857371801e-02, 1.651375584841105e-12, 2.634525015101365e+01, -6.887245750726960e+00, -1.153508557127732e+05, 3.813403694975599e-04
902, 1.389685960993739e-02, 4.376060786161328e-03, 1.772550265572576e+00, 1.339458638971795e-02, 1.785318069454890e-12, 2.650186921380929e+01, 8.298067765314913e-02, -1.252250802190666e+05, 4.122459239928696e-04
903, 1.730393202636032e-02, 5.226057602876848e-03, 1.698877126669557e+00, 1.283786241815897e-02, 1.711040852181016e-12, 2.815063006702601e+01, -5.809913290187978e+00, -1.198785405831268e+05, 3.951114115397150e-04
904, 1.828761977602412e-02, 5.075122243772670e-03, 1.667522550429037e+00, 1.260092607377232e-02, 1.679378177394431e-12, 2.700996845031874e+01, -5.834609979161234e+00, -1.174274862729828e+05, 3.878192017907890e-04
905, 6.110799587984788e-02, 4.828601994068364e-03, 2.932180393928127e-01, 2.215753446292542e-03, 2.963775609787959e-13, 2.517351997040685e+00, 1.564566942750357e+01, 1.124039013494318e+05, 2.282175531366218e+03
906, 2.217839091024499e-02, 8.800096363029693e-04, 1.584968893517712e+00, 1.197709491323446e-02, 1.596341129272176e-12, 2.849218569558157e+00, -3.401854474716353e+00, -1.117083070501664e+05, 3.686194180686744e-04
907, 2.941043232768263e-02, 9.501274979459886e-04, 1.589829577235221e+00, 1.201382552067143e-02, 1.601219219977179e-12, 7.511814624882706e+01, -2.656037772816446e+00, -1.140106478108754e+05, 3.697425348629249e-04
908, 3.971206542753784e-02, 4.000436999459661e-03, 5.035056572950534e-01, 3.804828644547299e-03, 5.074332422766107e-13, 1.404790361047697e+01, 2.635608085267317e+01, 7.892425517963195e+04, 8.248648043381557e+00
909, 2.542730184220186e-02, 9.397191165127374e-04, 1.598155680521524e+00, 1.207674317774663e-02, 1.609619158073632e-12, 4.724192671407044e+01, -4.343641615047741e+00, -1.140217865188816e+05, 3.716816254705269e-04
910, 3.514467918810295e-02, 1.014609278967993e-03, 1.298938698807894e+00, 9.815657673615964e-03, 1.305993572473959e-12, 5.775543347188194e+00, 1.577844024401474e+01, -5.859708963900116e+04, 3.013886764386152e-04
911, 3.254927482575452e-02, 9.651437900853462e-04, 1.582443314895224e+00, 1.195800993623830e-02, 1.593811592533362e-12, 7.526115034475374e+01, -1.237972149750355e-01, -1.139498448065145e+05, 3.680238506277374e-04
912, 2.151170004754919e-02, 1.919341013506573e-03, 1.586373444273734e+00, 1.198770864690647e-02, 1.597825028747556e-12, 4.065099090826472e+00, -5.067080043012340e+00, -1.119992012965053e+05, 3.689462860927289e-04
913, 5.853043776159334e-02, 9.406498098160736e-04, 8.151374775891294e-02, 6.159729049792646e-04, 8.209974075936856e-14, 7.097732061476470e+00, 7.582752422457177e-01, 1.539355316657040e+05, 5.138985344878020e+03
914, 2.121688036313567e-02, 2.313186316762854e-03, 1.589407143179023e+00, 1.201063332377245e-02, 1.600888205076287e-12, 6.561135065598060e+00, -6.499888312150665e+00, -1.122238241317374e+05, 3.696517995374937e-04
915, 7.662146158708248e-02, 8.359714552118564e-04, 1.140410525951902e+00, 8.617711783016466e-03, 1.148702870209625e-12, -2.222342769766482e+01, -4.442699440719235e-03, -5.027448760779307e+04, 2.749822021364112e-04
916, 3.841343783581875e-02, 3.888857451349394e-03, 5.360805304750405e-01, 4.050986376384525e-03, 5.413471406073694e-13, 1.478507863504737e+01, 2.520641683272719e+01, 7.665115472449435e+04, 2.086895670589588e+00
917, 7.370144103465995e-02, 7.407457819485002e-04, 9.606468847187133e-01, 7.259296358079886e-03, 9.675979073072681e-13, -1.992889523255749e+01, 4.547764502303604e-01, -1.681174392634652e+04, 2.867603063123845e-04
918, 7.069315857067583e-02, 7.805312363289043e-04, 7.665277969449988e-01, 5.792401488252664e-03, 7.719363076261462e-13, -1.283236199601309e+01, 9.972833061502535e-01, 1.897836478402884e+04, 2.811830099309875e-01
919, 6.793379138245272e-02, 8.359714552069829e-04, 5.575870307093493e-01, 4.213504010400455e-03, 5.615595086179295e-13, -1.882257559997561e+00, 2.303958183149978e+00, 5.716726675862852e+04, 1.609547322947669e+02
920, 6.483933084826979e-02, 8.612610118397995e-04, 1.958478947811214e-01, 1.479958902630374e-03, 1.961770450774262e-13, 3.318021558723738e+00, 1.478089051600457e+00, 1.302522456445056e+05, 2.363060762483511e+03
921, 2.087346763792516e-02, 2.667675556321647e-03, 1.592765077372702e+00, 1.203600814135688e-02, 1.604253804777344e-12, 8.564822864739071e+00, -6.800314496678407e+00, -1.124421779030374e+05, 3.704327836601716e-04
922, 6.302148171209443e-02, 4.699289452763930e-03, 3.438027793439878e-01, 2.598005889247387e-03, 3.485542106877530e-13, 2.374924512584183e+00, 1.548970223770044e+01, 1.018270750752267e+05, 1.724363834254695e+03
923, 4.446385394157053e-02, 4.269167714106426e-03, 4.015414206162908e-01, 3.034318039925018e-03, 4.021452847725209e-13, 1.069493734345638e+01, 2.282970688747673e+01, 9.408863809584662e+04, 1.967020523945725e+02
924, 5.639762572993001e-02, 5.040091744312702e-03, 4.055408812760999e-01, 3.064540664563882e-03, 4.021155999015970e-13, 1.622243795539162e+00, 2.344880582968760e+01, 9.290290414934121e+04, 2.009402083762330e+03
925, 1.816468160618450e-02, 3.992197699752130e-03, 1.664721220204547e+00, 1.257975733152188e-02, 1.676485283824756e-12, 2.024735679442237e+01, -2.905849260675589e+00, -1.174431970026298e+05, 3.871678903010272e-04
926, 2.648817444864483e-02, 9.353917457353290e-04, 1.596839635418332e+00, 1.206679825253366e-02, 1.608275948368588e-12, 5.573844849663705e+01, -3.542187755853692e+00, -1.140843098870552e+05, 3.713746130793879e-04
927, 2.191023367696990e-02, 1.150877546875156e-03, 1.584488562443579e+00, 1.197346520738433e-02, 1.595909186727712e-12, 1.457051570398314e+00, -2.469909885071632e+00, -1.118055903252583e+05, 3.685080343173795e-04
928, 4.245523607012495e-02, 9.255622831800057e-04, 1.654194546719601e-01, 1.250021068050327e-03, 1.666132148953780e-13, 3.667106356403860e+01, 1.075794803004694e+00, 1.406330655397858e+05, 2.546415256996166e+02
929, 4.043940412735984e-02, 9.344357460698077e-04, 2.132253402986989e-01, 1.611274611829303e-03, 2.147357103265850e-13, 4.101548976382070e+01, 1.010800536570476e+00, 1.339894809106970e+05, 6.171653832495690e+01
930, 1.608515381011609e-02, 5.434195244354154e-03, 1.729388515806095e+00, 1.306842707158373e-02, 1.741665571824077e-12, 2.332083704290534e+01, -4.210690782266602e+00, -1.220030610769077e+05, 4.022076805218426e-04
931, 5.040435234306699e-02, 9.170945953550309e-04, 9.645295554275991e-02, 7.288636439000826e-04, 9.718232651613539e-14, 2.017861038164056e+01, 8.336232943560945e-01, 1.509882413818759e+05, 3.006617687465880e+03
932, 5.560155749813692e-02, 9.162174753197061e-04, 8.343486690291858e-02, 6.304901781077380e-04, 8.409876647621334e-14, 1.172809402557410e+01, 8.403992347239778e-01, 1.536630883752799e+05, 4.790970855225689e+03
933, 4.561477499438860e-02, 9.105238836443942e-04, 1.256780941872629e-01, 9.497085203068918e-04, 1.266319118980076e-13, 2.984736195406148e+01, 1.141554153420814e+00, 1.461070283745702e+05, 1.002418882888991e+03
934, 2.367639116244408e-02, 9.074762531612410e-04, 1.594404489656402e+00, 1.204839664727978e-02, 1.605800295838036e-12, 2.713864869301367e+01, -7.548405963912314e+00, -1.129652812848838e+05, 3.708113291411890e-04
935, 3.769486035022050e-02, 9.115753189893711e-04, 3.640317300693560e-01, 2.750869496746182e-03, 3.667876164710651e-13, 4.511546411407627e+01, 9.554832987389287e-01, 1.105510808272770e+05, 1.609298894865204e+00
936, 3.630585760863417e-02, 9.023086175821164e-04, 5.791433998431513e-01, 4.376398487480548e-03, 5.833483255732933e-13, 4.282591827353139e+01, 1.205231196089160e+00, 7.335699592317085e+04, 3.495223571663354e-02
937, 3.282273106522011e-02, 3.521467905763379e-03, 1.542573752995904e+00, 1.165672861206215e-02, 1.553602702291159e-12, 1.137136245481247e+01, 6.394576020529691e-01, -1.082481314155924e+05, 3.587898967424106e-04
938, 4.802120797524857e-02, 9.019113599293468e-04, 1.078880096050972e-01, 8.152746317767060e-04, 1.086750680016144e-13, 2.462789286824530e+01, 9.834384873077955e-01, 1.489094349612464e+05, 1.954531630991676e+03
939, 4.194906696182346e-02, 9.029243943800933e-04, 1.756801617150617e-01, 1.327557897091383e-03, 1.769755983656133e-13, 3.805303817150995e+01, 1.110875126736268e+00, 1.391801876609718e+05, 1.842330532560370e+02
940, 4.397068571932262e-02, 9.020669103775741e-04, 1.432229025747148e-01, 1.082288936333029e-03, 1.442924760237462e-13, 3.353039776282191e+01, 1.033444412992383e+00, 1.436622625044273e+05, 5.353842201627309e+02
941, 5.800023327384103e-02, 8.945391686530007e-04, 8.124017332386774e-02, 6.139055918680524e-04, 8.186529597842885e-14, 8.019034008138670e+00, 8.072551191055168e-01, 1.541033938142442e+05, 5.148005045119157e+03
942, 3.201246641008085e-02, 9.039350259991991e-04, 1.581772176052943e+00, 1.195293835808504e-02, 1.593126466504822e-12, 7.771694446010915e+01, 6.555462361133800e-01, -1.135596001086377e+05, 3.678678731768094e-04
943, 4.991091892506021e-02, 9.092246539347150e-04, 9.853841220039206e-02, 7.446227622196877e-04, 9.930601460489995e-14, 2.112374976350969e+01, 9.327691162159734e-01, 1.505592007700394e+05, 2.784006045050711e+03
944, 4.610266975204414e-02, 9.011413436506154e-04, 1.212950327578219e-01, 9.165871493036189e-04, 1.221584476016621e-13, 2.868332435554503e+01, 1.131535146145586e+00, 1.467197428614509e+05, 1.180164344661834e+03
945, 5.383361690842901e-02, 9.021453094837411e-04, 8.656061620729676e-02, 6.541104499291592e-04, 8.735821229511833e-14, 1.460218590067946e+01, 8.154307343273002e-01, 1.530280906041729e+05, 4.307661553773868e+03
946, 5.193899351606214e-02, 8.898545474260845e-04, 9.124764163109708e-02, 6.895287780688156e-04, 9.199553206362528e-14, 1.767568521773392e+01, 8.540219793780133e-01, 1.520505736379092e+05, 3.640344889557119e+03
947, 3.817441175369014e-02, 9.047021824273583e-04, 3.232422343936894e-01, 2.442636531942731e-03, 3.255897985221597e-13, 4.501488608873124e+01, 7.769214966548585e-01, 1.170797833409375e+05, 3.985494865109825e+00
948, 3.396495887011761e-02, 9.058479595471224e-04, 1.579147066437240e+00, 1.193310125771458e-02, 1.590468889257389e-12, 7.393183473548392e+01, 2.759021840464069e+00, -1.136070127096490e+05, 3.672621266305813e-04
949, 5.609610433768134e-02, 9.039222111402670e-04, 8.273535238302403e-02, 6.252041741790939e-04, 8.336978092806091e-14, 1.091164199840449e+01, 7.625375817326080e-01, 1.538833756870825e+05, 4.904586114542325e+03
950, 2.805989127305052e-02, 9.073136817889100e-04, 1.593100368223952e+00, 1.203854182537212e-02, 1.604532113151115e-12, 6.591258489243404e+01, -3.088013133499581e+00, -1.140169546429983e+05, 3.705039019599884e-04
951, 3.994345046478766e-02, 9.057753033884973e-04, 2.310274427893590e-01, 1.745799315788849e-03, 2.327756200445970e-13, 4.233393900801840e+01, 1.019883522497657e+00, 1.313402742568077e+05, 3.763806975999402e+01
952, 2.997398818662027e-02, 9.040141289426967e-04, 1.586504002570053e+00, 1.198869523352910e-02, 1.597888364548826e-12, 7.802823598834253e+01, -1.523343679419306e+00, -1.137083626906478e+05, 3.689689718079409e-04
953, 3.582373002322289e-02, 9.039220436754776e-04, 7.392801595685619e-01, 5.586499946363342e-03, 7.445486535406092e-13, 4.000404731768850e+01, 1.613445793963185e+00, 4.495260964187754e+04, 2.994597645344402e-03
954, 2.416049056917784e-02, 9.039220436754806e-04, 1.595247338502674e+00, 1.205476578213829e-02, 1.606635944890396e-12, 3.399159347644524e+01, -6.581489583939450e+00, -1.132214494821728e+05, 3.710067208762990e-04
955, 2.596694711377597e-02, 9.177277612686778e-04, 1.596624841335446e+00, 1.206517512344384e-02, 1.608086034548085e-12, 5.175810783132675e+01, -3.902278710640721e+00, -1.139507582836732e+05, 3.713251778259648e-04
956, 5.529948233628508e-02, 4.980408459299581e-03, 4.113942281333308e-01, 3.108772504791667e-03, 4.103357730482517e-13, 2.883342789696040e+00, 2.392061026720490e+01, 9.187503480131659e+04, 1.842359426684439e+03
957, 5.003536711494603e-02, 4.643655680075373e-03, 4.061692694769567e-01, 3.069289190000480e-03, 4.110208609632004e-13, 5.539135794709437e+00, 2.380640993558630e+01, 9.279502654820780e+04, 9.619921713715537e+02
958, 4.661962206524113e-02, 4.418350520451761e-03, 3.940611127213278e-01, 2.977791783787989e-03, 3.975488488387126e-13, 7.223501414642094e+00, 2.262753165672025e+01, 9.458656536624600e+04, 4.272572144311952e+02
959, 3.732510503842842e-02, 3.820472260822468e-03, 5.955800870978496e-01, 4.500605192175057e-03, 6.007929644315753e-13, 1.546766175748482e+01, 2.497764650723483e+01, 6.818916167861401e+04, 4.100786827380267e-01
960, 3.096681162367636e-02, 3.413271707030109e-03, 1.546769551917981e+00, 1.168843490114572e-02, 1.557819096927298e-12, 1.146437252262742e+01, 6.375624148757605e-01, -1.086633026863011e+05, 3.597356040240765e-04
961, 4.184363887019333e-02, 4.112549947568492e-03, 4.470089753316557e-01, 3.377901576811787e-03, 4.520605091038377e-13, 1.120539346659105e+01, 2.448222074776863e+01, 8.806157960717585e+04, 4.893734926909529e+01
962, 1.486481367035591e-02, 5.645335627081008e-03, 1.756331118289448e+00, 1.327202356390111e-02, 1.768886538698366e-12, 1.920181462943724e+01, -3.510410174281332e+00, -1.236593865111344e+05, 4.084740511202070e-04
963, 1.657089179495363e-02, 5.367012356723934e-03, 1.716004387207038e+00, 1.296728756075976e-02, 1.728116078250630e-12, 2.276857086256436e+01, -4.676749517630188e+00, -1.210621612480293e+05, 3.990948786826494e-04
964, 1.560554410935845e-02, 5.532513671021600e-03, 1.740976032614396e+00, 1.315599017089077e-02, 1.753386448311372e-12, 2.076879497384942e+01, -3.810735238062636e+00, -1.226523561790969e+05, 4.049027556881309e-04
965, 2.539220123557332e-02, 3.899541145311334e-03, 1.579030260200001e+00, 1.193221859093403e-02, 1.590257625283732e-12, 8.857278995592321e+00, -1.597279582545997e+00, -1.112683912450878e+05, 3.672380818428519e-04
966, 2.635124750139471e-02, 3.715659413528565e-03, 1.577036758966764e+00, 1.191715434987684e-02, 1.588282716417609e-12, 1.100803547395964e+01, -2.000327748035128e+00, -1.111018627713709e+05, 3.667741613445703e-04
967, 2.342627534242239e-02, 4.227064146309514e-03, 1.584249269694359e+00, 1.197165694983306e-02, 1.595628688487306e-12, 1.030856248396443e+01, -2.160531570050241e+00, -1.115169407498645e+05, 3.684521033090953e-04
968, 2.733264141528693e-02, 3.562334176243026e-03, 1.572743582607653e+00, 1.188471221114302e-02, 1.583996698811693e-12, 1.251870620971866e+01, -2.241368293935188e+00, -1.107310190638911e+05, 3.657755661778262e-04
969, 2.438338359786177e-02, 4.060014328262445e-03, 1.581880649598967e+00, 1.195375805742471e-02, 1.593214738660668e-12, 9.928879233169765e+00, -2.108353461710060e+00, -1.114139086638531e+05, 3.679010932328008e-04
970, 1.779957657676543e-02, 5.162155907834253e-03, 1.682507869316792e+00, 1.271416525932212e-02, 1.694432686221038e-12, 2.564155628404350e+01, -5.247078806091540e+00, -1.185907684510237e+05, 3.913044124588463e-04
971, 1.877752722513994e-02, 4.999274078845400e-03, 1.652380599349005e+00, 1.248650326964116e-02, 1.664135251671187e-12, 2.660114525119847e+01, -6.041161506964644e+00, -1.162732447528198e+05, 3.842976097699715e-04
972, 5.345842509665139e-02, 4.860148697115750e-03, 4.132837338680651e-01, 3.123050885652415e-03, 4.170142330640946e-13, 4.381529904032152e+00, 2.394931219928442e+01, 9.166800899030468e+04, 1.587951601799960e+03
973, 3.389576323041830e-02, 3.603726937501169e-03, 1.541340036075300e+00, 1.164740581417356e-02, 1.552320380603633e-12, 1.217851552628574e+01, 1.179381602434185e+00, -1.083046741887524e+05, 3.655784891464994e-04
974, 7.764662371326196e-02, 4.653595855537811e-03, 1.205321537310050e+00, 9.108223203858640e-03, 1.214354998936993e-12, -7.073938233593262e+00, 7.014550250634415e+00, -6.116307344089966e+04, 2.841708347819627e-04
975, 6.214201124605928e-02, 8.200602393467833e-04, 1.000221617214580e-01, 7.558349752247367e-04, 1.012615267350178e-13, 3.266159444271388e+00, 8.765321694831709e-01, 1.486963730631286e+05, 4.097320942423516e+03
976, 6.686125849870050e-02, 4.657561563048552e-03, 6.384467981632895e-01, 4.824534998715919e-03, 6.446160921067649e-13, 1.160459905598356e+00, 1.769880531637112e+01, 4.231097434655113e+04, 2.807507856248656e+02
977, 6.968643345519265e-02, 4.565209073075285e-03, 8.234100823049573e-01, 6.222242435557424e-03, 8.292992625449394e-13, -3.220690725992212e+00, 1.628240239121901e+01, 7.366295255966167e+03, 4.207846766654280e+00
978, 7.270873867379553e-02, 4.708908888423447e-03, 9.895678950557906e-01, 7.477843035690005e-03, 9.968716034051826e-13, -4.657239761694857e+00, 1.460187331598387e+01, -2.265730476550682e+04, 3.358559087748577e-03
979, 7.551508832336383e-02, 4.681036450840115e-03, 1.110340791168190e+00, 8.390484568026471e-03, 1.118050737496577e-12, -6.871139431133243e+00, 1.100099185296444e+01, -4.454476841615987e+04, 2.639102266760715e-04
980, 6.503973407602101e-02, 4.617959902847207e-03, 4.690524938876124e-01, 3.544477283786159e-03, 4.734155993548284e-13, 2.884144499052209e+00, 1.734649868254910e+01, 7.531334753873298e+04, 9.521689431177301e+02
981, 2.293991004911061e-02, 9.479906681646519e-04, 1.591551584215523e+00, 1.202683816787775e-02, 1.602910102821901e-12, 1.614122665248573e+01, -7.627025166549480e+00, -1.123138308998739e+05, 3.701488848233522e-04
982, 2.304812160548702e-02, 1.193185137291407e-03, 1.595604401660422e+00, 1.205746399239825e-02, 1.606973426142563e-12, 2.093099190642598e+01, -9.297970687503440e+00, -1.130214069907396e+05, 3.710907935507670e-04
983, 1.382079785427470e-02, 5.759862972127956e-03, 1.772984307488301e+00, 1.339786630343904e-02, 1.785623620295447e-12, 1.795342628789263e+01, -4.194963864266259e-01, -1.245712548830251e+05, 4.123473466910489e-04
984, 7.920614337986656e-02, 2.291666666660721e-03, 1.297305730525366e+00, 9.803317862917178e-03, 1.306797504928963e-12, -1.985586123067025e+01, -5.060038247161426e-01, -7.947969176594926e+04, 3.116310321541776e-04
985, 1.297010961887752e-02, 4.401868018919894e-03, 1.793657783349751e+00, 1.355408904294594e-02, 1.806564415533758e-12, 2.585433518410107e+01, 1.357389960402351e+00, -1.268767853354671e+05, 4.171550744469311e-04
986, 2.477315412060895e-02, 9.741570323862105e-04, 1.598878854399927e+00, 1.208220796775973e-02, 1.610334104320518e-12, 4.188535179005308e+01, -5.297693792902871e+00, -1.138824254850699e+05, 3.718503610863964e-04
987, 2.491357322539811e-02, 1.203421245493163e-03, 1.603452176596171e+00, 1.211676707755485e-02, 1.614970176127364e-12, 4.359104896178511e+01, -5.848174221951608e+00, -1.148335247091093e+05, 3.729133545710935e-04
988, 1.462314626644345e-02, 4.484718783511544e-03, 1.762524533918752e+00, 1.331882519334161e-02, 1.775166954845608e-12, 3.329321192603662e+01, -1.359512852253661e-01, -1.248256252985298e+05, 4.099139627665277e-04
989, 2.334934780941843e-02, 1.183247530012279e-03, 1.597851843099477e+00, 1.207444717707616e-02, 1.609274338624155e-12, 2.500536930590593e+01, -9.625564982550559e+00, -1.134607922647340e+05, 3.716129784309666e-04
990, 2.318269823154159e-02, 1.446317683152688e-03, 1.601249006599237e+00, 1.210011843777954e-02, 1.612667251525098e-12, 2.608109935382924e+01, -1.085774195452427e+01, -1.140724073076070e+05, 3.724028097954654e-04
991, 2.346191520240265e-02, 1.453727040256105e-03, 1.603675668155883e+00, 1.211845593065084e-02, 1.615161061267480e-12, 3.003538265761725e+01, -1.112369503794478e+01, -1.145902693530802e+05, 3.729666922159749e-04
992, 2.331866127310312e-02, 1.715483308224325e-03, 1.608332145113184e+00, 1.215364341395524e-02, 1.619863913147772e-12, 3.153337466597167e+01, -1.230703573555809e+01, -1.153925946610897e+05, 3.740494601694588e-04
993, 2.363461814887935e-02, 1.739877678678913e-03, 1.610005383697697e+00, 1.216628753424122e-02, 1.621541520242383e-12, 3.461028534967252e+01, -1.182709822571092e+01, -1.158365770896181e+05, 3.744381522404579e-04
994, 2.343538773860976e-02, 2.054020923395366e-03, 1.614364301073884e+00, 1.219922645647934e-02, 1.625957237792801e-12, 3.563732003033319e+01, -1.298630278277184e+01, -1.165901831203280e+05, 3.754518751411001e-04
995, 2.381911996533383e-02, 2.063368370923248e-03, 1.614442444468113e+00, 1.219981696071784e-02, 1.626029832162673e-12, 3.771216635059908e+01, -1.178294937497295e+01, -1.167794523309436e+05, 3.754696524167893e-04
996, 2.306646014539581e-02, 2.029484883177208e-03, 1.612461235700247e+00, 1.218484560982720e-02, 1.624003386850484e-12, 3.264167276127441e+01, -1.355084144290523e+01, -1.161081912623391e+05, 3.750097576786356e-04
997, 2.358755599407586e-02, 2.436625666242477e-03, 1.616415501208823e+00, 1.221472670938813e-02, 1.628017707647513e-12, 3.764951237452951e+01, -1.267166129212040e+01, -1.171136657131220e+05, 3.759287789092212e-04
998, 2.404685242201247e-02, 2.443670999382008e-03, 1.613910728006102e+00, 1.219579895218877e-02, 1.625484861952510e-12, 3.847371149991854e+01, -1.089194932713559e+01, -1.168663620486138e+05, 3.753459448359134e-04
999, 2.394138135023192e-02, 1.753462239803914e-03, 1.611124588525674e+00, 1.217474500145518e-02, 1.622670062966573e-12, 3.734906737590777e+01, -1.080073932327593e+01, -1.161501533976777e+05, 3.746980458654608e-04
1000, 2.379797813473555e-02, 2.939349977872061e-03, 1.610969053687250e+00, 1.217356967522002e-02, 1.622531216725792e-12, 3.646309246471868e+01, -1.123382914180471e+01, -1.162564269162220e+05, 3.746625445030937e-04
1001, 2.431179568092344e-02, 2.889391711583643e-03, 1.607639994819969e+00, 1.214841305909450e-02, 1.619199101899579e-12, 3.696082052325887e+01, -9.636359713538120e+00, -1.158461714910986e+05, 3.738880047364008e-04
1002, 2.455714568829901e-02, 2.385085929864205e-03, 1.611625197969865e+00, 1.217852794435827e-02, 1.623190742640994e-12, 3.971564393125073e+01, -9.259932170636313e+00, -1.166148860798549e+05, 3.748140356307736e-04
1003, 2.328629066821371e-02, 2.842764225332046e-03, 1.616365417441734e+00, 1.221434824263425e-02, 1.627971155761730e-12, 3.690444662080344e+01, -1.333619016028391e+01, -1.169763338001558e+05, 3.759176678485872e-04
1004, 2.481026440421542e-02, 2.844499102576004e-03, 1.604955024607391e+00, 1.212812361164433e-02, 1.616506850662047e-12, 3.756371699808483e+01, -8.596139971878278e+00, -1.155104716999949e+05, 3.732633186919846e-04
1005, 2.508873376409068e-02, 2.445731867614940e-03, 1.608519075606283e+00, 1.215505598695086e-02, 1.620086826319938e-12, 4.069806520084013e+01, -8.291049238375839e+00, -1.162250125968110e+05, 3.740914510728597e-04
1006, 2.531672209857336e-02, 2.891826541845077e-03, 1.600615180688637e+00, 1.209532882132631e-02, 1.612139050853961e-12, 3.754977382273585e+01, -8.055095923176511e+00, -1.148755516045011e+05, 3.722540187612445e-04
1007, 2.557769583671464e-02, 2.371163356633226e-03, 1.606325200305708e+00, 1.213847758417578e-02, 1.617863972084222e-12, 4.264218216928594e+01, -7.655232896775273e+00, -1.160180685324926e+05, 3.735809087548447e-04
1008, 2.582904715721351e-02, 2.837422265295936e-03, 1.598357071271954e+00, 1.207826502220786e-02, 1.609864251638223e-12, 3.874556994401961e+01, -7.658690828739602e+00, -1.146295231729378e+05, 3.717286468540359e-04
1009, 2.607504262954798e-02, 2.409169522268570e-03, 1.603020377950872e+00, 1.211350411549949e-02, 1.614537356312929e-12, 4.364661075766393e+01, -7.415824533512433e+00, -1.155948506500604e+05, 3.728121991682814e-04
1010, 2.589809547270547e-02, 1.934679221396228e-03, 1.607735952711400e+00, 1.214913818169998e-02, 1.619263368425775e-12, 4.637179489174034e+01, -6.890371085162290e+00, -1.163230180399699e+05, 3.739084173744119e-04
1011, 2.628493851626634e-02, 2.023777574128346e-03, 1.605200932584926e+00, 1.212998185832614e-02, 1.616709650903289e-12, 4.715901965620597e+01, -6.810188613549062e+00, -1.160398875898668e+05, 3.733187368590347e-04
1012, 2.653686397068471e-02, 2.419070217037074e-03, 1.599961525340736e+00, 1.209038936025919e-02, 1.611460103161438e-12, 4.488404689522164e+01, -7.112888947365960e+00, -1.152014009991227e+05, 3.721006702106505e-04
1013, 2.670726088702802e-02, 1.964504650689718e-03, 1.603666543853596e+00, 1.211838698126327e-02, 1.615156526762093e-12, 4.927802466537889e+01, -6.101689861588299e+00, -1.159084580790866e+05, 3.729616140384622e-04
1014, 2.701941985649715e-02, 2.465681118528199e-03, 1.597087121838672e+00, 1.206866842699424e-02, 1.608585368274963e-12, 4.620102309949473e+01, -6.767789429348299e+00, -1.148339865448239e+05, 3.714320628504439e-04
1015, 2.723557276814512e-02, 1.923074736272484e-03, 1.601485051551932e+00, 1.210190215278724e-02, 1.612959795091159e-12, 5.113645174524538e+01, -5.714892437866423e+00, -1.156757854669633e+05, 3.724540620296483e-04
1016, 2.749825759916339e-02, 2.441071563531886e-03, 1.594841536161291e+00, 1.205169926570423e-02, 1.606331355226036e-12, 4.824833078453891e+01, -6.687761440167668e+00, -1.145900551968919e+05, 3.709096368934186e-04
1017, 2.770592738915198e-02, 1.914701292710716e-03, 1.599054230724035e+00, 1.208353322965454e-02, 1.610511415213542e-12, 5.280592782694949e+01, -6.314111791787398e+00, -1.154121510063428e+05, 3.718886104371349e-04
1018, 2.794642935096278e-02, 2.344245223510702e-03, 1.593607720954002e+00, 1.204237572509505e-02, 1.605076016806685e-12, 5.039889856938876e+01, -7.693888892050675e+00, -1.145211753245678e+05, 3.706228285701307e-04
1019, 2.815605578799136e-02, 1.937591316990877e-03, 1.596504251267808e+00, 1.206426386348660e-02, 1.607958284726448e-12, 5.473350549545618e+01, -7.359177756969547e+00, -1.151159300016910e+05, 3.712958422265118e-04
1020, 2.838240445216134e-02, 2.296765865163459e-03, 1.591540629990476e+00, 1.202675539035811e-02, 1.603000298481058e-12, 5.213025060846682e+01, -8.419367772747567e+00, -1.143253296011089e+05, 3.701457050268832e-04
1021, 2.855704829465445e-02, 1.901978858128554e-03, 1.594599396173909e+00, 1.204986949250001e-02, 1.606040684668580e-12, 5.783845819638482e+01, -7.635821336454199e+00, -1.149771227016548e+05, 3.708539502066535e-04
1022, 2.877704016875542e-02, 2.357345966666318e-03, 1.587997575362169e+00, 1.199998167780168e-02, 1.599434777270348e-12, 5.250780996066082e+01, -7.960111624201843e+00, -1.140734235072439e+05, 3.693233903281087e-04
1023, 2.909207922279301e-02, 1.866752628726002e-03, 1.592430359521212e+00, 1.203347878731590e-02, 1.603881520804100e-12, 6.016347376459333e+01, -6.289558700601617e+00, -1.149355727022953e+05, 3.703502026209948e-04
1024, 2.611853232192820e-02, 1.669313220732039e-03, 1.606691585448341e+00, 1.214124623764674e-02, 1.618198651498470e-12, 4.930839125297628e+01, -6.074960865903941e+00, -1.161501146013134e+05, 3.736653003321143e-04
1025, 2.570022252198050e-02, 1.648731073662906e-03, 1.608463052059372e+00, 1.215463263521119e-02, 1.619998870302941e-12, 4.746642483138007e+01, -6.383192260237271e+00, -1.162363067781812e+05, 3.740775733638714e-04
1026, 2.793936875768618e-02, 1.661434588243889e-03, 1.599476778320661e+00, 1.208672628454096e-02, 1.610933569146040e-12, 5.698241983374393e+01, -5.981445001542016e+00, -1.155187565572081e+05, 3.719865633099921e-04
1027, 2.281462063625730e-02, 1.425443449124664e-03, 1.597321595790771e+00, 1.207044027046117e-02, 1.608726834981354e-12, 2.118334903225186e+01, -1.014126513587366e+01, -1.133452626524756e+05, 3.714901032242425e-04
1028, 2.594478544618160e-02, 1.396517149488113e-03, 1.605187347034500e+00, 1.212987919673622e-02, 1.616691245126592e-12, 5.020631981493374e+01, -5.478029787592218e+00, -1.156277454081835e+05, 3.733157436740453e-04
1029, 2.929056780184861e-02, 2.287608302624715e-03, 1.583875772774869e+00, 1.196883455497581e-02, 1.595252435043899e-12, 5.332503460616871e+01, -5.315892709986603e+00, -1.139368109471985e+05, 3.683635280142579e-04
1030, 2.956971236607129e-02, 1.860871242586766e-03, 1.588021182002489e+00, 1.200016006551200e-02, 1.599419210234277e-12, 6.070966766443969e+01, -3.863469814247835e+00, -1.146643195276486e+05, 3.693250252985747e-04
1031, 2.973910423825507e-02, 2.250662344186226e-03, 1.578711056278074e+00, 1.192980647061723e-02, 1.590004027075927e-12, 5.315449874309691e+01, -2.345994190713534e+00, -1.134854724924547e+05, 3.671616477039706e-04
1032, 2.996290847163632e-02, 1.896968214926941e-03, 1.583983888565915e+00, 1.196965155087799e-02, 1.595329636693093e-12, 5.959912048274446e+01, -1.905749910980887e+00, -1.143492662658672e+05, 3.683861296014068e-04
1033, 3.016512234699290e-02, 2.235718109310855e-03, 1.575632432892583e+00, 1.190654231405183e-02, 1.586902911108461e-12, 5.302743572125549e+01, -1.124080140281266e+00, -1.131497853592805e+05, 3.664451039707051e-04
1034, 3.035713550219859e-02, 1.855639631516327e-03, 1.581897415781472e+00, 1.195388475401825e-02, 1.593214898559878e-12, 5.977460233085629e+01, -1.069240494446782e+00, -1.141013580568656e+05, 3.679004895069807e-04
1035, 3.058046067794622e-02, 2.210984729203831e-03, 1.574484944049774e+00, 1.189787111372832e-02, 1.585760496110277e-12, 5.321545489026627e+01, -4.618866406012676e-01, -1.129756887739381e+05, 3.661777214047160e-04
1036, 3.077495899874072e-02, 1.865626003221584e-03, 1.581231143412107e+00, 1.194884995021951e-02, 1.592573725960156e-12, 5.928662492097284e+01, -1.897636836204417e-01, -1.140454030448773e+05, 3.677452438675504e-04
1037, 3.101546893124230e-02, 2.202225554766570e-03, 1.574888970640511e+00, 1.190092421139128e-02, 1.586220879906830e-12, 5.353882236255221e+01, -2.327941927627727e-01, -1.130786218013059e+05, 3.662712078279209e-04
1038, 3.010166187194553e-02, 1.595746553778007e-03, 1.587334906304995e+00, 1.199497410306248e-02, 1.598732576961074e-12, 6.598905433656680e+01, -1.737668244158453e+00, -1.147197379934454e+05, 3.691639829173346e-04
1039, 3.118258808520923e-02, 1.752537895627324e-03, 1.582119812281157e+00, 1.195556533210152e-02, 1.593471689984048e-12, 6.056957186067303e+01, 2.489614391571950e-01, -1.142409889527951e+05, 3.679512761608047e-04
1040, 3.143422636125544e-02, 2.100290309736393e-03, 1.575555999506528e+00, 1.190596473178945e-02, 1.586861618288557e-12, 5.439328500139247e+01, 2.474846517731613e-01, -1.133202948523212e+05, 3.664257392882750e-04
1041, 3.171596949486714e-02, 1.791172769109007e-03, 1.580116956175339e+00, 1.194043039931203e-02, 1.591434497657973e-12, 5.854907375229507e+01, 3.930216066687658e-01, -1.141208151532461e+05, 3.674853112261436e-04
1042, 3.186467261223466e-02, 2.134780325960894e-03, 1.573710840486075e+00, 1.189202146463245e-02, 1.584996483426970e-12, 5.320192144180997e+01, 4.826773953084266e-01, -1.131712332928983e+05, 3.659964392365979e-04
1043, 3.206987370963178e-02, 1.732139470284124e-03, 1.579447880496957e+00, 1.193537441181803e-02, 1.590723683032852e-12, 5.843824436517984e+01, 3.787169725401253e-01, -1.141323991256980e+05, 3.673294489469584e-04
1044, 3.224594947305083e-02, 2.143502421779540e-03, 1.571906228385556e+00, 1.187838459737415e-02, 1.583153650703087e-12, 5.214966247205292e+01, 2.638575364737695e-01, -1.129289229727099e+05, 3.655770174036845e-04
1045, 3.244202318753342e-02, 1.790646315219434e-03, 1.577238136104874e+00, 1.191867609147485e-02, 1.588509844692825e-12, 5.722417379882221e+01, 2.170467964596810e-01, -1.138216170198326e+05, 3.668160454053958e-04
1046, 3.263041687978858e-02, 2.152589743137262e-03, 1.571499524277982e+00, 1.187531126658644e-02, 1.582775296600489e-12, 5.169398020045075e+01, -2.424051663288155e-01, -1.128969764448239e+05, 3.654857874987257e-04
1047, 3.201786937365493e-02, 2.540144680040575e-03, 1.563768790116626e+00, 1.181689262053080e-02, 1.575010046310974e-12, 4.701976402341824e+01, 7.584223663095570e-01, -1.114593052510637e+05, 3.636855481884887e-04
1048, 3.278785022908685e-02, 1.757729814710191e-03, 1.577283325549315e+00, 1.191901757342279e-02, 1.588578660729413e-12, 5.816073402584752e+01, 9.701650539923808e-02, -1.138261273951102e+05, 3.668285288038895e-04
1049, 3.308737089059614e-02, 2.038150592082303e-03, 1.572339674307489e+00, 1.188166000736364e-02, 1.583595424379531e-12, 5.304303326799758e+01, -3.076112361081241e-01, -1.131303478179119e+05, 3.657023740353726e-04
1050, 3.183658026810148e-02, 1.579575446722367e-03, 1.583127153629043e+00, 1.196317748334506e-02, 1.594490087562642e-12, 6.329342010865494e+01, 3.878011693128687e-01, -1.145006274416325e+05, 3.681845729975402e-04
1051, 3.285250600385073e-02, 2.519479617229719e-03, 1.564423682315943e+00, 1.182184142808234e-02, 1.575688243385996e-12, 4.652470493850345e+01, -7.229152308612207e-01, -1.116813939779924e+05, 3.638596355845038e-04
1052, 3.333280961463539e-02, 2.480973732255345e-03, 1.563244380760554e+00, 1.181292982942706e-02, 1.574485591153972e-12, 4.661854277973383e+01, -2.360974676782699e-01, -1.115598469983759e+05, 3.637491788132264e-04
1053, 3.356581823660394e-02, 2.055867982803009e-03, 1.570320814537325e+00, 1.186640414008283e-02, 1.581571139343537e-12, 5.288563317813917e+01, 4.343402454767033e-02, -1.127787067505453e+05, 3.654019247736403e-04
1054, 3.380317555949557e-02, 2.444664091958054e-03, 1.563372139952742e+00, 1.181389526412875e-02, 1.574625890888552e-12, 4.766094762554841e+01, 2.909293739002619e-01, -1.113676102257587e+05, 3.649158763450853e-04
1055, 3.403541360382103e-02, 1.956315320291292e-03, 1.571579976980847e+00, 1.187591922152004e-02, 1.582861299464709e-12, 5.539677293091462e+01, 1.286869835556543e+00, -1.126809045871105e+05, 3.664323938545161e-04
1056, 3.426006284812734e-02, 2.407452863678911e-03, 1.574399601833930e+00, 1.189722621033415e-02, 1.585825078411707e-12, 4.952525052928770e+01, -1.115718054263913e-01, -1.139454699085659e+05, 3.734454854373872e-04
1057, 3.449147945609077e-02, 2.017129486488467e-03, 1.592665746641086e+00, 1.203525753129493e-02, 1.604357237101897e-12, 5.703514144043034e+01, 5.445481791152827e+00, -1.188080503151517e+05, 3.746446829979678e-04
1058, 3.470457138856662e-02, 2.397219771088893e-03, 1.583197224801969e+00, 1.196370698842958e-02, 1.595271453517466e-12, 3.820086566508346e+01, -9.713432323921991e-01, -1.229669063968051e+05, 3.951771490150288e-04
1059, 3.496820946913599e-02, 1.925815600780903e-03, 1.591253841993407e+00, 1.202458822665214e-02, 1.603405794238098e-12, 2.590641824822462e+01, 7.602644488579896e+00, -1.348468529862692e+05, 3.807800749480477e-04
1060, 3.517753889477199e-02, 2.446580015201462e-03, 1.291263472953706e+00, 9.757658485796742e-03, 1.301903623174887e-12, 4.859398801102231e+00, -4.010270369921396e+00, -5.827275080805524e+04, 1.625726879641998e-04
1061, 3.543019040041091e-02, 1.925790523937847e-03, 1.216274540184419e+00, 9.190991487538070e-03, 1.227865896872833e-12, 6.988396093180516e+00, 8.675830379528911e+00, -4.453269179019414e+04, 2.732657828478128e-04
1062, 3.567317071463058e-02, 2.258779520116422e-03, 9.660811889492266e-01, 7.300361629341074e-03, 9.726517741816959e-13, 1.810202047276620e+01, -1.902263740401220e+00, 3.191200043894625e+03, 1.034373784764752e-03
1063, 3.595932320437578e-02, 1.931643703160140e-03, 7.909461066983020e-01, 5.976922720643782e-03, 7.962632797384324e-13, 2.976921876561930e+01, 3.018122674832334e+00, 3.535173634626433e+04, 5.249901819289340e-03
1064, 3.612545970476232e-02, 2.278614787930214e-03, 7.173509994406257e-01, 5.420788408872760e-03, 7.221283193550457e-13, 3.090374519698091e+01, -1.452087209355984e+00, 4.760320397367144e+04, 1.554944478681535e-02
1065, 3.630566314545667e-02, 1.917685145024293e-03, 6.469064402042876e-01, 4.888461764769139e-03, 6.513007245914018e-13, 3.564438979269335e+01, 1.218121399977518e+00, 6.028363767197695e+04, 3.038434197381154e-02
1066, 3.654523806899580e-02, 2.295934344667282e-03, 5.720810370379390e-01, 4.323030506584945e-03, 5.760376504455908e-13, 3.544936702580986e+01, -8.632549193875408e-01, 7.370897051490813e+04, 9.371870931638723e-02
1067, 3.670710461791062e-02, 1.873533934391965e-03, 5.229769084529986e-01, 3.951966562618899e-03, 5.258814316166813e-13, 3.846690962159548e+01, 1.440020722576159e+00, 8.252238631115452e+04, 1.530000426063914e-01
1068, 3.698764990940962e-02, 2.280867840342774e-03, 4.723420750707723e-01, 3.569335579880894e-03, 4.754969001414160e-13, 3.782765823780014e+01, 9.395393070777259e-01, 9.169802805220838e+04, 3.812344561696931e-01
1069, 3.630352919338601e-02, 2.740916615585642e-03, 5.935418103245280e-01, 4.485202596912034e-03, 5.975206525431487e-13, 3.124843472545768e+01, -2.731343619659732e+00, 7.133652882406593e+04, 6.414921736274477e-02
1070, 3.371323459367485e-02, 1.692688655453363e-03, 1.575494973932572e+00, 1.190550358135677e-02, 1.586779738106560e-12, 5.883036837458153e+01, 7.430212419561030e-01, -1.136588883991641e+05, 3.665229854713392e-04
1071, 3.608544713055785e-02, 1.616904767406612e-03, 7.047875007214910e-01, 5.325850131396283e-03, 7.109453804431277e-13, 3.522112125630164e+01, 3.628976336454532e+00, 5.108801046013769e+04, 1.123078980698082e-02
1072, 3.720911505491190e-02, 1.840950493334961e-03, 4.397372051312328e-01, 3.322951172277090e-03, 4.428054279453378e-13, 3.987897281183356e+01, 1.811380935267620e+00, 9.796549004701551e+04, 6.073558771716785e-01
1073, 3.744349924128652e-02, 2.258384156704007e-03, 4.050544624790261e-01, 3.060864955761592e-03, 4.079137053463035e-13, 3.919061926990132e+01, 1.733101444922228e+00, 1.032637781290294e+05, 1.156296963264385e+00
1074, 3.763534533650358e-02, 1.846893920322887e-03, 3.812665702924707e-01, 2.881107584074814e-03, 3.839099114543098e-13, 4.123241075456849e+01, 1.979204605200615e+00, 1.073569409974229e+05, 1.637357511009703e+00
1075, 3.788004450791901e-02, 2.202534320660182e-03, 3.564939454583310e-01, 2.693908907746120e-03, 3.590734234361490e-13, 3.983172013361804e+01, 2.009985400642150e+00, 1.112885998851276e+05, 2.761720320375413e+00
1076, 3.804047080128898e-02, 1.797997253883825e-03, 3.410745123761266e-01, 2.577389262288574e-03, 3.435875993105333e-13, 4.155677208491200e+01, 1.757017675343032e+00, 1.138666847512481e+05, 3.526941298202015e+00
1077, 3.829757028570855e-02, 2.155905464488110e-03, 3.202711443408731e-01, 2.420184969830702e-03, 3.226371695099387e-13, 3.972635030583699e+01, 2.217607050537079e+00, 1.170684527289990e+05, 5.632257021765089e+00
1078, 3.813842989413593e-02, 2.623733015778854e-03, 3.315767977081452e-01, 2.505618118701691e-03, 3.341107769406357e-13, 3.776195939931279e+01, 2.943187583892812e+00, 1.152632633849356e+05, 4.417691083603073e+00
1079, 3.859959173253970e-02, 2.618608137433847e-03, 2.986894232221228e-01, 2.257098916036612e-03, 3.008846902954838e-13, 3.736201378872730e+01, 3.082539008858305e+00, 1.203570261759521e+05, 8.777162530592362e+00
1080, 3.841086302226192e-02, 1.786427686541889e-03, 3.102359474314038e-01, 2.344352247592986e-03, 3.124425906117949e-13, 4.118973325612226e+01, 1.819452402127059e+00, 1.187865353365218e+05, 6.588873356164173e+00
1081, 3.722538119219979e-02, 2.762567068281584e-03, 4.195798322152458e-01, 3.170628455027645e-03, 4.226409894614079e-13, 3.657502159550140e+01, 1.590181849375763e+00, 1.010169523402113e+05, 8.395826331784710e-01
1082, 3.781479176227772e-02, 1.555017137108713e-03, 3.603735953898838e-01, 2.723226161636614e-03, 3.632426348015702e-13, 4.256137234282859e+01, 1.698356192764942e+00, 1.110255119384055e+05, 2.200428174195811e+00
1083, 3.555100186129852e-02, 2.813260325201128e-03, 9.219353270644012e-01, 6.966765695700737e-03, 9.297221300869580e-13, 1.068080006415973e+01, -7.335685739893379e+00, 1.348148097731363e+04, 2.708187359406551e-03
1084, 1.503100631027138e-02, 4.693790473039094e-03, 1.758039506700231e+00, 1.328493330000267e-02, 1.770643761439304e-12, 3.917702512403368e+01, -1.077880826937317e+00, -1.248610884339761e+05, 4.088706427273247e-04
1085, 1.464952041289397e-02, 4.978019657826739e-03, 1.765669511456742e+00, 1.334259076667652e-02, 1.778317917128445e-12, 3.967457159160392e+01, -2.731381643256880e+00, -1.254489149783298e+05, 4.106451971591320e-04
1086, 3.123305285371170e-02, 2.615231951346512e-03, 1.565023584980891e+00, 1.182637469759060e-02, 1.576352758530598e-12, 4.641768284032373e+01, -2.180747001085699e-01, -1.114264522898336e+05, 3.639779629326668e-04
1087, 3.043184946232758e-02, 2.607971590951501e-03, 1.565374764858904e+00, 1.182902844981742e-02, 1.576622167213966e-12, 4.525664298123225e+01, -5.152345709273785e-01, -1.114425433005914e+05, 3.640605137969798e-04
1088, 2.342066586667438e-02, 3.294648379873485e-03, 1.608237740416056e+00, 1.215293002833440e-02, 1.619778790141200e-12, 3.441541896786995e+01, -1.139064812880940e+01, -1.155505296923265e+05, 3.740281272843180e-04
1089, 2.294179194995336e-02, 3.282121477941448e-03, 1.613726307869147e+00, 1.219440534913859e-02, 1.625323165475128e-12, 3.584286476073605e+01, -1.333333540747549e+01, -1.163090738859157e+05, 3.753046427404119e-04
1090, 3.833831875485784e-02, 2.979261247777005e-03, 3.178428337938751e-01, 2.401835016075134e-03, 3.201315008319906e-13, 3.517954162376196e+01, 4.429630479197963e+00, 1.173521664040798e+05, 5.633813706999907e+00
1091, 3.898251613362103e-02, 2.930506260319786e-03, 2.809126417394270e-01, 2.122765554706340e-03, 2.830398039669019e-13, 3.486287756292160e+01, 3.935936143148670e+00, 1.226275000153361e+05, 1.305093423082592e+01
1092, 3.910736316068238e-02, 2.388638648481170e-03, 2.696567144653614e-01, 2.037708169763857e-03, 2.716099095320979e-13, 3.756510635166309e+01, 2.873922929682602e+00, 1.251423540323422e+05, 1.703410104432171e+01
1093, 3.941817214606759e-02, 2.850430007072064e-03, 2.598928964637009e-01, 1.963926169751142e-03, 2.619045070967686e-13, 3.473856212021668e+01, 3.958852102101848e+00, 1.260128905767971e+05, 2.166361337272334e+01
1094, 3.964804748414880e-02, 2.383614147383419e-03, 2.453415180685946e-01, 1.853966131500993e-03, 2.472012098836497e-13, 3.674843755314053e+01, 3.118666688719472e+00, 1.286762374894330e+05, 3.019560053467521e+01
1095, 3.992764418935657e-02, 2.881238028767089e-03, 2.406868887341986e-01, 1.818792610082423e-03, 2.424719323102803e-13, 3.414279802811006e+01, 4.332802960474642e+00, 1.284608710247687e+05, 3.493197974552634e+01
1096, 4.019478907258010e-02, 2.254085072287195e-03, 2.251762317946453e-01, 1.701583615576860e-03, 2.269242612036259e-13, 3.608071804388135e+01, 3.104214248744330e+00, 1.315753840493587e+05, 5.029172693564443e+01
1097, 4.048849544480846e-02, 2.826770849576110e-03, 2.226994259231197e-01, 1.682867198411789e-03, 2.243259447688984e-13, 3.351320330951602e+01, 4.196132808886266e+00, 1.310887663290258e+05, 5.664524624692066e+01
1098, 4.072923491525608e-02, 2.319038519657500e-03, 2.087808534835826e-01, 1.577689069145734e-03, 2.103111422246994e-13, 3.490400857927278e+01, 3.248422025330958e+00, 1.336640850160114e+05, 7.774314280272594e+01
1099, 4.099219207022024e-02, 2.739472602669469e-03, 2.065132069498540e-01, 1.560553201132889e-03, 2.078438010391145e-13, 3.285419267820070e+01, 3.915449810614564e+00, 1.334360355770559e+05, 8.625947003672189e+01
1100, 4.126419198036433e-02, 2.203253616208465e-03, 1.943223457897778e-01, 1.468430824608159e-03, 1.957389479688661e-13, 3.420039244430398e+01, 2.989106472105194e+00, 1.358948050948725e+05, 1.157525249723316e+02
1101, 4.151516246925548e-02, 2.708981331448129e-03, 1.941827619157015e-01, 1.467376034627998e-03, 1.953866468059872e-13, 3.187834271388171e+01, 3.902030157770261e+00, 1.352014431315690e+05, 1.235553290899711e+02
1102, 4.179158886447795e-02, 2.239126017792929e-03, 1.829527128564765e-01, 1.382514202945950e-03, 1.842604990617138e-13, 3.316809624211424e+01, 3.061907885499967e+00, 1.373409702100879e+05, 1.614100692406383e+02
1103, 4.205072815473165e-02, 2.675172292810017e-03, 1.832825700922427e-01, 1.385006826893942e-03, 1.844891284925036e-13, 3.086485525903931e+01, 3.991638257639255e+00, 1.366140530096866e+05, 1.718667659356196e+02
1104, 4.228685749817791e-02, 2.205286582098458e-03, 1.732906874170810e-01, 1.309501416250292e-03, 1.744927043176940e-13, 3.228555278308870e+01, 2.943721856483572e+00, 1.385732982965979e+05, 2.163008045057280e+02
1105, 4.257073185502214e-02, 2.659113619310910e-03, 1.736981982510667e-01, 1.312580843207500e-03, 1.748051203395230e-13, 2.984659357120970e+01, 3.780502728209445e+00, 1.378481744351224e+05, 2.305706809244957e+02
1106, 4.281305454343966e-02, 2.174611050555364e-03, 1.635786724510855e-01, 1.236110874945604e-03, 1.646574083886126e-13, 3.111127761430730e+01, 2.890225381663113e+00, 1.398554401220419e+05, 2.907816514849844e+02
1107, 4.310653047491268e-02, 2.613282890886240e-03, 1.646661413725592e-01, 1.244328524226253e-03, 1.657672569394719e-13, 2.881384913876686e+01, 3.789556689670935e+00, 1.390813648530367e+05, 3.059431939040085e+02
1108, 4.336272414424770e-02, 2.135706949492949e-03, 1.556899574999654e-01, 1.176498419395487e-03, 1.567805271874214e-13, 3.005817670428862e+01, 2.881042346678935e+00, 1.410072010295153e+05, 3.785298601424280e+02
1109, 4.364160174616730e-02, 2.574540573279912e-03, 1.569207187824031e-01, 1.185798882486884e-03, 1.580809099234565e-13, 2.781030394254644e+01, 3.699791471138710e+00, 1.402039392467467e+05, 3.944555883108300e+02
1110, 4.387386713736385e-02, 2.131679970534662e-03, 1.488047624571227e-01, 1.124469237711467e-03, 1.498954420141511e-13, 2.881323012307441e+01, 2.874087019077566e+00, 1.418260126353900e+05, 4.769448203949256e+02
1111, 4.414741801837750e-02, 2.594633564474502e-03, 1.510675328590833e-01, 1.141568258381122e-03, 1.522240345500466e-13, 2.672416760657383e+01, 3.570507935668030e+00, 1.408610359017267e+05, 4.861821194634613e+02
1112, 4.435541391177184e-02, 2.164117137584196e-03, 1.436023067984527e-01, 1.085155970769287e-03, 1.447111212017255e-13, 2.771531900032680e+01, 2.790864356425566e+00, 1.424178870935579e+05, 5.771982977712846e+02
1113, 4.464375558412947e-02, 2.592444172392970e-03, 1.456653344051298e-01, 1.100745600038870e-03, 1.467845449929640e-13, 2.576839566459179e+01, 3.506529550405487e+00, 1.414600261186459e+05, 5.912008692980526e+02
1114, 4.483054006165591e-02, 2.082077275060738e-03, 1.376162005281915e-01, 1.039920910792499e-03, 1.386692332391353e-13, 2.690151800562900e+01, 2.629227610779203e+00, 1.432581583313963e+05, 7.023375973554500e+02
1115, 4.515103651757198e-02, 2.563211761005338e-03, 1.399276997453226e-01, 1.057388159284739e-03, 1.409191885835017e-13, 2.486967724280069e+01, 3.435830129740490e+00, 1.422245253152258e+05, 7.166458574896457e+02
1116, 4.538887261807872e-02, 2.029033475479088e-03, 1.323231194285225e-01, 9.999228168402795e-04, 1.333623866414403e-13, 2.592240641915393e+01, 2.621156853032243e+00, 1.441147775526329e+05, 8.550849870779455e+02
1117, 4.566417798336854e-02, 2.523534116299169e-03, 1.347681246570142e-01, 1.018398926879508e-03, 1.356143964464827e-13, 2.406480385990730e+01, 3.232949516629371e+00, 1.431253428314952e+05, 8.591764844433634e+02
1118, 4.585254824119762e-02, 1.996297507904411e-03, 1.280906602150112e-01, 9.679394978465515e-04, 1.290362088842496e-13, 2.520118919976323e+01, 2.513820913689977e+00, 1.447552801134325e+05, 9.989752657545401e+02
1119, 4.620378331937941e-02, 2.393778235340557e-03, 1.292897614002639e-01, 9.770007158712598e-04, 1.301381567382700e-13, 2.342907884234607e+01, 2.928057000426489e+00, 1.441826810382541e+05, 1.041789260205569e+03
1120, 4.596631729266573e-02, 2.969202183332928e-03, 1.406034715977320e-01, 1.062494747590561e-03, 1.412335235427941e-13, 2.230566960020180e+01, 3.852171498941968e+00, 1.415455876494115e+05, 8.390377059688042e+02
1121, 4.657262952856128e-02, 2.954737521698962e-03, 1.360083170635194e-01, 1.027770657911446e-03, 1.365719518428876e-13, 2.149746161108305e+01, 3.680108780003450e+00, 1.422469369629514e+05, 1.005028276803999e+03
1122, 4.676623661906191e-02, 2.392392308496317e-03, 1.247970826505547e-01, 9.430510023975575e-04, 1.254937865297792e-13, 2.237592789620972e+01, 2.824998252958343e+00, 1.447510668488820e+05, 1.225312424585886e+03
1123, 4.713241670448846e-02, 2.794432007731295e-03, 1.281966683618426e-01, 9.687405669666948e-04, 1.287938463265581e-13, 2.098377297763506e+01, 3.240207832332692e+00, 1.436701916464059e+05, 1.226283408699658e+03
1124, 4.734139703594475e-02, 2.233395208475698e-03, 1.193341651225148e-01, 9.017695097421839e-04, 1.201358906645428e-13, 2.184667558741398e+01, 2.537790102707969e+00, 1.459244621452052e+05, 1.457805813930736e+03
1125, 4.766650055267581e-02, 2.679533802501909e-03, 1.230635977307386e-01, 9.299516201319179e-04, 1.238159222267091e-13, 2.035892991300690e+01, 3.035543537032665e+00, 1.448422676695827e+05, 1.440224053389913e+03
1126, 4.785609098728122e-02, 2.166056855219011e-03, 1.154321833924916e-01, 8.722835017067290e-04, 1.162222451099442e-13, 2.120340093702139e+01, 2.370763801598217e+00, 1.466313030461937e+05, 1.666874169448162e+03
1127, 4.817783029934769e-02, 2.579827296529239e-03, 1.189016756825692e-01, 8.985013275763495e-04, 1.197224253110599e-13, 1.966081447421421e+01, 2.824823201584941e+00, 1.456866948923785e+05, 1.655037336370531e+03
1128, 4.831284090454993e-02, 2.111614174677037e-03, 1.123789823657705e-01, 8.492114536458444e-04, 1.131649632278470e-13, 2.066187943381944e+01, 2.166408807931214e+00, 1.471724526805831e+05, 1.855656648412071e+03
1129, 4.871084892796222e-02, 2.395580741871196e-03, 1.137637915183559e-01, 8.596760064360764e-04, 1.146314809912276e-13, 1.910414167961061e+01, 2.516194014472878e+00, 1.467356423040022e+05, 1.919459621504644e+03
1130, 4.854947590636101e-02, 3.086274160687445e-03, 1.269442944266549e-01, 9.592767840809095e-04, 1.277506518782846e-13, 1.824697484735912e+01, 3.474821246216051e+00, 1.434868487445065e+05, 1.573710685853156e+03
1131, 4.909424504576596e-02, 2.896449651791693e-03, 1.196477884797422e-01, 9.041394595449784e-04, 1.204406146966353e-13, 1.767780443149566e+01, 3.113271072672112e+00, 1.450724904337402e+05, 1.852706244831122e+03
1132, 4.934225242317549e-02, 2.276668103899766e-03, 1.095430017559923e-01, 8.277808696926969e-04, 1.104364834896650e-13, 1.848740374611971e+01, 2.313195605906964e+00, 1.475819205542987e+05, 2.200493869193968e+03
1133, 4.966462909048103e-02, 2.737316658845904e-03, 1.146896010905334e-01, 8.666720485430759e-04, 1.156769472266956e-13, 1.696133822675571e+01, 2.998586733361526e+00, 1.463846197117800e+05, 2.134619085244065e+03
1134, 4.986747894817507e-02, 2.281914565268888e-03, 1.071389114546389e-01, 8.096139404633570e-04, 1.079937213346317e-13, 1.775606039358464e+01, 2.337398025300780e+00, 1.479507549936660e+05, 2.405470032537603e+03
1135, 5.019719013937074e-02, 2.618298889321861e-03, 1.102493146783590e-01, 8.331182469397744e-04, 1.111742563666600e-13, 1.641761290901467e+01, 2.716140811361133e+00, 1.472137970203432e+05, 2.391784032925334e+03
1136, 5.011167653264154e-02, 3.243774346476402e-03, 1.234461367204482e-01, 9.328423429759862e-04, 1.243065015514268e-13, 1.587615944516249e+01, 3.481475953049929e+00, 1.440030106442144e+05, 2.023053297807713e+03
1137, 5.066346528690655e-02, 3.009061923166461e-03, 1.153020662866198e-01, 8.713002490174724e-04, 1.161687136145802e-13, 1.537102373635164e+01, 3.038806881008428e+00, 1.458919067751603e+05, 2.353948231924123e+03
1138, 3.979435930744257e-02, 1.941351680399345e-03, 2.374166600691232e-01, 1.794080554678843e-03, 2.391653433106045e-13, 3.841571105516940e+01, 2.335652818252828e+00, 1.300716222097361e+05, 3.534748328832576e+01
1139, 5.070000414006944e-02, 2.374396808365962e-03, 1.046988814689705e-01, 7.911754267177553e-04, 1.055369061390633e-13, 1.612626656114454e+01, 2.272651363877326e+00, 1.483818686950877e+05, 2.696433610095002e+03
1140, 5.121064472996607e-02, 2.790764066054401e-03, 1.089832730190557e-01, 8.235511815043282e-04, 1.098432668334747e-13, 1.485653834642720e+01, 2.776436400738848e+00, 1.473729289676964e+05, 2.670163366804700e+03
1141, 5.133792455944832e-02, 2.099135931744347e-03, 9.998483304048615e-02, 7.555528945124395e-04, 1.008928847547069e-13, 1.573570785394596e+01, 2.016201739704693e+00, 1.496207534819462e+05, 3.050548595740510e+03
1142, 5.172956962534384e-02, 2.554425814066506e-03, 1.039305702347075e-01, 7.853695483730639e-04, 1.048682036663939e-13, 1.447176229251018e+01, 2.477558874383974e+00, 1.486416483055473e+05, 2.982045520178457e+03
1143, 5.167610344856556e-02, 3.176018914379145e-03, 1.158870926634644e-01, 8.757211032505739e-04, 1.167509878453835e-13, 1.372293774476316e+01, 3.336288333967129e+00, 1.458647095046396e+05, 2.602780324163369e+03
1144, 5.223726605181231e-02, 2.864386683137175e-03, 1.077265051646048e-01, 8.140541951984131e-04, 1.087463783051808e-13, 1.329848531796606e+01, 2.804112235545228e+00, 1.478252190372973e+05, 2.988459313507520e+03
1145, 5.185542193116008e-02, 2.101285448372571e-03, 9.832221730230077e-02, 7.429890476244228e-04, 9.919186869687388e-14, 1.513470474477442e+01, 2.006051916279082e+00, 1.499220678320072e+05, 3.240985837345153e+03
1146, 4.198331845170080e-02, 1.792729272148701e-03, 1.763144778684722e-01, 1.332351218149829e-03, 1.776589105326176e-13, 3.440180518147658e+01, 2.359590415400729e+00, 1.385874213834481e+05, 1.887239014997331e+02
1147, 4.809058399919784e-02, 1.734166398612788e-03, 1.108910441510470e-01, 8.379675880432921e-04, 1.117351549323132e-13, 2.188392538464049e+01, 1.828531845870623e+00, 1.477280472441631e+05, 1.859161881963373e+03
1148, 4.413435924499002e-02, 1.771688891214266e-03, 1.432788399875637e-01, 1.082711637185775e-03, 1.443649320912747e-13, 2.965607524000004e+01, 2.286362069408241e+00, 1.428827970043318e+05, 5.544630650336753e+02
1149, 4.493099917349233e-02, 3.082148062187867e-03, 1.530727221312206e-01, 1.156720822150495e-03, 1.541342179055331e-13, 2.358070306517881e+01, 4.442566586013307e+00, 1.392462369910743e+05, 5.669547682469390e+02
1150, 4.390938341697199e-02, 3.030555317744429e-03, 1.628919086232858e-01, 1.230921223853762e-03, 1.640847869015487e-13, 2.556388353861536e+01, 4.584885310313068e+00, 1.383515638841405e+05, 3.842963887837126e+02
1151, 4.746601236126919e-02, 3.209336788567733e-03, 1.365307740585531e-01, 1.031718695657281e-03, 1.371868982174340e-13, 1.944619570685974e+01, 3.749487005026005e+00, 1.416224228356524e+05, 1.175023542420995e+03
1152, 4.933087619967176e-02, 1.802317234788354e-03, 1.050800362967236e-01, 7.940556898998192e-04, 1.058691579697277e-13, 1.977895852224905e+01, 1.779863059258465e+00, 1.486999997945922e+05, 2.347986766419118e+03
1153, 4.986032393097616e-02, 1.743303592155205e-03, 1.024583933646134e-01, 7.742447861307410e-04, 1.032243435210604e-13, 1.920791649849611e+01, 1.687706687933838e+00, 1.492688449056270e+05, 2.582825591608387e+03
1154, 5.145329446234800e-02, 1.676640066335354e-03, 9.620245257437698e-02, 7.269706743656433e-04, 9.698961736772082e-14, 1.668270187493509e+01, 1.617991491650792e+00, 1.505635891636715e+05, 3.249258928469345e+03
1155, 5.187591545096587e-02, 1.571468228743932e-03, 9.431099492510404e-02, 7.126775435146990e-04, 9.509340724665195e-14, 1.624494744026289e+01, 1.461633614060061e+00, 1.510390183327720e+05, 3.447134117760842e+03
1156, 4.562240098709089e-02, 1.684822604973096e-03, 1.279588992519171e-01, 9.669438230624236e-04, 1.289475254048521e-13, 2.688567551174683e+01, 2.086551392376575e+00, 1.451299321517724e+05, 9.604335923198573e+02
1157, 4.602002814849859e-02, 1.728589510811143e-03, 1.246228454161751e-01, 9.417343482332605e-04, 1.254822978329982e-13, 2.596470820203534e+01, 2.196167636605328e+00, 1.454308631610400e+05, 1.088156128796100e+03
1158, 5.210313524220568e-02, 3.510712851819867e-03, 1.248346180469314e-01, 9.433346451911298e-04, 1.257721408150742e-13, 1.260349971478712e+01, 3.824363486114188e+00, 1.437827843348149e+05, 2.518124708207081e+03
1159, 5.270388208073148e-02, 3.375297666877330e-03, 1.178264395248678e-01, 8.903761173165789e-04, 1.187004258836958e-13, 1.217653983566679e+01, 3.428536331858231e+00, 1.451742702444176e+05, 2.802459358861625e+03
1160, 5.280083933319043e-02, 2.634277560155549e-03, 1.019989829234213e-01, 7.707731707058773e-04, 1.029424915893763e-13, 1.278989213889837e+01, 2.413599016967498e+00, 1.489867477165117e+05, 3.313612839321659e+03
1161, 5.329790292934194e-02, 3.081299516490032e-03, 1.086166807857028e-01, 8.207809631161924e-04, 1.095135738079202e-13, 1.163229718698314e+01, 2.963507502156340e+00, 1.473808070138676e+05, 3.190131542951334e+03
1162, 5.344777509278317e-02, 2.402157192385641e-03, 9.728430956055248e-02, 7.351459160746066e-04, 9.820128159626309e-14, 1.229771977516610e+01, 2.190053000570377e+00, 1.501007851628761e+05, 3.644819939126254e+03
1163, 5.387647651316789e-02, 2.852145288265058e-03, 1.029301681936309e-01, 7.778098352162071e-04, 1.039182932935085e-13, 1.115302836103824e+01, 2.618345862435022e+00, 1.488543665699880e+05, 3.514381814011626e+03
1164, 5.402558170674107e-02, 2.310337226808865e-03, 9.501607335639484e-02, 7.180055921136991e-04, 9.591944722064793e-14, 1.173989746562266e+01, 2.072600334790712e+00, 1.506408792425906e+05, 3.866642119695039e+03
1165, 5.441877471732721e-02, 2.663009730807300e-03, 9.864453451406605e-02, 7.454246940608565e-04, 9.954963161978178e-14, 1.080927408784771e+01, 2.309226175461124e+00, 1.497685248766473e+05, 3.783384317851668e+03
1166, 5.435097451431595e-02, 3.263069412190131e-03, 1.106519919623969e-01, 8.361611483304216e-04, 1.116027792796690e-13, 1.011826184352646e+01, 3.058075258411899e+00, 1.471460913220134e+05, 3.372754360668585e+03
1167, 5.492621984520574e-02, 3.014142927622467e-03, 1.037382134895817e-01, 7.839159709539700e-04, 1.046251968333922e-13, 9.768606689596801e+00, 2.624661531652481e+00, 1.486717902706172e+05, 3.698032221239462e+03
1168, 5.445227888266325e-02, 2.085316864178931e-03, 9.197346396456441e-02, 6.950135815960680e-04, 9.286120903245225e-14, 1.147614306036271e+01, 1.762148029775342e+00, 1.513643464769880e+05, 4.101132315130758e+03
1169, 5.412023667653113e-02, 1.853118597667494e-03, 9.081230890282767e-02, 6.862391100967522e-04, 9.173387211954136e-14, 1.226305750292775e+01, 1.658856388265274e+00, 1.517550276569853e+05, 4.108067508862339e+03
1170, 5.455074107690843e-02, 1.660466922230908e-03, 8.853256232731559e-02, 6.690118059997830e-04, 8.936041523738071e-14, 1.199459996921418e+01, 1.348381303180257e+00, 1.521760086166798e+05, 4.306243742528384e+03
1171, 5.487058031653296e-02, 1.948967042803034e-03, 8.994793095632383e-02, 6.797072868235788e-04, 9.073177580198069e-14, 1.115536832680155e+01, 1.604278246091965e+00, 1.517579229180562e+05, 4.274490253012326e+03
1172, 5.298456435616886e-02, 2.075210429686292e-03, 9.492098306528174e-02, 7.172870256822360e-04, 9.574883848732900e-14, 1.347831630886946e+01, 1.777557505330404e+00, 1.506511032578528e+05, 3.654805535886590e+03
1173, 5.427394326716887e-02, 1.479713813884239e-03, 8.804938836355621e-02, 6.653606173567545e-04, 8.889210812528766e-14, 1.270041917813424e+01, 1.262956431504196e+00, 1.524157535396078e+05, 4.291106397885861e+03
1174, 4.843371523598460e-02, 1.723771001371440e-03, 1.088630047852893e-01, 8.226423535413781e-04, 1.096679061362938e-13, 2.139701120976060e+01, 1.719919588622591e+00, 1.480441187188333e+05, 2.001891901687627e+03
1175, 5.490856545493188e-02, 3.751313084482330e-03, 1.248565801504165e-01, 9.435006056708542e-04, 1.257263955737427e-13, 9.079914157322634e+00, 3.570134840281713e+00, 1.437960503438748e+05, 3.140787817698545e+03
1176, 5.546199372829987e-02, 3.397447336718177e-03, 1.110334332804324e-01, 8.390435764266138e-04, 1.117937045027870e-13, 8.816744899065775e+00, 3.054115337497765e+00, 1.467843326484215e+05, 3.548118730875281e+03
1177, 4.828077462721288e-02, 1.473172166544299e-03, 1.083041353727199e-01, 8.184191589879404e-04, 1.091129788931409e-13, 2.235620559661763e+01, 1.501083481490479e+00, 1.483353856711489e+05, 1.989685268948125e+03
1178, 4.789139620353113e-02, 1.502115238235581e-03, 1.107286275538677e-01, 8.367402585935639e-04, 1.115767496815686e-13, 2.297338824741775e+01, 1.568791983123036e+00, 1.479752435622305e+05, 1.820235979583673e+03
1179, 4.584911204461638e-02, 1.395378345334666e-03, 1.245491090178878e-01, 9.411771462310653e-04, 1.254460623436102e-13, 2.744487987973505e+01, 1.795853997288406e+00, 1.457325443191582e+05, 1.059184177922731e+03
1180, 5.555732540111113e-02, 2.729533559103554e-03, 9.746719196394615e-02, 7.365278989721192e-04, 9.808268317127816e-14, 9.340185603856572e+00, 2.256942107916660e+00, 1.500637120378000e+05, 4.032123154733831e+03
1181, 5.604668852578334e-02, 3.148680319731896e-03, 1.039109576034761e-01, 7.852213420919651e-04, 1.045812676979935e-13, 8.268337499085918e+00, 2.778194104577462e+00, 1.485387690526688e+05, 3.858252146749589e+03
1182, 5.620722390263579e-02, 2.572299636906072e-03, 9.421955136705219e-02, 7.119865342599223e-04, 9.492249109164369e-14, 8.594734261423534e+00, 2.136916666197630e+00, 1.509010788226584e+05, 4.265845649737012e+03
1183, 5.664446291900284e-02, 2.951156965200628e-03, 9.909239236331321e-02, 7.488090103022681e-04, 9.976574782033609e-14, 7.683029833900205e+00, 2.486860163782055e+00, 1.496433044464934e+05, 4.101890508404403e+03
1184, 5.673721522329729e-02, 2.369810602767966e-03, 9.113266578571239e-02, 6.886599429651250e-04, 9.183590032554027e-14, 8.142819649398387e+00, 1.866643355641323e+00, 1.515380222641124e+05, 4.467899519336499e+03
1185, 5.725678801909060e-02, 2.682241159241692e-03, 9.460876839021723e-02, 7.149277208327937e-04, 9.541975985800220e-14, 7.118022262608305e+00, 2.191834599565828e+00, 1.508503132367948e+05, 4.361466536315439e+03
1186, 5.705820112388824e-02, 3.341853421754881e-03, 1.065596467654832e-01, 8.052366254319599e-04, 1.073176026919121e-13, 6.776254337415227e+00, 2.940596128093954e+00, 1.479768741702177e+05, 3.886491688206601e+03
1187, 5.769414014636805e-02, 3.231932586621530e-03, 1.037136830176105e-01, 7.837306021481171e-04, 1.045677396308421e-13, 6.109826938334794e+00, 2.863618784938431e+00, 1.487237366963656e+05, 4.034724153874144e+03
1188, 5.786955674121760e-02, 2.566739402118669e-03, 9.279979219947572e-02, 7.012578755627116e-04, 9.358385217777890e-14, 6.467976460003180e+00, 2.136865272918528e+00, 1.512184162279361e+05, 4.478574423381338e+03
1189, 5.833785583899226e-02, 2.944073341295513e-03, 9.837989793121568e-02, 7.434249213945387e-04, 9.916844722163044e-14, 5.617876783699833e+00, 2.559708024065965e+00, 1.498790515755479e+05, 4.252694621002541e+03
1190, 5.831723078221548e-02, 3.680467177215675e-03, 1.150740543079115e-01, 8.695772365844096e-04, 1.154400130175007e-13, 5.282230347427626e+00, 3.405468624613552e+00, 1.460207539478208e+05, 3.711044350948143e+03
1191, 5.887013722149709e-02, 3.368403417867046e-03, 1.074049624472170e-01, 8.116244013648823e-04, 1.078612648437924e-13, 4.881233117829439e+00, 2.907402852408185e+00, 1.476957411111235e+05, 3.927658106510520e+03
1192, 5.894964362633005e-02, 2.630387362695683e-03, 9.467158769779763e-02, 7.154024259279795e-04, 9.538502985617909e-14, 5.189117661408531e+00, 2.139920606950100e+00, 1.506704001195355e+05, 4.419655157560653e+03
1193, 5.977420854346047e-02, 1.124506139333090e-03, 8.439841455700879e-02, 6.377713946374518e-04, 8.506808218325704e-14, 5.448072326760315e+00, 8.615767792250515e-01, 1.528595857938373e+05, 4.941212136680852e+03
1194, 5.950509586913875e-02, 3.119943454770052e-03, 1.045273087204006e-01, 7.898789072075598e-04, 1.050063081947453e-13, 4.418175034966392e+00, 2.569802752837662e+00, 1.483211973497835e+05, 4.030850923737218e+03
1195, 6.022807885041460e-02, 1.210775672169835e-03, 8.659677958308300e-02, 6.543837248090528e-04, 8.753069002104018e-14, 4.861821341036615e+00, 9.870213928890027e-01, 1.522517336658610e+05, 4.809003070381474e+03
1196, 5.626824975008593e-02, 2.124311890966682e-03, 8.922877390130166e-02, 6.742728506397213e-04, 8.984136561307271e-14, 9.005982604235786e+00, 1.656688663595426e+00, 1.520318230005038e+05, 4.514790340848539e+03
1197, 5.880340685455380e-02, 3.993478480619684e-03, 1.280185437789334e-01, 9.673945373737800e-04, 1.279261892243387e-13, 4.425628600953353e+00, 3.891880802578129e+00, 1.433521690562124e+05, 3.441239492196873e+03
1198, 5.592300413956867e-02, 3.723818966346838e-03, 1.208926285694942e-01, 9.135463116085503e-04, 1.216069960973255e-13, 7.664754715919694e+00, 3.707638045610705e+00, 1.449189500677990e+05, 3.403564377939076e+03
1199, 5.429005546704563e-02, 3.867483713716626e-03, 1.334959976237525e-01, 1.008785876250434e-03, 1.342981208201158e-13, 9.551079367887933e+00, 4.133520320711610e+00, 1.422226432491146e+05, 2.895404532151422e+03
1200, 5.164388866752184e-02, 3.800345433560484e-03, 1.397275171097651e-01, 1.055875444154937e-03, 1.405614090936251e-13, 1.280987827118052e+01, 4.692213116853576e+00, 1.403687922982843e+05, 2.167280911871370e+03
1201, 4.285481152906448e-02, 3.120573496480421e-03, 1.810571083742761e-01, 1.368189735826319e-03, 1.821436668405762e-13, 2.710905991749474e+01, 4.910968529640751e+00, 1.356464493577696e+05, 2.251651915810866e+02
1202, 5.321649303285086e-02, 3.679065300431104e-03, 1.269058386539622e-01, 9.589861863022711e-04, 1.277739718352369e-13, 1.105446227395126e+01, 3.832442722363147e+00, 1.430550144475881e+05, 2.732001278906270e+03
1203, 5.815254329876244e-02, 4.252689845226494e-03, 1.438962729916427e-01, 1.087377377772331e-03, 1.437210717941528e-13, 4.952728865466028e+00, 4.650792468831123e+00, 1.405030303271164e+05, 3.253177945371076e+03
1204, 5.063378940891034e-02, 3.545661383318494e-03, 1.319729126903318e-01, 9.972764183151083e-04, 1.329556894093960e-13, 1.475359621178445e+01, 3.665303959143909e+00, 1.420175192221871e+05, 2.007515768883675e+03
1205, 4.897627930355576e-02, 3.345325506916656e-03, 1.333947847713197e-01, 1.008021043612204e-03, 1.343895296239251e-13, 1.696397207231905e+01, 3.857442791302309e+00, 1.420292178162947e+05, 1.587296691612009e+03
1206, 5.675381471182087e-02, 1.821964200721328e-03, 8.644050349038811e-02, 6.532027971566344e-04, 8.710996669745577e-14, 8.740293682640065e+00, 1.427829806690094e+00, 1.527470890323196e+05, 4.733734749565053e+03
1207, 4.994490638157576e-02, 3.641956009645295e-03, 1.407981821126073e-01, 1.063966111682151e-03, 1.420512009278461e-13, 1.503885015704796e+01, 4.175749401849065e+00, 1.404076299937070e+05, 1.727309273619673e+03
1208, 5.651101487603766e-02, 1.536646275265570e-03, 8.488630958705815e-02, 6.414582588443699e-04, 8.550837402468498e-14, 9.536631669923201e+00, 1.145932067049944e+00, 1.531911459372472e+05, 4.804174332117398e+03
1209, 5.613411867872007e-02, 1.673264923252263e-03, 8.610222268066155e-02, 6.506465189976195e-04, 8.668041172018960e-14, 9.869978825314815e+00, 1.289534035312815e+00, 1.529099842407988e+05, 4.684529172660929e+03
1210, 5.624388538170254e-02, 1.369157348331929e-03, 8.433056565456892e-02, 6.372586825283489e-04, 8.493786713821159e-14, 1.011582328595436e+01, 1.057524772769053e+00, 1.534153934848811e+05, 4.812390909202281e+03
1211, 4.805675219491000e-02, 1.278792201528247e-03, 1.087043661807597e-01, 8.214435731544843e-04, 1.095179334291261e-13, 2.351552764577590e+01, 1.312402683817504e+00, 1.484649726433548e+05, 1.924899965815082e+03
1212, 4.179215607898312e-02, 3.180229461541696e-03, 2.027378921007838e-01, 1.532024373558282e-03, 2.038926389974621e-13, 2.866167844731906e+01, 5.347071949635979e+00, 1.326013539532016e+05, 1.206748324082617e+02
1213, 2.273766591809513e-02, 2.732797631474564e-03, 1.619643054081182e+00, 1.223911627769304e-02, 1.631257129436392e-12, 3.653854047696024e+01, -1.530783530877920e+01, -1.173373675676976e+05, 3.766802303929934e-04
1214, 2.246547472515513e-02, 3.148439016187905e-03, 1.620113408229530e+00, 1.224267059115661e-02, 1.631714034749350e-12, 3.711209657451948e+01, -1.566775021522574e+01, -1.172781621480192e+05, 3.767900837995466e-04
1215, 2.218335322345128e-02, 2.727878396229075e-03, 1.620170638754648e+00, 1.224310306363860e-02, 1.631796518607966e-12, 3.548270143988131e+01, -1.719965319012516e+01, -1.171997125351549e+05, 3.768034941965306e-04
1216, 2.201245552741567e-02, 3.097830249737835e-03, 1.623262006946421e+00, 1.226646352856387e-02, 1.634857184634461e-12, 3.752841474435044e+01, -1.778654802121208e+01, -1.176208609360583e+05, 3.775226233162071e-04
1217, 2.178333245872796e-02, 2.760968103258513e-03, 1.617942585458531e+00, 1.222626638885683e-02, 1.629576966853891e-12, 3.428958351131091e+01, -1.900546366766197e+01, -1.166094467107212e+05, 3.762858718088937e-04
1218, 2.166549534297003e-02, 3.046879524328896e-03, 1.623141873382939e+00, 1.226555571826045e-02, 1.634742973189059e-12, 3.727800755288145e+01, -1.948693759202449e+01, -1.174034474045695e+05, 3.774950479271487e-04
1219, 2.180943754348243e-02, 3.380401503197633e-03, 1.624017580016888e+00, 1.227217314874364e-02, 1.635632468935047e-12, 3.941378887732709e+01, -1.781152061724567e+01, -1.175201882719380e+05, 3.776986621530877e-04
1220, 2.142984276716845e-02, 3.285305735799974e-03, 1.626103638937960e+00, 1.228793681817240e-02, 1.637727748518625e-12, 4.011585322551947e+01, -1.977174493586929e+01, -1.177039522048419e+05, 3.781840587812646e-04
1221, 2.202756141833113e-02, 2.401405415465312e-03, 1.610897642395476e+00, 1.217303004329222e-02, 1.622515656553423e-12, 2.964978888199014e+01, -1.734306208137647e+01, -1.155285437837638e+05, 3.746473871319604e-04
1222, 2.157344786957604e-02, 3.656662678269128e-03, 1.623434061913178e+00, 1.226776369204052e-02, 1.635062496714928e-12, 4.072383720620503e+01, -1.732772418541279e+01, -1.171559196322495e+05, 3.775633036724550e-04
1223, 2.122959082516190e-02, 3.575869785082951e-03, 1.628766701389203e+00, 1.230806071578881e-02, 1.640408846177470e-12, 4.310234009924904e+01, -1.892475364312554e+01, -1.178882421688253e+05, 3.788035887349525e-04
1224, 2.107581442336165e-02, 3.274031298441322e-03, 1.625308728562445e+00, 1.228192993876045e-02, 1.636942926386304e-12, 4.050475164061136e+01, -2.030787399729876e+01, -1.173422397283831e+05, 3.779995696743941e-04
1225, 2.090809125775507e-02, 3.500837671555302e-03, 1.630638133414560e+00, 1.232220251950688e-02, 1.642276068713862e-12, 4.435965943875073e+01, -1.993065461661892e+01, -1.179636742227008e+05, 3.792390564086123e-04
1226, 2.101073960230048e-02, 3.809213272618472e-03, 1.629475244575057e+00, 1.231341494641234e-02, 1.641143712740484e-12, 4.496981507440631e+01, -1.770054226315548e+01, -1.176488722681540e+05, 3.789686361469796e-04
1227, 2.069836173034830e-02, 3.701430254333029e-03, 1.634512244294805e+00, 1.235147791658674e-02, 1.646207506210374e-12, 4.771906358876844e+01, -1.935623384268299e+01, -1.182286543942947e+05, 3.801401934155489e-04
1228, 2.152148329365826e-02, 2.789621828443935e-03, 1.614493956025027e+00, 1.220020621681518e-02, 1.626147547872205e-12, 3.301654441548177e+01, -1.982169975625423e+01, -1.158960626361670e+05, 3.754842573705873e-04
1229, 2.087352025797653e-02, 3.304764560174854e-03, 1.623576049130828e+00, 1.226883664330748e-02, 1.635126634140853e-12, 4.036952768493666e+01, -2.015959070210956e+01, -1.168498712014630e+05, 3.775968757655982e-04
1230, 2.100839566484607e-02, 3.047097735516464e-03, 1.613844278812491e+00, 1.219529681722422e-02, 1.625447909824852e-12, 3.383458727116660e+01, -1.976577779533662e+01, -1.154827552955488e+05, 3.753337315172348e-04
1231, 2.077228224517362e-02, 4.012047463192535e-03, 1.629689887945256e+00, 1.231503693661532e-02, 1.641364300108909e-12, 4.549889629088858e+01, -1.647700545779877e+01, -1.173130774846336e+05, 3.790188210265269e-04
1232, 2.048511335367499e-02, 3.904407837079667e-03, 1.637925298193860e+00, 1.237726925587429e-02, 1.649651009608705e-12, 4.966587908146270e+01, -1.848286918205594e+01, -1.183961800855755e+05, 3.809341052589478e-04
1233, 2.039662129761478e-02, 3.635542816794480e-03, 1.635252353537203e+00, 1.235707068164264e-02, 1.646966097786097e-12, 4.812833759058702e+01, -1.925671477880748e+01, -1.179593388004735e+05, 3.803126036527246e-04
1234, 2.024355340257119e-02, 3.816454144128376e-03, 1.640618885817944e+00, 1.239762382230312e-02, 1.652354939783494e-12, 5.092112098193438e+01, -1.905886038265783e+01, -1.184788117794756e+05, 3.815607012073634e-04
1235, 2.027001705518238e-02, 4.076178384110085e-03, 1.640455083679373e+00, 1.239638602276725e-02, 1.652224511470224e-12, 5.053627449771217e+01, -1.762286525087136e+01, -1.183032608928729e+05, 3.815226262624399e-04
1236, 2.002290641558469e-02, 3.948569075402772e-03, 1.645634391017093e+00, 1.243552436536963e-02, 1.657465111364795e-12, 5.329321643855285e+01, -1.864453934894247e+01, -1.187708435891683e+05, 3.827272416217758e-04
1237, 2.194616675908775e-02, 3.727190935832031e-03, 1.615667859434677e+00, 1.220907702343725e-02, 1.627260919096842e-12, 3.750280119415349e+01, -1.470198019430983e+01, -1.159998977886873e+05, 3.757571986266209e-04
1238, 2.005537412938670e-02, 4.229441109649727e-03, 1.642553972664594e+00, 1.241224664482178e-02, 1.654360236154732e-12, 5.046860564003532e+01, -1.661348659517329e+01, -1.181197752811428e+05, 3.820109334897509e-04
1239, 1.982504412334337e-02, 4.107035059403305e-03, 1.650023892859849e+00, 1.246869440448362e-02, 1.661903443704731e-12, 5.455945301398023e+01, -1.804948803826499e+01, -1.189837841026772e+05, 3.837481748898315e-04
1240, 1.976903361345406e-02, 3.900745195982568e-03, 1.647514388180285e+00, 1.244973089305114e-02, 1.659391929939024e-12, 5.347607548658869e+01, -1.812582618653640e+01, -1.185584458502762e+05, 3.831646661181428e-04
1241, 1.961044714244176e-02, 4.014862606084356e-03, 1.651704438054508e+00, 1.248139373844829e-02, 1.663604860971961e-12, 5.516546970960981e+01, -1.810996329436055e+01, -1.188508053094339e+05, 3.841391481553582e-04
1242, 1.962281688534979e-02, 4.233146272442712e-03, 1.653287733128398e+00, 1.249335818485050e-02, 1.665181811714675e-12, 5.509712933763205e+01, -1.750590548532298e+01, -1.190050615639491e+05, 3.845073435847849e-04
1243, 1.943643512138826e-02, 4.133218055809126e-03, 1.656252250770359e+00, 1.251576008138923e-02, 1.668173115754219e-12, 5.678023811011143e+01, -1.784129055768213e+01, -1.192009816889999e+05, 3.851968533797162e-04
1244, 1.941303785698911e-02, 4.366834105414131e-03, 1.656190163432535e+00, 1.251529090755174e-02, 1.668132184547093e-12, 5.550572656787011e+01, -1.649929159201920e+01, -1.189369604277039e+05, 3.851824809526814e-04
1245, 1.921274360777743e-02, 4.195633615407862e-03, 1.661277096073419e+00, 1.255373120458610e-02, 1.673266674554045e-12, 5.813410005459350e+01, -1.725351868022352e+01, -1.194900874613184e+05, 3.863655599141303e-04
1246, 2.021745176037502e-02, 3.623546092774478e-03, 1.633532627810653e+00, 1.234407527312968e-02, 1.645212995847429e-12, 4.688967101357179e+01, -1.873506892632896e+01, -1.173431614341473e+05, 3.799128806842888e-04
1247, 2.037424699045513e-02, 3.439640255282229e-03, 1.624794698504956e+00, 1.227804558064336e-02, 1.636419194033843e-12, 4.116576629113887e+01, -1.798185264926964e+01, -1.162900545026305e+05, 3.778808176711067e-04
1248, 4.090394124582944e-02, 1.818808211940685e-03, 2.004099693306760e-01, 1.514433017612431e-03, 2.018853929210868e-13, 3.646978100237869e+01, 2.290624753987663e+00, 1.353819974006372e+05, 9.290610143633612e+01
1249, 4.691108004279955e-02, 1.908505838996738e-03, 1.186499042500422e-01, 8.965987726706968e-04, 1.193588064702879e-13, 2.354086637384166e+01, 2.061947558757951e+00, 1.462647451684592e+05, 1.382119883175716e+03
1250, 4.022504673646924e-02, 3.249337691142931e-03, 2.472531774639145e-01, 1.868411920382438e-03, 2.491571089531950e-13, 3.022925270657274e+01, 5.838817651028691e+00, 1.261436619605971e+05, 3.655609661793145e+01
1251, 1.943475616891582e-02, 3.939594045736609e-03, 1.648454870243005e+00, 1.245683781040177e-02, 1.660250939321472e-12, 5.165080552668509e+01, -1.661555078401727e+01, -1.180693536116730e+05, 3.833836446670035e-04
1252, 2.261863801673747e-02, 3.604048636827095e-03, 1.609820458967981e+00, 1.216489011814735e-02, 1.621405203716349e-12, 3.486606394787218e+01, -1.266346638981150e+01, -1.153771837160806e+05, 3.743969985498548e-04
1253, 2.670924633549874e-02, 2.814393202607145e-03, 1.592617679044791e+00, 1.203489430008831e-02, 1.604094521006896e-12, 4.064167989949700e+01, -7.074424966415603e+00, -1.139165032031720e+05, 3.703936706830785e-04
1254, 2.816148343380491e-02, 2.732529389258177e-03, 1.584015767913003e+00, 1.196989245274497e-02, 1.595436157456273e-12, 4.433675143315008e+01, -8.087760294712188e+00, -1.128550238684071e+05, 3.683940747428582e-04
1255, 2.464442729262278e-02, 1.235818724317309e-03, 1.603625561233791e+00, 1.211807728892226e-02, 1.615130032400969e-12, 4.165389589455345e+01, -6.431532016669150e+00, -1.147950063155419e+05, 3.729538893787123e-04
1256, 2.479573670226532e-02, 1.457783514770906e-03, 1.607480937753350e+00, 1.214721111652587e-02, 1.619013859605929e-12, 4.284710167933972e+01, -6.789772071595194e+00, -1.156311258846168e+05, 3.738500582454515e-04
1257, 2.505610935479897e-02, 1.460608824809444e-03, 1.607391424139263e+00, 1.214653469123053e-02, 1.618910513361145e-12, 4.457780335774410e+01, -6.307221516275535e+00, -1.157158032154520e+05, 3.738289997561411e-04
1258, 3.445073552668346e-02, 2.822782626478281e-03, 1.567599484716680e+00, 1.184583993488880e-02, 1.579108892502145e-12, 3.818326468874294e+01, -3.768949476092883e+00, -1.144202628112731e+05, 4.172861364043257e-04
1259, 3.693006453591026e-02, 1.516894085434115e-03, 4.663044964000242e-01, 3.523711559699101e-03, 4.692421823183351e-13, 3.993298423592800e+01, 1.877286033493412e+00, 9.384335876988518e+04, 3.104869262766665e-01
1260, 5.958418826719425e-02, 2.389566704454251e-03, 9.339497035866773e-02, 7.057554435165877e-04, 9.399520798880260e-14, 4.762649926087391e+00, 1.801800452922299e+00, 1.507276264653354e+05, 4.466047535863028e+03
1261, 6.020846153184754e-02, 2.828127868596421e-03, 1.035742078626477e-01, 7.826766337231715e-04, 1.041627447668908e-13, 3.929343067323657e+00, 2.292898163333802e+00, 1.485296048742417e+05, 4.075761862285924e+03
1262, 6.007489120659924e-02, 3.659307670759365e-03, 1.245162202740469e-01, 9.409286166814814e-04, 1.248389099450470e-13, 3.520477461427276e+00, 3.636883620057402e+00, 1.441414881536307e+05, 3.535033244772244e+03
1263, 6.091306200373495e-02, 3.337470676707757e-03, 1.257403476853359e-01, 9.501789497636275e-04, 1.265818316912487e-13, 3.158418828298871e+00, 3.565413662353578e+00, 1.441843836524503e+05, 3.546635106459988e+03
1264, 6.103629003997116e-02, 2.337719084616670e-03, 1.029088112546387e-01, 7.776484477681665e-04, 1.037430630072930e-13, 3.554620475883792e+00, 1.940683861686989e+00, 1.485989736096752e+05, 4.088523874403947e+03
1265, 6.180471765199226e-02, 2.997726396550995e-03, 1.301647617814624e-01, 9.836128094316431e-04, 1.314037770795189e-13, 2.923008635969546e+00, 3.476890875234086e+00, 1.433124407763636e+05, 3.416775624562654e+03
1266, 5.206811348245505e-02, 4.025042230553064e-03, 1.529098499027249e-01, 1.155490049643496e-03, 1.537066324542040e-13, 1.150496912253691e+01, 5.068886667183185e+00, 1.377248176981644e+05, 2.127099651270445e+03
1267, 4.623724315841902e-02, 3.439765674041081e-03, 1.552460570975130e-01, 1.173144008294951e-03, 1.554560254515358e-13, 2.038280003309562e+01, 4.869678679767770e+00, 1.382651756429162e+05, 7.638901621137289e+02
1268, 1.919058084848944e-02, 4.468736793147476e-03, 1.660611554271364e+00, 1.254870192144715e-02, 1.672591647862389e-12, 5.580650300269436e+01, -1.596661268129292e+01, -1.191163523841735e+05, 3.862108618343873e-04
1269, 1.901332708050812e-02, 4.328003387042826e-03, 1.666877420824193e+00, 1.259605103897485e-02, 1.678884038346391e-12, 5.944634757210780e+01, -1.629497198976595e+01, -1.198599109039316e+05, 3.876680682266928e-04
1270, 1.899135879739578e-02, 4.141321860464766e-03, 1.662066948238835e+00, 1.255969986074795e-02, 1.674040964342475e-12, 5.679421410461897e+01, -1.581143947922814e+01, -1.191742644474487e+05, 3.865494323951681e-04
1271, 1.883608853146656e-02, 4.228534509216260e-03, 1.667726232273888e+00, 1.260246523128993e-02, 1.679716640622706e-12, 5.899194718146187e+01, -1.439026456787478e+01, -1.196489491414159e+05, 3.878656096034961e-04
1272, 1.882429788198481e-02, 4.426618531276227e-03, 1.670644009365355e+00, 1.262451392467633e-02, 1.682645138069727e-12, 6.003583305762740e+01, -1.408994094351938e+01, -1.199038665552767e+05, 3.885441302905003e-04
1273, 1.864055352761952e-02, 4.286960118665807e-03, 1.673819776684789e+00, 1.264851216638486e-02, 1.685859395285192e-12, 6.032575198683751e+01, -1.226493997076390e+01, -1.200921560021296e+05, 3.892828243816487e-04
1274, 1.863605767126722e-02, 4.506296626255504e-03, 1.674940309592340e+00, 1.265697966946466e-02, 1.686943913723498e-12, 5.931832411226308e+01, -1.227508671274873e+01, -1.201228217704167e+05, 3.895433849672968e-04
1275, 1.845567786043258e-02, 4.387876107054609e-03, 1.680658014003048e+00, 1.270018650380245e-02, 1.692750070919356e-12, 6.127465280692854e+01, -1.138324977829466e+01, -1.206010841811091e+05, 3.908731923819046e-04
1276, 1.843173330056875e-02, 4.611936198355616e-03, 1.680081047609806e+00, 1.269582655624648e-02, 1.692136044740681e-12, 5.761592337486650e+01, -1.185591177842795e+01, -1.203643478684764e+05, 3.907390510300664e-04
1277, 1.827279901521260e-02, 4.466817323494074e-03, 1.685824964809570e+00, 1.273923147211366e-02, 1.697953093872565e-12, 6.102783150214325e+01, -1.098751417672697e+01, -1.208440383577766e+05, 3.920748944678350e-04
1278, 1.870130018805180e-02, 4.121413446455518e-03, 1.663967323786927e+00, 1.257406038126258e-02, 1.675883143861815e-12, 5.296910618887326e+01, -1.170797323210513e+01, -1.188243988129134e+05, 3.869916650758219e-04
1279, 5.875522252404980e-02, 4.466517614253239e-03, 1.600122325602421e-01, 1.209160447562313e-03, 1.585186608398640e-13, 4.167752085847201e+00, 5.350454120282630e+00, 1.368764315874116e+05, 3.032278492214440e+03
1280, 2.458272083192678e-02, 3.274786155847041e-03, 1.597279433348671e+00, 1.207012166258598e-02, 1.608788840037742e-12, 3.255265651456541e+01, -7.830657062870077e+00, -1.140596507029479e+05, 3.714793959258981e-04
1281, 4.310715889519870e-02, 1.712522351028972e-03, 1.563419709846357e-01, 1.181425473435791e-03, 1.574507805552927e-13, 3.217191123140780e+01, 2.083811331132816e+00, 1.413460278779595e+05, 3.519916879291795e+02
1282, 1.297580859611886e-02, 5.580693730452639e-03, 1.787967695261129e+00, 1.351109089618067e-02, 1.800687506041487e-12, 2.612609057068397e+01, -3.735638744100565e-01, -1.258285689870992e+05, 4.158320462517079e-04
1283, 2.917782776475754e-02, 1.484511754895205e-03, 1.594226354159898e+00, 1.204705053521537e-02, 1.605683783389078e-12, 6.680506014871666e+01, -4.872636458996095e+00, -1.150366620461424e+05, 3.707658531119806e-04
1284, 5.461338477078363e-02, 4.239048657366365e-03, 1.592999566549840e-01, 1.203778009988494e-03, 1.597162967241219e-13, 8.347293042891698e+00, 5.283987924651259e+00, 1.370693085521191e+05, 2.671907610886771e+03
1285, 3.464444815570052e-02, 1.626054001500365e-03, 1.598433058984184e+00, 1.207883923665868e-02, 1.609908920050795e-12, 6.049648034808283e+01, 1.209870007982442e+01, -1.201179352483917e+05, 3.731629196115279e-04
1286, 1.829418388910533e-02, 4.275846258345289e-03, 1.680567971492555e+00, 1.269950608180876e-02, 1.692675526554120e-12, 5.831368795281083e+01, -9.483346167297023e+00, -1.200697170257162e+05, 3.908524455603908e-04
1287, 1.813688222856662e-02, 4.362120226587426e-03, 1.686312506552836e+00, 1.274291566664716e-02, 1.698437892143100e-12, 5.968724790479147e+01, -9.723529292974654e+00, -1.205130339291136e+05, 3.921884061928474e-04
1288, 1.808930258402564e-02, 4.532671755697687e-03, 1.690465196198651e+00, 1.277429619293790e-02, 1.702637170019628e-12, 6.054908551268687e+01, -1.051497424001338e+01, -1.210132129595303e+05, 3.931541110691154e-04
1289, 1.795710000150056e-02, 4.383830350286715e-03, 1.690645430880827e+00, 1.277565816786620e-02, 1.702815673361274e-12, 5.879061879364249e+01, -8.550279960138374e+00, -1.207065961341944e+05, 3.931961663865966e-04
1290, 1.789999236978813e-02, 4.578052173673379e-03, 1.695451410472915e+00, 1.281197539400285e-02, 1.707664014525841e-12, 6.011708843147201e+01, -9.418292757660902e+00, -1.212785801916833e+05, 3.943137910669954e-04
1291, 1.774289865788370e-02, 4.423765536974039e-03, 1.696502114945089e+00, 1.281991522628630e-02, 1.708710813998805e-12, 5.816459698228488e+01, -6.823254150121489e+00, -1.210763266132317e+05, 3.945582916741988e-04
1292, 1.770394326298627e-02, 4.631118670204024e-03, 1.699790691989030e+00, 1.284476593442693e-02, 1.712009854744610e-12, 5.884388520769470e+01, -8.292204831437335e+00, -1.214507226592282e+05, 3.953230179913057e-04
1293, 1.754987794953452e-02, 4.498337647481016e-03, 1.702156647917374e+00, 1.286264469459074e-02, 1.714393354461238e-12, 5.792851830970884e+01, -6.467262271485078e+00, -1.214599140739071e+05, 3.958733586289277e-04
1294, 1.750884760858534e-02, 4.698153760879078e-03, 1.704296092856620e+00, 1.287881178481176e-02, 1.716529572548722e-12, 5.641151902132928e+01, -8.254601248234939e+00, -1.217189803448661e+05, 3.963708897118671e-04
1295, 1.735739909237904e-02, 4.558015890491053e-03, 1.707228705827069e+00, 1.290097258811490e-02, 1.719478737373848e-12, 5.640496818562635e+01, -6.695772184168105e+00, -1.217953724686743e+05, 3.970529841290335e-04
1296, 1.729762373790361e-02, 4.770990766833905e-03, 1.710195860440126e+00, 1.292339441138735e-02, 1.722481150238619e-12, 5.406683176099637e+01, -8.847950416818255e+00, -1.221419141238900e+05, 3.977430532485188e-04
1297, 1.712952901834309e-02, 4.581641048102924e-03, 1.712233988524769e+00, 1.293879588305969e-02, 1.724529693952100e-12, 5.400634637823339e+01, -6.416668341564387e+00, -1.220707608875564e+05, 3.982171064764442e-04
1298, 1.706200148410264e-02, 4.850949060364009e-03, 1.715143132086598e+00, 1.296077933566801e-02, 1.727448645384014e-12, 5.227579701217311e+01, -7.890794315140645e+00, -1.223623683295294e+05, 3.988937047829339e-04
1299, 1.688392941531709e-02, 4.669543539739591e-03, 1.718568880825149e+00, 1.298666660573260e-02, 1.730905872377092e-12, 5.253903789610802e+01, -5.971251031055280e+00, -1.225564159241200e+05, 3.996904382057926e-04
1300, 1.742113514035645e-02, 4.377795437299438e-03, 1.701635352372294e+00, 1.285870543354478e-02, 1.713877834000388e-12, 5.327222232264132e+01, -4.415509376922353e+00, -1.209774397090102e+05, 3.957523263418095e-04
1301, 1.782237995938029e-02, 4.274020708036294e-03, 1.688632685561599e+00, 1.276044850550437e-02, 1.700707102432385e-12, 5.096709581746327e+01, -5.754764760351377e+00, -1.201027287593961e+05, 3.927283297329777e-04
1302, 4.853422719684605e-02, 1.439383686158643e-03, 1.066668263859356e-01, 8.060465469971529e-04, 1.074444809186448e-13, 2.201757118639781e+01, 1.372702175648611e+00, 1.486150926396959e+05, 2.104782990623558e+03
1303, 4.874153433139865e-02, 1.645732703152462e-03, 1.067472737106069e-01, 8.066544612893759e-04, 1.075318236137663e-13, 2.109070471864796e+01, 1.500076324890010e+00, 1.484873143151060e+05, 2.148305779457452e+03
1304, 4.837708324202265e-02, 1.274982105198924e-03, 1.068426866059821e-01, 8.073754655365387e-04, 1.076257735832923e-13, 2.284420903954093e+01, 1.251782871923790e+00, 1.487550897799021e+05, 2.065756694681622e+03
1305, 4.827040046359979e-02, 3.540464177612997e-03, 1.463692872043985e-01, 1.106065142602747e-03, 1.474561951215138e-13, 1.737255787390403e+01, 4.543185062524130e+00, 1.393183085977474e+05, 1.268712415600332e+03
1306, 2.451404623248855e-02, 1.474716277972609e-03, 1.607461163690402e+00, 1.214706169035749e-02, 1.618992338140234e-12, 4.097223898787900e+01, -7.553029141969806e+00, -1.155550350607446e+05, 3.738457076471283e-04
1307, 1.961216893186804e-02, 4.485019365813935e-03, 1.646804222309373e+00, 1.244436440032386e-02, 1.658643935637875e-12, 4.898392290934349e+01, -1.464341582982955e+01, -1.176756691513844e+05, 3.829997501074695e-04
1308, 3.086747151701916e-02, 1.483133151016018e-03, 1.585838298009719e+00, 1.198366472047858e-02, 1.597239265253185e-12, 6.771028588444889e+01, -5.486159914261568e-01, -1.145553081418809e+05, 3.688151222197715e-04
1309, 5.032081032958599e-02, 4.058629577778203e-03, 1.710878094958168e-01, 1.292854983595629e-03, 1.726050815212310e-13, 1.291302539884573e+01, 5.058606656170373e+00, 1.343156203553493e+05, 1.576510163550151e+03
1310, 5.909548033373484e-02, 2.033366443422050e-03, 8.839399448322169e-02, 6.679646938280386e-04, 8.897150678267402e-14, 5.490427101611756e+00, 1.506038243730151e+00, 1.520517759084102e+05, 4.719102743711327e+03
1311, 2.904014985566904e-02, 2.752006741987850e-03, 1.574903016636767e+00, 1.190103035242088e-02, 1.586234682063393e-12, 4.243473141766692e+01, -6.119525347339126e+00, -1.121790069987121e+05, 3.662790146749640e-04
1312, 2.029949310188326e-02, 4.342511472174976e-03, 1.630888019220304e+00, 1.232409082534359e-02, 1.642576779423077e-12, 4.301657492866747e+01, -1.401720715740512e+01, -1.165352511175295e+05, 3.792979843648083e-04
1313, 5.492704552502501e-02, 1.575466093122884e-03, 8.726066557408391e-02, 6.594004955220503e-04, 8.800542920951750e-14, 1.161759792124316e+01, 1.291564496487376e+00, 1.524439092737190e+05, 4.436888524215376e+03
1314, 5.523533885412284e-02, 1.775951427411774e-03, 8.803005830330989e-02, 6.652145463726847e-04, 8.872278191627909e-14, 1.090218181054415e+01, 1.484578857468788e+00, 1.522647288399760e+05, 4.439849877514932e+03
1315, 4.161176964370236e-02, 1.845880396736052e-03, 1.841755497963862e-01, 1.391754784355745e-03, 1.855811221572760e-13, 3.502906744200784e+01, 2.428005072100135e+00, 1.376212027004994e+05, 1.495232634437778e+02
1316, 4.175137570697669e-02, 1.535084028792075e-03, 1.801650035375002e-01, 1.361448389452268e-03, 1.815798547657809e-13, 3.602340674160681e+01, 1.942673105617750e+00, 1.383141194185856e+05, 1.643226351167174e+02
1317, 4.215814453175087e-02, 1.526994069843041e-03, 1.717837921023542e-01, 1.298114298002881e-03, 1.730599867275969e-13, 3.512434384110468e+01, 1.956408081943108e+00, 1.392655827695387e+05, 2.117023484939611e+02
1318, 4.148923961085109e-02, 1.544950328978966e-03, 1.857946137926489e-01, 1.403989524881636e-03, 1.872396034332138e-13, 3.652051877509843e+01, 1.920064833632439e+00, 1.376623431859539e+05, 1.388811597581888e+02
1319, 4.196917152183156e-02, 1.273991766630203e-03, 1.753943541834928e-01, 1.325398142444671e-03, 1.767511701199685e-13, 3.671458868113909e+01, 1.577915235792536e+00, 1.390306312345045e+05, 1.879677059542176e+02
1320, 2.698340281742064e-02, 1.589755226193176e-03, 1.604053377119945e+00, 1.212131015456073e-02, 1.615546280194772e-12, 5.390897730579629e+01, -4.874739676400290e+00, -1.158687962945953e+05, 3.730512520695427e-04
1321, 2.963546513422530e-02, 1.543169404452094e-03, 1.590833674775421e+00, 1.202141315951404e-02, 1.602271999521066e-12, 6.752561736800244e+01, -3.431059904450287e+00, -1.148529704437056e+05, 3.699773071911792e-04
1322, 2.107738133012802e-02, 4.124318389209179e-03, 1.618823401060428e+00, 1.223292242615064e-02, 1.630439165734159e-12, 3.978002348377805e+01, -1.391732010475878e+01, -1.156583007109134e+05, 3.764918039184328e-04
1323, 5.344005705553232e-02, 1.830172949020590e-03, 9.207036830999692e-02, 6.957458562467380e-04, 9.294670353214689e-14, 1.332637102685417e+01, 1.623102497262262e+00, 1.514790785076871e+05, 3.904352926447415e+03
1324, 5.308472557810329e-02, 1.652768100035067e-03, 9.149848490466951e-02, 6.914243191788493e-04, 9.231857068519088e-14, 1.418523459453871e+01, 1.414238081682333e+00, 1.515697631350120e+05, 3.854916633000258e+03
1325, 5.263112909858899e-02, 1.743775504768442e-03, 9.322350019742666e-02, 7.044596992249654e-04, 9.398218923728750e-14, 1.456343081713339e+01, 1.449755546280147e+00, 1.511470533100222e+05, 3.670555329630830e+03
1326, 5.335320823518707e-02, 1.512869734407815e-03, 9.013803850224768e-02, 6.811438677751269e-04, 9.096959742912479e-14, 1.411954306215069e+01, 1.304515977457086e+00, 1.519689793238615e+05, 3.989999280837065e+03
1327, 4.574701467920302e-02, 3.466590818802365e-03, 1.615240510172751e-01, 1.220584768393899e-03, 1.617564911354652e-13, 2.106490260858088e+01, 5.113670969629799e+00, 1.371156712190437e+05, 6.437043607643074e+02
1328, 2.167992950411333e-02, 2.522277982517997e-03, 1.606480829586240e+00, 1.213965362407883e-02, 1.618082330871989e-12, 2.794252334268180e+01, -1.871216612464404e+01, -1.147142623725248e+05, 3.736207530218588e-04
1329, 2.143993511854205e-02, 2.551640198110019e-03, 1.600671702091445e+00, 1.209575593520135e-02, 1.612184178632203e-12, 2.378234812671095e+01, -1.766995144910432e+01, -1.138381695161234e+05, 3.722702831449732e-04
1330, 7.920614337986222e-02, 4.124999999996369e-03, 1.286679771380011e+00, 9.723020942422935e-03, 1.296254222577302e-12, -9.959389609005227e+00, 6.355392512320472e-01, -7.682900219142513e+04, 3.056197038253805e-04
1331, 2.438414726572636e-02, 1.243182098449722e-03, 1.603135475961466e+00, 1.211437387376612e-02, 1.614655234823008e-12, 3.941411103455754e+01, -7.338409012697555e+00, -1.146560337490316e+05, 3.728401754402074e-04
1332, 3.869765877290142e-02, 3.429209048329073e-03, 3.256502311884800e-01, 2.460832981273756e-03, 3.279752947824849e-13, 2.907678853854160e+01, 8.347486458345866e+00, 1.150833728514310e+05, 6.640185789262060e+00
1333, 3.258390680432195e-02, 1.475554676623491e-03, 1.581522331015716e+00, 1.195105036032257e-02, 1.592863907060959e-12, 6.447364460542950e+01, 4.929473202825251e-02, -1.143464881543931e+05, 3.678110783374026e-04
1334, 1.802413248835902e-02, 4.728208031688479e-03, 1.690042895559565e+00, 1.277110500422947e-02, 1.702202300602115e-12, 5.613540116354739e+01, -1.028833608482524e+01, -1.207100173767032e+05, 3.930559915829157e-04
1335, 2.237956634862749e-02, 2.409795057335296e-03, 1.615582193505421e+00, 1.220842967384603e-02, 1.627175385292023e-12, 3.231029139504680e+01, -1.624925701025850e+01, -1.164804228748595e+05, 3.757362817630233e-04
1336, 2.210888925495229e-02, 2.162015384691213e-03, 1.605208950500537e+00, 1.213004244710882e-02, 1.616812802731450e-12, 2.522547508481218e+01, -1.609405368087751e+01, -1.146152004705024e+05, 3.733245753398405e-04
1337, 2.186583751904520e-02, 2.233270775362678e-03, 1.601006537531312e+00, 1.209828617781995e-02, 1.612591722775862e-12, 2.303109951803356e+01, -1.671730078150149e+01, -1.139056713530737e+05, 3.723476841060324e-04
1338, 2.199252844137434e-02, 1.950549541296713e-03, 1.595772895718280e+00, 1.205873724724298e-02, 1.607317581542141e-12, 1.813660998104303e+01, -1.444469217120039e+01, -1.131266487516973e+05, 3.711307261733415e-04
1339, 2.220572070808790e-02, 1.936621407465116e-03, 1.600250591403326e+00, 1.209257373856581e-02, 1.611772783593458e-12, 2.130734743600778e+01, -1.466081982292211e+01, -1.138598765976926e+05, 3.721715980976493e-04
1340, 2.203317405345255e-02, 1.767652776252552e-03, 1.592506047109896e+00, 1.203405073382953e-02, 1.604053373882769e-12, 1.469637539301221e+01, -1.294619412950714e+01, -1.126638436525625e+05, 3.703712120699890e-04
1341, 2.225085643591095e-02, 1.725264527368256e-03, 1.595652983968592e+00, 1.205783111311448e-02, 1.607148922284034e-12, 1.742854775621495e+01, -1.314017683038202e+01, -1.131530032046048e+05, 3.711026220602825e-04
1342, 2.209621238529591e-02, 1.601980882821926e-03, 1.590397811786274e+00, 1.201811948453278e-02, 1.601880337131759e-12, 1.203218055662798e+01, -1.148868829812267e+01, -1.123883842763058e+05, 3.698810622187041e-04
1343, 2.226801547470971e-02, 1.527893828869532e-03, 1.591885322100385e+00, 1.202936011662940e-02, 1.603352755066541e-12, 1.417321427790296e+01, -1.124067390195191e+01, -1.125780845246707e+05, 3.702267170296658e-04
1344, 2.216791937519785e-02, 1.368926860389619e-03, 1.587883747723697e+00, 1.199912151932457e-02, 1.599337745240700e-12, 9.583093646428225e+00, -9.191198376162903e+00, -1.120399253209170e+05, 3.692966154424846e-04
1345, 2.234447014089154e-02, 1.342554518752012e-03, 1.589700982119364e+00, 1.201285376916591e-02, 1.601137688926043e-12, 1.254938311187507e+01, -9.546455775017757e+00, -1.122267660589346e+05, 3.697188871986983e-04
1346, 2.194112078090580e-02, 1.623697073801023e-03, 1.587753230203427e+00, 1.199813524083369e-02, 1.599241309552138e-12, 9.241025138652512e+00, -1.019012963247165e+01, -1.120709880034334e+05, 3.692664014071628e-04
1347, 2.221352151657944e-02, 1.222775473408109e-03, 1.586701256890721e+00, 1.199018582033493e-02, 1.598137676429487e-12, 8.293662866811426e+00, -7.763919348272759e+00, -1.118739904201835e+05, 3.690217533581965e-04
1348, 2.177539095195517e-02, 2.017439361581169e-03, 1.591635295583635e+00, 1.202747074748492e-02, 1.603181464674805e-12, 1.495210589034872e+01, -1.408565223120696e+01, -1.125993017478442e+05, 3.701689299378991e-04
1349, 2.244554439356829e-02, 1.866678976482652e-03, 1.602389139129254e+00, 1.210873404883739e-02, 1.613856342640924e-12, 2.340588575950011e+01, -1.379410626131723e+01, -1.142586341997502e+05, 3.726685446114288e-04
1350, 2.079787880751443e-02, 3.064519260865444e-03, 1.609053449790271e+00, 1.215909407902098e-02, 1.620683724672926e-12, 3.084648893021362e+01, -1.862182022544077e+01, -1.145349386683898e+05, 3.742199481342941e-04
1351, 2.361134414310170e-02, 1.223588705484386e-03, 1.600039201959009e+00, 1.209097633722368e-02, 1.611498427322674e-12, 2.937932312724988e+01, -9.768009103924362e+00, -1.139583413470741e+05, 3.721211788221239e-04
1352, 4.865369537820876e-02, 3.945193833275820e-03, 1.745619595685888e-01, 1.319108006815406e-03, 1.761652524003831e-13, 1.492263381014029e+01, 5.466047213285938e+00, 1.338299437466777e+05, 1.177386612642136e+03
1353, 4.505081480210545e-02, 1.702416509669104e-03, 1.329351884840319e-01, 1.004548023808952e-03, 1.339313556989129e-13, 2.794873209053917e+01, 2.051928897674956e+00, 1.443709640549307e+05, 7.934310301397101e+02
1354, 4.351268419219738e-02, 1.741883435798703e-03, 1.512277023067588e-01, 1.142778606852330e-03, 1.523066431257061e-13, 3.123934130640611e+01, 2.286946286323234e+00, 1.419637115765580e+05, 4.219184223531258e+02
1355, 2.169444097405650e-02, 4.010764693268097e-03, 1.610747425683362e+00, 1.217189490440962e-02, 1.622325121948672e-12, 3.528029911633986e+01, -1.313608951485764e+01, -1.148667206084014e+05, 3.746134353529161e-04
1356, 3.359688089463823e-02, 2.880878379208104e-03, 1.553456920042352e+00, 1.173896916908801e-02, 1.564667348242061e-12, 3.871890866830693e+01, 6.875909200218108e-01, -1.097924201409225e+05, 3.625516534422302e-04
1357, 1.680050893502140e-02, 4.960862989635213e-03, 1.720677495520845e+00, 1.300260072182098e-02, 1.733029170018522e-12, 4.993685793202004e+01, -7.449791810020263e+00, -1.226747450865358e+05, 4.001809328591672e-04
1358, 1.659957488122901e-02, 4.743357219013864e-03, 1.724845369610210e+00, 1.303409599201770e-02, 1.737199752415868e-12, 5.082953744799632e+01, -5.787914784692080e+00, -1.230092176469929e+05, 4.011502103163105e-04
1359, 3.293082266421465e-02, 1.431274333199891e-03, 1.581093923681627e+00, 1.194781302530427e-02, 1.592429888952012e-12, 6.450111790261293e+01, 3.327957300788272e-01, -1.143071287103635e+05, 3.677125731949043e-04
1360, 5.153352445005208e-02, 4.210586499701312e-03, 1.825000641992873e-01, 1.379093684125398e-03, 1.842083587857365e-13, 1.135746901557867e+01, 6.848521938771306e+00, 1.325258827654944e+05, 1.851232775765537e+03
1361, 5.121589688789330e-02, 3.976298463171530e-03, 1.584501953470155e-01, 1.197356639901672e-03, 1.599830115314773e-13, 1.263235776130672e+01, 5.187734552792689e+00, 1.371161798596743e+05, 1.922892804673465e+03
1362, 5.517245145069465e-02, 4.102984924809483e-03, 1.459197962144166e-01, 1.102668485245288e-03, 1.486302787868986e-13, 7.408673607405450e+00, 4.826435412376910e+00, 1.406494150270298e+05, 2.946008584015876e+03
1363, 4.742261460231175e-02, 1.748764674907701e-03, 1.148289737706857e-01, 8.677252425998113e-04, 1.156605382844109e-13, 2.311468942776185e+01, 1.930006585212519e+00, 1.471312025761392e+05, 1.589893764306464e+03
1364, 3.731512342368900e-02, 1.481140688391077e-03, 4.138331943750901e-01, 3.127202980165096e-03, 4.167407898922644e-13, 4.160248871963188e+01, 1.924540569135211e+00, 1.027066589903296e+05, 7.760939147614221e-01
1365, 1.757617680459479e-02, 4.333864908356680e-03, 1.697198177925589e+00, 1.282517514805331e-02, 1.709419394256072e-12, 5.290183941217722e+01, -4.472629959350507e+00, -1.206925047330949e+05, 3.947203905883209e-04
1366, 2.563874968658135e-02, 3.270015609844966e-03, 1.590347677520445e+00, 1.201774063617635e-02, 1.601803741355074e-12, 3.154924102946615e+01, -6.930928219647251e+00, -1.130576724683279e+05, 3.698673412969159e-04
1367, 2.604259613803606e-02, 3.194241889849450e-03, 1.589430397270767e+00, 1.201080904738791e-02, 1.600856826740556e-12, 3.267756190443474e+01, -6.879189477609621e+00, -1.130552705204177e+05, 3.696537929171617e-04
1368, 2.522598338129505e-02, 3.311362697451393e-03, 1.591238210617691e+00, 1.202447010542507e-02, 1.602651513550045e-12, 3.080279631427050e+01, -7.168668327158995e+00, -1.131291272463763e+05, 3.700746244622832e-04
1369, 3.833139809425951e-02, 3.393775230405480e-03, 3.404373366726819e-01, 2.572574332540374e-03, 3.423874375174332e-13, 3.042537887275850e+01, 7.920799589659366e+00, 1.128499316955712e+05, 4.306763174673148e+00
1370, 3.794800361217079e-02, 3.112811102282610e-03, 3.462107440611690e-01, 2.616202096180646e-03, 3.487269264318250e-13, 3.389347163478254e+01, 5.066434001593363e+00, 1.131874721484668e+05, 3.088547213903245e+00
1371, 6.043223267244422e-02, 5.512670163857093e-04, 8.491163169971028e-02, 6.416496098213015e-04, 8.591642504744814e-14, 4.882873853810477e+00, 5.700486473163552e-01, 1.524966025742546e+05, 4.893135131917150e+03
1372, 5.421121017611571e-02, 4.379014984626074e-03, 1.806694488572206e-01, 1.365260318821994e-03, 1.809265909588720e-13, 8.659683303294061e+00, 6.256492942471786e+00, 1.328441473143191e+05, 2.450752625829017e+03
1373, 1.921471987409024e-02, 4.041089836061668e-03, 1.655300177115051e+00, 1.250856557014021e-02, 1.667088903908598e-12, 5.345750498726755e+01, -1.674035399420169e+01, -1.187063207242639e+05, 3.849756779372275e-04
1374, 1.904206733685952e-02, 3.944849208462112e-03, 1.648891305537440e+00, 1.246013581010785e-02, 1.660661694120661e-12, 4.508043331908648e+01, -1.418435733103475e+01, -1.173597187799991e+05, 3.834855519642100e-04
1375, 2.466463184508180e-02, 1.718268756343485e-03, 1.610765348284270e+00, 1.217203033968139e-02, 1.622308334904257e-12, 4.203697940266949e+01, -7.815215035560881e+00, -1.162959292402770e+05, 3.746137906472344e-04
1376, 1.845929216950527e-02, 4.212511750765688e-03, 1.675045892488899e+00, 1.265777752510610e-02, 1.687092761583609e-12, 5.672210608190946e+01, -9.720685765040432e+00, -1.197195623756375e+05, 3.895681971692674e-04
1377, 2.121656382782137e-02, 3.063621840482018e-03, 1.619246460350804e+00, 1.223611934774050e-02, 1.630833866037362e-12, 3.634774011143501e+01, -2.059448594860315e+01, -1.164865321448896e+05, 3.765897110356855e-04
1378, 2.109957362677114e-02, 2.908684211207225e-03, 1.608708618376839e+00, 1.215648830007825e-02, 1.620307718116256e-12, 2.986636219773321e+01, -1.951105457817176e+01, -1.147751074823592e+05, 3.741394394622356e-04
1379, 5.245896470560041e-02, 3.890370265462658e-03, 1.420301061571395e-01, 1.073275361389102e-03, 1.431572562352368e-13, 1.132411031453941e+01, 4.548958198797351e+00, 1.403048202272496e+05, 2.352180846179775e+03
1380, 4.162797106882245e-02, 1.311351578237021e-03, 1.826831804237995e-01, 1.380477433933103e-03, 1.841365363482089e-13, 3.718953705333991e+01, 1.607830367167830e+00, 1.382029149780017e+05, 1.510705630305411e+02
1381, 4.137320662955701e-02, 1.314058746836327e-03, 1.879840078850731e-01, 1.420534064622953e-03, 1.893930506711743e-13, 3.765287929035443e+01, 1.590969103161110e+00, 1.375150760151963e+05, 1.281833370109758e+02
1382, 5.085194381822106e-02, 1.858157988450403e-03, 9.935037973430096e-02, 7.507585370351105e-04, 1.001461180544407e-13, 1.703608645131947e+01, 1.663021825100043e+00, 1.497784486893274e+05, 2.958371534463154e+03
1383, 3.415849379339870e-02, 1.669281694705594e-03, 1.573804137107744e+00, 1.189272647688701e-02, 1.585123284430947e-12, 6.132317469787646e+01, 3.425699877318479e+00, -1.130168058877806e+05, 3.664295229046066e-04
1384, 3.394847933826257e-02, 1.377423462134263e-03, 1.578590835820576e+00, 1.192889800368428e-02, 1.589911021465243e-12, 6.493794830092450e+01, 2.563267447640643e+00, -1.140811204078037e+05, 3.671810318912403e-04
1385, 1.794377167487625e-02, 4.238204247010726e-03, 1.683789405494839e+00, 1.272384941180091e-02, 1.695822484215706e-12, 4.984047477485959e+01, -6.503693493849357e+00, -1.196910822327551e+05, 3.916019563606201e-04
1386, 2.747424836167162e-02, 1.599495496079056e-03, 1.602106980319626e+00, 1.210660186639713e-02, 1.613575787271395e-12, 5.530513051327743e+01, -5.209220478470685e+00, -1.157700980037994e+05, 3.725983647288197e-04
1387, 2.054132917425625e-02, 3.489312489794282e-03, 1.629440698079402e+00, 1.231315388977016e-02, 1.641075879145101e-12, 4.450515466681255e+01, -1.989231202418043e+01, -1.173099828563952e+05, 3.789610149370478e-04
1388, 2.047525648496866e-02, 3.309270412866524e-03, 1.617991989578907e+00, 1.222663971974116e-02, 1.629613472413703e-12, 3.628511980124120e+01, -1.775368799027009e+01, -1.154458541004674e+05, 3.762988499583886e-04
1389, 2.033560220096799e-02, 3.299612572090003e-03, 1.613988680396708e+00, 1.219638801307469e-02, 1.625590064675046e-12, 3.094903950587238e+01, -1.414492194770015e+01, -1.145976415555128e+05, 3.753681205685117e-04
1390, 4.323885066214057e-02, 1.381159711180356e-03, 1.534768801710997e-01, 1.159774913132009e-03, 1.545535436135717e-13, 3.332374778174751e+01, 1.679829866205723e+00, 1.420380700317955e+05, 3.796195624838626e+02
1391, 4.365893171304703e-02, 1.357989127214413e-03, 1.479542912406282e-01, 1.118042503077980e-03, 1.490603413795266e-13, 3.251494310985402e+01, 1.684322428117102e+00, 1.427488986918506e+05, 4.596408255026458e+02
1392, 7.862335538137180e-02, 7.780644969332150e-04, 1.262883298138813e+00, 9.543198726494690e-03, 1.272231701286637e-12, -2.307028083451958e+01, -1.981384495467205e-01, -7.291622489322860e+04, 3.042338692428470e-04
1393, 3.138613813444406e-02, 1.498294278528847e-03, 1.584500897850293e+00, 1.197355842204469e-02, 1.595869091927714e-12, 6.608952939437694e+01, 4.230812859952095e-01, -1.144887075745272e+05, 3.685039795546007e-04
1394, 2.552373712508915e-02, 1.917198887413893e-03, 1.609604684788594e+00, 1.216325958278707e-02, 1.621157525579889e-12, 4.535455692941304e+01, -7.025649532529316e+00, -1.164770285387935e+05, 3.743431963078789e-04
1395, 3.216497698573959e-02, 1.506371596082230e-03, 1.582291991369005e+00, 1.195686643352113e-02, 1.593662002830780e-12, 6.498868617830041e+01, 9.042774723201324e-01, -1.143613847630213e+05, 3.679899786501752e-04
1396, 3.196970474622445e-02, 1.301874250700946e-03, 1.583985663160177e+00, 1.196966496091036e-02, 1.595361853006366e-12, 6.953732356059983e+01, 8.215551568961755e-01, -1.143778765279469e+05, 3.683833582159249e-04
1397, 5.586411043703093e-02, 2.078711321047640e-03, 8.932314657290584e-02, 6.749859942539518e-04, 8.987236222629414e-14, 9.714976117497741e+00, 1.636803279461966e+00, 1.519885989002432e+05, 4.453826708775940e+03
1398, 4.232169921065397e-02, 1.776311597646615e-03, 1.697982539464720e-01, 1.283110231333810e-03, 1.710046444107198e-13, 3.389351010757150e+01, 2.332465965003466e+00, 1.393823820073438e+05, 2.299585109274639e+02
1399, 4.240031737468069e-02, 1.475855253463228e-03, 1.671691427515535e-01, 1.263242892329321e-03, 1.684081296044438e-13, 3.471621456668334e+01, 1.867416151868842e+00, 1.399555753977376e+05, 2.445441779516315e+02
1400, 5.504381453162259e-02, 4.506579913548322e-03, 1.925596107711597e-01, 1.455110408852559e-03, 1.922640211702209e-13, 6.925424863181495e+00, 7.420476200403216e+00, 1.312268726029158e+05, 2.536985529761998e+03
1401, 2.197370233586673e-02, 1.487330187114587e-03, 1.586744352143589e+00, 1.199051147715740e-02, 1.598229452184330e-12, 7.433823914223397e+00, -8.899795119382222e+00, -1.119560327781636e+05, 3.690319347523155e-04
1402, 1.498229517419051e-02, 5.138503479010358e-03, 1.760500918346923e+00, 1.330353338801295e-02, 1.773100199610919e-12, 4.167509940813999e+01, -4.397447013031811e+00, -1.250858956832237e+05, 4.094431445605005e-04
1403, 1.531079328305532e-02, 5.002032505159648e-03, 1.754978738433252e+00, 1.326180406876608e-02, 1.767565416918842e-12, 4.374366080442591e+01, -4.859778420294697e+00, -1.248028336505111e+05, 4.081587095139115e-04
1404, 1.458327550270669e-02, 5.280288119267893e-03, 1.766096200000881e+00, 1.334581511335771e-02, 1.778723442742895e-12, 3.744682619549850e+01, -4.007451234844134e+00, -1.250785628376963e+05, 4.107446862388285e-04
1405, 1.427780205011473e-02, 5.195556998504778e-03, 1.771412270928300e+00, 1.338598693396784e-02, 1.784118655625880e-12, 3.782837054410961e+01, -2.809863256233998e+00, -1.256032728912492e+05, 4.119810037281672e-04
1406, 1.999729555778767e-02, 3.729951384931428e-03, 1.638058584116488e+00, 1.237827645428208e-02, 1.649764997796879e-12, 4.846895438051646e+01, -1.856312653169816e+01, -1.176217348054940e+05, 3.809655824556432e-04
1407, 1.979814842635005e-02, 3.678473812779712e-03, 1.633546302311552e+00, 1.234417860688970e-02, 1.645161509929482e-12, 4.256558881621174e+01, -1.608390136152537e+01, -1.165594680869376e+05, 3.799165285734548e-04
1408, 5.316493961260050e-02, 1.313252044908297e-03, 8.950396025204845e-02, 6.763523444738759e-04, 9.033165362445133e-14, 1.480616028288677e+01, 1.124371336312303e+00, 1.521848916222987e+05, 3.989391657554789e+03
1409, 1.811608587678801e-02, 4.178637164113099e-03, 1.675699312027225e+00, 1.266271520423710e-02, 1.687679053127350e-12, 4.739285524149891e+01, -6.877466013576123e+00, -1.188865360344507e+05, 3.897204825884304e-04
1410, 5.046691780961319e-02, 1.943568650995871e-03, 1.015025842543383e-01, 7.670220472621186e-04, 1.022944247281642e-13, 1.748370083433299e+01, 1.786159526934239e+00, 1.493336535270904e+05, 2.774776974211568e+03
1411, 5.059901358766359e-02, 1.636587563912912e-03, 9.881098118325919e-02, 7.466824774554735e-04, 9.958071791249683e-14, 1.808570306388090e+01, 1.396272748042452e+00, 1.500573068526947e+05, 2.927402782107323e+03
1412, 5.087361892119124e-02, 1.517869442552949e-03, 9.702855935791978e-02, 7.332132948962260e-04, 9.779206847247148e-14, 1.797093852651374e+01, 1.308583311109619e+00, 1.504149778402067e+05, 3.071135354540767e+03
1413, 5.236764344774139e-02, 4.282787527123942e-03, 1.830220565269281e-01, 1.383038210531637e-03, 1.840947265580438e-13, 1.010472452492413e+01, 6.638063879627527e+00, 1.327853686363669e+05, 2.024863437288525e+03
1414, 5.268827564452067e-02, 4.263259396476546e-03, 1.783768855576581e-01, 1.347936162904584e-03, 1.796301070796658e-13, 1.002326694359856e+01, 6.537842312939544e+00, 1.337899658096966e+05, 2.140490844007630e+03
1415, 3.563420626361711e-02, 1.594393787849716e-03, 9.895484330590830e-01, 7.477695967699629e-03, 9.989995864977924e-13, 1.732264084569908e+01, 1.256886431314119e+01, 1.966355035400427e+03, 7.921497682865448e-04
1416, 3.529990310322172e-02, 1.591861519909735e-03, 1.291125294607976e+00, 9.756614316937749e-03, 1.301481960237247e-12, 3.207532422790801e+00, 2.044927936176477e+01, -5.666733932509187e+04, 2.959523317803961e-04
1417, 3.548697770817014e-02, 1.349008640568898e-03, 1.030942778855609e+00, 7.790499588331760e-03, 1.038122004251347e-12, 1.312850784800834e+01, 1.553515121837931e+01, -3.233076835614187e+03, 4.748968657692044e-04
1418, 3.573582462221431e-02, 1.332071977252437e-03, 8.410440718148615e-01, 6.355496764344231e-03, 8.482480633473905e-13, 2.784233749670506e+01, 8.633772059924956e+00, 2.946245349318512e+04, 1.772992707381846e-03
1419, 5.178369161747472e-02, 4.413823661950070e-03, 2.141249069511772e-01, 1.618072344719447e-03, 2.157894155207404e-13, 9.828759737977126e+00, 8.298702447664031e+00, 1.267347256295325e+05, 1.747075735584211e+03
1420, 3.338605867799092e-02, 1.707445739539586e-03, 1.577027984781025e+00, 1.191708804620654e-02, 1.588319633157857e-12, 5.857414678919144e+01, 2.950069986501752e-01, -1.139111189692834e+05, 3.667986475616213e-04
1421, 3.353680818424336e-02, 1.456061416516176e-03, 1.579660862830858e+00, 1.193698385010957e-02, 1.590981860407925e-12, 6.336089040256908e+01, 1.106667401170999e+00, -1.142561930282157e+05, 3.673719281874734e-04
1422, 2.236866906464909e-02, 1.165951079195281e-03, 1.587600722024590e+00, 1.199698278608206e-02, 1.599031527302280e-12, 1.043235908543309e+01, -8.041736766610626e+00, -1.119013651927069e+05, 3.692306888673476e-04
1423, 1.523689092008872e-02, 5.338641663029903e-03, 1.753673258251887e+00, 1.325193897923436e-02, 1.766254382660750e-12, 3.716549067273177e+01, -5.198357775286586e+00, -1.241927320422824e+05, 4.078554203365099e-04
1424, 4.468474373103067e-02, 1.668476295857272e-03, 1.362537162628291e-01, 1.029625059920797e-03, 1.372612431577761e-13, 2.892494250610473e+01, 1.914783928285900e+00, 1.439218116986407e+05, 6.986773963614027e+02
1425, 4.484349810123562e-02, 1.373896950865143e-03, 1.335461900904194e-01, 1.009165164411449e-03, 1.344994155634597e-13, 2.954775023147456e+01, 1.536565904483230e+00, 1.445845271427541e+05, 7.570629174381849e+02
1426, 4.450459910658219e-02, 1.351751817134705e-03, 1.370306681291817e-01, 1.035496232714419e-03, 1.380225608987767e-13, 3.044839816448372e+01, 1.528955173210313e+00, 1.440742082535826e+05, 6.671658003092806e+02
1427, 2.185752971709037e-02, 1.832331164334875e-03, 1.589573744047038e+00, 1.201189227239733e-02, 1.601110103153187e-12, 1.229464908776605e+01, -1.211159360943152e+01, -1.122962794237201e+05, 3.696896241807705e-04
1428, 2.094488152762783e-02, 2.895986518534292e-03, 1.603423652746588e+00, 1.211655153209140e-02, 1.615021039518007e-12, 2.576904610120813e+01, -1.731993121414970e+01, -1.138761274330185e+05, 3.729107154028149e-04
1429, 5.385023536874516e-02, 4.081682804394153e-03, 1.494596927308347e-01, 1.129418332979236e-03, 1.502413602307889e-13, 9.561365799435279e+00, 4.681125690447686e+00, 1.389898726479530e+05, 2.606895807511018e+03
1430, 2.721642541943771e-02, 1.315826274261753e-03, 1.602162218862369e+00, 1.210701928611563e-02, 1.613654018630131e-12, 5.649088945173094e+01, -4.219931706275525e+00, -1.154951042921150e+05, 3.726113978664409e-04
1431, 2.412984770160939e-02, 3.295323878833471e-03, 1.600378453654904e+00, 1.209353995205376e-02, 1.611860474275426e-12, 3.274143814694074e+01, -9.023278654184347e+00, -1.144656056511701e+05, 3.722002355238423e-04
1432, 5.718355130860475e-02, 2.129327474717741e-03, 8.845608757640282e-02, 6.684339111567343e-04, 8.914093141041425e-14, 7.925120025695238e+00, 1.681339427593944e+00, 1.521674298742433e+05, 4.651068002768221e+03
1433, 5.724390620071333e-02, 1.699627506136482e-03, 8.515972634670262e-02, 6.435243804537158e-04, 8.581711640959147e-14, 8.301646480190241e+00, 1.386980716705108e+00, 1.529930951072159e+05, 4.845711585982608e+03
1434, 1.834051537153231e-02, 4.135473537786981e-03, 1.671075203661641e+00, 1.262777231986245e-02, 1.683028674555238e-12, 4.814048971900621e+01, -7.066499135172087e+00, -1.187408223169384e+05, 3.886450041024189e-04
1435, 2.207989627187697e-02, 1.256627677885241e-03, 1.585681699248685e+00, 1.198248135452607e-02, 1.597124712702118e-12, 6.062094058884974e+00, -6.852560623369670e+00, -1.118144722788451e+05, 3.687849060686034e-04
1436, 2.210711111412825e-02, 1.115654173664731e-03, 1.585280670362598e+00, 1.197945090954316e-02, 1.596704443126641e-12, 4.794271426447628e+00, -5.407708148021626e+00, -1.117653164898922e+05, 3.686917878636873e-04
1437, 3.823708559900994e-02, 1.538213994783650e-03, 3.218665140806166e-01, 2.432240660559114e-03, 3.243388173796073e-13, 4.253031994578275e+01, 1.513060909865086e+00, 1.169835439325665e+05, 4.821975489014100e+00
1438, 3.849312562884424e-02, 1.441634730406743e-03, 3.015229603381699e-01, 2.278511035301468e-03, 3.037133332931647e-13, 4.234221473651427e+01, 1.427376109331728e+00, 1.203915097231424e+05, 7.306813716193865e+00
1439, 3.874611317510283e-02, 1.684517760223776e-03, 2.878909906734718e-01, 2.175498670077033e-03, 2.899802045933803e-13, 4.101242250071925e+01, 1.816126975784043e+00, 1.225852206510911e+05, 1.056664517509821e+01
1440, 3.801727369888574e-02, 1.329579420143409e-03, 3.385828412607897e-01, 2.558560513306098e-03, 3.411551641597804e-13, 4.366540175096616e+01, 1.238018708663841e+00, 1.143659541503801e+05, 3.130426100834871e+00
1441, 3.878257006475011e-02, 1.373083486731761e-03, 2.828836488459867e-01, 2.137659814957598e-03, 2.848534879018671e-13, 4.208718310464437e+01, 1.434029197464564e+00, 1.235794867745581e+05, 1.096155508148050e+01
1442, 3.903063563653887e-02, 1.551086459830799e-03, 2.715448213738136e-01, 2.051975980155154e-03, 2.735210010479226e-13, 4.117707219437482e+01, 1.706236271281496e+00, 1.252914489356941e+05, 1.495426135447784e+01
1443, 2.874038402317724e-02, 1.492430753895116e-03, 1.596457676535458e+00, 1.206391191336820e-02, 1.607908529179993e-12, 6.449120267637727e+01, -6.197387626012544e+00, -1.152366568759644e+05, 3.712845630544272e-04
1444, 2.840507740844026e-02, 1.618096584929258e-03, 1.597182265868402e+00, 1.206938739951133e-02, 1.608639557078124e-12, 6.112113025902205e+01, -6.661923595551515e+00, -1.152545957464184e+05, 3.714529887145868e-04
1445, 2.856061627509854e-02, 1.270557633032360e-03, 1.596682071537051e+00, 1.206560759348107e-02, 1.608131056167618e-12, 6.607603435855250e+01, -5.288873095535044e+00, -1.150211679059326e+05, 3.713362836167497e-04
1446, 2.823855460470567e-02, 1.297429282646994e-03, 1.597556923183041e+00, 1.207221856309810e-02, 1.609011046853778e-12, 6.330975576825924e+01, -4.824760905938385e+00, -1.151094348361150e+05, 3.715398146052479e-04
1447, 4.032520394957672e-02, 1.873228007945309e-03, 2.180748773039147e-01, 1.647920987183532e-03, 2.196869349033025e-13, 3.783004862580105e+01, 2.289628914439295e+00, 1.328259191669644e+05, 5.761941195642120e+01
1448, 4.006112983382514e-02, 1.579196595004957e-03, 2.266591954580403e-01, 1.712789890111518e-03, 2.282754930416246e-13, 3.966476388278425e+01, 1.839452705641774e+00, 1.316604821196255e+05, 4.470774929328938e+01
1449, 2.225503016946287e-02, 1.066503999585440e-03, 1.585803801565634e+00, 1.198340404205983e-02, 1.597216486745441e-12, 6.717316982433240e+00, -6.404345047340021e+00, -1.117419555589963e+05, 3.688131860768583e-04
1450, 2.102392832657673e-02, 2.783644586139866e-03, 1.600389751833456e+00, 1.209362532871761e-02, 1.611994689506453e-12, 2.281884079474489e+01, -1.648655044609455e+01, -1.134867489547441e+05, 3.722052297556141e-04
1451, 2.116342592801624e-02, 2.769925538724974e-03, 1.603899773505475e+00, 1.212014942195702e-02, 1.615554275373270e-12, 2.637775424629835e+01, -1.840143376574703e+01, -1.140680910744183e+05, 3.730212140197299e-04
1452, 1.694927275466276e-02, 4.438326717641479e-03, 1.712774467727217e+00, 1.294288010877091e-02, 1.725051932311631e-12, 4.844370377084646e+01, -3.906136924962801e+00, -1.216935559252980e+05, 3.983430253451448e-04
1453, 5.758325780615824e-02, 1.923703566041916e-03, 8.650851574085228e-02, 6.537167436336903e-04, 8.716559403880736e-14, 7.680478076804419e+00, 1.554473901907225e+00, 1.526266448279089e+05, 4.784951947371600e+03
1454, 5.759221753467289e-02, 1.523328531533867e-03, 8.397627424654638e-02, 6.345814174801984e-04, 8.465070651491836e-14, 8.026942103515994e+00, 1.318202253723921e+00, 1.533453978528129e+05, 4.945951488063877e+03
1455, 5.788262131801489e-02, 1.748902105619331e-03, 8.522006087247419e-02, 6.439803088600710e-04, 8.584883269255710e-14, 7.494895571328598e+00, 1.474826265005138e+00, 1.529838053834715e+05, 4.878566637044805e+03
1456, 5.788436946037314e-02, 1.429281332472201e-03, 8.339591743030050e-02, 6.301958495992543e-04, 8.405667379866839e-14, 7.682228694181861e+00, 1.268945653180541e+00, 1.535042528502024e+05, 4.997335142590774e+03
1457, 5.812108826500165e-02, 1.606620695906559e-03, 8.433087022141859e-02, 6.372609840410149e-04, 8.494605637570438e-14, 7.268062256156561e+00, 1.344367404947293e+00, 1.532150588174997e+05, 4.942139164595303e+03
1458, 5.810607876391525e-02, 1.333847192079738e-03, 8.291788352892457e-02, 6.265835027374834e-04, 8.356471033505416e-14, 7.434030207323421e+00, 1.166355218061160e+00, 1.536191599071429e+05, 5.035917694126978e+03
1459, 5.833380104141500e-02, 1.481945292313588e-03, 8.370283484103150e-02, 6.325151247433738e-04, 8.431273895890776e-14, 7.030915533021055e+00, 1.198379267248601e+00, 1.533772004181505e+05, 4.988697022708626e+03
1460, 5.833789752946770e-02, 1.751139894717227e-03, 8.530468255310336e-02, 6.446197674038883e-04, 8.591150320188671e-14, 6.806518081326860e+00, 1.401554083568476e+00, 1.529479225006394e+05, 4.887511511515495e+03
1461, 5.793680244523473e-02, 1.229614049329242e-03, 8.246137552151991e-02, 6.231338200618845e-04, 8.310458970405296e-14, 7.787775402748294e+00, 1.096916623052416e+00, 1.537627029268637e+05, 5.061690417360120e+03
1462, 5.815827144612105e-02, 1.154706451016194e-03, 8.215334646525298e-02, 6.208061445737253e-04, 8.279063269129073e-14, 7.500056676174101e+00, 1.004276185995627e+00, 1.538242245483703e+05, 5.089160339066379e+03
1463, 5.770699976815333e-02, 1.320118852745439e-03, 8.290542039831947e-02, 6.264893229092378e-04, 8.355439038054307e-14, 8.070100885587065e+00, 1.171032325660898e+00, 1.536179774772722e+05, 5.020830722901890e+03
1464, 5.732574984840930e-02, 1.342174061203652e-03, 8.320363182772264e-02, 6.287428097812769e-04, 8.387854102484730e-14, 8.581381440500866e+00, 1.131048236766513e+00, 1.535755911018954e+05, 4.981363929635434e+03
1465, 5.858592594202444e-02, 1.617555151453844e-03, 8.462441893538082e-02, 6.394792362876226e-04, 8.520219453363134e-14, 6.572864128042139e+00, 1.254599479759003e+00, 1.530863579612942e+05, 4.933187761427491e+03
1466, 5.855699516284056e-02, 1.328405400644332e-03, 8.306749573318022e-02, 6.277140735505683e-04, 8.364472922022925e-14, 6.807250022100646e+00, 1.037541126068560e+00, 1.535067346323811e+05, 5.033863739114313e+03
1467, 5.883128876215356e-02, 1.459467844964147e-03, 8.399893205470227e-02, 6.347526351742266e-04, 8.453288979296135e-14, 6.362977199631716e+00, 1.049229049602164e+00, 1.532147723060878e+05, 4.975457411055942e+03
1468, 5.698885578480874e-02, 1.473044845763472e-03, 8.404571661405726e-02, 6.351061708871926e-04, 8.465335337397754e-14, 8.935241603528004e+00, 1.142520299095363e+00, 1.533176989807692e+05, 4.897223146708881e+03
1469, 6.081235228206686e-02, 1.057125526341660e-03, 8.873518198247043e-02, 6.705429368951098e-04, 8.969191524533685e-14, 4.364793264616108e+00, 8.565571057655339e-01, 1.514849731634982e+05, 4.659781557654002e+03
1470, 1.746748919871948e-02, 4.240753920037242e-03, 1.695160318665364e+00, 1.280977570779968e-02, 1.707391424238949e-12, 4.427759088774705e+01, -2.841495836806501e+00, -1.200300664134930e+05, 3.942467114628172e-04
1471, 1.732748223847267e-02, 4.267174850338368e-03, 1.699265075950324e+00, 1.284079402481457e-02, 1.711474512990134e-12, 4.454822023532483e+01, -2.108560518998707e+00, -1.203232921668154e+05, 3.952013485375992e-04
1472, 1.725203302962786e-02, 4.408055382459034e-03, 1.705519192463004e+00, 1.288805435110686e-02, 1.717744457702186e-12, 5.178579881959477e+01, -4.232638555677797e+00, -1.212055171068003e+05, 3.966556083285578e-04
1473, 1.718701848909859e-02, 4.276271617460538e-03, 1.702461157743746e+00, 1.286494577640214e-02, 1.714673248313103e-12, 4.345630742155148e+01, -2.245659487867241e+00, -1.204842967131291e+05, 3.959446885656464e-04
1474, 3.657598659839153e-02, 1.537256474320625e-03, 5.330550754065174e-01, 4.028123995516927e-03, 5.361019091764495e-13, 3.939641735065977e+01, 2.367118786189620e+00, 8.091052297947777e+04, 1.031374314570262e-01
1475, 1.882744127336899e-02, 4.642989581203903e-03, 1.665690634140383e+00, 1.258708287763629e-02, 1.677625038412753e-12, 5.392523470578247e+01, -1.306790732306846e+01, -1.189143511509760e+05, 3.873923037141082e-04
1476, 3.058579242321915e-02, 1.480899947682807e-03, 1.586421595194563e+00, 1.198807250776954e-02, 1.597840689670343e-12, 6.856262264674970e+01, -8.201288815241689e-01, -1.145251557835589e+05, 3.689508467309669e-04
1477, 1.884020347636622e-02, 4.069206786436868e-03, 1.658307245523724e+00, 1.253128900899656e-02, 1.670184969072017e-12, 5.108396096693341e+01, -1.324223018880224e+01, -1.182995503505001e+05, 3.856752950859495e-04
1478, 2.426500161516284e-02, 1.467764123313180e-03, 1.606868403419335e+00, 1.214258239359879e-02, 1.618406312825537e-12, 3.900718465226935e+01, -8.569600816585833e+00, -1.153805768917718e+05, 3.737081268427559e-04
1479, 2.415775868116063e-02, 1.274665893844601e-03, 1.602800014349076e+00, 1.211183889936518e-02, 1.614312308194970e-12, 3.721088356892427e+01, -8.383409696924081e+00, -1.145628054785915e+05, 3.727623850467834e-04
1480, 2.423368386684519e-02, 1.102832577600294e-03, 1.599690639112331e+00, 1.208834236105236e-02, 1.611163417179878e-12, 3.679837866261725e+01, -7.466731110098262e+00, -1.139954702925536e+05, 3.720394995721165e-04
1481, 2.406082108047631e-02, 1.132193640865967e-03, 1.599384153079814e+00, 1.208602634569329e-02, 1.610845882100332e-12, 3.489765028961818e+01, -8.010575366985178e+00, -1.139298490398894e+05, 3.719683905761680e-04
1482, 2.397460959605026e-02, 1.276086484778685e-03, 1.601796578615819e+00, 1.210425626158240e-02, 1.613271905764725e-12, 3.493029759257626e+01, -8.955376585234513e+00, -1.143762454279008e+05, 3.725292649957134e-04
1483, 2.391331791743023e-02, 1.134448372189833e-03, 1.598792536267950e+00, 1.208155568968427e-02, 1.610231293222283e-12, 3.277233808715891e+01, -8.454854363637688e+00, -1.138232586693054e+05, 3.718310070004081e-04
1484, 1.745844595172566e-02, 4.968567217216864e-03, 1.701648502508163e+00, 1.285880480484863e-02, 1.713850282024382e-12, 4.705371841298638e+01, -8.761689591201529e+00, -1.210469753839833e+05, 3.957553980831108e-04
1485, 4.599352581477469e-02, 3.851390220578434e-03, 1.921223613669102e-01, 1.451806257183416e-03, 1.916696798397593e-13, 1.865835206681075e+01, 6.950265470589541e+00, 1.310110039923676e+05, 5.707588035865568e+02
1486, 4.554417448298471e-02, 3.862222354767726e-03, 2.010985453863225e-01, 1.519636363122364e-03, 2.015576158242059e-13, 1.914347700546010e+01, 7.070540496988351e+00, 1.292426054720235e+05, 4.824401849997670e+02
1487, 4.644080381882807e-02, 3.833165124766672e-03, 1.850995184494810e-01, 1.398736915237254e-03, 1.852582342906360e-13, 1.801722939521849e+01, 6.679621155748987e+00, 1.325509437684166e+05, 6.714120724448948e+02
1488, 4.669676461825036e-02, 3.499985955589306e-03, 1.548463734750286e-01, 1.170123729031836e-03, 1.551113935238542e-13, 1.942356919811905e+01, 4.894707423080165e+00, 1.381980892607389e+05, 8.542411076643242e+02
1489, 4.687773125615903e-02, 3.917690078575588e-03, 1.887955920102159e-01, 1.426666942144564e-03, 1.890695350928876e-13, 1.675659275842857e+01, 6.819094882284223e+00, 1.315085198047798e+05, 7.321695069907965e+02
1490, 4.711288738913025e-02, 1.461060952155938e-03, 1.151262062391045e-01, 8.699713317818235e-04, 1.159484134522066e-13, 2.431204481634829e+01, 1.628077913873534e+00, 1.472270759067431e+05, 1.520854931361435e+03
1491, 4.671050423652445e-02, 1.510624020729316e-03, 1.179339197844561e-01, 8.911883107140105e-04, 1.187216248203005e-13, 2.493890761783674e+01, 1.625877489349008e+00, 1.466875215669719e+05, 1.367498490069907e+03
1492, 4.654209396272659e-02, 1.823185928975283e-03, 1.206794934907767e-01, 9.119357190742204e-04, 1.213992277267638e-13, 2.456503972165514e+01, 2.055322303531904e+00, 1.459121649227987e+05, 1.263733664585166e+03
1493, 4.743876946664345e-02, 1.419497805153432e-03, 1.129583743728783e-01, 8.535897307775783e-04, 1.137823170782471e-13, 2.405124976624023e+01, 1.586512256085663e+00, 1.476265598174708e+05, 1.647879384462429e+03
1494, 2.237663401334393e-02, 1.019197943227331e-03, 1.586345804254504e+00, 1.198749978026287e-02, 1.597758083762549e-12, 8.341090481891884e+00, -6.640237694090484e+00, -1.117246795589122e+05, 3.689390536517765e-04
1495, 2.433176709219952e-02, 3.613485397896792e-03, 1.590318546049650e+00, 1.201752049911735e-02, 1.601774809495472e-12, 2.666414161993435e+01, -6.766012554815502e+00, -1.127233852504326e+05, 3.698616919424785e-04
1496, 2.400407030053936e-02, 3.639793356045045e-03, 1.591757610734345e+00, 1.202839504333420e-02, 1.603170553181033e-12, 2.668736326804141e+01, -7.210040956341714e+00, -1.128888468914402e+05, 3.701964358641107e-04
1497, 5.777587339272999e-02, 3.929663446773703e-03, 1.251319949891994e-01, 9.455818261155011e-04, 1.255978535369383e-13, 5.545914141278941e+00, 3.745168666821395e+00, 1.439744267179291e+05, 3.497783586653918e+03
1498, 5.710471529819999e-02, 4.087314186902880e-03, 1.350084523994333e-01, 1.020215005536944e-03, 1.362431514797363e-13, 5.808660531744030e+00, 4.137773830481661e+00, 1.422479817047238e+05, 3.306581101150472e+03
1499, 5.776716228914165e-02, 4.429550948516007e-03, 1.612339636122256e-01, 1.218392672135340e-03, 1.605301339332561e-13, 5.119630436225448e+00, 5.371478020339185e+00, 1.373120249139425e+05, 3.088873599696277e+03
1500, 5.808708599293225e-02, 4.706063396133780e-03, 1.984188947057839e-01, 1.499387113650130e-03, 1.967649862706111e-13, 4.506547842125249e+00, 7.366380396889311e+00, 1.301244948558448e+05, 2.838295072918649e+03
1501, 5.773497639832027e-02, 4.797531345667346e-03, 2.276113968421115e-01, 1.719985366569953e-03, 2.258297373840388e-13, 4.406868805373629e+00, 9.054237074758957e+00, 1.255067151770417e+05, 2.736222793460143e+03
1502, 5.742140901462676e-02, 4.627209860680113e-03, 1.908623969550664e-01, 1.442285115533336e-03, 1.895291141458954e-13, 5.079675314523374e+00, 6.780948005826605e+00, 1.317614496289719e+05, 2.874345657839918e+03
1503, 2.018344772666401e-02, 3.422145452778204e-03, 1.619534836977775e+00, 1.223829851620609e-02, 1.631206525754360e-12, 3.517779916113751e+01, -1.628161000895247e+01, -1.151315584470083e+05, 3.766579223311689e-04
1504, 4.529708516003823e-02, 3.503199608540681e-03, 1.689946520327159e-01, 1.277037672792276e-03, 1.695857736250123e-13, 2.159029642652741e+01, 5.262395564779499e+00, 1.357092484420596e+05, 5.384225089054802e+02
1505, 4.514955513407097e-02, 3.876640334244939e-03, 2.107593469228328e-01, 1.592639901181508e-03, 2.114054041327090e-13, 1.932035787612200e+01, 7.083849100975288e+00, 1.275157714879736e+05, 4.082040380902621e+02
1506, 4.494057060963969e-02, 3.577602040076729e-03, 1.795205783474045e-01, 1.356578677688744e-03, 1.805124340215647e-13, 2.149107188291975e+01, 5.834850818067957e+00, 1.340194960136540e+05, 4.511866197757349e+02
1507, 4.483173745440557e-02, 3.919019899281730e-03, 2.274804086106464e-01, 1.718995531063993e-03, 2.284133048711881e-13, 1.866140775545905e+01, 8.717369320253637e+00, 1.252203853809203e+05, 3.477537189031917e+02
1508, 4.452155665412659e-02, 3.670352823008767e-03, 1.932293370814094e-01, 1.460171312958662e-03, 1.940801390987291e-13, 2.108053801701298e+01, 6.799454077782600e+00, 1.317096656164250e+05, 3.613609453299368e+02
1509, 3.941139609945429e-02, 1.974370510458177e-03, 2.538610701265999e-01, 1.918345618085547e-03, 2.556866496766547e-13, 3.888434866438469e+01, 2.363871219543491e+00, 1.277007312817243e+05, 2.388635398302839e+01
1510, 3.958258707981603e-02, 1.659169444925891e-03, 2.455309738086181e-01, 1.855397786967267e-03, 2.473035281659100e-13, 3.997713687590981e+01, 1.937704412338066e+00, 1.289854611476117e+05, 2.806383317742462e+01
1511, 1.958877784692838e-02, 3.839942714497978e-03, 1.644057525507043e+00, 1.242360850509216e-02, 1.655900617545403e-12, 4.986318892328242e+01, -1.663401229174836e+01, -1.176156646161641e+05, 3.823609836595416e-04
1512, 3.860341670237494e-02, 1.188661500526760e-03, 2.921541455484539e-01, 2.207713946210334e-03, 2.943297669632042e-13, 4.305420806983750e+01, 1.192415188161647e+00, 1.220793702964090e+05, 8.492291540652916e+00
1513, 5.841636908582311e-02, 2.339687350018061e-03, 9.043840156940076e-02, 6.834136138746050e-04, 9.111158034632820e-14, 6.115713423696231e+00, 1.936361704470904e+00, 1.517162528380991e+05, 4.612470552388161e+03
1514, 2.658502881246903e-02, 1.579840342087942e-03, 1.604940408572343e+00, 1.212801316301713e-02, 1.616432014942368e-12, 5.260365316034841e+01, -5.354299826688901e+00, -1.159186281528270e+05, 3.732577214383476e-04
1515, 5.453188755641048e-02, 4.590152660137665e-03, 2.206607235729645e-01, 1.667461387204457e-03, 2.201046160714319e-13, 7.016458412917393e+00, 8.830252879158401e+00, 1.263862768121892e+05, 2.339175111875403e+03
1516, 2.205996650191969e-02, 4.070315311576853e-03, 1.602660012287949e+00, 1.211078094928056e-02, 1.614210502097894e-12, 3.071281278541337e+01, -1.034269724191068e+01, -1.136852868519660e+05, 3.727328350922095e-04
1517, 2.184393259688625e-02, 4.271289966518264e-03, 1.597791938129890e+00, 1.207399449468573e-02, 1.609229069525551e-12, 2.471391043407747e+01, -8.073477256213971e+00, -1.127186895516617e+05, 3.716012075622906e-04
1518, 5.800645231264286e-02, 1.055593826812159e-03, 8.176861076900292e-02, 6.178988219320376e-04, 8.240410154014549e-14, 7.852487073213890e+00, 9.462679257715961e-01, 1.539489379973780e+05, 5.110970814791175e+03
1519, 5.372644644887488e-02, 1.724295580748817e-03, 9.064627251698106e-02, 6.849844270804019e-04, 9.148588207951276e-14, 1.319750070437042e+01, 1.535191597980056e+00, 1.517734937506380e+05, 4.034786975143272e+03
1520, 5.377969830136081e-02, 1.335029164052694e-03, 8.837515779901470e-02, 6.678223511259821e-04, 8.921324038988472e-14, 1.381224102879013e+01, 1.195180876374590e+00, 1.524914057093418e+05, 4.184265909236572e+03
1521, 5.828403118317462e-02, 1.255045717901622e-03, 8.259500829843848e-02, 6.241436395348182e-04, 8.324020164654978e-14, 7.218842154153653e+00, 1.051710344094579e+00, 1.536783316209468e+05, 5.061528610913712e+03
1522, 5.829003715601418e-02, 1.104003079449562e-03, 8.197280026569333e-02, 6.194418156098105e-04, 8.259763358025666e-14, 7.354161207728560e+00, 9.388764255976217e-01, 1.538392661826362e+05, 5.103023850195066e+03
1523, 2.466502362583611e-02, 3.624511506659773e-03, 1.587366916834685e+00, 1.199521599623363e-02, 1.598733252510627e-12, 2.490317368683046e+01, -5.479471980870477e+00, -1.123420886895765e+05, 3.691754361531673e-04
1524, 3.706274666136550e-02, 1.235585467232031e-03, 4.361811596452596e-01, 3.296079292030443e-03, 4.391800324809840e-13, 4.143256562697501e+01, 1.510809259499714e+00, 9.933026289976611e+04, 4.498620125326500e-01
1525, 4.223022589835157e-02, 1.300606411158040e-03, 1.698066350210811e-01, 1.283173564391279e-03, 1.710435747409899e-13, 3.588508577122456e+01, 1.578817112989823e+00, 1.397111034763192e+05, 2.222742449857512e+02
1526, 4.245327897644642e-02, 1.258455287851371e-03, 1.656158141654638e-01, 1.251504892938252e-03, 1.668168595221190e-13, 3.542442809813833e+01, 1.531415276666180e+00, 1.403546096014233e+05, 2.540580899148388e+02
1527, 4.263354948747665e-02, 1.419147432262949e-03, 1.627413113132027e-01, 1.229783208916121e-03, 1.639211555964618e-13, 3.437636904339023e+01, 1.656980046012471e+00, 1.406355178780250e+05, 2.801230501010231e+02
1528, 3.883899507900298e-02, 1.054650391203099e-03, 2.782420795315720e-01, 2.102584983866207e-03, 2.802483646983353e-13, 4.297845957006673e+01, 1.113228458854013e+00, 1.245431619878847e+05, 1.161468157869297e+01
1529, 2.107370872441158e-02, 2.672996552060188e-03, 1.596927873291655e+00, 1.206746503746975e-02, 1.608531978587810e-12, 1.908575011945862e+01, -1.450354931870974e+01, -1.130342607546684e+05, 3.714002801822395e-04
1530, 2.120780852025773e-02, 2.639556855793813e-03, 1.599712201714129e+00, 1.208850530262690e-02, 1.611396438172662e-12, 2.245809835318211e+01, -1.681800858182152e+01, -1.134889300010471e+05, 3.720475186873455e-04
1531, 5.527843888958180e-02, 1.425475139208955e-03, 8.593739831962718e-02, 6.494009948586694e-04, 8.663917156198620e-14, 1.135480018712597e+01, 1.217150716255662e+00, 1.528777065106962e+05, 4.577111832228724e+03
1532, 5.556972056718890e-02, 1.562784812746205e-03, 8.628090241265289e-02, 6.519967436724550e-04, 8.698443375718011e-14, 1.073079401335024e+01, 1.345308223723476e+00, 1.528429165949588e+05, 4.602266808563098e+03
1533, 5.551468556010791e-02, 1.327569949178499e-03, 8.511798717635678e-02, 6.432089711059989e-04, 8.580562052267694e-14, 1.119740096600778e+01, 1.162836879920179e+00, 1.531303360168945e+05, 4.664853743671841e+03
1534, 5.580893783500442e-02, 1.507894603124607e-03, 8.558926736587374e-02, 6.467702823618403e-04, 8.624289693068358e-14, 1.052682638790228e+01, 1.270147735584667e+00, 1.530121576885335e+05, 4.674950785184456e+03
1535, 5.580760067111714e-02, 1.220760979451267e-03, 8.423687770887388e-02, 6.365507131653582e-04, 8.488737438026908e-14, 1.094535898439989e+01, 1.074578365151289e+00, 1.534137272310535e+05, 4.764126488090258e+03
1536, 5.119304094269982e-02, 4.371495128781650e-03, 2.291484358695315e-01, 1.731600271052670e-03, 2.323699850196110e-13, 1.027320534455106e+01, 1.009394796223306e+01, 1.253495678458956e+05, 1.647361682446404e+03
1537, 5.087318290407902e-02, 4.178713935703384e-03, 1.865317606893439e-01, 1.409559904453021e-03, 1.885217560027590e-13, 1.170922252093930e+01, 6.375934417973480e+00, 1.320714753822593e+05, 1.672947225431594e+03
1538, 5.384088806104144e-02, 4.448474284799198e-03, 1.974037944877215e-01, 1.491716331142229e-03, 1.984848790799385e-13, 8.468283738642453e+00, 6.880996349491481e+00, 1.302890679109053e+05, 2.297987234725690e+03
1539, 5.353946372013883e-02, 4.289054316707508e-03, 1.737816036132075e-01, 1.313211110428330e-03, 1.744633524197916e-13, 9.244152500746708e+00, 5.767615906723782e+00, 1.345640788868547e+05, 2.355468603804231e+03
1540, 2.186731162670156e-02, 1.536153406237931e-03, 1.585823972958137e+00, 1.198355647071819e-02, 1.597298033290730e-12, 5.802001602160138e+00, -7.568280228225388e+00, -1.118912928415744e+05, 3.688181120557230e-04
1541, 2.180508825507465e-02, 1.634236757456822e-03, 1.585938469602532e+00, 1.198442168465565e-02, 1.597407690168161e-12, 6.190524990227866e+00, -7.664516733818081e+00, -1.119074566535019e+05, 3.688447475825415e-04
1542, 5.272763823449481e-02, 1.333965481609559e-03, 9.057963796242019e-02, 6.844808914037670e-04, 9.131557580856880e-14, 1.550194575332127e+01, 1.081553454984506e+00, 1.519280289579594e+05, 3.835623732243108e+03
1543, 5.239206269490604e-02, 1.507122859845566e-03, 9.243138759422077e-02, 6.984739616692434e-04, 9.319123851315770e-14, 1.552290196147364e+01, 1.277057207775442e+00, 1.514705509913604e+05, 3.664139367769649e+03
1544, 5.232372532898527e-02, 1.794514282364187e-03, 9.447083119240399e-02, 7.138853742499292e-04, 9.527827171024984e-14, 1.498447530874272e+01, 1.539032225596049e+00, 1.509331032463981e+05, 3.540643791070761e+03
1545, 5.251662029218870e-02, 2.162820892364204e-03, 9.693546647695696e-02, 7.325098222440022e-04, 9.778663606980749e-14, 1.403227433117770e+01, 1.846823166000117e+00, 1.501727750720452e+05, 3.455967414460464e+03
1546, 5.583625739302259e-02, 1.738024247423941e-03, 8.694942281748338e-02, 6.570485351448083e-04, 8.759597080853358e-14, 1.014775902557881e+01, 1.413186412146026e+00, 1.526872280543661e+05, 4.597568350647313e+03
1547, 1.427023564587281e-02, 4.724375726782933e-03, 1.770044065403177e+00, 1.337564784939511e-02, 1.782740068642924e-12, 3.594153314470521e+01, -1.433997593085693e+00, -1.256045369990943e+05, 4.116626941061950e-04
1548, 1.385778977417868e-02, 4.906962781635897e-03, 1.778788879304888e+00, 1.344172956653648e-02, 1.791553864260097e-12, 3.752567612785873e+01, -6.771054658230272e-01, -1.264031455578543e+05, 4.136965155203262e-04
1549, 3.922617332618259e-02, 3.272347032777349e-03, 2.832335378292395e-01, 2.140303812311755e-03, 2.855474691553610e-13, 3.072340388532468e+01, 5.629770951301771e+00, 1.215452557357036e+05, 1.420491241573808e+01
1550, 3.965848397257255e-02, 3.285203027304815e-03, 2.707294814411720e-01, 2.045814721217756e-03, 2.731369509880301e-13, 3.023009380022755e+01, 6.425617378329771e+00, 1.235335952638188e+05, 2.143026223556033e+01
1551, 4.883409821112101e-02, 1.317591743537382e-03, 1.045227500478654e-01, 7.898444588001795e-04, 1.052622778782252e-13, 2.188262591899645e+01, 1.221964128520096e+00, 1.491087314939331e+05, 2.254975095483953e+03
1552, 5.253357783013575e-02, 4.558936691543399e-03, 2.514612142247733e-01, 1.900210686838396e-03, 2.526499399147162e-13, 8.205823626757402e+00, 1.210937624157758e+01, 1.216770841779847e+05, 1.838092447298345e+03
1553, 5.376959495366844e-02, 3.540012026289100e-03, 1.200000807386872e-01, 9.068016176730403e-04, 1.207652855765344e-13, 1.052335901605292e+01, 3.506485467349957e+00, 1.448738123201265e+05, 3.001977671387565e+03
1554, 1.945686231945502e-02, 3.763087378385324e-03, 1.637825479557514e+00, 1.237651495887407e-02, 1.649607546241240e-12, 4.311828615344805e+01, -1.407985478231523e+01, -1.163768860916570e+05, 3.809119441619526e-04
1555, 1.932990997159700e-02, 3.819043152588433e-03, 1.639165851495891e+00, 1.238664371407605e-02, 1.650847032976531e-12, 4.270776440316251e+01, -1.378944486067866e+01, -1.164403292954924e+05, 3.812236945813478e-04
1556, 1.957568717289139e-02, 3.691817825690944e-03, 1.633987828247916e+00, 1.234751507492244e-02, 1.645771038623399e-12, 4.036403413365482e+01, -1.446031042003649e+01, -1.160394225058274e+05, 3.800194659399724e-04
1557, 5.118090680143645e-02, 3.497001657294485e-03, 1.270793064333248e-01, 9.602970259451027e-04, 1.277795500451881e-13, 1.424877406561311e+01, 3.715871149260543e+00, 1.430101403298792e+05, 2.222263520863963e+03
1558, 2.632157911240289e-02, 2.844007846498594e-03, 1.594899952787473e+00, 1.205214070116647e-02, 1.606393342354305e-12, 3.930366336074381e+01, -7.274563115802505e+00, -1.141852562791455e+05, 3.709246022752810e-04
1559, 2.643520769810802e-02, 3.240702095263518e-03, 1.585022722788494e+00, 1.197750168354206e-02, 1.596411230582219e-12, 3.071409180352170e+01, -5.862083323975807e+00, -1.124500180109340e+05, 3.686290759798080e-04
1560, 3.563566076007211e-02, 1.165823351244731e-03, 8.696044013178247e-01, 6.571317894090680e-03, 8.761800043881308e-13, 2.549333239613647e+01, 8.423666044810748e+00, 2.467214830198422e+04, 1.087784123738663e-03
1561, 3.582405068703195e-02, 1.138267208199652e-03, 7.540045235042516e-01, 5.697767180132290e-03, 7.609994749971147e-13, 3.472295927686699e+01, 4.221744484959327e+00, 4.375437387592067e+04, 3.198981601456844e-03
1562, 3.593055387781716e-02, 1.289192754296539e-03, 7.273264708808003e-01, 5.496169805143871e-03, 7.341167702272251e-13, 3.549765319908774e+01, 4.735791943944196e+00, 4.805214464971414e+04, 5.486528392144172e-03
1563, 3.598906696516202e-02, 1.140878824621805e-03, 6.815081927709653e-01, 5.149935965523524e-03, 6.874119336042747e-13, 3.865872961115824e+01, 2.883932078158873e+00, 5.552578979770145e+04, 7.823072865609725e-03
1564, 3.609166029006659e-02, 1.261667669485068e-03, 6.559919697508018e-01, 4.957118159325706e-03, 6.616888479296326e-13, 3.877107667324638e+01, 3.193432651945514e+00, 5.972655653664225e+04, 1.302087142395198e-02
1565, 3.614852024622123e-02, 1.110329374588288e-03, 6.252947112247446e-01, 4.725148951320777e-03, 6.303074885634254e-13, 4.053209013164028e+01, 2.422070017655985e+00, 6.525521029921376e+04, 1.754098510236271e-02
1566, 3.624335135982518e-02, 1.237478543972647e-03, 6.023668083119619e-01, 4.551890239133970e-03, 6.067815605759838e-13, 4.002141596575056e+01, 2.647778670968484e+00, 6.898476582360129e+04, 2.757656156008831e-02
1567, 3.542731013830767e-02, 1.107057131520385e-03, 1.036599793630552e+00, 7.833247810812153e-03, 1.043922142415952e-12, 1.251122665414866e+01, 1.305957887502164e+01, -4.135748801067898e+03, 4.100251355453719e-04
1568, 3.630703994561241e-02, 1.105351056043063e-03, 5.784595151465199e-01, 4.371230593047514e-03, 5.826776875387162e-13, 4.108894847713314e+01, 2.110981643650488e+00, 7.343409999726975e+04, 3.687177478462379e-02
1569, 3.642382648124811e-02, 1.216478205232316e-03, 5.532769827966890e-01, 4.180934378817203e-03, 5.571399212499646e-13, 4.044626321672759e+01, 2.251467594540042e+00, 7.793184935862511e+04, 6.013444087963976e-02
1570, 3.518481057174246e-02, 1.308273962304134e-03, 1.308532642076032e+00, 9.888155985466445e-03, 1.315325045839587e-12, 4.352515866058770e+00, 2.015557910954756e+01, -6.053616524118531e+04, 2.983771623102134e-04
1571, 4.906770827335746e-02, 1.573317831409467e-03, 1.047331183319931e-01, 7.914341435668647e-04, 1.054972381340859e-13, 2.080344638119153e+01, 1.500983245989745e+00, 1.489040611078129e+05, 2.298602292090680e+03
1572, 4.920392413687988e-02, 1.240084886458094e-03, 1.026672279622800e-01, 7.758228813272055e-04, 1.034241964615254e-13, 2.151388465790008e+01, 1.247447866636633e+00, 1.495679153307860e+05, 2.420842998719567e+03
1573, 2.320084762053368e-02, 3.630125880120595e-03, 1.601606189545543e+00, 1.210281755324234e-02, 1.613136010047666e-12, 3.106593659178937e+01, -1.020102002027448e+01, -1.141849693599498e+05, 3.724866808764233e-04
1574, 2.353792598319188e-02, 3.695718326421816e-03, 1.595849356544094e+00, 1.205931503685861e-02, 1.607354900994652e-12, 2.791203723472747e+01, -8.115788688906482e+00, -1.133397837781983e+05, 3.711481593463872e-04
1575, 2.282940806811126e-02, 3.879645749638842e-03, 1.596539956815069e+00, 1.206453367870482e-02, 1.607958876080427e-12, 2.804538604776981e+01, -8.121956824930855e+00, -1.132223653164864e+05, 3.713091686440704e-04
1576, 4.231692455869053e-02, 1.128468045100570e-03, 1.681346570107335e-01, 1.270538969854662e-03, 1.693497490568052e-13, 3.629984787501417e+01, 1.375883101085134e+00, 1.401174675980638e+05, 2.342476664011292e+02
1577, 4.213514374250416e-02, 1.122409433644304e-03, 1.716172191499670e-01, 1.296855560327473e-03, 1.728527391876922e-13, 3.681297029223836e+01, 1.339050385787040e+00, 1.395813848268786e+05, 2.091884353993341e+02
1578, 4.853635663916545e-02, 9.769070412463535e-04, 1.049744846702634e-01, 7.932580705563200e-04, 1.057245088354986e-13, 2.337892240357615e+01, 9.234807076521854e-01, 1.493363740994276e+05, 2.178626022010771e+03
1579, 1.738216298213647e-02, 4.135671737120921e-03, 1.692409252241752e+00, 1.278898679275981e-02, 1.704617990456783e-12, 2.908207127769706e+01, -9.231908805371404e-01, -1.193819102094642e+05, 3.936072450935615e-04
1580, 5.931988190542142e-02, 5.160619334073309e-03, 3.578885396395544e-01, 2.704447402826430e-03, 3.546259373145335e-13, 1.731502520705917e+00, 2.057018711779433e+01, 1.001485582081634e+05, 2.059784097351265e+03
1581, 5.948480069237144e-02, 4.740646862187623e-03, 2.108932995485458e-01, 1.593652137650693e-03, 2.095796849801927e-13, 2.625573418354311e+00, 9.980326870087067e+00, 1.292682279072441e+05, 2.744799253185634e+03
1582, 5.997301438642613e-02, 4.646533697254647e-03, 2.046216136292388e-01, 1.546259045060814e-03, 2.037843331047059e-13, 2.586257005328001e+00, 9.671159057497233e+00, 1.301511103316376e+05, 2.762501800564293e+03
1583, 4.951351034557831e-02, 3.428795319725200e-03, 1.326091237434878e-01, 1.002084058515589e-03, 1.333559536365849e-13, 1.627494937213282e+01, 3.867745579021040e+00, 1.419884908469413e+05, 1.715387281807641e+03
1584, 4.942609615198830e-02, 3.883357421493793e-03, 1.613175604130145e-01, 1.219024385992881e-03, 1.624858460216703e-13, 1.490606950499686e+01, 4.832648471129358e+00, 1.360692934659799e+05, 1.423268291218884e+03
1585, 4.983994627505747e-02, 4.179746737234383e-03, 1.950951280193057e-01, 1.474270488811520e-03, 1.963787044217835e-13, 1.261875066602710e+01, 6.677504978986041e+00, 1.303140051573910e+05, 1.364242804283306e+03
1586, 2.063240945775593e-02, 3.352976697981771e-03, 1.622699283071889e+00, 1.226221120709377e-02, 1.634274507184721e-12, 4.035812936328364e+01, -2.016365835777474e+01, -1.164396218660421e+05, 3.773932641319182e-04
1587, 2.058693454033492e-02, 3.200673694564950e-03, 1.613049194478006e+00, 1.218928862326086e-02, 1.624610044439004e-12, 3.258021199532169e+01, -1.775976043222120e+01, -1.149263555175071e+05, 3.751493588499060e-04
1588, 4.447029367363290e-02, 9.709918534107086e-04, 1.367754668773259e-01, 1.033567759778533e-03, 1.377273046332952e-13, 3.205292665186385e+01, 1.097302243750698e+00, 1.444565361961006e+05, 6.675341997656392e+02
1589, 2.402159677654276e-02, 1.489431890846650e-03, 1.606363996048080e+00, 1.213877075099488e-02, 1.617873946422239e-12, 3.685565640950834e+01, -9.677182207495475e+00, -1.152462605100925e+05, 3.735910792980647e-04
1590, 2.386173117056448e-02, 1.410050043207234e-03, 1.603867046251434e+00, 1.211990211273312e-02, 1.615338812922798e-12, 3.446275730118670e+01, -9.937952892549259e+00, -1.147679286412815e+05, 3.730107051773084e-04
1591, 2.351145346150922e-02, 1.070576681382205e-03, 1.596775338597572e+00, 1.206631238235152e-02, 1.608164258735142e-12, 2.587700029123966e+01, -8.864672388782893e+00, -1.133240190141698e+05, 3.713626135416892e-04
1592, 5.905646449827488e-02, 4.866607688576206e-03, 2.333444236244972e-01, 1.763307987092795e-03, 2.309818467787758e-13, 2.894316151641380e+00, 1.102258803957694e+01, 1.251246162574182e+05, 2.642202576060681e+03
1593, 5.490801787405576e-02, 1.005972643604854e-03, 8.471096417393606e-02, 6.401332305335635e-04, 8.541216249124403e-14, 1.266592139389660e+01, 8.131995927661394e-01, 1.532383523168777e+05, 4.598151275564367e+03
1594, 3.311485431541382e-02, 2.947316866333928e-03, 1.553720199460363e+00, 1.174095868610062e-02, 1.564953363000886e-12, 3.718681297220582e+01, -3.003145217744201e-01, -1.098244038096382e+05, 3.614816719119106e-04
1595, 3.267591545408592e-02, 2.885173089628544e-03, 1.554769853893927e+00, 1.174889058358349e-02, 1.565973404741274e-12, 3.860261718683757e+01, -1.969663057878321e-01, -1.099003358576513e+05, 3.616085439888102e-04
1596, 2.132236909442937e-02, 2.785311788500131e-03, 1.608879189712618e+00, 1.215777725223776e-02, 1.620502999177581e-12, 3.008435586284183e+01, -1.921477982506776e+01, -1.149287521127523e+05, 3.741788610601856e-04
1597, 6.200951515616832e-02, 1.980026369478304e-03, 1.090919230651229e-01, 8.243722145978014e-04, 1.101867626922879e-13, 3.096505523878730e+00, 1.839087614709950e+00, 1.469876559913391e+05, 3.811095549854580e+03
1598, 6.274068482271611e-02, 2.632472557871041e-03, 1.384077499648833e-01, 1.045902392681394e-03, 1.399636684225946e-13, 2.657977765130376e+00, 3.330048981931573e+00, 1.414491501290719e+05, 3.139776529527811e+03
1599, 2.083182519220987e-02, 4.345096177235257e-03, 1.615415537591929e+00, 1.220717030926020e-02, 1.626999583270309e-12, 3.522753988037469e+01, -1.152639829590407e+01, -1.146817958369782e+05, 3.756997000726381e-04
1600, 2.115032388626809e-02, 4.407277782874457e-03, 1.606122346801885e+00, 1.213694468616165e-02, 1.617645077281866e-12, 2.819850725196635e+01, -8.606044807296316e+00, -1.134127294250070e+05, 3.735386795472332e-04
1601, 2.135082668817381e-02, 4.226474606365969e-03, 1.608919572638440e+00, 1.215808241288628e-02, 1.620450286580785e-12, 3.312571936867879e+01, -1.060375977245408e+01, -1.141861972060906e+05, 3.741887916901295e-04
1602, 5.109635720203209e-02, 1.032232347747025e-03, 9.430431441666734e-02, 7.126270610832222e-04, 9.505627577267991e-14, 1.879102082944437e+01, 9.237407394393553e-01, 1.513174965709386e+05, 3.273329797768413e+03
1603, 2.251036535719724e-02, 1.496908024124023e-03, 1.594374932394148e+00, 1.204817329265290e-02, 1.605777776592918e-12, 1.775853829939319e+01, -1.060509946161602e+01, -1.129151767281909e+05, 3.708052556504845e-04
1604, 5.242069359910420e-02, 9.546449670436382e-04, 9.001160825153694e-02, 6.801884754524892e-04, 9.075526729177582e-14, 1.669436327868866e+01, 8.093114295487728e-01, 1.522903992603868e+05, 3.816397641852806e+03
1605, 5.250661151075204e-02, 1.131701020475355e-03, 9.037220534147629e-02, 6.829133904898071e-04, 9.112536511411083e-14, 1.625465747244342e+01, 9.426161214336342e-01, 1.521239647262437e+05, 3.809011852002964e+03
1606, 5.232411024287112e-02, 1.112002425163147e-03, 9.079607262564662e-02, 6.861164178261274e-04, 9.153487093453511e-14, 1.657642240807581e+01, 9.603608372739184e-01, 1.520382537986374e+05, 3.745666990681471e+03
1607, 1.934702030989325e-02, 3.694500419935614e-03, 1.631423118333073e+00, 1.232813439546549e-02, 1.642955348010793e-12, 2.971804258132416e+01, -9.752880191106744e+00, -1.153428239878726e+05, 3.794233637404481e-04
1608, 5.466705903203862e-02, 1.372689807095527e-03, 8.666137834805998e-02, 6.548718766855652e-04, 8.743872547356878e-14, 1.233862813944193e+01, 1.114652015889108e+00, 1.526674450764603e+05, 4.435900752513962e+03
1609, 5.357507619011687e-02, 9.287496623430615e-04, 8.720504398222949e-02, 6.589801812258688e-04, 8.801661889303520e-14, 1.496493498650200e+01, 8.513647526259310e-01, 1.528840272342328e+05, 4.218146178941071e+03
1610, 5.351367981003151e-02, 1.098491114102662e-03, 8.789573803873904e-02, 6.641995317788295e-04, 8.871896368063968e-14, 1.472717084798454e+01, 9.798762652144083e-01, 1.526513491288628e+05, 4.160138169438253e+03
1611, 5.368524346404674e-02, 1.056778106788715e-03, 8.739315110204175e-02, 6.604016456073126e-04, 8.821229475232081e-14, 1.454679142640790e+01, 9.610299265166228e-01, 1.527945832797476e+05, 4.226141457331230e+03
1612, 2.899833357891281e-02, 1.179455307211703e-03, 1.594665560343186e+00, 1.205036947362820e-02, 1.606122796773702e-12, 6.937493051059815e+01, -4.544534744555950e+00, -1.148412834913346e+05, 3.708673519925601e-04
1613, 3.590904776899343e-02, 1.020831219020525e-03, 7.043995761903413e-01, 5.322918711765606e-03, 7.105422768409623e-13, 3.934228695335079e+01, 2.152089731212397e+00, 5.142532262818349e+04, 4.996122911607291e-03
1614, 3.448475054882719e-02, 9.787165412482879e-04, 1.582769876631820e+00, 1.196047765716997e-02, 1.594012930495594e-12, 6.868422746767010e+01, 7.037937215389650e+00, -1.144396698733903e+05, 3.681351462905746e-04
1615, 3.459543671409269e-02, 1.158808491971470e-03, 1.590580090775385e+00, 1.201949690762506e-02, 1.601875029770857e-12, 6.335164235563638e+01, 1.096016995735954e+01, -1.171608155878919e+05, 3.700310002192358e-04
1616, 3.438366512455402e-02, 1.151198254385341e-03, 1.580176124002798e+00, 1.194087751135858e-02, 1.591488664863158e-12, 6.717499587814183e+01, 6.777971744114248e+00, -1.139228423200194e+05, 3.675668324464883e-04
1617, 3.488819977060318e-02, 1.190750287560787e-03, 1.572739549141766e+00, 1.188468173155318e-02, 1.583092960465534e-12, 3.383767274236178e+01, 1.773147838877188e+01, -1.231141153245684e+05, 3.656765240411426e-04
1618, 3.310780827913050e-02, 3.537168349847742e-03, 1.542407655108605e+00, 1.165547346429918e-02, 1.553445315624248e-12, 1.226460886846393e+01, 8.888370518141847e-01, -1.082099039878964e+05, 3.588428497321287e-04
1619, 4.288767512297322e-02, 4.168207033502058e-03, 4.097029845019122e-01, 3.095992326213497e-03, 4.109064691542156e-13, 1.200425123248405e+01, 2.265929242658436e+01, 9.262590954837871e+04, 9.329329472420338e+01
1620, 4.305176383387569e-02, 3.906223141232735e-03, 2.690484093921361e-01, 2.033111405987573e-03, 2.699549183796576e-13, 1.838013600873011e+01, 1.223670974283196e+01, 1.201715475049120e+05, 1.489718216158964e+02
1621, 4.336501437176402e-02, 3.935367760125343e-03, 2.682879365075627e-01, 2.027364759504366e-03, 2.694566406618120e-13, 1.817754580742859e+01, 1.223115942069872e+01, 1.198790221331990e+05, 1.714076376979502e+02
1622, 4.271087893444703e-02, 3.870882793194325e-03, 2.691890101176507e-01, 2.034173879983194e-03, 2.705585972950505e-13, 1.970062292218536e+01, 1.109951679903875e+01, 1.193977282737665e+05, 1.264992722302232e+02
1623, 4.323914888313255e-02, 3.651781978797793e-03, 2.133826887188507e-01, 1.612463642712470e-03, 2.145825660375515e-13, 2.205581671574556e+01, 7.641233864030951e+00, 1.293193616730114e+05, 2.016472342510740e+02
1624, 4.355196645535393e-02, 3.685249917447991e-03, 2.121108140445891e-01, 1.602852499077649e-03, 2.137258308832448e-13, 2.148769926401540e+01, 7.414650247408641e+00, 1.288314065807782e+05, 2.302955863698779e+02
1625, 4.341188465885196e-02, 3.414936647847886e-03, 1.886428682627864e-01, 1.425512858408742e-03, 1.903573955108050e-13, 2.373625654406278e+01, 5.711080073335347e+00, 1.332788720152112e+05, 2.548418604038302e+02
1626, 4.363738527157286e-02, 3.974015406196085e-03, 2.720287415993075e-01, 2.055632808055691e-03, 2.738813172274635e-13, 1.743963979577131e+01, 1.237369819575430e+01, 1.187353574007872e+05, 1.913208405409290e+02
1627, 4.388549580032520e-02, 3.779686855329161e-03, 2.166955133714851e-01, 1.637497582153017e-03, 2.178934856156170e-13, 2.041381854099711e+01, 8.028241329688436e+00, 1.273958546318342e+05, 2.533304509933705e+02
1628, 5.724335113188528e-02, 9.833706325297269e-04, 8.178244388271991e-02, 6.180033542775322e-04, 8.241033567272978e-14, 9.196217702971678e+00, 8.028763893916709e-01, 1.539146746956206e+05, 5.067137764609026e+03
1629, 3.468865622999817e-02, 3.630405433493725e-03, 1.447446838791521e+00, 1.093788543167769e-02, 1.456965269580444e-12, -7.556591902105986e+00, 8.127384639627804e+00, -9.322014069567245e+04, 8.898788233507850e-04
1630, 3.455139324201550e-02, 3.383988880651288e-03, 1.495660868541697e+00, 1.130222318797655e-02, 1.505124777396834e-12, 5.449425340763713e+00, -3.388837080278450e+00, -1.016301454288255e+05, 6.861315528161769e-04
1631, 3.485174463615268e-02, 3.404548953742185e-03, 1.348363568558806e+00, 1.018914535435306e-02, 1.356481583859371e-12, -2.585000587747221e+01, 1.544296446092331e+00, -7.477591894465889e+04, 1.337840354443061e-03
1632, 3.428192711967758e-02, 3.382414933740402e-03, 1.538455358786207e+00, 1.162560724523839e-02, 1.549302649871811e-12, 1.828388351955311e+01, 6.043712696582965e-01, -1.084821307609555e+05, 4.337230616580832e-04
1633, 5.107392458294650e-02, 4.684623802439058e-03, 3.986313974939764e-01, 3.012327940756496e-03, 4.049955635118764e-13, 6.435279371434540e+00, 2.357982626027342e+01, 9.350316148071297e+04, 1.213208293158170e+03
1634, 4.494657449861178e-02, 9.822334714302788e-04, 1.316412969100987e-01, 9.947705056181158e-04, 1.325662478140464e-13, 3.090520567099015e+01, 1.088835953209836e+00, 1.452313483543596e+05, 7.995213023661657e+02
1635, 5.421734351519831e-02, 4.905437576872141e-03, 4.121028245901939e-01, 3.114127137963222e-03, 4.137594935649023e-13, 4.469708907057482e+00, 2.410115738099648e+01, 9.084435463620823e+04, 1.716954386799687e+03
1636, 4.119763314536122e-02, 1.526135043295479e-03, 1.923551584016095e-01, 1.453565428727763e-03, 1.937968185512912e-13, 3.716314922094033e+01, 1.911492247124398e+00, 1.368273854400091e+05, 1.143257980560123e+02
1637, 5.913358567390149e-02, 4.419225785467446e-03, 1.584132001868862e-01, 1.197077079501734e-03, 1.569079883588933e-13, 3.555898669082242e+00, 5.520315308942379e+00, 1.375326062008030e+05, 3.056751420179579e+03
1638, 4.726195493289440e-02, 9.861631688565765e-04, 1.126363477623754e-01, 8.511562803204488e-04, 1.134024323691849e-13, 2.586714727056654e+01, 1.098057333859219e+00, 1.480361424432588e+05, 1.626280954235119e+03
1639, 2.541180532663598e-02, 3.540031083845874e-03, 1.584551227949060e+00, 1.197393875024662e-02, 1.595882697023982e-12, 2.468355153378207e+01, -5.807195895238341e+00, -1.119940226870249e+05, 3.685204449998143e-04
1640, 2.512789800795552e-02, 3.582041924070205e-03, 1.585359865992527e+00, 1.198004936518457e-02, 1.596739081757777e-12, 2.481562168710844e+01, -5.362891884063651e+00, -1.121082904772772e+05, 3.687085825485776e-04
1641, 6.289243221825100e-02, 1.629870098186926e-03, 1.201989187303416e-01, 9.083041717653928e-04, 1.216394533132596e-13, 2.672316168997955e+00, 1.684165528084427e+00, 1.446085037678581e+05, 3.441332113637038e+03
1642, 6.366615090037450e-02, 2.255324816049558e-03, 1.570202160962323e-01, 1.186550751356639e-03, 1.587488747673858e-13, 2.621188324080987e+00, 3.093035075436553e+00, 1.377012174890926e+05, 2.764930323950809e+03
1643, 6.354637090532785e-02, 3.222295056351837e-03, 1.904566486842878e-01, 1.439219007689563e-03, 1.925149837029590e-13, 2.821502914861661e+00, 5.705651927250593e+00, 1.316563532352148e+05, 2.445608183635844e+03
1644, 6.445660438510431e-02, 2.865933956458830e-03, 2.255514245765329e-01, 1.704418825515570e-03, 2.276670192668548e-13, 3.224668818462208e+00, 5.880931096995639e+00, 1.246360861845171e+05, 2.091210497223677e+03
1645, 6.385218292372202e-02, 1.329434491212612e-03, 1.457665539074242e-01, 1.101510482927832e-03, 1.470537472833249e-13, 2.544619454555429e+00, 1.625073241790824e+00, 1.398315741098442e+05, 2.923200818869589e+03
1646, 2.673223755327727e-02, 1.303113807434352e-03, 1.602944966639787e+00, 1.211293425672587e-02, 1.614425699760392e-12, 5.510313782465256e+01, -4.473718217706210e+00, -1.154532624804850e+05, 3.727937056781822e-04
1647, 2.646198192579796e-02, 1.322910092443094e-03, 1.603256462453031e+00, 1.211528812936999e-02, 1.614746145498420e-12, 5.362059197241706e+01, -4.706220248130115e+00, -1.154405604455431e+05, 3.728663254466129e-04
1648, 2.038481616954176e-02, 3.192384624114513e-03, 1.608194026688773e+00, 1.215259969790130e-02, 1.619807390692625e-12, 2.357951928455823e+01, -1.218151349381584e+01, -1.138736411834421e+05, 3.740206910814184e-04
1649, 3.995714577404029e-02, 3.578231757748863e-03, 2.953632106880427e-01, 2.231963808726776e-03, 2.970569696508791e-13, 2.634225034775122e+01, 9.647936064698518e+00, 1.178744464721616e+05, 2.182710200115634e+01
1650, 2.027373906155837e-02, 3.185544221226375e-03, 1.606106892875308e+00, 1.213682790585991e-02, 1.617785209021097e-12, 1.795563792148980e+01, -9.098917429394445e+00, -1.134024009823590e+05, 3.735355838118292e-04
1651, 3.626996832919598e-02, 3.738321167980149e-03, 6.702425985469661e-01, 5.064805530583152e-03, 6.747113629230049e-13, 1.566627294965940e+01, 2.322906835386293e+01, 5.830624513822616e+04, 4.953211095137689e-02
1652, 3.613415778674199e-02, 3.491797646681854e-03, 5.660972563797241e-01, 4.277813020502952e-03, 5.698878676812791e-13, 2.240172506516723e+01, 1.172522858461177e+01, 8.048492522496938e+04, 6.171451279422797e-02
1653, 3.584816668356636e-02, 3.481698623188441e-03, 6.244358270749419e-01, 4.718658642883912e-03, 6.295008665163799e-13, 1.856879857822972e+01, 1.179004789998336e+01, 7.182900031449248e+04, 2.705059376903500e-02
1654, 3.648824945650789e-02, 3.465716235135382e-03, 5.169906022769036e-01, 3.906729992017939e-03, 5.205749172133039e-13, 2.552329320720586e+01, 1.034246879434304e+01, 8.777005456249150e+04, 1.447654814949131e-01
1655, 3.596407233181288e-02, 3.278583422742198e-03, 5.854209870244391e-01, 4.423836173989177e-03, 5.896139365184694e-13, 2.273311870076239e+01, 2.544994958933079e+00, 7.710209411878596e+04, 4.260096549473109e-02
1656, 3.569583869245610e-02, 3.208388691380010e-03, 6.887360984793953e-01, 5.204554900349495e-03, 6.935164337632424e-13, 1.572158255023241e+01, -1.494526191689604e+00, 6.072888831042201e+04, 1.444077047793295e-02
1657, 3.558572887218301e-02, 3.476930591596015e-03, 6.951555515334581e-01, 5.253064621159268e-03, 7.013311013952971e-13, 1.037405388083629e+01, 1.011150870139292e+01, 6.230943277578169e+04, 1.104891526183437e-02
1658, 3.535314680316904e-02, 3.230860443209060e-03, 8.427972270831364e-01, 6.368744789042419e-03, 8.491963003120008e-13, -3.382447517480605e+00, -4.782060644196437e+00, 3.649866614163661e+04, 4.069320193201665e-03
1659, 3.512128373953956e-02, 2.947264352510184e-03, 1.189860311533863e+00, 8.991387744588415e-03, 1.199971124274384e-12, -1.181309918507082e+01, -1.474992300315607e+01, -3.675613228989092e+04, 1.008186229521996e-03
1660, 3.274093139227397e-02, 1.183905847565585e-03, 1.582295269191101e+00, 1.195689120295774e-02, 1.593654918939058e-12, 7.038211354860556e+01, -1.760432840001236e-02, -1.142484651258975e+05, 3.679899776703974e-04
1661, 3.828746688508864e-02, 1.294606499188231e-03, 3.159238953550747e-01, 2.387334221826935e-03, 3.184421516985214e-13, 4.339741677318331e+01, 1.215510820582880e+00, 1.181446847910519e+05, 5.108699287250318e+00
1662, 5.964028649045472e-02, 1.665915407255574e-03, 8.706864141532614e-02, 6.579494313502243e-04, 8.767170186449427e-14, 5.182825268458441e+00, 1.237128928700058e+00, 1.522831352311503e+05, 4.793551411618885e+03
1663, 5.520205268085992e-02, 2.208468444858337e-03, 9.160427390869759e-02, 6.922237323076918e-04, 9.226482730617480e-14, 1.041607521314570e+01, 1.823773295262060e+00, 1.513264077524075e+05, 4.237277035240838e+03
1664, 1.649310493573663e-02, 4.995401120938290e-03, 1.727113818650227e+00, 1.305123792431006e-02, 1.739469864722771e-12, 4.878612897850958e+01, -7.176178913331273e+00, -1.230658045038219e+05, 4.016779004526822e-04
1665, 1.629747338767017e-02, 4.799508910095848e-03, 1.731771249072554e+00, 1.308643261263998e-02, 1.744154755589871e-12, 4.921594553234344e+01, -5.294010238956465e+00, -1.235098874761549e+05, 4.027610294394174e-04
1666, 1.621246684712265e-02, 5.051503611161032e-03, 1.733389735385533e+00, 1.309866298780105e-02, 1.745763689398411e-12, 4.642786870379162e+01, -6.829901656992503e+00, -1.234405441162262e+05, 4.031375854417617e-04
1667, 1.599904647975934e-02, 4.865042420447338e-03, 1.740306155297819e+00, 1.315092812567719e-02, 1.752781505798900e-12, 4.742395363698104e+01, -4.804594587679271e+00, -1.241617173753877e+05, 4.047460697448413e-04
1668, 1.596301678616347e-02, 5.189286340962399e-03, 1.739484072905146e+00, 1.314471591616079e-02, 1.751962464691040e-12, 4.126847416854437e+01, -6.422892706242655e+00, -1.236520568876038e+05, 4.045551481125954e-04
1669, 1.612117616999779e-02, 4.549694654709892e-03, 1.732666516545220e+00, 1.309319785802531e-02, 1.745095605907946e-12, 4.268194318207156e+01, -2.401162175595425e+00, -1.231491148794982e+05, 4.029694385131060e-04
1670, 1.566709622953857e-02, 4.976998115846913e-03, 1.749039027848404e+00, 1.321691960590829e-02, 1.761591584624611e-12, 4.558612316999891e+01, -5.353412873339805e+00, -1.247388100885751e+05, 4.067771798141243e-04
1671, 2.228770224789644e-02, 3.813488648088682e-03, 1.607586925067224e+00, 1.214801202821721e-02, 1.619124531227806e-12, 3.405705302658215e+01, -1.228070034666558e+01, -1.147609911521943e+05, 3.738780444090318e-04
1672, 2.236075623036356e-02, 4.093435851943353e-03, 1.596790619644995e+00, 1.206642785626089e-02, 1.608213247181002e-12, 2.613946999233485e+01, -7.807938521804568e+00, -1.129562831274026e+05, 3.713680024593464e-04
1673, 2.993562570732700e-02, 3.294844776978971e-03, 1.550535169969826e+00, 1.171689045317462e-02, 1.561640110443298e-12, 1.577650636566747e+01, 7.774616655878648e-01, -1.087869566189689e+05, 3.606115865336491e-04
1674, 2.989673569586979e-02, 2.977758465484658e-03, 1.556304866524679e+00, 1.176049017525154e-02, 1.567447029428806e-12, 3.184218054316356e+01, 4.048601526350561e-02, -1.097616111314112e+05, 3.619528436794711e-04
1675, 4.317180037119871e-02, 1.004716992827682e-03, 1.538108586586855e-01, 1.162298680040728e-03, 1.548872161693794e-13, 3.473557739107556e+01, 1.191168239816220e+00, 1.422570551280559e+05, 3.705029026445907e+02
1676, 4.634490038300490e-02, 9.429851959253581e-04, 1.191859463043429e-01, 9.006494682950151e-04, 1.199900053121470e-13, 2.793201003363602e+01, 1.098941081136779e+00, 1.469918900427087e+05, 1.273692830841884e+03
1677, 4.643670557693206e-02, 1.081884631829565e-03, 1.186535381246239e-01, 8.966262326800352e-04, 1.194340613322538e-13, 2.718568142564564e+01, 1.243017374863801e+00, 1.469343881667800e+05, 1.301456109079705e+03
1678, 4.627202941103253e-02, 1.084600447373449e-03, 1.200883802243057e-01, 9.074688681939527e-04, 1.209180235160352e-13, 2.756317919919266e+01, 1.299819874182989e+00, 1.467275942618321e+05, 1.236923740894970e+03
1679, 4.636263439050024e-02, 1.232538995345735e-03, 1.196179713084594e-01, 9.039141408702048e-04, 1.204231008804418e-13, 2.680030526102186e+01, 1.422250964596129e+00, 1.466346911661963e+05, 1.262152511781791e+03
1680, 4.619329462681093e-02, 1.232915934740479e-03, 1.210926379686418e-01, 9.150577176473682e-04, 1.219365749494788e-13, 2.720465359462435e+01, 1.472140836835496e+00, 1.464244866604457e+05, 1.196941632375244e+03
1681, 4.627652488674295e-02, 1.386437836218766e-03, 1.208889694566644e-01, 9.135186608818029e-04, 1.217229227541503e-13, 2.642989362742044e+01, 1.647205814234064e+00, 1.463219581985661e+05, 1.216378483190811e+03
1682, 4.660184786432898e-02, 1.056879765101823e-03, 1.172489610904565e-01, 8.860123004319470e-04, 1.179986862155958e-13, 2.690180817980943e+01, 1.183859229251833e+00, 1.471741816143560e+05, 1.367544670980452e+03
1683, 4.611190461080240e-02, 1.105404451794670e-03, 1.215000344812793e-01, 9.181362807151419e-04, 1.223607079853022e-13, 2.786424224936669e+01, 1.366441650135781e+00, 1.464726701145103e+05, 1.173965726953925e+03
1684, 4.603737116819555e-02, 1.220163267306645e-03, 1.223841375752704e-01, 9.248171605186026e-04, 1.232543070353664e-13, 2.759791437731553e+01, 1.514851451858650e+00, 1.462115253774866e+05, 1.139153647726483e+03
1685, 4.597298803515784e-02, 1.106009643722049e-03, 1.227135559437964e-01, 9.273064680893082e-04, 1.236012219756494e-13, 2.819285733145805e+01, 1.410297556600100e+00, 1.462713228329724e+05, 1.121692607765129e+03
1686, 4.590150098717356e-02, 1.229316165514327e-03, 1.236089304377183e-01, 9.340725221995579e-04, 1.245001074466566e-13, 2.789660567372361e+01, 1.590145223200710e+00, 1.460177792325505e+05, 1.088718352522671e+03
1687, 4.583971575710975e-02, 1.104402219578245e-03, 1.238878677868731e-01, 9.361803611100223e-04, 1.248004750592646e-13, 2.852354351749227e+01, 1.442360184687444e+00, 1.460932732851447e+05, 1.073248110722510e+03
1688, 4.574452906222430e-02, 1.236335245475531e-03, 1.249680139751809e-01, 9.443426748756073e-04, 1.258688894794566e-13, 2.820887578547210e+01, 1.616681798060710e+00, 1.457945969182977e+05, 1.033559787465806e+03
1689, 4.566497724791663e-02, 1.414515095091981e-03, 1.262130756164974e-01, 9.537512011324019e-04, 1.271264855196056e-13, 2.769020769512250e+01, 1.802905457745606e+00, 1.454794989175390e+05, 9.963217187658231e+02
1690, 4.556569433398162e-02, 1.226055910799250e-03, 1.265256728549903e-01, 9.561133968892812e-04, 1.274421612543429e-13, 2.866124211667079e+01, 1.558925212460368e+00, 1.456310046269165e+05, 9.748824226780425e+02
1691, 4.542782727844125e-02, 1.389592202709647e-03, 1.281625429360809e-01, 9.684826922123914e-04, 1.290894303412127e-13, 2.822190945295221e+01, 1.712595630757574e+00, 1.452832650163160e+05, 9.240021889491489e+02
1692, 4.570152128437203e-02, 1.098674467647255e-03, 1.251176264822356e-01, 9.454732479767431e-04, 1.260429147768070e-13, 2.888727878285802e+01, 1.425075620977266e+00, 1.459478977888330e+05, 1.025236011910265e+03
1693, 1.872867583608995e-02, 3.986319552882114e-03, 1.652323406617605e+00, 1.248607108275394e-02, 1.664101639714800e-12, 3.945424126614568e+01, -9.541674869066251e+00, -1.171638835109119e+05, 3.842839748673320e-04
1694, 1.860138727524407e-02, 4.028272482160864e-03, 1.657850468992818e+00, 1.252783729717623e-02, 1.669649405810993e-12, 4.087079057655748e+01, -8.521672584329478e+00, -1.176420696597339e+05, 3.855694155300498e-04
1695, 5.934013360887791e-02, 3.810621658674891e-03, 1.231298573711026e-01, 9.304523227049282e-04, 1.231190981548615e-13, 4.036109492939418e+00, 3.628553248160868e+00, 1.444331786429463e+05, 3.541234991105057e+03
1696, 1.787030568382847e-02, 4.148302445293899e-03, 1.679304112008961e+00, 1.268995550636609e-02, 1.691286180186307e-12, 3.885811905298981e+01, -4.150905245986741e+00, -1.188361771306446e+05, 3.905590962867124e-04
1697, 1.775319283294085e-02, 4.159680953271886e-03, 1.683044351181262e+00, 1.271821927844894e-02, 1.695076209804755e-12, 3.797088826249782e+01, -3.495309916060295e+00, -1.190682115691068e+05, 3.914289993890173e-04
1698, 2.922340629339352e-02, 3.137673821668624e-03, 1.557931234173429e+00, 1.177278010710607e-02, 1.569129885646528e-12, 2.347135809457615e+01, -2.227144553223713e+00, -1.093739710018318e+05, 3.623318340365031e-04
1699, 2.887801149482505e-02, 3.104649238569671e-03, 1.565453369813046e+00, 1.182962244191427e-02, 1.576689026476289e-12, 2.630232014654684e+01, -5.807893116248923e+00, -1.103075516340355e+05, 3.640811683702835e-04
1700, 2.862458466352370e-02, 2.808191373672750e-03, 1.578465946936833e+00, 1.192795425897050e-02, 1.589807784640467e-12, 4.080386734057659e+01, -7.464129650116623e+00, -1.122725448057013e+05, 3.671092290789734e-04
1701, 1.702329615195806e-02, 5.124902052780855e-03, 1.709713385963517e+00, 1.291974850854152e-02, 1.721941831792468e-12, 4.111698772803369e+01, -7.826855827185599e+00, -1.212194158752081e+05, 3.976312746472438e-04
1702, 5.633505984275593e-02, 9.409202966722483e-04, 8.255636219368620e-02, 6.238516034788041e-04, 8.319088804208687e-14, 1.048664087109573e+01, 7.382337924375589e-01, 1.539123678385284e+05, 4.943943436051637e+03
1703, 5.642850486569989e-02, 1.080392668660770e-03, 8.292108365269876e-02, 6.266076850330426e-04, 8.356598075636261e-14, 1.017647337885054e+01, 8.373620563531258e-01, 1.537881925712569e+05, 4.928271296814960e+03
1704, 5.626450051813621e-02, 1.079328209926442e-03, 8.311138368299857e-02, 6.280457205264976e-04, 8.375468076258820e-14, 1.041551523087807e+01, 8.611377065086265e-01, 1.537683034119406e+05, 4.898356363547490e+03
1705, 5.657775711298535e-02, 1.090225627606309e-03, 8.276349662656783e-02, 6.254168510824552e-04, 8.338893666574621e-14, 9.937443737332634e+00, 8.269618429116787e-01, 1.537622595507200e+05, 4.950416787386464e+03
1706, 5.653456982208333e-02, 1.289115933110464e-03, 8.360899172593188e-02, 6.318059828156958e-04, 8.423181426718864e-14, 9.792122171520832e+00, 9.668767764081997e-01, 1.535221865292976e+05, 4.888212364549730e+03
1707, 3.676665380268709e-02, 1.294037627743971e-03, 4.825100352598664e-01, 3.646171551083094e-03, 4.857113205619209e-13, 4.026172577307137e+01, 1.880787389011771e+00, 9.086054869041800e+04, 2.014482115813267e-01
1708, 5.286461609436503e-02, 9.808834168832672e-04, 8.891581998884242e-02, 6.719079596134396e-04, 8.969178616182136e-14, 1.593605398713489e+01, 7.688309907421546e-01, 1.524798048065348e+05, 3.970470752438014e+03
1709, 3.046625849249172e-02, 9.623942270407521e-04, 1.586146798195971e+00, 1.198599595614312e-02, 1.597519611505662e-12, 7.802921076218125e+01, -9.034076839028974e-01, -1.138737814355616e+05, 3.688857893336751e-04
1710, 3.057454602141360e-02, 1.143569165790458e-03, 1.587178402629165e+00, 1.199379145563820e-02, 1.598577719599684e-12, 7.475337710675467e+01, -8.313762298344353e-01, -1.143076586848635e+05, 3.691259468224547e-04
1711, 3.036324965640102e-02, 1.106915269552628e-03, 1.587495058392622e+00, 1.199618432034947e-02, 1.598894315266206e-12, 7.530854732231140e+01, -8.683881368142032e-01, -1.142687190750331e+05, 3.691995695927411e-04
1712, 3.084957573996217e-02, 1.149097734569974e-03, 1.586816037443627e+00, 1.199105317967695e-02, 1.598218894458655e-12, 7.432549579536310e+01, -8.659563086715827e-01, -1.143726233934778e+05, 3.690416354207113e-04
1713, 3.936018488256049e-02, 9.646279056876173e-04, 2.542507688646615e-01, 1.921290444821568e-03, 2.560538724833398e-13, 4.280608604504307e+01, 1.148105932441095e+00, 1.282020531077880e+05, 2.072907669899601e+01
1714, 3.931459630551564e-02, 1.173722668503866e-03, 2.561996184115596e-01, 1.936017267594126e-03, 2.579907819208635e-13, 4.218337579049847e+01, 1.386349121815994e+00, 1.278145745421469e+05, 2.017284833485808e+01
1715, 3.954045839239863e-02, 1.176079085620298e-03, 2.468021002697563e-01, 1.865003276598126e-03, 2.485248090289925e-13, 4.204673595517795e+01, 1.433650633693305e+00, 1.290742224965978e+05, 2.552138362943572e+01
1716, 3.945163779239516e-02, 3.616660228815285e-03, 3.204250855874110e-01, 2.421348253809847e-03, 3.225827803209624e-13, 2.570083112367328e+01, 9.207808699014493e+00, 1.144075189314311e+05, 1.254028428902479e+01
1717, 4.966502663215085e-02, 9.202114135706135e-04, 9.964910458244579e-02, 7.530159036457679e-04, 1.004392175433313e-13, 2.155191098159743e+01, 9.722325585565060e-01, 1.503245344756111e+05, 2.670865017205243e+03
1718, 4.960633473119428e-02, 1.055884731686134e-03, 1.002691454230017e-01, 7.577013508036263e-04, 1.010605758157305e-13, 2.131461919931057e+01, 1.087610312642829e+00, 1.501169756006482e+05, 2.624819338151227e+03
1719, 4.976863480404079e-02, 1.027868828302350e-03, 9.950631969140432e-02, 7.519369246202669e-04, 1.002942266482021e-13, 2.109499089991039e+01, 1.064618485113312e+00, 1.503090695462511e+05, 2.701642938737873e+03
1720, 4.970388282173594e-02, 1.173656026122413e-03, 1.002341721255046e-01, 7.574370689585620e-04, 1.010244564741634e-13, 2.080582093966348e+01, 1.206716021268195e+00, 1.500475836842867e+05, 2.648099305154237e+03
1721, 4.985590422675913e-02, 1.146995757285988e-03, 9.949349602853877e-02, 7.518400203668848e-04, 1.002742264163350e-13, 2.060103092429770e+01, 1.163356859323963e+00, 1.502169960764695e+05, 2.720564739436781e+03
1722, 4.980208806417082e-02, 1.294569774677152e-03, 1.002898553030357e-01, 7.578578486376449e-04, 1.010750389080199e-13, 2.029456127981323e+01, 1.318553817723440e+00, 1.499607808609189e+05, 2.668054109169215e+03
1723, 4.995779504912262e-02, 1.264410870157542e-03, 9.950081741544631e-02, 7.518953457087752e-04, 1.002681298391282e-13, 2.012220812012973e+01, 1.223163518017870e+00, 1.501509407938705e+05, 2.743536975673548e+03
1724, 4.960019334587504e-02, 1.349118491070089e-03, 1.013597435224423e-01, 7.659426462654165e-04, 1.021433587661941e-13, 2.048219225751411e+01, 1.395903141293587e+00, 1.497066864280923e+05, 2.569323880970111e+03
1725, 5.000940175973814e-02, 1.111677060741354e-03, 9.872408290296641e-02, 7.460258153877575e-04, 9.949244248180742e-14, 2.043306314163481e+01, 1.098792312809016e+00, 1.504141261205543e+05, 2.796061211343527e+03
1726, 5.011751061431979e-02, 1.229437604668988e-03, 9.869668490789360e-02, 7.458187776416273e-04, 9.945763906038845e-14, 1.994564703715671e+01, 1.161897613927194e+00, 1.503505356553039e+05, 2.821930063354207e+03
1727, 5.006912011010562e-02, 1.394920315096868e-03, 9.963154702541670e-02, 7.528832268924425e-04, 1.003934598525337e-13, 1.960656529274780e+01, 1.301293045490111e+00, 1.500636527650429e+05, 2.764463257544315e+03
1728, 5.024426766843661e-02, 1.346468405643892e-03, 9.865362846208973e-02, 7.454934140713323e-04, 9.940775773263867e-14, 1.944038299272069e+01, 1.231988628979468e+00, 1.502683068392662e+05, 2.852273833064220e+03
1729, 5.019742044354945e-02, 1.570059819804090e-03, 1.000180130002365e-01, 7.558036246870636e-04, 1.007772471937027e-13, 1.897470213317741e+01, 1.473432690320001e+00, 1.498681416021313e+05, 2.775859378339430e+03
1730, 5.027366808183816e-02, 1.154770774653692e-03, 9.773253579657226e-02, 7.385330160951260e-04, 9.848098255445711e-14, 1.986981066034397e+01, 1.076154326726909e+00, 1.505747785942589e+05, 2.906228820662952e+03
1731, 5.041739256035743e-02, 1.281862955539904e-03, 9.759132891185886e-02, 7.374659615507237e-04, 9.831815731674753e-14, 1.934475214423574e+01, 1.114144203335598e+00, 1.504872062293780e+05, 2.942192477024353e+03
1732, 4.942734401726165e-02, 1.108400220729466e-03, 1.012107099860254e-01, 7.648164482572580e-04, 1.019690398203619e-13, 2.150138049844567e+01, 1.134009236375088e+00, 1.498900345032268e+05, 2.537862383672393e+03
1733, 3.449824422571327e-02, 1.360460801948415e-03, 1.583214791386458e+00, 1.196383973340137e-02, 1.594521161650754e-12, 6.624568756050682e+01, 9.517965290814745e+00, -1.146424938647751e+05, 3.684697359093966e-04
1734, 3.427644184375744e-02, 1.321956772821030e-03, 1.577696778240698e+00, 1.192214190106559e-02, 1.589004845087687e-12, 6.578493496507971e+01, 5.332919767985850e+00, -1.136200152306128e+05, 3.670334746085422e-04
1735, 3.419433333716582e-02, 1.160683480304201e-03, 1.579152596703429e+00, 1.193314304813916e-02, 1.590474393064786e-12, 6.792294475331703e+01, 4.422635948761582e+00, -1.139123887388820e+05, 3.672978152911861e-04
1736, 3.434247900924996e-02, 1.534056366443626e-03, 1.578097469769789e+00, 1.192516979675140e-02, 1.589409827368152e-12, 6.399951731054162e+01, 6.073117182825245e+00, -1.136153926393175e+05, 3.673969873840673e-04
1737, 1.542506989231287e-02, 4.700250897804849e-03, 1.751408225637904e+00, 1.323482286376341e-02, 1.763991851907366e-12, 4.281282565123151e+01, -2.968223389933955e+00, -1.246164464904181e+05, 4.073282612481487e-04
1738, 4.777283272290095e-02, 1.756954189538681e-03, 1.128161933284935e-01, 8.525153148250386e-04, 1.136507402369932e-13, 2.242048088422052e+01, 1.872999920578626e+00, 1.474357094169619e+05, 1.726174978948804e+03
1739, 5.315270218480300e-02, 1.016153695567127e-03, 8.839638905331669e-02, 6.679827888159623e-04, 8.920946486607832e-14, 1.545327350124368e+01, 8.394104222563999e-01, 1.525877644446020e+05, 4.059854027170636e+03
1740, 5.874651755443028e-02, 9.819554810185165e-04, 8.181859962384629e-02, 6.182765714649469e-04, 8.235812319630036e-14, 6.763585943538517e+00, 7.443778539629571e-01, 1.538022190746433e+05, 5.118888705599961e+03
1741, 5.466563546308709e-02, 9.610932632775068e-04, 8.500234143062702e-02, 6.423350737830806e-04, 8.574462006627185e-14, 1.310241521326959e+01, 7.973355096214442e-01, 1.532249919472768e+05, 4.544409019302112e+03
1742, 5.136354799248744e-02, 9.546693991152284e-04, 9.324004179321281e-02, 7.045846986893169e-04, 9.401721410034573e-14, 1.854203905306348e+01, 9.136279728438933e-01, 1.515847525516476e+05, 3.395010123783476e+03
1743, 5.147339813911234e-02, 1.103348553038332e-03, 9.335586021535919e-02, 7.054599008717929e-04, 9.412685767491306e-14, 1.801294072341293e+01, 1.052426063242940e+00, 1.514758002294661e+05, 3.410705197933811e+03
1744, 5.165700254084921e-02, 1.064917880567065e-03, 9.267831983423419e-02, 7.003399483695815e-04, 9.344956450575780e-14, 1.778486313341148e+01, 1.028307665492633e+00, 1.516705653995368e+05, 3.493169997313961e+03
1745, 5.159576427087900e-02, 1.244531256000336e-03, 9.351501201400425e-02, 7.066625592998333e-04, 9.429345389887393e-14, 1.749167720017706e+01, 1.183876459449093e+00, 1.513798001451020e+05, 3.428020668581854e+03
1746, 5.177001481422761e-02, 1.206467794479179e-03, 9.283141602663596e-02, 7.014968465489412e-04, 9.360315821866637e-14, 1.728784515357353e+01, 1.151121193606904e+00, 1.515514426057060e+05, 3.506692339914297e+03
1747, 5.139499715199795e-02, 1.289278137463605e-03, 9.431248164187749e-02, 7.126887781502832e-04, 9.508048643978880e-14, 1.773225301004793e+01, 1.216305667965143e+00, 1.511673972974488e+05, 3.336754962790816e+03
1748, 5.182607941107260e-02, 1.045250471931546e-03, 9.208653040979936e-02, 6.958679879834282e-04, 9.285026646584385e-14, 1.753949284573800e+01, 1.007864634877432e+00, 1.518022875833870e+05, 3.565164784538183e+03
1749, 5.192489456759300e-02, 1.173735527246833e-03, 9.222775218607666e-02, 6.969351550585757e-04, 9.298996747870449e-14, 1.709922911507391e+01, 1.108393784360784e+00, 1.516978524509789e+05, 3.576018515883710e+03
1750, 5.189057516936833e-02, 1.344006595450524e-03, 9.304894226133789e-02, 7.031406216222694e-04, 9.381306965750685e-14, 1.678594877560618e+01, 1.258145311486941e+00, 1.514294122547584e+05, 3.519373504687183e+03
1751, 5.204219120267055e-02, 1.285275657423599e-03, 9.231946105986598e-02, 6.976281692182088e-04, 9.307147535804345e-14, 1.667144870087148e+01, 1.157217853187331e+00, 1.516192226913456e+05, 3.594574331317087e+03
1752, 5.206783519909021e-02, 1.134602029304819e-03, 9.163564830262136e-02, 6.924608184077924e-04, 9.238516078005963e-14, 1.695247325533485e+01, 1.042046043144761e+00, 1.518449473343760e+05, 3.641528091264979e+03
1753, 5.172743045640396e-02, 9.647210663368024e-04, 9.212205325781721e-02, 6.961364226032186e-04, 9.288024436803524e-14, 1.789042216110070e+01, 9.306575071169325e-01, 1.518245617895997e+05, 3.541330091277182e+03
1754, 5.213708565476334e-02, 1.579422097908818e-03, 9.360288151007956e-02, 7.073265605296204e-04, 9.438424594162346e-14, 1.575250078177135e+01, 1.392854332283380e+00, 1.512119111236190e+05, 3.545784230937382e+03
1755, 4.263222311525017e-02, 9.699390559420255e-04, 1.620333714681887e-01, 1.224433537543250e-03, 1.631901861829543e-13, 3.600197733685379e+01, 1.105817432418044e+00, 1.410900915263116e+05, 2.825428003597825e+02
1756, 6.016908558015671e-02, 2.061986301046102e-03, 9.254596862425350e-02, 6.993398132817526e-04, 9.314036127856890e-14, 4.472869771257957e+00, 1.493550163463195e+00, 1.508321119516708e+05, 4.501777694422005e+03
1757, 4.062811271308968e-02, 9.700591267992251e-04, 2.070692483958368e-01, 1.564755025661592e-03, 2.085230912544108e-13, 4.038772182965435e+01, 1.035861118319252e+00, 1.349450124124504e+05, 7.332978013706803e+01
1758, 4.050629350849866e-02, 1.106836778541917e-03, 2.110811081897428e-01, 1.595071346522307e-03, 2.125951608451277e-13, 4.030844512507326e+01, 1.224923910309078e+00, 1.342768357840976e+05, 6.611302810427421e+01
1759, 4.031957599968424e-02, 1.060865929759075e-03, 2.170867790173608e-01, 1.640454249501766e-03, 2.186669393977462e-13, 4.095936231921559e+01, 1.183241387491830e+00, 1.333104716652753e+05, 5.553286736280469e+01
1760, 4.038081873739108e-02, 1.237963984843343e-03, 2.149239743954613e-01, 1.624110637749428e-03, 2.164530889000769e-13, 4.016970359680342e+01, 1.391796332551724e+00, 1.335662946043223e+05, 5.948182712703669e+01
1761, 4.021436900419441e-02, 1.197264047480700e-03, 2.207567236894961e-01, 1.668186828888179e-03, 2.223753161458056e-13, 4.077364932700936e+01, 1.347848702000972e+00, 1.327071346750839e+05, 5.061855970870231e+01
1762, 4.057434967087823e-02, 1.297761875533384e-03, 2.086479277980187e-01, 1.576684592932532e-03, 2.100906095923473e-13, 3.945394991284076e+01, 1.461258213777457e+00, 1.344827766626162e+05, 7.094206858782051e+01
1763, 4.043473021766947e-02, 1.448714484094129e-03, 2.130870153958384e-01, 1.610229335485338e-03, 2.145587692000907e-13, 3.922618828658728e+01, 1.647788197661558e+00, 1.336960994592705e+05, 6.325073053052587e+01
1764, 3.861863412194803e-02, 9.600611721927244e-04, 2.913146513136834e-01, 2.201370161060775e-03, 2.936090168544934e-13, 4.370588782661360e+01, 9.041516359193305e-01, 1.224352891021293e+05, 8.496740769916231e+00
1765, 4.140126365977454e-02, 9.559732322467018e-04, 1.876893638585874e-01, 1.418307535455508e-03, 1.891306899112157e-13, 3.888826907329340e+01, 1.127252201150984e+00, 1.377945574662892e+05, 1.285081677489859e+02
1766, 4.117302122980729e-02, 9.921528044296688e-04, 1.929087814412108e-01, 1.457748978145451e-03, 1.943219225309545e-13, 3.909672544004237e+01, 1.153861022927401e+00, 1.371719806221119e+05, 1.104553083769633e+02
1767, 2.421925446882452e-02, 3.865171188897967e-03, 1.584694897279081e+00, 1.197502441268992e-02, 1.596089320297533e-12, 1.915083029485332e+01, -4.862058490915404e+00, -1.117451978413388e+05, 3.685547742773431e-04
1768, 5.218926604201267e-02, 1.215803577039639e-03, 9.156948772669796e-02, 6.919608644335716e-04, 9.231039943947428e-14, 1.658946522314288e+01, 1.077089991359782e+00, 1.518022471178646e+05, 3.669032892060497e+03
1769, 4.342480660713303e-02, 9.387598967461473e-04, 1.505891223930126e-01, 1.137953065942312e-03, 1.517415848054256e-13, 3.445919383212582e+01, 1.159172651199410e+00, 1.427748789744538e+05, 4.158645072046419e+02
1770, 4.352846099203315e-02, 1.077015438874578e-03, 1.491758421814901e-01, 1.127273366610942e-03, 1.502915603453157e-13, 3.383897015768008e+01, 1.308750259218727e+00, 1.428126895570229e+05, 4.358231310246979e+02
1771, 4.369221591772271e-02, 1.039641701307703e-03, 1.470126300591589e-01, 1.110926675510168e-03, 1.481339421035189e-13, 3.367063753776429e+01, 1.235782653451393e+00, 1.430985228556544e+05, 4.699042850091305e+02
1772, 5.057865496768682e-02, 9.509567619165399e-04, 9.584621546868681e-02, 7.242787063126278e-04, 9.657376692914104e-14, 1.980031083309400e+01, 8.223586778740604e-01, 1.510818742215921e+05, 3.076834096964211e+03
1773, 5.062051223489755e-02, 1.153949491116452e-03, 9.631762844629839e-02, 7.278410210049048e-04, 9.705218664325448e-14, 1.930186162793752e+01, 9.816349877657435e-01, 1.508488274742704e+05, 3.056379279058110e+03
1774, 5.542869810104557e-02, 9.530223930151339e-04, 8.377862099074189e-02, 6.330878160509827e-04, 8.445149434278012e-14, 1.196654093385363e+01, 8.549254979977319e-01, 1.535314283094890e+05, 4.740783341732241e+03
1775, 4.543140843737795e-02, 9.541465603877487e-04, 1.272747897458356e-01, 9.617742298175528e-04, 1.282222290069771e-13, 3.006127640326501e+01, 1.158630177955341e+00, 1.458460385818338e+05, 9.421066962970547e+02
1776, 5.870459320163474e-02, 4.811580358028165e-03, 2.122786890572508e-01, 1.604121076005305e-03, 2.097095520691417e-13, 3.603046612216969e+00, 8.545683408859604e+00, 1.278202819246322e+05, 2.697481098865413e+03
1777, 5.432292965927517e-02, 9.273344186637611e-04, 8.561341250274035e-02, 6.469527393153901e-04, 8.639425072187522e-14, 1.372095787835282e+01, 8.295506232460133e-01, 1.531939827131791e+05, 4.454870548073272e+03
1778, 5.439534012433892e-02, 1.062075556444328e-03, 8.590578143812901e-02, 6.491620763586237e-04, 8.669189672963831e-14, 1.336216807738100e+01, 9.272552791457799e-01, 1.530505868435404e+05, 4.445511157581563e+03
1779, 5.423211996124974e-02, 1.048884532198253e-03, 8.619783253040364e-02, 6.513690115647169e-04, 8.699644352014966e-14, 1.364403072988459e+01, 9.379108351670520e-01, 1.530106575219180e+05, 4.400291123986680e+03
1780, 5.432235305976992e-02, 1.198001015369880e-03, 8.656825754861867e-02, 6.541681930625596e-04, 8.737153865537775e-14, 1.321212610548744e+01, 1.038877287572677e+00, 1.528325365153336e+05, 4.389065175880693e+03
1781, 5.416683670672469e-02, 1.194839952300645e-03, 8.688699968734209e-02, 6.565768238337582e-04, 8.770248021998201e-14, 1.347040986243884e+01, 1.061574295809521e+00, 1.527848883912562e+05, 4.343419922826289e+03
1782, 5.408901076806783e-02, 1.080663007910921e-03, 8.662615392934310e-02, 6.546056971990088e-04, 8.743698525275021e-14, 1.381962464957448e+01, 9.657860625484180e-01, 1.529297757400922e+05, 4.349244454162176e+03
1783, 5.401675134574277e-02, 1.204106055510974e-03, 8.726605139803464e-02, 6.594411944435209e-04, 8.808931088340739e-14, 1.368716726296337e+01, 1.065393288189677e+00, 1.527412641869235e+05, 4.295473086329715e+03
1784, 5.395652789297084e-02, 1.078727855589207e-03, 8.691195938743389e-02, 6.567654361770218e-04, 8.772871436133966e-14, 1.403605958973313e+01, 9.580882215957982e-01, 1.528961593886330e+05, 4.308683851845439e+03
1785, 5.409639763762805e-02, 1.338005665219113e-03, 8.768996841841981e-02, 6.626445976202276e-04, 8.852208584432127e-14, 1.326954900230770e+01, 1.186972449154597e+00, 1.525741613942217e+05, 4.282259265601922e+03
1786, 5.388328893362583e-02, 1.194472088201442e-03, 8.753300062779897e-02, 6.614584430311539e-04, 8.836391930389984e-14, 1.391840658049547e+01, 1.058844536458412e+00, 1.527354179445367e+05, 4.256796908121482e+03
1787, 5.745932081110772e-02, 9.515124144136012e-04, 8.156427077896621e-02, 6.163546910249550e-04, 8.220645471797078e-14, 8.896315632580739e+00, 8.288979381945871e-01, 1.539953448210886e+05, 5.097728671111839e+03
1788, 5.757340926240445e-02, 1.073811252456070e-03, 8.192526243756200e-02, 6.190825876893990e-04, 8.257415735766209e-14, 8.571529841732945e+00, 9.547237542830384e-01, 1.538833213056352e+05, 5.078789578785922e+03
1789, 5.772600023832516e-02, 1.030241847398950e-03, 8.172437048934864e-02, 6.175645125139841e-04, 8.236903703164887e-14, 8.361771493549664e+00, 9.402730583093256e-01, 1.539620983413353e+05, 5.101962798405599e+03
1790, 4.749337577628640e-02, 9.241377007089082e-04, 1.111884930934777e-01, 8.402153130490798e-04, 1.120211197032420e-13, 2.560226475263045e+01, 1.063744983736770e+00, 1.483729862534277e+05, 1.723924570067906e+03
1791, 4.757674343984323e-02, 1.056311603115019e-03, 1.109279393334078e-01, 8.382463929478101e-04, 1.117481820847377e-13, 2.500721717975380e+01, 1.188851860705888e+00, 1.482721825489850e+05, 1.746695523420994e+03
1792, 4.773456051052356e-02, 1.046459388386551e-03, 1.099627199833039e-01, 8.309525439545636e-04, 1.107863964985911e-13, 2.476164218216058e+01, 1.154569564324234e+00, 1.484625791288692e+05, 1.814390628436207e+03
1793, 4.767190309537285e-02, 1.181429690425074e-03, 1.107240604776819e-01, 8.367057466828627e-04, 1.115534540622872e-13, 2.442586297952713e+01, 1.287376301394591e+00, 1.482334933790826e+05, 1.773200733915953e+03
1794, 4.782285004999280e-02, 1.162553504807178e-03, 1.097540081085777e-01, 8.293753761354714e-04, 1.105781192686899e-13, 2.420036104809256e+01, 1.267577262786559e+00, 1.483922057185932e+05, 1.839341746890258e+03
1795, 4.787867524462785e-02, 1.028399029570159e-03, 1.090715396494995e-01, 8.242181837494870e-04, 1.098911069005456e-13, 2.454184798873512e+01, 1.131336355811493e+00, 1.486401098140692e+05, 1.878560650329035e+03
1796, 4.777309347529616e-02, 1.327023264097275e-03, 1.106444650631586e-01, 8.361042699987930e-04, 1.114844315465269e-13, 2.378009415152835e+01, 1.405291979194539e+00, 1.481369443507338e+05, 1.797077535763728e+03
1797, 3.148659413184212e-02, 9.369958778057237e-04, 1.583425166190038e+00, 1.196542946743331e-02, 1.594801980825951e-12, 7.760426087127850e+01, 3.672551702161563e-01, -1.137907921283629e+05, 3.682525575648097e-04
1798, 3.140503418934765e-02, 1.128831469158087e-03, 1.584993169517109e+00, 1.197727835907359e-02, 1.596378156878304e-12, 7.407558098615270e+01, 2.279952062578176e-01, -1.142227626672443e+05, 3.686175211608293e-04
1799, 3.160181286244875e-02, 1.088985144223628e-03, 1.583981280062779e+00, 1.196963183926759e-02, 1.595357452236235e-12, 7.468070794799647e+01, 6.154421501760163e-01, -1.140752210957961e+05, 3.683820609308854e-04
1800, 3.114449816292304e-02, 1.204309784417506e-03, 1.585695456073806e+00, 1.198258531038359e-02, 1.597090248262120e-12, 7.284126710397400e+01, 1.890720373742236e-02, -1.143314246246419e+05, 3.687810876746047e-04
1801, 3.247589103567117e-02, 1.199701187917451e-03, 1.583495094402494e+00, 1.196595789221259e-02, 1.594865309289246e-12, 7.046208837674851e+01, -5.132633294229411e-02, -1.143769410956868e+05, 3.682689058752319e-04
1802, 3.237188536987316e-02, 1.059095738391402e-03, 1.583724961429418e+00, 1.196769492264278e-02, 1.595094763064591e-12, 7.406643454155352e+01, 2.188485164895747e-02, -1.141361611042021e+05, 3.683220785596436e-04
1803, 3.227020517445594e-02, 1.201199221077803e-03, 1.583764985143541e+00, 1.196799736884517e-02, 1.595143367269403e-12, 7.109630366714907e+01, 5.908023795046148e-01, -1.142913305529115e+05, 3.683316920462186e-04
1804, 2.960014697718352e-02, 9.049993064210823e-04, 1.588505800387177e+00, 1.200382216917485e-02, 1.599920674836655e-12, 7.634033305678562e+01, -2.347140466293225e+00, -1.138533729107304e+05, 3.694346262984424e-04
1805, 2.966061372658024e-02, 1.022876674855196e-03, 1.589440820067792e+00, 1.201088780907872e-02, 1.600857977770433e-12, 7.531102531684736e+01, -2.512138758039468e+00, -1.141723348351374e+05, 3.696521027699801e-04
1806, 2.979482788535872e-02, 1.022251402224907e-03, 1.588579161097487e+00, 1.200437653222503e-02, 1.599989911027054e-12, 7.587465324899695e+01, -2.159478164428216e+00, -1.141007450358672e+05, 3.694516859458583e-04
1807, 2.973350451319591e-02, 1.137279897704630e-03, 1.589951270897960e+00, 1.201474512013787e-02, 1.601378087514223e-12, 7.372351722924812e+01, -2.542421706633436e+00, -1.144241079819441e+05, 3.697709420454357e-04
1808, 2.987497908917259e-02, 1.136068902561434e-03, 1.589184644668027e+00, 1.200895197482352e-02, 1.600602054341386e-12, 7.440955470653823e+01, -2.191212781352042e+00, -1.143559052929072e+05, 3.695926219924326e-04
1809, 2.958436523082121e-02, 1.151941692676408e-03, 1.591171965059547e+00, 1.202396950926826e-02, 1.602603560110839e-12, 7.286983462353413e+01, -2.922767925135548e+00, -1.145472274971068e+05, 3.700548683226111e-04
1810, 2.981949214149355e-02, 1.252384433226495e-03, 1.590076285383048e+00, 1.201568981397982e-02, 1.601497412556506e-12, 7.258330880698180e+01, -2.566502552111922e+00, -1.145808327939355e+05, 3.698002018622808e-04
1811, 2.996143646398225e-02, 1.257982107025187e-03, 1.589453447439602e+00, 1.201098323002430e-02, 1.600874442943341e-12, 7.266018271503854e+01, -1.995183856343251e+00, -1.145696062002023e+05, 3.696553866543985e-04
1812, 3.002298969643954e-02, 1.127987786157663e-03, 1.588661000460871e+00, 1.200499496570144e-02, 1.600074528465625e-12, 7.488475115858255e+01, -1.748737955933428e+00, -1.143236061499805e+05, 3.694708131696920e-04
1813, 3.010800187528879e-02, 1.239651888881184e-03, 1.588974589789584e+00, 1.200736465836172e-02, 1.600390657361904e-12, 7.303180105679293e+01, -1.556004111417429e+00, -1.145639949013304e+05, 3.695439685990570e-04
1814, 2.986234986145265e-02, 1.429890214645252e-03, 1.589943035176901e+00, 1.201468288546985e-02, 1.601366637675985e-12, 6.959048322648614e+01, -2.534735014150308e+00, -1.147847981059212e+05, 3.697697776496594e-04
1815, 3.016844010590823e-02, 1.106975273604382e-03, 1.588043062039526e+00, 1.200032540584244e-02, 1.599444778143909e-12, 7.543267227171140e+01, -1.299343645191544e+00, -1.142684634567561e+05, 3.693270472614174e-04
1816, 3.006026517366572e-02, 1.007796214555533e-03, 1.587451776902486e+00, 1.199585725619228e-02, 1.598847903084419e-12, 7.689800624116002e+01, -1.500287197002920e+00, -1.140026936327266e+05, 3.691894283838322e-04
1817, 3.956880716281336e-02, 9.084988458871758e-04, 2.462007448124044e-01, 1.860459028809233e-03, 2.481711801385364e-13, 4.286237307982719e+01, 1.093432573217550e+00, 1.293244451379019e+05, 2.551470632966082e+01
1818, 3.644052374217169e-02, 9.213050809224715e-04, 5.429792344176748e-01, 4.103117640436567e-03, 5.469175186479813e-13, 4.235258039023983e+01, 1.144113985687341e+00, 7.981080068074999e+04, 6.359440896475654e-02
1819, 2.845446289691143e-02, 9.248090930320451e-04, 1.592877379238081e+00, 1.203685677006326e-02, 1.604327656798270e-12, 6.853159691829735e+01, -3.743048826495933e+00, -1.140644162783130e+05, 3.704517226013651e-04
1820, 2.836985737796012e-02, 1.042667320292966e-03, 1.594853148015689e+00, 1.205178701271517e-02, 1.606308193013022e-12, 6.677875112877291e+01, -4.070484215091274e+00, -1.144751623593346e+05, 3.709111230838703e-04
1821, 2.821714583009673e-02, 1.047315286798810e-03, 1.594982832272729e+00, 1.205276699450642e-02, 1.606417667639209e-12, 6.581342699689664e+01, -3.777752708606622e+00, -1.144743225063620e+05, 3.709413782424645e-04
1822, 3.756593324010915e-02, 9.088751668796935e-04, 3.774726630952134e-01, 2.852438260165708e-03, 3.803813830972426e-13, 4.462943894880457e+01, 1.062183458657817e+00, 1.087308651443419e+05, 1.248141538906859e+00
1823, 3.763124488066720e-02, 1.032801147835166e-03, 3.697209898444154e-01, 2.793861384215501e-03, 3.722625288692474e-13, 4.457110981222878e+01, 1.076811312033052e+00, 1.096960210121804e+05, 1.447635614910612e+00
1824, 3.776498249118124e-02, 1.023860445448160e-03, 3.575080402954061e-01, 2.701572092912949e-03, 3.601084485256531e-13, 4.484274332481439e+01, 9.797613232949014e-01, 1.115883351159552e+05, 1.869268194738955e+00
1825, 3.770833838608559e-02, 1.155224119880632e-03, 3.639695933931391e-01, 2.750399950074839e-03, 3.664880240959182e-13, 4.429799451190210e+01, 1.169093498853221e+00, 1.105711442582741e+05, 1.699801621758928e+00
1826, 3.756140657419746e-02, 1.152428155391375e-03, 3.778808491210793e-01, 2.855522789329218e-03, 3.801884533902714e-13, 4.386602155049481e+01, 1.176811692985551e+00, 1.084859600254341e+05, 1.278312368285572e+00
1827, 3.784208298320065e-02, 1.121651015866101e-03, 3.512807378077875e-01, 2.654514391495199e-03, 3.538134816926557e-13, 4.455147715793083e+01, 1.072564470563652e+00, 1.125044981931851e+05, 2.191006588167545e+00
1828, 3.763595542891238e-02, 1.330882762394800e-03, 3.758171427986481e-01, 2.839928031224276e-03, 3.787853102505248e-13, 4.302715120259796e+01, 1.512076272982581e+00, 1.089251322347732e+05, 1.503311788182479e+00
1829, 2.560478364660247e-02, 9.047695619212862e-04, 1.597240706468328e+00, 1.206982901613559e-02, 1.608720394806078e-12, 4.855302339027151e+01, -4.145772893782611e+00, -1.139224614515851e+05, 3.714687582886828e-04
1830, 2.566538653378334e-02, 1.022336996431931e-03, 1.599431802143602e+00, 1.208638641418546e-02, 1.610927264322394e-12, 4.912135506497567e+01, -4.536438352762258e+00, -1.143753415945263e+05, 3.719780094163465e-04
1831, 2.578989556550811e-02, 1.015331281690493e-03, 1.599027410290339e+00, 1.208333055635228e-02, 1.610513802803281e-12, 5.015053174466973e+01, -4.422360597876744e+00, -1.143512469850291e+05, 3.718838640426271e-04
1832, 2.574003434340392e-02, 1.148534338411550e-03, 1.601586273092838e+00, 1.210266705108143e-02, 1.613083472174346e-12, 4.952424415943235e+01, -4.906187282164337e+00, -1.148240637263088e+05, 3.724787616427891e-04
1833, 2.558242712152157e-02, 1.154595015197622e-03, 1.602010167487905e+00, 1.210587028328593e-02, 1.613509290413052e-12, 4.832093105741647e+01, -4.953825186397424e+00, -1.148379880408499e+05, 3.725774702314631e-04
1834, 2.587491743410386e-02, 1.131534258195422e-03, 1.600994823911301e+00, 1.209819766180033e-02, 1.612473977111241e-12, 5.061498310707652e+01, -4.755703729645121e+00, -1.147622248688597e+05, 3.723411233033196e-04
1835, 2.567082837502238e-02, 1.297620622446792e-03, 1.604206790816051e+00, 1.212246945201244e-02, 1.615707657239567e-12, 4.872893614757993e+01, -5.373131737039404e+00, -1.153048902863632e+05, 3.730880414408021e-04
1836, 2.548838140205014e-02, 1.311525327338075e-03, 1.604402406735653e+00, 1.212394765795400e-02, 1.615882744235508e-12, 4.751306013711456e+01, -5.383552622523747e+00, -1.152833894158376e+05, 3.731336860208764e-04
1837, 4.796084231767805e-02, 1.146015367523798e-03, 1.088656016630967e-01, 8.226619773031294e-04, 1.096763148965545e-13, 2.400308047655866e+01, 1.246196943344443e+00, 1.485427093893341e+05, 1.901050559384564e+03
1838, 4.373310014342058e-02, 9.097147253161540e-04, 1.463893677630881e-01, 1.106216884859766e-03, 1.474988390241376e-13, 3.400484295830287e+01, 1.083932954404299e+00, 1.432410717937474e+05, 4.795354420203680e+02
1839, 4.382064645706749e-02, 1.006799976121919e-03, 1.452998334185550e-01, 1.097983627848173e-03, 1.464046697642207e-13, 3.352849265869696e+01, 1.173608018827125e+00, 1.433358073971531e+05, 4.988063243512592e+02
1840, 4.380422760945578e-02, 1.133214752353812e-03, 1.456645812792148e-01, 1.100739908911063e-03, 1.467957079899235e-13, 3.312054152292217e+01, 1.324685595929559e+00, 1.432216553331417e+05, 4.939904804798967e+02
1841, 4.392439944023580e-02, 1.088389816722350e-03, 1.439750932614679e-01, 1.087972996938173e-03, 1.450833949591671e-13, 3.300382390129621e+01, 1.253351638674370e+00, 1.434392853857010e+05, 5.226524182070137e+02
1842, 4.391315554082063e-02, 1.212143162016550e-03, 1.443217356967996e-01, 1.090592461184980e-03, 1.454557893763659e-13, 3.250533206124507e+01, 1.440503066039106e+00, 1.433034401196725e+05, 5.184503517934290e+02
1843, 4.404335056353088e-02, 1.162625638394436e-03, 1.425199830842097e-01, 1.076977202147799e-03, 1.436196013511218e-13, 3.239319394442144e+01, 1.365852440280336e+00, 1.435575747205686e+05, 5.507477083809212e+02
1844, 4.402263618489150e-02, 1.330836756354582e-03, 1.431156018830828e-01, 1.081478099872260e-03, 1.442364218220683e-13, 3.177958389785844e+01, 1.618892674330320e+00, 1.433480977463202e+05, 5.426459202236642e+02
1845, 4.416790941615092e-02, 1.254953142042275e-03, 1.410767773502088e-01, 1.066071365366941e-03, 1.421575853392934e-13, 3.168123434556836e+01, 1.516557285135329e+00, 1.436461127208466e+05, 5.804126315242562e+02
1846, 4.385054164787034e-02, 1.383234150555395e-03, 1.454846621727964e-01, 1.099380318686243e-03, 1.466125405870275e-13, 3.200025979535079e+01, 1.688950050945013e+00, 1.430256168072848e+05, 5.012046363445867e+02
1847, 4.416959583710721e-02, 1.109333466702555e-03, 1.407900678234814e-01, 1.063904794636030e-03, 1.418499213058537e-13, 3.228374445196742e+01, 1.294116247582066e+00, 1.438144831826423e+05, 5.836762555481965e+02
1848, 4.431344747396403e-02, 1.202610905879748e-03, 1.391072521510223e-01, 1.051188303408393e-03, 1.401408720547827e-13, 3.152142340126150e+01, 1.390527786736995e+00, 1.439592921491502e+05, 6.199010024282082e+02
1849, 4.416544226789516e-02, 1.484066539786155e-03, 1.416758395219546e-01, 1.070598283541354e-03, 1.427584509797308e-13, 3.093444439587702e+01, 1.824550080632235e+00, 1.433948780886488e+05, 5.735135981236525e+02
1850, 4.403628117715919e-02, 1.020067156595733e-03, 1.424171272919523e-01, 1.076199954347410e-03, 1.434847296919809e-13, 3.298181942335140e+01, 1.176273660701831e+00, 1.436804375753954e+05, 5.507939096706383e+02
1851, 3.359223465600397e-02, 9.092989516010469e-04, 1.579520759321518e+00, 1.193592513341437e-02, 1.590859794141121e-12, 7.550235542862055e+01, 1.661853843853949e+00, -1.136080219966962e+05, 3.673463452680751e-04
1852, 3.366326976962569e-02, 1.023219094334978e-03, 1.580030476353163e+00, 1.193977689939655e-02, 1.591373839782690e-12, 7.297265124149583e+01, 1.988602810735898e+00, -1.138555096816439e+05, 3.674692302238972e-04
1853, 3.379384834039410e-02, 1.016437876513614e-03, 1.579747181181548e+00, 1.193763612983778e-02, 1.591084059524101e-12, 7.267068335085887e+01, 2.426030559908711e+00, -1.138265516408949e+05, 3.673900952087763e-04
1854, 3.373774591272046e-02, 1.137277494458528e-03, 1.580195812172735e+00, 1.194102628846133e-02, 1.591538076210767e-12, 7.015346315521475e+01, 2.243563785493195e+00, -1.140553271730006e+05, 3.675132804680061e-04
1855, 3.386163870716370e-02, 1.123304057466642e-03, 1.579976236027172e+00, 1.193936702287775e-02, 1.591311721208259e-12, 7.021234768257875e+01, 2.731105423099425e+00, -1.140131643834199e+05, 3.674623621099240e-04
1856, 3.350767332114604e-02, 1.049455001265137e-03, 1.580514427042446e+00, 1.194343395750197e-02, 1.591860229399458e-12, 7.287481145464267e+01, 1.597289298419754e+00, -1.139210959224686e+05, 3.675792444165346e-04
1857, 3.382373857674127e-02, 1.261920432768847e-03, 1.579855959250503e+00, 1.193845813035880e-02, 1.591189639710094e-12, 6.733661259881002e+01, 2.415803302013401e+00, -1.141664146495063e+05, 3.674449631318122e-04
1858, 3.572264572902130e-02, 1.041037002096186e-03, 7.934990838697646e-01, 5.996214739570092e-03, 8.003642697233722e-13, 3.319098004465211e+01, 4.402558863116824e+00, 3.699706752069473e+04, 1.790538409878886e-03
1859, 5.538018468432510e-02, 1.156785394755995e-03, 8.458234382455737e-02, 6.391612883468004e-04, 8.527193310962921e-14, 1.169744572775490e+01, 1.019715790590163e+00, 1.532882800317100e+05, 4.680190139962814e+03
1860, 1.863565941129383e-02, 3.900646272757305e-03, 1.647187907796389e+00, 1.244726378687580e-02, 1.658903426291680e-12, 2.163902374941598e+01, -4.853582919964869e+00, -1.161675244198506e+05, 3.830900288917560e-04
1861, 4.920103532992852e-02, 4.572868688349364e-03, 3.952547079821250e-01, 2.986811395325425e-03, 4.025995596646746e-13, 6.496414981344619e+00, 2.141920815684017e+01, 9.473474953570923e+04, 8.536544454430787e+02
1862, 4.762793498472502e-02, 4.452450670067817e-03, 3.780036058491126e-01, 2.856450422032079e-03, 3.822661925236298e-13, 8.776438573325150e+00, 2.166243470035238e+01, 9.763214846226861e+04, 5.952318989632512e+02
1863, 4.780590394175156e-02, 4.190247113468155e-03, 2.378460050483190e-01, 1.797324975176570e-03, 2.396257342768359e-13, 1.373184319549533e+01, 1.076939127260653e+01, 1.236858220187631e+05, 8.231330712523652e+02
1864, 4.744558735372205e-02, 4.182305963900359e-03, 2.388504410145348e-01, 1.804915171394461e-03, 2.409018106555415e-13, 1.380269215433835e+01, 1.042826143677340e+01, 1.234019244088241e+05, 7.414468568544440e+02
1865, 4.812702858797706e-02, 4.227710511349682e-03, 2.422534888866010e-01, 1.830630898387554e-03, 2.442387394314810e-13, 1.324294028384695e+01, 1.083081337650545e+01, 1.227188593529155e+05, 8.851270670450318e+02
1866, 4.766673887672844e-02, 3.873194573389777e-03, 1.790604745191352e-01, 1.353101822562944e-03, 1.804623783603182e-13, 1.626352887851235e+01, 6.181925343654576e+00, 1.336952193072172e+05, 9.415361367006244e+02
1867, 4.729306665030401e-02, 3.859329270116512e-03, 1.794384865927820e-01, 1.355958336973688e-03, 1.806291343935985e-13, 1.641163457455155e+01, 6.174626801106887e+00, 1.338257949403872e+05, 8.552611665476048e+02
1868, 4.712084918580037e-02, 4.127310600875190e-03, 2.229293192733587e-01, 1.684604427758366e-03, 2.248817745664002e-13, 1.384865347211858e+01, 8.735108452944848e+00, 1.255025932182150e+05, 6.927235575617535e+02
1869, 4.684755550373177e-02, 4.225839449947333e-03, 2.634242417022441e-01, 1.990611398253626e-03, 2.657290848848840e-13, 1.208180816934978e+01, 1.227252205814011e+01, 1.192380005287401e+05, 5.963183113555936e+02
1870, 5.043701305430465e-02, 1.077734113208383e-03, 9.677585230082210e-02, 7.313036697796431e-04, 9.751098147499329e-14, 1.977606703598295e+01, 9.619165503098106e-01, 1.508105893364628e+05, 2.992970316914771e+03
1871, 5.770599071647870e-02, 5.111358234300310e-03, 4.055057453715556e-01, 3.064275153949204e-03, 4.027831752290438e-13, 2.146537597879878e+00, 2.238526395822693e+01, 9.224975883660192e+04, 2.134712653062065e+03
1872, 4.576910771968410e-02, 4.143957067778007e-03, 2.676724377133156e-01, 2.022713635113347e-03, 2.696471099071063e-13, 1.406101885902148e+01, 1.237151271325263e+01, 1.180897995981277e+05, 4.339630389508710e+02
1873, 1.547757199238487e-02, 5.203517257331997e-03, 1.751103553658136e+00, 1.323252055661155e-02, 1.763660950491494e-12, 4.102982650765356e+01, -6.454909767601943e+00, -1.243883012518137e+05, 4.072575719684034e-04
1874, 4.016452575668847e-02, 1.066989065131959e-03, 2.228028301658564e-01, 1.683648590674225e-03, 2.244742503202348e-13, 4.135911854689246e+01, 1.214435588359993e+00, 1.324793588951766e+05, 4.764720981718570e+01
1875, 4.006226799758401e-02, 1.160233014207170e-03, 2.263566260544648e-01, 1.710503471444610e-03, 2.280328825278075e-13, 4.125803300068650e+01, 1.337426282467149e+00, 1.319119675264113e+05, 4.339122536876551e+01
1876, 4.009634081908024e-02, 1.308378338695455e-03, 2.249449217820201e-01, 1.699835680972796e-03, 2.265671396900581e-13, 4.063601676928011e+01, 1.494618539811436e+00, 1.320170705594942e+05, 4.548808847406941e+01
1877, 3.994763642613419e-02, 1.260503181151331e-03, 2.305076332109933e-01, 1.741871283710630e-03, 2.321789786414284e-13, 4.112016850225131e+01, 1.453786446661555e+00, 1.312495253365407e+05, 3.906907806113448e+01
1878, 3.991940895988046e-02, 1.118098733953886e-03, 2.316060482638033e-01, 1.750171649348930e-03, 2.333310955989043e-13, 4.168636082997453e+01, 1.283953896955771e+00, 1.311571868906490e+05, 3.746546148576519e+01
1879, 3.980335349969604e-02, 1.207146306436142e-03, 2.359744259869303e-01, 1.783182060355020e-03, 2.376720656302173e-13, 4.161241575072786e+01, 1.390707495459290e+00, 1.304645333426076e+05, 3.361118844790199e+01
1880, 3.981636814842410e-02, 1.369399831755143e-03, 2.354635755841744e-01, 1.779321729855663e-03, 2.371119162497358e-13, 4.094740196974369e+01, 1.584074760541325e+00, 1.304587545034921e+05, 3.463106767262152e+01
1881, 3.978096011070258e-02, 1.079906495888910e-03, 2.369158638508263e-01, 1.790296200384419e-03, 2.386512388690823e-13, 4.210096896577410e+01, 1.245095511401629e+00, 1.303725119919779e+05, 3.241575456874101e+01
1882, 4.003270609321368e-02, 1.025149044089445e-03, 2.278909359472151e-01, 1.722097752749940e-03, 2.296390826800604e-13, 4.180513385416318e+01, 1.157281455023308e+00, 1.318260698327364e+05, 4.153290337490191e+01
1883, 3.964754996876310e-02, 1.030095037832649e-03, 2.425855749428156e-01, 1.833140364807453e-03, 2.444133921079554e-13, 4.244746528668404e+01, 1.240441154888703e+00, 1.296568035048916e+05, 2.803961537942854e+01
1884, 1.923297777786205e-02, 3.750703020055903e-03, 1.632917284236570e+00, 1.233942532168834e-02, 1.644484444168467e-12, 3.096832404014722e+01, -1.047372496427673e+01, -1.154284120545730e+05, 3.797708309761465e-04
1885, 1.919852565962074e-02, 3.842185189146752e-03, 1.639831324731079e+00, 1.239167247907750e-02, 1.651489393063011e-12, 3.977802487661018e+01, -1.313192036601477e+01, -1.163961820063882e+05, 3.813785755230602e-04
1886, 5.196663474169556e-02, 1.050682307202657e-03, 9.165633178584910e-02, 6.926171167697079e-04, 9.241046059850279e-14, 1.728999755092361e+01, 9.955629673822325e-01, 1.518823895842652e+05, 3.620059400993511e+03
1887, 2.852578098267707e-02, 1.069031394261836e-03, 1.595074926299222e+00, 1.205346291913983e-02, 1.606544082411463e-12, 6.761672997817294e+01, -4.463158448538486e+00, -1.145756245142996e+05, 3.709625840507811e-04
1888, 4.544943235327885e-02, 3.049844841217986e-03, 1.469230681346354e-01, 1.110249885149036e-03, 1.475814755587126e-13, 2.295497449281673e+01, 4.156489569364995e+00, 1.402959699046660e+05, 6.901149417228303e+02
1889, 4.170700952546505e-02, 9.137253948804736e-04, 1.808944208479785e-01, 1.366960359052920e-03, 1.822770151849055e-13, 3.855541091402301e+01, 1.096472539387793e+00, 1.385316478171461e+05, 1.569908140847154e+02
1890, 4.166123206094907e-02, 1.032900683140415e-03, 1.818781721679589e-01, 1.374394248120793e-03, 1.832621451497366e-13, 3.826808782230336e+01, 1.222939325636375e+00, 1.383802442557457e+05, 1.528997777259994e+02
1891, 4.178393053617797e-02, 1.021533152056991e-03, 1.791643962930121e-01, 1.353887125640073e-03, 1.805314799638195e-13, 3.804500866486668e+01, 1.225138228941094e+00, 1.386929681860848e+05, 1.658042438956372e+02
1892, 1.846483423407056e-02, 4.062025710540936e-03, 1.664265231654534e+00, 1.257631157421680e-02, 1.676169737198731e-12, 4.226788370472081e+01, -6.771928423908485e+00, -1.181194135665245e+05, 3.870613268896319e-04
1893, 1.707343319328729e-02, 4.105498044020258e-03, 1.700232515642342e+00, 1.284810465221018e-02, 1.712429410183727e-12, 2.032898866666560e+01, -9.420903752605129e-01, -1.198044494849885e+05, 3.954268948462344e-04
1894, 3.595646643806231e-02, 2.980122972272754e-03, 6.634757408634278e-01, 5.013670585869663e-03, 6.690536657930644e-13, 2.350365980812693e+01, -4.622167910566253e+00, 6.145718754743880e+04, 2.678822798713164e-02
1895, 2.756124695425433e-02, 9.264137265449463e-04, 1.595325656004543e+00, 1.205535760205162e-02, 1.606785815087400e-12, 6.228256321967527e+01, -3.117247551527612e+00, -1.142438298752090e+05, 3.710217071697278e-04
1896, 2.749794053426500e-02, 1.096918707951761e-03, 1.598458744539213e+00, 1.207903333405158e-02, 1.609934119412356e-12, 6.035649810369005e+01, -3.680320194308100e+00, -1.148618619850698e+05, 3.717501344869264e-04
1897, 2.767314653126239e-02, 1.064162590949243e-03, 1.597016491482163e+00, 1.206813469634089e-02, 1.608478851225486e-12, 6.178265110100443e+01, -3.498324584118236e+00, -1.146769951694702e+05, 3.714146623898788e-04
1898, 2.761507723349304e-02, 1.236167104635667e-03, 1.599433750071247e+00, 1.208640113404171e-02, 1.610903143183141e-12, 5.978709768590517e+01, -4.048899657447106e+00, -1.151774281067695e+05, 3.719766687558468e-04
1899, 2.779181809435412e-02, 1.189439184307328e-03, 1.598301553574666e+00, 1.207784549300964e-02, 1.609765655387769e-12, 6.126406894431839e+01, -4.055499522656729e+00, -1.150210773614696e+05, 3.717132896093029e-04
1900, 2.773612907650310e-02, 1.369366188480904e-03, 1.599930479692490e+00, 1.209015475838358e-02, 1.611385289822904e-12, 5.940044590186343e+01, -4.593687439062737e+00, -1.153818611551124e+05, 3.720920439488173e-04
1901, 2.791688999435027e-02, 1.314025578447339e-03, 1.599076712126067e+00, 1.208370311430484e-02, 1.610535290425390e-12, 6.101468706876805e+01, -4.639215115521567e+00, -1.152709302654945e+05, 3.718934099357446e-04
1902, 2.795454682650034e-02, 1.159297635903840e-03, 1.597425493620583e+00, 1.207122539260098e-02, 1.608878383311347e-12, 6.276955808963898e+01, -4.032047207603571e+00, -1.149078927077884e+05, 3.715094798063741e-04
1903, 2.785980922571343e-02, 1.073106123151495e-03, 1.596449400998833e+00, 1.206384937782709e-02, 1.607883829715119e-12, 6.314129484515175e+01, -3.682359256902793e+00, -1.146498609061342e+05, 3.712826388044529e-04
1904, 2.798662839644174e-02, 1.019430088838148e-03, 1.595306666835804e+00, 1.205521410707373e-02, 1.606746733324485e-12, 6.446720333640016e+01, -3.504535318096822e+00, -1.144589128335936e+05, 3.710168765849615e-04
1905, 2.808683681140026e-02, 1.112263092759970e-03, 1.596294014366437e+00, 1.206267517153693e-02, 1.607735381861541e-12, 6.423508471149009e+01, -3.860622557992202e+00, -1.147231532401273e+05, 3.712463132806460e-04
1906, 2.807462081779592e-02, 1.250658399185885e-03, 1.598000402583373e+00, 1.207556979282354e-02, 1.609455339609488e-12, 6.266740028785757e+01, -4.527866115354549e+00, -1.151049108323845e+05, 3.716430473595767e-04
1907, 2.806232822278320e-02, 1.440442870117121e-03, 1.598954026779192e+00, 1.208277602100347e-02, 1.610407911162421e-12, 6.053551998963808e+01, -5.238198687034338e+00, -1.153868927145815e+05, 3.718648074463197e-04
1908, 5.817196885161199e-02, 1.016810651783364e-03, 8.163388241128898e-02, 6.168807235110330e-04, 8.226155656350834e-14, 7.611282212999805e+00, 8.891280947196291e-01, 1.539593217987373e+05, 5.124377303808281e+03
1909, 4.101522194241511e-02, 4.032966294507711e-03, 4.333686722595405e-01, 3.274826238739194e-03, 4.353622343638119e-13, 1.388856114163019e+01, 2.222224205934242e+01, 9.046783010884619e+04, 2.905524130267545e+01
1910, 4.118025646160148e-02, 3.776787627266581e-03, 2.969179607441657e-01, 2.243712549705676e-03, 2.981698331409904e-13, 2.095919419274673e+01, 1.153439563140707e+01, 1.164346975615332e+05, 4.964749839641268e+01
1911, 4.083297296612134e-02, 3.753303233824405e-03, 3.012296330868857e-01, 2.276294456577320e-03, 3.026629801027848e-13, 2.222940901356512e+01, 1.115636353197523e+01, 1.157801716331950e+05, 3.872040878972707e+01
1912, 4.151573821931728e-02, 3.795390749379631e-03, 2.953208589374146e-01, 2.231643770306668e-03, 2.987544253296473e-13, 1.974156494941783e+01, 1.185511903938992e+01, 1.169517809309997e+05, 6.263552301631292e+01
1913, 4.104923164731408e-02, 3.473384473746941e-03, 2.422607620394267e-01, 1.830685859241091e-03, 2.434176167062859e-13, 2.665438549254966e+01, 6.625798021398369e+00, 1.257878601758257e+05, 5.992509376659485e+01
1914, 4.071480610571590e-02, 3.431718318753061e-03, 2.470805140470970e-01, 1.867107159046318e-03, 2.489011830501992e-13, 2.729993171789437e+01, 6.515817567718497e+00, 1.253421446229045e+05, 4.795889614792288e+01
1915, 5.937734930879074e-02, 1.161507582898769e-03, 8.355502240944028e-02, 6.313981542276376e-04, 8.414001500422024e-14, 5.859627725838622e+00, 8.055458601454618e-01, 1.532354931206233e+05, 5.005847578106504e+03
1916, 2.197055280499140e-02, 9.169091830073564e-04, 1.584648010335911e+00, 1.197467010329636e-02, 1.596031400571353e-12, 6.732744107337589e-01, -1.352956981856390e+00, -1.118251888362375e+05, 3.685452209360269e-04
1917, 2.193842661019530e-02, 1.026222191481769e-03, 1.584511122851924e+00, 1.197363568905958e-02, 1.595911677214468e-12, 8.490930142829045e-01, -1.727605212244173e+00, -1.118161088358557e+05, 3.685133563753429e-04
1918, 2.205365865795666e-02, 1.001316362953978e-03, 1.584638110292661e+00, 1.197459529188634e-02, 1.596030303387414e-12, 2.098126515095945e+00, -3.091684947972946e+00, -1.117510482029249e+05, 3.685426261739912e-04
1919, 4.476489342376766e-02, 4.243783877329975e-03, 3.735981936425377e-01, 2.823160153473775e-03, 3.738431681814693e-13, 1.145777474609345e+01, 2.047038736986966e+01, 1.000121633203830e+05, 2.411047707490582e+02
1920, 2.185219405557811e-02, 1.268954942871163e-03, 1.584551545855460e+00, 1.197394115256216e-02, 1.595989650443308e-12, 1.686745726617979e+00, -2.866921411163007e+00, -1.118190989940433e+05, 3.685226880488592e-04
1921, 2.590720764312161e-02, 3.446930599881686e-03, 1.583882479666549e+00, 1.196888523677684e-02, 1.595205055059443e-12, 2.527732417777483e+01, -5.363012992006844e+00, -1.120120249308078e+05, 3.683646328326348e-04
1922, 4.837750194634605e-02, 9.166934395646712e-04, 1.057684405632717e-01, 7.992577372541133e-04, 1.065254438444126e-13, 2.383152186772535e+01, 9.243856652348308e-01, 1.492599050965062e+05, 2.114671301133380e+03
1923, 4.830606231314161e-02, 1.022548208165985e-03, 1.064542925325522e-01, 8.044404977272387e-04, 1.072369351083467e-13, 2.373940469805454e+01, 1.039654789308249e+00, 1.490756248328309e+05, 2.069949753842075e+03
1924, 4.818067831920600e-02, 1.011743207260244e-03, 1.071558083530059e-01, 8.097416248339595e-04, 1.079310015643216e-13, 2.398799824535212e+01, 1.061268563682160e+00, 1.489353523166450e+05, 2.014710093274587e+03
1925, 3.814328244682106e-02, 3.859167885753628e-03, 5.415980803734467e-01, 4.092680708109710e-03, 5.475852497654639e-13, 1.588839960344972e+01, 2.425619698822107e+01, 7.596055792133557e+04, 1.497373344081066e+00
1926, 5.207534041013107e-02, 1.005138331862488e-03, 9.116054309008570e-02, 6.888706026959321e-04, 9.190921728536623e-14, 1.719700239579578e+01, 9.331983292771482e-01, 1.520061038492261e+05, 3.672538009823906e+03
1927, 5.739443973401680e-02, 5.114722512815752e-03, 4.266157530928733e-01, 3.223796622873219e-03, 4.260465230600454e-13, 2.207021723400130e+00, 2.423028613068105e+01, 8.903056794117708e+04, 2.051172883276301e+03
1928, 2.157652096274506e-02, 1.815041168242939e-03, 1.585729866829565e+00, 1.198284534128305e-02, 1.597183373564930e-12, 3.552436354024745e+00, -4.767511483645423e+00, -1.119372877453740e+05, 3.687966257368400e-04
1929, 2.162970829169755e-02, 1.921792356815702e-03, 1.587336815740777e+00, 1.199498853204782e-02, 1.598809537721825e-12, 7.790050579508902e+00, -9.104760315297423e+00, -1.120999937147166e+05, 3.691699157110704e-04
1930, 2.155962702144300e-02, 2.026420245439379e-03, 1.588258422263693e+00, 1.200195281307739e-02, 1.599734871071099e-12, 8.802468110987355e+00, -9.614815142601046e+00, -1.122008112911176e+05, 3.693842368505432e-04
1931, 2.169970016730084e-02, 1.814453742637710e-03, 1.586600945224132e+00, 1.198942779766512e-02, 1.598080844050304e-12, 7.014561985551699e+00, -8.900922114474739e+00, -1.119950380704778e+05, 3.689987793337192e-04
1932, 4.778244602056597e-02, 9.155492219022705e-04, 1.093778958809814e-01, 8.265332182443323e-04, 1.101865248336635e-13, 2.506399538211459e+01, 1.026164463181741e+00, 1.486581181093286e+05, 1.847693072129964e+03
1933, 2.144035581613187e-02, 2.021161536005405e-03, 1.587025645521415e+00, 1.199263711981082e-02, 1.598483198456886e-12, 4.632768381479594e+00, -5.394435799740820e+00, -1.120495864480624e+05, 3.690979644026129e-04
1934, 2.148989727738145e-02, 2.130966072573850e-03, 1.589211560376397e+00, 1.200915536808519e-02, 1.600698470369051e-12, 9.992055417359866e+00, -1.030012642373391e+01, -1.122915167135695e+05, 3.696058750715345e-04
1935, 2.141713938322870e-02, 2.232484838722136e-03, 1.590175902874905e+00, 1.201644259099579e-02, 1.601669256166812e-12, 1.118160800575991e+01, -1.087496754025668e+01, -1.123845895062775e+05, 3.698301268613967e-04
1936, 2.154469153326336e-02, 2.242820644403246e-03, 1.592864456959455e+00, 1.203675912060190e-02, 1.604405572772077e-12, 1.588519600670371e+01, -1.446067957292874e+01, -1.127522073961146e+05, 3.704549662832107e-04
1937, 2.146694231999016e-02, 2.345793059837989e-03, 1.594264488787339e+00, 1.204733870620301e-02, 1.605810016209079e-12, 1.748006725396628e+01, -1.515577891625770e+01, -1.129175892087131e+05, 3.707805528989120e-04
1938, 2.134447719918595e-02, 2.331106254251140e-03, 1.591432149470996e+00, 1.202593563832139e-02, 1.602916453290969e-12, 1.235394664654318e+01, -1.142311964501873e+01, -1.125184846443330e+05, 3.701222660641939e-04
1939, 2.192690316886194e-02, 1.364480484487264e-03, 1.585165450279198e+00, 1.197858022881198e-02, 1.596614035673186e-12, 4.092425168556973e+00, -5.834279072644373e+00, -1.118201309077656e+05, 3.686650851374586e-04
1940, 4.978539052214767e-02, 1.500788582368880e-03, 1.013392018882386e-01, 7.657874198105072e-04, 1.021025976553552e-13, 1.984328629992753e+01, 1.508839278299982e+00, 1.496368493682990e+05, 2.614798962020358e+03
1941, 1.410647860533576e-02, 5.751793546405078e-03, 1.769957739933327e+00, 1.337499551586988e-02, 1.782632759237792e-12, 1.895493333275811e+01, -1.969461031946265e+00, -1.244935659902422e+05, 4.116433692998674e-04
1942, 1.421207233578809e-02, 5.495984312026057e-03, 1.769978502791600e+00, 1.337515241404331e-02, 1.782584814392254e-12, 3.020509123801845e+01, -3.073426019167462e+00, -1.249190276467255e+05, 4.116479200373581e-04
1943, 5.836894024456572e-02, 9.110458836512814e-04, 8.134541033633035e-02, 6.147008337758473e-04, 8.195373637371427e-14, 7.374739826677685e+00, 7.724299353560827e-01, 1.540243930395169e+05, 5.149431639621691e+03
1944, 2.113467435318245e-02, 2.404781128465876e-03, 1.590183212669680e+00, 1.201649782873957e-02, 1.601689117187909e-12, 7.036654569017683e+00, -6.650579305146377e+00, -1.122622690878022e+05, 3.698322954380146e-04
1945, 2.125514955038452e-02, 2.427909569965693e-03, 1.592750765799436e+00, 1.203589999344806e-02, 1.604266135343765e-12, 1.340631350445436e+01, -1.189877144806676e+01, -1.126339349821503e+05, 3.704289501595945e-04
1946, 2.728979159929490e-02, 2.752784889152661e-03, 1.589627053353672e+00, 1.201229511350566e-02, 1.601055126700295e-12, 4.225821477128217e+01, -6.845588592079667e+00, -1.136222572462757e+05, 3.696979426767203e-04
1947, 2.706617110198401e-02, 3.174657408117823e-03, 1.581267463143656e+00, 1.194912440662902e-02, 1.592620070541105e-12, 3.080171329299612e+01, -5.465009952980962e+00, -1.120554039547226e+05, 3.677557727976360e-04
1948, 2.778541492935529e-02, 2.672232522799708e-03, 1.587920768639289e+00, 1.199940127435414e-02, 1.599353926668421e-12, 4.491205492534655e+01, -7.336711012308617e+00, -1.134572954783818e+05, 3.693009496516798e-04
1949, 2.803962741325103e-02, 3.084759449998151e-03, 1.575402354120234e+00, 1.190480368353019e-02, 1.586721399386742e-12, 3.285450059738388e+01, -6.499857526934750e+00, -1.113164536639049e+05, 3.663918971416490e-04
1950, 2.759611053449289e-02, 3.120778559218487e-03, 1.577422759162332e+00, 1.192007122792888e-02, 1.588769828001775e-12, 3.245530573427222e+01, -5.447268629151277e+00, -1.116188643946425e+05, 3.668615533771995e-04
1951, 2.833661918457709e-02, 3.037998980438538e-03, 1.575289435270354e+00, 1.190395039247324e-02, 1.586553661600027e-12, 3.322017852712820e+01, -6.643019111209281e+00, -1.114555726562332e+05, 3.663663511941264e-04
1952, 2.819449845628126e-02, 3.256263635104495e-03, 1.570227522549447e+00, 1.186569916284431e-02, 1.581430589031765e-12, 2.308422819835639e+01, -4.285715964264362e+00, -1.106076371219869e+05, 3.651895833530061e-04
1953, 3.427734828387712e-02, 1.043978270749217e-03, 1.578946554032122e+00, 1.193158605062302e-02, 1.590247723915490e-12, 6.974545421820217e+01, 4.844489732196747e+00, -1.137124490980910e+05, 3.672369542586657e-04
1954, 3.413254223373042e-02, 1.028362120211090e-03, 1.579478336401392e+00, 1.193560455719181e-02, 1.590797587182824e-12, 7.068580769310208e+01, 3.798934263132975e+00, -1.138567930048427e+05, 3.673497827356387e-04
1955, 3.405719030607107e-02, 1.134775693598782e-03, 1.579878521864623e+00, 1.193862862870233e-02, 1.591207355601515e-12, 6.919048743034742e+01, 3.442331346668002e+00, -1.140440367037280e+05, 3.674486522827830e-04
1956, 3.433724409919825e-02, 9.271533300652193e-04, 1.579081206315220e+00, 1.193260357417295e-02, 1.590348282074187e-12, 7.069873894331459e+01, 4.683263242839282e+00, -1.135654196894064e+05, 3.672586048101991e-04
1957, 3.409343998035615e-02, 1.278967558848518e-03, 1.578806723658218e+00, 1.193052939792341e-02, 1.590129121194957e-12, 6.643011852981017e+01, 3.573205566166680e+00, -1.140122057137498e+05, 3.672288579595975e-04
1958, 2.617893471799508e-02, 3.500249334478644e-03, 1.581344435961119e+00, 1.194970606519932e-02, 1.592654578679205e-12, 2.228139081500528e+01, -4.973321693126009e+00, -1.116795259400334e+05, 3.677747956666126e-04
1959, 5.776801384900127e-02, 9.062914033280326e-04, 8.131423459009524e-02, 6.144652487916747e-04, 8.194902974533334e-14, 8.419551207282391e+00, 8.344358924223999e-01, 1.540906272286086e+05, 5.133436466311140e+03
1960, 5.784259988985670e-02, 1.001508090747035e-03, 8.159921094656791e-02, 6.166187225181637e-04, 8.223957968398127e-14, 8.187777716293809e+00, 9.161935785304102e-01, 1.540019073587921e+05, 5.116383392498089e+03
1961, 5.782365446470728e-02, 1.126561093642170e-03, 8.205647415592755e-02, 6.200741120095459e-04, 8.270085243341588e-14, 8.083186451212107e+00, 1.017717198311684e+00, 1.538718339878566e+05, 5.084050017848074e+03
1962, 2.097945917788816e-02, 2.587033993731176e-03, 1.591968195790186e+00, 1.202998636617409e-02, 1.603497538318305e-12, 9.075792283517085e+00, -7.680503306911438e+00, -1.123813504724201e+05, 3.702473782803828e-04
1963, 2.332725777769926e-02, 3.858690942577409e-03, 1.592183267369041e+00, 1.203161159221088e-02, 1.603644487655835e-12, 2.499546739045736e+01, -7.375226722851832e+00, -1.126217945475016e+05, 3.702960434935270e-04
1964, 4.345507599495867e-02, 4.198112767732161e-03, 4.011270375940537e-01, 3.031186682073914e-03, 4.021717363432572e-13, 1.125954745567103e+01, 2.313335861638956e+01, 9.518331857428695e+04, 1.255857568963156e+02
1965, 2.078384091277428e-02, 2.753370871523526e-03, 1.594131186702815e+00, 1.204633138566504e-02, 1.605602003024015e-12, 9.501060690719989e+00, -7.257228482671560e+00, -1.125397491117699e+05, 3.707504865495139e-04
1966, 5.863126050938625e-02, 1.970356911439601e-03, 8.712293839726042e-02, 6.583597359995898e-04, 8.770097775963944e-14, 6.254232241300074e+00, 1.522770544795048e+00, 1.524240124176710e+05, 4.784444080960911e+03
1967, 2.060057442339156e-02, 2.910503681643668e-03, 1.596384076398069e+00, 1.206335574104476e-02, 1.607843385389572e-12, 1.109820636771592e+01, -7.476101302606645e+00, -1.126780869243238e+05, 3.712744476899618e-04
1968, 2.050355500026686e-02, 2.987317522361461e-03, 1.598274738485380e+00, 1.207764286009244e-02, 1.609740662070405e-12, 1.139323233817911e+01, -7.389817445144703e+00, -1.128228794891706e+05, 3.717141659530250e-04
1969, 2.060777999507848e-02, 3.029792998907319e-03, 1.601537385379612e+00, 1.210229762251746e-02, 1.612965640064562e-12, 2.020353546447572e+01, -1.264399706991329e+01, -1.133860384041282e+05, 3.724725356856227e-04
1970, 2.072046561067364e-02, 2.970955163611187e-03, 1.600824902238126e+00, 1.209691361892935e-02, 1.612308903003682e-12, 2.113655751904462e+01, -1.388606046543157e+01, -1.133683373475733e+05, 3.723067169743738e-04
1971, 5.612373127303258e-02, 5.021132505488966e-03, 4.040804497508000e-01, 3.053504658075204e-03, 4.007435503374042e-13, 2.940758266863267e+00, 2.301054939154367e+01, 9.211549510009041e+04, 1.991106362209193e+03
1972, 5.627835863155282e-02, 4.794723753468559e-03, 2.562570071190258e-01, 1.936450935414623e-03, 2.535637873967249e-13, 4.994778014867066e+00, 1.191560924309241e+01, 1.212029287094218e+05, 2.528307374412476e+03
1973, 5.655641025349273e-02, 4.828840849634818e-03, 2.609728931794610e-01, 1.972087354007383e-03, 2.583432113165675e-13, 4.220524376528129e+00, 1.210719826021691e+01, 1.205782889367984e+05, 2.529165211490108e+03
1974, 5.644573035300572e-02, 4.578729587198458e-03, 1.902714616308213e-01, 1.437819609306358e-03, 1.878013455565551e-13, 6.020287038207478e+00, 6.960998371564610e+00, 1.313326621346903e+05, 2.768402633625487e+03
1975, 5.673105312988951e-02, 4.604593501854102e-03, 1.929835447108965e-01, 1.458313939884936e-03, 1.915005588729832e-13, 5.353767024375346e+00, 7.034800830995354e+00, 1.317236864087946e+05, 2.802426907822594e+03
1976, 5.615200954084863e-02, 4.511706299997448e-03, 1.842440989863276e-01, 1.392272788312812e-03, 1.833958279450554e-13, 6.539958126726730e+00, 6.747471865455929e+00, 1.329066694564542e+05, 2.793987798215277e+03
1977, 5.660968195607825e-02, 4.317831995237513e-03, 1.544386960308841e-01, 1.167043043056611e-03, 1.540872124762005e-13, 6.064127438415781e+00, 5.022178268285226e+00, 1.383579386761674e+05, 3.037469024869217e+03
1978, 5.683328343659588e-02, 4.865210672753833e-03, 2.672293426088464e-01, 2.019365309391982e-03, 2.655185185547214e-13, 3.818283999815256e+00, 1.228809079617441e+01, 1.191219067782189e+05, 2.518094691827859e+03
1979, 5.706541097571346e-02, 4.662616934940233e-03, 2.008682608696805e-01, 1.517896177860093e-03, 1.998265751191443e-13, 5.176681714766106e+00, 7.358356530465555e+00, 1.302875906806169e+05, 2.793946248818313e+03
1980, 3.944973613328655e-02, 3.907534182734321e-03, 4.628182747455467e-01, 3.497367315457109e-03, 4.670011824769145e-13, 1.684227427963956e+01, 2.141557769896885e+01, 8.861248948571901e+04, 7.745660545146847e+00
1981, 3.179891837627136e-02, 3.433528785010394e-03, 1.545053101153173e+00, 1.167546424045455e-02, 1.556109817281228e-12, 1.300993969418580e+01, 7.528552632373570e-01, -1.083816531210905e+05, 3.593362466248988e-04
1982, 3.165260179774289e-02, 3.166039017231257e-03, 1.547598047761606e+00, 1.169469557502699e-02, 1.558680544822130e-12, 2.593538547618273e+01, 6.803347213993484e-01, -1.086804156950540e+05, 3.599272313990313e-04
1983, 3.199030074572783e-02, 3.196257034388543e-03, 1.547032877875779e+00, 1.169042476984439e-02, 1.558156865265798e-12, 2.615445587374200e+01, 1.312242554567129e+00, -1.086290405679307e+05, 3.597959820174723e-04
1984, 3.133432580740369e-02, 3.173229535572822e-03, 1.547732514117382e+00, 1.169571169358454e-02, 1.558763203265944e-12, 2.409991140008492e+01, 3.461761458809536e-01, -1.086843010308427e+05, 3.599587436644148e-04
1985, 3.182007491366007e-02, 2.873258107443494e-03, 1.554938115021767e+00, 1.175016207825228e-02, 1.566123113919161e-12, 3.786671776613656e+01, 9.022899636000483e-01, -1.099287705574794e+05, 3.616330657711413e-04
1986, 3.684985460577816e-02, 1.030343388346618e-03, 4.624873799701461e-01, 3.494866851160696e-03, 4.656036262719469e-13, 4.155275411716029e+01, 1.272097121533428e+00, 9.472825100228778e+04, 2.606732341104446e-01
1987, 4.635020086496897e-02, 4.385158166670123e-03, 3.827613632502607e-01, 2.892403248741141e-03, 3.867657670748255e-13, 8.651505202259163e+00, 2.181253371839309e+01, 9.667044607551214e+04, 4.055754510653883e+02
1988, 3.164408755447515e-02, 9.228037557939554e-04, 1.582484023229568e+00, 1.195831755589325e-02, 1.593845379472061e-12, 7.787002449344661e+01, 7.128317795580726e-01, -1.136568769820677e+05, 3.680336034522340e-04
1989, 1.999148937245623e-02, 3.325249422481660e-03, 1.611207280383844e+00, 1.217536987695727e-02, 1.622822908538650e-12, 1.587831855975177e+01, -7.729441752225012e+00, -1.136874119091862e+05, 3.747219208399834e-04
1990, 1.988787366823297e-02, 3.384827859144986e-03, 1.613801682629197e+00, 1.219497493170811e-02, 1.625388579452761e-12, 1.692163210800656e+01, -7.691831910515976e+00, -1.138615227733806e+05, 3.753253045714580e-04
1991, 1.999164486712527e-02, 3.445247034483389e-03, 1.618312630192510e+00, 1.222906269667009e-02, 1.629985076438092e-12, 3.053142812163480e+01, -1.360553883096138e+01, -1.146340791283919e+05, 3.763739656500013e-04
1992, 1.988730202114034e-02, 3.503356363534616e-03, 1.621124015266874e+00, 1.225030742015398e-02, 1.632768025486370e-12, 3.193400163034366e+01, -1.330230481217215e+01, -1.148589681667925e+05, 3.770278226651388e-04
1993, 1.999555771838682e-02, 3.565452717053382e-03, 1.627699740542655e+00, 1.229999803936630e-02, 1.639477522770220e-12, 4.163395533211920e+01, -1.679536796882047e+01, -1.159977900829563e+05, 3.785567521056059e-04
1994, 1.967083850601259e-02, 3.498249539363047e-03, 1.620473205201324e+00, 1.224538945996097e-02, 1.632060522425946e-12, 1.861732848798652e+01, -8.015254954213523e+00, -1.143821163556540e+05, 3.768769136609031e-04
1995, 1.955024636238961e-02, 3.570122328574892e-03, 1.623984632285157e+00, 1.227192417344093e-02, 1.635504605204590e-12, 2.125801548939606e+01, -7.618290622072998e+00, -1.146552376726904e+05, 3.776935339813862e-04
1996, 2.007600498265477e-02, 4.532090483985715e-03, 1.630173621933914e+00, 1.231869235718441e-02, 1.641921084323747e-12, 3.840845971553978e+01, -1.176102264696022e+01, -1.157866728131877e+05, 3.791321830494133e-04
1997, 2.032229886915338e-02, 4.627544095616151e-03, 1.617277594762922e+00, 1.222124127024998e-02, 1.628935504251156e-12, 2.809722027576995e+01, -8.299643033974279e+00, -1.140593439265933e+05, 3.761333177538562e-04
1998, 3.656443410093921e-02, 3.762745563667733e-03, 6.519453051753095e-01, 4.926538830040368e-03, 6.573030663046993e-13, 1.545988617854347e+01, 2.457089906399900e+01, 6.053056904192454e+04, 9.213896021343186e-02
1999, 5.898597071899076e-02, 5.187557151228771e-03, 3.935778480541009e-01, 2.974139909736053e-03, 3.914545793525947e-13, 2.818185775353864e+00, 2.352776903230869e+01, 9.484222960114988e+04, 2.017937774916734e+03
2000, 3.996973940038961e-02, 3.929446144728816e-03, 4.432966724018132e-01, 3.349848909838143e-03, 4.463792847375896e-13, 1.670110292097806e+01, 2.157910040766234e+01, 9.100726095707282e+04, 1.314547435463095e+01
2001, 2.398287341554229e-02, 1.018841381914745e-03, 1.596898583043865e+00, 1.206724370058548e-02, 1.608313744716103e-12, 3.264474102755044e+01, -7.575405439104991e+00, -1.134848554148932e+05, 3.713907020736442e-04
2002, 2.385648640410182e-02, 1.012763801417084e-03, 1.596380139409480e+00, 1.206332599050200e-02, 1.607784567022965e-12, 3.079044648717522e+01, -7.851547898935152e+00, -1.133776272384233e+05, 3.712703226430578e-04
2003, 2.377124771805977e-02, 1.118361204897685e-03, 1.598168896460034e+00, 1.207684304629957e-02, 1.609580727296091e-12, 3.049018267413516e+01, -8.765063667505645e+00, -1.136835748151514e+05, 3.716862140145350e-04
2004, 1.898887627286561e-02, 3.775207580196258e-03, 1.636064302980153e+00, 1.236320631975062e-02, 1.647682779698856e-12, 2.087466447783988e+01, -6.405957713469641e+00, -1.154174918167802e+05, 3.805030231712431e-04
2005, 1.887402753604786e-02, 3.814616458559708e-03, 1.639485528291164e+00, 1.238905940774309e-02, 1.651159231273608e-12, 2.042171584871765e+01, -5.980670138930237e+00, -1.156351419010536e+05, 3.812987045432851e-04
2006, 2.117304933519761e-02, 2.513142771764638e-03, 1.593651254011925e+00, 1.204270469026780e-02, 1.605216100886528e-12, 1.439857246254687e+01, -1.223059977879546e+01, -1.126735939964427e+05, 3.706383878119882e-04
2007, 5.554363890180589e-02, 1.938643466878875e-03, 8.870818033026515e-02, 6.703388941835130e-04, 8.933776805924807e-14, 1.029289322710055e+01, 1.613724440803217e+00, 1.521145524402228e+05, 4.445895410008930e+03
2008, 4.109819558729910e-02, 1.259151637168360e-03, 1.944318593409170e-01, 1.469258382929136e-03, 1.958494080808174e-13, 3.838371034062548e+01, 1.458472060263961e+00, 1.367570974406391e+05, 1.060894482006544e+02
2009, 1.828382125044671e-02, 3.966260001248478e-03, 1.659653711385321e+00, 1.254146381399622e-02, 1.671405501368939e-12, 1.927697831379948e+01, -2.902093371199652e+00, -1.170317756882790e+05, 3.859893352053078e-04
2010, 1.804339087452020e-02, 4.010211692704815e-03, 1.668672879831650e+00, 1.260961873928325e-02, 1.680531195072723e-12, 2.154745234494296e+01, -2.746589807370398e+00, -1.176722578827998e+05, 3.880869484244244e-04
2011, 5.218736878037096e-02, 1.059964699823728e-03, 9.102045817643434e-02, 6.878120265222472e-04, 9.176651028174404e-14, 1.690102270048844e+01, 9.596531497514320e-01, 1.520279852489821e+05, 3.705051917387737e+03
2012, 3.122027766105307e-02, 3.424557995083518e-03, 1.545754962906647e+00, 1.168076798166466e-02, 1.556788632585460e-12, 1.179200161034682e+01, 4.614908309051782e-01, -1.085457868954347e+05, 3.594995926122089e-04
2013, 3.325697377157932e-02, 1.428004877164425e-03, 1.580760596894180e+00, 1.194529418308177e-02, 1.592093881575722e-12, 6.410516625641500e+01, 5.770224946858928e-01, -1.143301189162879e+05, 3.676428591674342e-04
2014, 2.160862463327984e-02, 2.366466242323458e-03, 1.598240159534329e+00, 1.207738155819535e-02, 1.609833632530183e-12, 2.188600728141819e+01, -1.714208709212889e+01, -1.134878507132136e+05, 3.717047155023144e-04
2015, 2.168635291132196e-02, 2.250468119023461e-03, 1.596272973867054e+00, 1.206251617531926e-02, 1.607849786741557e-12, 1.979574749850508e+01, -1.618675710518444e+01, -1.132313670369571e+05, 3.712472494285219e-04
2016, 5.452812028242519e-02, 4.895374669880178e-03, 3.841703024135275e-01, 2.903050144187985e-03, 3.834172818329115e-13, 3.702170814402125e+00, 2.123119485176418e+01, 9.666414843131519e+04, 1.849255472664633e+03
2017, 4.935910096033358e-02, 1.469818750710692e-03, 1.029430937622137e-01, 7.779075095382873e-04, 1.037073878092840e-13, 2.060517152235280e+01, 1.482400866543178e+00, 1.493396904943248e+05, 2.441965804867827e+03
2018, 2.633558457470720e-02, 9.121737275277327e-04, 1.596410411173956e+00, 1.206355474438973e-02, 1.607872166836072e-12, 5.476757777091053e+01, -3.668109678258095e+00, -1.139724528318501e+05, 3.712749706668351e-04
2019, 2.626778406128889e-02, 1.016709374147748e-03, 1.598681460720808e+00, 1.208071632786715e-02, 1.610165803572427e-12, 5.395766531811131e+01, -4.074784574314468e+00, -1.144040970673195e+05, 3.718029720615942e-04
2020, 2.614633945646735e-02, 1.010039438806677e-03, 1.598490105875336e+00, 1.207927032147820e-02, 1.609964100811780e-12, 5.304008998369845e+01, -4.165083258877898e+00, -1.143420585674891e+05, 3.717586020475333e-04
2021, 2.620391634580136e-02, 1.129645134662346e-03, 1.600836758596051e+00, 1.209700321357424e-02, 1.612324637269729e-12, 5.310143483050208e+01, -4.511215874343470e+00, -1.148229395818380e+05, 3.723040686324813e-04
2022, 2.606856189604073e-02, 1.118464626800243e-03, 1.600587075482152e+00, 1.209511643941382e-02, 1.612056651723535e-12, 5.218003651044972e+01, -4.601840436619241e+00, -1.147391400924759e+05, 3.722461428453401e-04
2023, 2.614278296926886e-02, 1.234811209494303e-03, 1.602717961074026e+00, 1.211121884942793e-02, 1.614205709482104e-12, 5.211498510125197e+01, -4.869216787572451e+00, -1.151871344310382e+05, 3.727414666493641e-04
2024, 2.598895766267263e-02, 1.240567814699745e-03, 1.603029771149036e+00, 1.211357509684611e-02, 1.614536067790670e-12, 5.109774859095254e+01, -5.037150267760849e+00, -1.151958188907929e+05, 3.728140917612948e-04
2025, 2.596995459156356e-02, 1.046668543139222e-03, 1.599228888960202e+00, 1.208485306519256e-02, 1.610696847124570e-12, 5.155465294441574e+01, -4.396339940359494e+00, -1.144521468953162e+05, 3.719305050812859e-04
2026, 2.636632294331539e-02, 1.149974517217479e-03, 1.601043351338500e+00, 1.209856436779930e-02, 1.612526420215297e-12, 5.403638664594240e+01, -4.301461401564025e+00, -1.149156393643656e+05, 3.723519359596545e-04
2027, 5.079567505182636e-02, 4.681649804900241e-03, 4.038898162472719e-01, 3.052064102620661e-03, 4.100430576507580e-13, 5.940830933639999e+00, 2.376230732051637e+01, 9.287010939954326e+04, 1.117349766962390e+03
2028, 4.068554222666046e-02, 1.520093019501809e-03, 2.053829147260173e-01, 1.552011950071077e-03, 2.067963782339354e-13, 3.834752545346786e+01, 1.740858572448547e+00, 1.348682409646713e+05, 7.845456492530775e+01
2029, 3.213414839475805e-02, 2.885364684885923e-03, 1.553755847060680e+00, 1.174122806343299e-02, 1.564936035027782e-12, 3.764131112368356e+01, 1.036879151238075e+00, -1.097529980211549e+05, 3.613585309986951e-04
2030, 3.227337702675869e-02, 3.132465286535710e-03, 1.547628302867845e+00, 1.169492420303381e-02, 1.558738988287229e-12, 2.918180022399270e+01, 1.165669210224345e+00, -1.087762544973357e+05, 3.599355563122525e-04
2031, 4.432842134772209e-02, 9.065666120219174e-04, 1.385706482308609e-01, 1.047133361946254e-03, 1.395732110516803e-13, 3.266086610300756e+01, 1.029002169064380e+00, 1.443020839780435e+05, 6.291350190649576e+02
2032, 3.497260039049059e-02, 3.656384424146243e-03, 1.278773609796140e+00, 9.663276648335170e-03, 1.288636564882083e-12, -2.645826677350885e+01, 1.453140866938438e+01, -6.142152152570221e+04, 1.478964214553849e-03
2033, 3.032638277661433e-02, 9.064483081591567e-04, 1.585693175523436e+00, 1.198256807700559e-02, 1.597058957429874e-12, 7.878730926886986e+01, -9.320112636294210e-01, -1.136647591222731e+05, 3.687802902764808e-04
2034, 3.403298077310037e-02, 2.803264070774197e-03, 1.558068923247149e+00, 1.177382057869603e-02, 1.569329424457306e-12, 4.106752905039831e+01, -5.921295535905944e-02, -1.105453614306106e+05, 3.704181553215514e-04
2035, 3.387485131197589e-02, 3.149110754730647e-03, 1.547186989530037e+00, 1.169158934153907e-02, 1.558350618573286e-12, 3.040520129334075e+01, 1.395049519707388e+00, -1.088224790744398e+05, 3.666155685656628e-04
2036, 3.356589885316016e-02, 3.267904886576301e-03, 1.543938150042321e+00, 1.166703891719879e-02, 1.554993072996771e-12, 2.451739951606829e+01, 1.104152942326395e+00, -1.083398992958707e+05, 3.606828611248253e-04
2037, 5.228082364316902e-02, 9.840887702153248e-04, 9.051544484334559e-02, 6.839958048616224e-04, 9.126188869055713e-14, 1.688680535329081e+01, 8.714028839012605e-01, 1.521921506357398e+05, 3.757519498675080e+03
2038, 2.129529331767952e-02, 2.217912112442686e-03, 1.588431818630541e+00, 1.200326311307868e-02, 1.599901399183298e-12, 5.987059074598005e+00, -6.194718412916326e+00, -1.121494010831100e+05, 3.694249731485594e-04
2039, 4.820662021789331e-02, 4.498839551657838e-03, 3.863622133687530e-01, 2.919613703037707e-03, 3.902297664417049e-13, 7.070074986468994e+00, 2.262695851878673e+01, 9.661874187462310e+04, 6.827816527814572e+02
2040, 4.838059934572785e-02, 4.304644165383107e-03, 2.595740898641799e-01, 1.961517051870250e-03, 2.619278354450768e-13, 1.175889026566804e+01, 1.214389279616389e+01, 1.199262664438657e+05, 9.036384852017775e+02
2041, 4.548904152496308e-02, 4.136915337451487e-03, 2.758389400761062e-01, 2.084425239868942e-03, 2.786130247593113e-13, 1.397078567419399e+01, 1.242570338762093e+01, 1.170117487237131e+05, 3.897462320484169e+02
2042, 2.438550393422584e-02, 1.719342471822701e-03, 1.610760706865495e+00, 1.217199526598787e-02, 1.622298882523518e-12, 4.032812193087349e+01, -8.727228768129391e+00, -1.162131426031048e+05, 3.746129829413923e-04
2043, 2.420446103203306e-02, 2.001336516055157e-03, 1.613479662705250e+00, 1.219254153177938e-02, 1.625049828457885e-12, 3.935322007304976e+01, -1.014503954500106e+01, -1.167507775293375e+05, 3.752454012064500e-04
2044, 2.129080872410714e-02, 2.546239415711891e-03, 1.597815823016390e+00, 1.207417498501189e-02, 1.609382977862731e-12, 2.028257664806080e+01, -1.642340125581897e+01, -1.133273793808851e+05, 3.716064927973293e-04
2045, 6.152651115046638e-02, 3.951936086004814e-03, 1.786849826403681e-01, 1.350264352445565e-03, 1.806915113146457e-13, 2.710615411407701e+00, 7.356360399025693e+00, 1.352544327340107e+05, 2.962434508621143e+03
2046, 6.260097593841450e-02, 3.760142464543153e-03, 1.959332438759577e-01, 1.480603858004373e-03, 1.980373569871391e-13, 2.672189352016558e+00, 7.448337741082753e+00, 1.310312652968327e+05, 2.640768454299697e+03
2047, 4.836076910887167e-02, 3.992183303478825e-03, 1.833135268432470e-01, 1.385240757002691e-03, 1.843167426796511e-13, 1.544000121044591e+01, 6.497983005292932e+00, 1.318288522894305e+05, 1.067350605923992e+03
2048, 4.874927468155857e-02, 4.214669736238985e-03, 2.191030376402656e-01, 1.655690460757088e-03, 2.214141686340880e-13, 1.279214179042998e+01, 7.841587448821249e+00, 1.260567014313889e+05, 1.048642130527455e+03
2049, 4.893862343056575e-02, 4.076420566813818e-03, 1.902030664498152e-01, 1.437302769141958e-03, 1.919883051906242e-13, 1.381696044807075e+01, 6.090771600884188e+00, 1.310234388978033e+05, 1.180380174614100e+03
2050, 4.899148406552236e-02, 4.346340745089388e-03, 2.567310724115834e-01, 1.940033292783131e-03, 2.586703231213954e-13, 1.163017998545102e+01, 1.065112861785134e+01, 1.197525499004250e+05, 1.025408815617733e+03
2051, 4.802067949172288e-02, 3.888253626805807e-03, 1.771748191033181e-01, 1.338852537304759e-03, 1.786369170748698e-13, 1.620511987283127e+01, 6.199919809588917e+00, 1.336147933738415e+05, 1.029193870385024e+03
2052, 4.784349415208070e-02, 3.518582673311106e-03, 1.483372857570641e-01, 1.120936668189545e-03, 1.495177977807854e-13, 1.780018801423518e+01, 4.450277258315162e+00, 1.391298951534089e+05, 1.150769291582341e+03
2053, 2.081393404383304e-02, 2.869802977664440e-03, 1.598432822113903e+00, 1.207883744670592e-02, 1.609960747903359e-12, 1.919891148772843e+01, -1.333933072876670e+01, -1.130923720261918e+05, 3.717504357851027e-04
2054, 4.259684971719024e-02, 4.145618036150689e-03, 4.208652304624875e-01, 3.180341791905715e-03, 4.256767975101379e-13, 1.257147207302317e+01, 2.294045179690249e+01, 9.160064742559819e+04, 8.022012763426658e+01
2055, 2.655808237997270e-02, 1.099730135265584e-03, 1.600360313173439e+00, 1.209340287033033e-02, 1.611840104408040e-12, 5.546747408373334e+01, -4.037638351534189e+00, -1.148150877817892e+05, 3.721929918333825e-04
2056, 4.231132962989939e-02, 9.053195553652701e-04, 1.683284719356336e-01, 1.272003566264499e-03, 1.695363343578295e-13, 3.714445042599022e+01, 1.073474657549373e+00, 1.402377110228384e+05, 2.327824680088426e+02
2057, 6.429922273381188e-02, 3.826526886328959e-03, 2.936049787149206e-01, 2.218677421019704e-03, 2.964702220669879e-13, 3.803374985638609e+00, 1.098387736486702e+01, 1.119659350402356e+05, 1.778580611785364e+03
2058, 6.521048401872298e-02, 3.530800987457467e-03, 3.356280045429257e-01, 2.536231772365500e-03, 3.384780301215649e-13, 3.631017108743573e+00, 1.053590960308510e+01, 1.032367458389427e+05, 1.392025696200843e+03
2059, 6.537963367093443e-02, 2.514807810090499e-03, 2.847436529639359e-01, 2.151715261693125e-03, 2.869754341823222e-13, 3.791278340281548e+00, 5.690606768042799e+00, 1.127908579892303e+05, 1.624107074303235e+03
2060, 6.614272684822912e-02, 3.141680610851416e-03, 3.913753829831785e-01, 2.957496596851577e-03, 3.944268503480611e-13, 3.560090377112192e+00, 8.359292677973794e+00, 9.199470539975796e+04, 9.542981751100169e+02
2061, 6.630584578314017e-02, 2.138929648870337e-03, 3.759472644429289e-01, 2.840911318210070e-03, 3.786485006053647e-13, 4.129699499964680e+00, 4.883725036814073e+00, 9.409834365017817e+04, 1.055823349276655e+03
2062, 6.708848346985126e-02, 2.731309069236879e-03, 4.788898134375251e-01, 3.618814711116879e-03, 4.823028672650462e-13, 2.106179678435896e+00, 6.450763965688437e+00, 7.360299966341456e+04, 4.674586877801689e+02
2063, 6.731012396879169e-02, 1.641314680838305e-03, 4.888920466022714e-01, 3.694398337047180e-03, 4.921587312992704e-13, 1.723746120617649e+00, 3.932427382213549e+00, 7.031814502619051e+04, 4.324332630591246e+02
2064, 6.801995787146359e-02, 2.346926497264129e-03, 5.636202907210381e-01, 4.259095395879061e-03, 5.677981113043057e-13, -1.971903667258107e+00, 5.058199811214378e+00, 5.710482696885999e+04, 1.274013073614686e+02
2065, 6.785654023997738e-02, 3.278071800773819e-03, 5.711473760169946e-01, 4.315975133632377e-03, 5.751008363812171e-13, -7.308652239396054e-01, 9.318424726520153e+00, 5.649672614651872e+04, 1.521928172956518e+02
2066, 6.880595541419428e-02, 2.949064664227099e-03, 6.321905575759820e-01, 4.777258621483866e-03, 6.365663020684532e-13, -4.594881244153453e+00, 7.843868889791509e+00, 4.536474740806028e+04, 2.813778874045706e+01
2067, 6.895965846272875e-02, 2.003164128145222e-03, 6.375752101247315e-01, 4.817948691121715e-03, 6.420199145556385e-13, -6.185596297820769e+00, 3.456741659850954e+00, 4.348328518256690e+04, 1.885750902102822e+01
2068, 6.973779602340513e-02, 2.584408642592417e-03, 6.894347489182365e-01, 5.209834374699892e-03, 6.943684277800046e-13, -7.554483420651855e+00, 4.888198318340661e+00, 3.453626877398045e+04, 3.677973394062102e+00
2069, 6.860599077959564e-02, 3.972734776021666e-03, 6.849257002876454e-01, 5.175760959355240e-03, 6.900608265531681e-13, -1.908916404584003e+00, 1.475007787671469e+01, 3.507701261245293e+04, 3.689556790511521e+01
2070, 6.999516360798021e-02, 1.545858021850713e-03, 7.104785973823620e-01, 5.368855899618045e-03, 7.153612224879944e-13, -9.501336622050632e+00, 2.158232349732273e+00, 2.918087256882339e+04, 1.677286203755597e+00
2071, 7.070525831150370e-02, 2.250063903238796e-03, 7.538226901056233e-01, 5.696393124226990e-03, 7.592348596420958e-13, -1.020827011107330e+01, 3.181049318344636e+00, 2.183336272593272e+04, 3.624210247989638e-01
2072, 7.052089529944676e-02, 3.167815375879885e-03, 7.482471151400449e-01, 5.654260315923091e-03, 7.534458040537731e-13, -8.158610825281777e+00, 7.527929326668227e+00, 2.398288458003582e+04, 6.831838139417284e-01
2073, 7.145873008276669e-02, 2.817552666932334e-03, 8.033184950460239e-01, 6.070416839142151e-03, 8.090181035583816e-13, -1.059024194154691e+01, 5.150266566461099e+00, 1.322022657859777e+04, 6.670288863565081e-02
2074, 7.132602456278558e-02, 3.837229266723605e-03, 8.267438871911584e-01, 6.247434915806043e-03, 8.323884092326057e-13, -7.804346802715222e+00, 1.157005344357479e+01, 9.479430569130862e+03, 1.135984954777258e-01
2075, 7.228234704068504e-02, 3.363797847177090e-03, 8.594199032222229e-01, 6.494356951305323e-03, 8.653317656469293e-13, -1.046882544884359e+01, 7.191812299912380e+00, 3.081489384524353e+03, 1.006095588846979e-02
2076, 7.238552425085581e-02, 2.425106469112917e-03, 8.642884670161131e-01, 6.531147105918856e-03, 8.704536802278897e-13, -1.340390648427137e+01, 3.117008424156095e+00, 1.145142791345857e+03, 5.591019814030499e-03
2077, 7.319341532846507e-02, 3.013107411460851e-03, 9.149025433836360e-01, 6.913621234640879e-03, 9.214286821216843e-13, -1.305712063492261e+01, 4.887188892394644e+00, -7.633426564082221e+03, 9.463203443875619e-04
2078, 7.327342450268318e-02, 2.096961966658777e-03, 9.247125967531371e-01, 6.987752620304649e-03, 9.313445642668470e-13, -1.637062678820360e+01, 1.991685283801459e+00, -1.027927791644943e+04, 6.050218162487617e-04
2079, 7.409423831050582e-02, 2.668045085701324e-03, 9.715738366060800e-01, 7.341867782921346e-03, 9.786813200964008e-13, -1.583199128541321e+01, 2.532801336046006e+00, -1.848383156592654e+04, 2.728363131414694e-04
2080, 7.408553564536360e-02, 3.740542168590036e-03, 9.777297294565580e-01, 7.388385864915197e-03, 9.846261515740227e-13, -1.124533850735745e+01, 8.088169477854386e+00, -1.861620781370090e+04, 2.998355294229676e-04
2081, 7.492982941452564e-02, 3.227878719549896e-03, 1.019246872624445e+00, 7.702117425377565e-03, 1.026804700158546e-12, -1.443455838878392e+01, 3.060991309578432e+00, -2.682152009235693e+04, 2.520781414524709e-04
2082, 7.502785940826094e-02, 2.282183355174211e-03, 1.033042607306136e+00, 7.806367309622357e-03, 1.040535163782546e-12, -1.795577612571413e+01, 6.930222937499374e-01, -3.034628305439457e+04, 2.521936241983191e-04
2083, 7.581102662031200e-02, 2.871175613700869e-03, 1.077649412222471e+00, 8.143446439972437e-03, 1.085661194723730e-12, -1.656370903057362e+01, 8.111414082106353e-01, -3.812434329133262e+04, 2.599863064592000e-04
2084, 7.250385415768000e-02, 1.528581828464825e-03, 8.773920732517630e-01, 6.630166800394754e-03, 8.837496196661669e-13, -1.603675735784062e+01, 1.481895009580701e+00, -1.596450575102401e+03, 2.980026245581683e-03
2085, 7.600937507400531e-02, 1.747313932053600e-03, 1.097540095512735e+00, 8.293753870377760e-03, 1.105499429225245e-12, -1.993406084258979e+01, 8.100189649291327e-02, -4.241433528585640e+04, 2.648801308062928e-04
2086, 7.673598643848277e-02, 2.522556844491139e-03, 1.138069384820200e+00, 8.600020540207493e-03, 1.146439186628512e-12, -1.794567148642135e+01, 2.035868741234033e-03, -4.977338580187059e+04, 2.734244222200881e-04
2087, 7.660045143243814e-02, 3.477045562471708e-03, 1.121053407592388e+00, 8.471436329417872e-03, 1.129262233497335e-12, -1.391370542945091e+01, 1.980968226481213e+00, -4.549656841959065e+04, 2.681792964444304e-04
2088, 7.750119728957519e-02, 3.076342892720585e-03, 1.183114151854661e+00, 8.940409207974415e-03, 1.191723814826469e-12, -1.559424740178107e+01, 8.190265383335628e-02, -5.806132895795003e+04, 2.831800440962371e-04
2089, 7.762884511581633e-02, 2.124832060531469e-03, 1.197764356425663e+00, 9.051116043523657e-03, 1.206486923825261e-12, -1.958845476379366e+01, -3.195797570076182e-02, -6.082845984858015e+04, 2.878051347630788e-04
2090, 7.512066640802796e-02, 1.445035446829345e-03, 1.042765052539838e+00, 7.879836669071379e-03, 1.050059873130583e-12, -1.978233228760088e+01, 4.437286436749754e-01, -3.203602750987068e+04, 2.540401092549209e-04
2091, 6.643838950474974e-02, 1.122736356435312e-03, 3.697254186453532e-01, 2.793894851226752e-03, 3.716195302949413e-13, 4.447053655632371e+00, 2.691932971411833e+00, 9.546579400591514e+04, 1.121970403785216e+03
2092, 6.602037987097675e-02, 4.103468871488265e-03, 4.631345959437279e-01, 3.499757651968889e-03, 4.671232379255494e-13, 2.710056528311953e+00, 1.480621599043907e+01, 7.875628566956290e+04, 7.660236548394914e+02
2093, 6.900588915074646e-02, 9.622514950502191e-04, 6.421505639962367e-01, 4.852523153627061e-03, 6.464417782057794e-13, -6.524228163120465e+00, 2.130163102273149e+00, 4.178915238358936e+04, 1.637364977255820e+01
2094, 2.457747723329806e-02, 9.202704365287893e-04, 1.596706243571634e+00, 1.206579025369219e-02, 1.608074356820290e-12, 3.944821714815585e+01, -5.313629966758513e+00, -1.134686200357929e+05, 3.713454710214136e-04
2095, 5.238207585516053e-02, 4.795573712296774e-03, 4.050032843907915e-01, 3.060478219577638e-03, 4.084916123894252e-13, 5.094192994740159e+00, 2.351755327195223e+01, 9.218114114773576e+04, 1.390803806241938e+03
2096, 4.029873012758377e-02, 9.051037604496671e-04, 2.181472721145829e-01, 1.648468051243967e-03, 2.197548498209354e-13, 4.153607726001928e+01, 9.811857498155029e-01, 1.332557467606963e+05, 5.382139298915897e+01
2097, 3.570323199873721e-02, 9.287832633153991e-04, 8.028034813527924e-01, 6.066525048006380e-03, 8.094359555480877e-13, 3.588514656486436e+01, 2.975840429634223e+00, 3.496006643116011e+04, 1.527753714728887e-03
2098, 2.770373473705793e-02, 9.039222948702250e-04, 1.594135838296528e+00, 1.204636653624799e-02, 1.605589405894828e-12, 6.338855670743748e+01, -2.961809197164018e+00, -1.141001858407175e+05, 3.707449926933652e-04
2099, 3.946745806368751e-02, 1.397747327267055e-03, 2.501327287884239e-01, 1.890171754069119e-03, 2.519095668179530e-13, 4.130400613045695e+01, 1.612743770555414e+00, 1.284990576887963e+05, 2.418632125310679e+01
2100, 3.829907007378957e-02, 9.079626032156741e-04, 3.137516161474190e-01, 2.370919013708961e-03, 3.160110525421123e-13, 4.476485432063821e+01, 7.279907215991231e-01, 1.186323273463949e+05, 4.992454102244593e+00
2101, 3.823572779847220e-02, 1.011324755416142e-03, 3.182950657725335e-01, 2.405252386190964e-03, 3.205787463059136e-13, 4.453010160038853e+01, 8.842705212814412e-01, 1.178375810336546e+05, 4.511830272693839e+00
2102, 3.811231580994732e-02, 1.009075983916043e-03, 3.278042888411703e-01, 2.477110495021959e-03, 3.301781554972644e-13, 4.478141668150431e+01, 8.948009590269103e-01, 1.162734525764836e+05, 3.605219873302565e+00
2103, 3.818203472437401e-02, 1.130201408901625e-03, 3.226468781426962e-01, 2.438137618207208e-03, 3.250423041587602e-13, 4.421496233026416e+01, 9.972061006231325e-01, 1.170454846823712e+05, 4.158777958834088e+00
2104, 3.805072543205869e-02, 1.114203083564158e-03, 3.332467649702827e-01, 2.518237518667566e-03, 3.357306397129320e-13, 4.451685661759704e+01, 9.842203011713779e-01, 1.153387357912005e+05, 3.254314584920925e+00
2105, 3.832795389373396e-02, 1.119565107066957e-03, 3.119627358760724e-01, 2.357401026771668e-03, 3.143350738167924e-13, 4.396442381155395e+01, 1.043132601432002e+00, 1.188781010839698e+05, 5.364234690887670e+00
2106, 3.408401883087892e-02, 9.126083367055229e-04, 1.579221428626173e+00, 1.193366318861332e-02, 1.590538749984966e-12, 7.305186088552958e+01, 3.185469934193096e+00, -1.136556160084671e+05, 3.672816233721798e-04
2107, 3.573355589499772e-02, 3.716446568230706e-03, 7.797353456851547e-01, 5.892206642456901e-03, 7.864266311284578e-13, 1.095666502048276e+01, 2.465088400044544e+01, 4.046779487514820e+04, 1.102089774246639e-02
2108, 2.404194493610915e-02, 9.094404349363917e-04, 1.595144749644591e+00, 1.205399055147266e-02, 1.606537602377594e-12, 3.245243589686716e+01, -6.841163484101718e+00, -1.131797772058123e+05, 3.709829989467150e-04
2109, 2.985244342054303e-02, 9.102496552409481e-04, 1.587036624244439e+00, 1.199272008245394e-02, 1.598428025031562e-12, 7.754439264449779e+01, -1.798589907527652e+00, -1.137522190289538e+05, 3.690928772636739e-04
2110, 4.025229903732297e-02, 4.002464162030440e-03, 4.673830717437895e-01, 3.531862003103211e-03, 4.701271413787081e-13, 1.285593617559422e+01, 2.502002468465062e+01, 8.671784452413996e+04, 1.500776672984077e+01
2111, 4.039382897306049e-02, 3.809874746892834e-03, 3.371425838363383e-01, 2.547676955942513e-03, 3.396344238965952e-13, 2.058082678887612e+01, 1.445182924202356e+01, 1.106341894732605e+05, 2.479391631856440e+01
2112, 5.371361765452833e-02, 9.039222948700513e-04, 8.683186042209300e-02, 6.561601543230787e-04, 8.763685148025973e-14, 1.479024170592182e+01, 8.343472368491661e-01, 1.529747632677617e+05, 4.268470928856203e+03
2113, 4.418830759159748e-02, 4.260216679185264e-03, 4.079126342206629e-01, 3.082463230889257e-03, 4.091633910675745e-13, 1.088770965087208e+01, 2.363336588245486e+01, 9.270066496636515e+04, 1.720744742111309e+02
2114, 4.406853988124954e-02, 4.029377525295245e-03, 2.754923612568482e-01, 2.081806256350116e-03, 2.768317509579296e-13, 1.658053423265662e+01, 1.279644818627588e+01, 1.176600956294298e+05, 2.261021501924732e+02
2115, 2.584417489304404e-02, 9.049262604771779e-04, 1.596531372356230e+00, 1.206446880873943e-02, 1.607991787336526e-12, 5.073363055868250e+01, -3.944811462204734e+00, -1.138978402018925e+05, 3.713035742275666e-04
2116, 4.159303718741195e-02, 4.086666752495958e-03, 4.418370570179931e-01, 3.338819070664566e-03, 4.459028329428899e-13, 1.158361607496728e+01, 2.435930416417064e+01, 8.905282066863333e+04, 4.227677196634402e+01
2117, 2.428151985918438e-02, 9.045169743906127e-04, 1.595399994592330e+00, 1.205591935460421e-02, 1.606787200104157e-12, 3.566326718557539e+01, -6.209757103252823e+00, -1.132588585472262e+05, 3.710420749986657e-04
2118, 3.384791250618423e-02, 9.054013157097252e-04, 1.579116157871340e+00, 1.193286769172538e-02, 1.590441746839648e-12, 7.456467437472116e+01, 2.435227774714671e+00, -1.135856611498522e+05, 3.672542877482829e-04
2119, 2.663366884115158e-02, 9.308975538441433e-04, 1.597049526263725e+00, 1.206838432945100e-02, 1.608476826168797e-12, 5.672932382631019e+01, -3.502651380893458e+00, -1.141474071869161e+05, 3.714233063489696e-04
2120, 3.869237679872699e-02, 2.086761468332630e-03, 2.917790657581368e-01, 2.204879590112338e-03, 2.938656863297751e-13, 3.948597025256288e+01, 2.333979792144934e+00, 1.217054819905786e+05, 1.016974647050452e+01
2121, 5.068267053383937e-02, 4.443065444940613e-03, 2.561622849251053e-01, 1.935735150565866e-03, 2.596588572390373e-13, 9.443505248052491e+00, 1.167192104478495e+01, 1.206846033083934e+05, 1.413238102589737e+03
2122, 5.041701765435637e-02, 4.452244178918133e-03, 2.632887659286022e-01, 1.989587651852344e-03, 2.664328896895746e-13, 9.254946605773226e+00, 1.207065338407890e+01, 1.196789247629846e+05, 1.326277394095235e+03
2123, 5.027124752944657e-02, 9.061426506717796e-04, 9.700065217835820e-02, 7.330024094083753e-04, 9.773813032355013e-14, 2.046354449396133e+01, 8.598308927589848e-01, 1.509072386069044e+05, 2.948843604973206e+03
2124, 5.020970630477390e-02, 1.015399572442515e-03, 9.756057172056014e-02, 7.372335394501953e-04, 9.830867994615471e-14, 2.032849425206518e+01, 9.642484240092490e-01, 1.507209910587987e+05, 2.903311859188908e+03
2125, 5.009025781617268e-02, 1.006422117442191e-03, 9.803912432137606e-02, 7.408498059550941e-04, 9.879547778992830e-14, 2.056747810029852e+01, 9.860737292846241e-01, 1.506195035807212e+05, 2.850696129921740e+03
2126, 5.666579660898137e-02, 5.056695691244064e-03, 4.091388606209295e-01, 3.091729425354077e-03, 4.072139244871983e-13, 1.318189872048005e+00, 2.354381335773287e+01, 9.291964638289470e+04, 2.044625323001052e+03
2127, 5.573431350078620e-02, 9.092424876129563e-04, 8.323064814546750e-02, 6.289469633159257e-04, 8.388534876665976e-14, 1.150603245780429e+01, 8.307807362699204e-01, 1.537339348906596e+05, 4.823830447124524e+03
2128, 5.567506484226321e-02, 1.022031548124063e-03, 8.366830617868701e-02, 6.322542028616577e-04, 8.433219773444902e-14, 1.144396743728141e+01, 9.317750708214251e-01, 1.535825465595300e+05, 4.784619567585416e+03
2129, 4.978003523606390e-02, 4.621422984596260e-03, 4.022119032109590e-01, 3.039384659022221e-03, 4.076536579485981e-13, 5.688822163421492e+00, 2.342111743670043e+01, 9.335542702576779e+04, 9.287640191176052e+02
2130, 4.574628762903112e-02, 8.996782456871949e-04, 1.244684775712377e-01, 9.405678405888198e-04, 1.254067868446532e-13, 2.959404659405742e+01, 1.134349174331055e+00, 1.462610358584037e+05, 1.048216933993382e+03
2131, 3.213195300924864e-02, 9.036441034739574e-04, 1.581672845834702e+00, 1.195218775190187e-02, 1.593024742077655e-12, 7.758014520937640e+01, 4.997418845111299e-01, -1.135405173755331e+05, 3.678447167890201e-04
2132, 3.207258022412174e-02, 1.007950331096323e-03, 1.582668110422457e+00, 1.195970864299319e-02, 1.594026461253574e-12, 7.592582204316540e+01, 6.152473105608809e-01, -1.138082336488099e+05, 3.680763243889816e-04
2133, 3.195224310982609e-02, 1.007972185741896e-03, 1.582699371120698e+00, 1.195994486993203e-02, 1.594059559345634e-12, 7.603250573063613e+01, 7.265017116821907e-01, -1.138139290769184e+05, 3.680836520163910e-04
2134, 3.201238281512735e-02, 1.109847360247916e-03, 1.583424707739794e+00, 1.196542600307378e-02, 1.594790398569829e-12, 7.410097131948511e+01, 6.885181148118350e-01, -1.140386343230189e+05, 3.682524591113197e-04
2135, 3.189111539892295e-02, 1.111772332006010e-03, 1.583435764534399e+00, 1.196550955567784e-02, 1.594800907875302e-12, 7.419593808279650e+01, 7.723892585320774e-01, -1.140369790302990e+05, 3.682550955713497e-04
2136, 3.214553057108260e-02, 1.104648975113718e-03, 1.583422995271438e+00, 1.196541306250687e-02, 1.594791819655950e-12, 7.390574098411500e+01, 6.063805668413050e-01, -1.140435789230840e+05, 3.682519994754366e-04
2137, 2.274769133815176e-02, 1.143345709955480e-03, 1.591989253323494e+00, 1.203014549111163e-02, 1.603381229904177e-12, 1.626384188486834e+01, -8.211915408674400e+00, -1.124123665481223e+05, 3.702506258457832e-04
2138, 5.162026495200787e-02, 4.747753997732647e-03, 4.098471603113714e-01, 3.097081815950551e-03, 4.164463822935277e-13, 3.801802793302116e+00, 2.401144577795048e+01, 9.238323795834497e+04, 1.259538515198016e+03
2139, 5.555474049279398e-02, 4.995094920108614e-03, 4.140527518003564e-01, 3.128862104288756e-03, 4.142442465876382e-13, 3.213965555083047e+00, 2.413703977099309e+01, 9.197275830359933e+04, 1.888989336483029e+03
2140, 5.544329654488012e-02, 4.769530731550991e-03, 2.637145309656903e-01, 1.992805019895369e-03, 2.631372433804516e-13, 5.738013175064694e+00, 1.269165187109351e+01, 1.197699786223245e+05, 2.354693720806788e+03
2141, 4.813106830879766e-02, 9.016932161112596e-04, 1.072162983619294e-01, 8.101987281759506e-04, 1.079915217949839e-13, 2.440234333552148e+01, 9.598613296337788e-01, 1.490278173484684e+05, 2.004276379539313e+03
2142, 6.462409630265954e-02, 1.903427603610273e-03, 1.993019811398474e-01, 1.506060310881250e-03, 2.007227476840140e-13, 3.139132427371536e+00, 3.203096459052700e+00, 1.294733545566851e+05, 2.288258996919876e+03
2143, 6.960649411131357e-02, 3.553759699160425e-03, 7.096503629921086e-01, 5.362597201455092e-03, 7.144519341003366e-13, -5.994276546484377e+00, 1.095059218386042e+01, 3.120762030212565e+04, 5.762120580502838e+00
2144, 7.163004146933355e-02, 1.897090861689431e-03, 8.188109271667682e-01, 6.187488114613850e-03, 8.246135730212861e-13, -1.322111493655506e+01, 2.201659642720406e+00, 9.533145347522011e+03, 3.177884629924000e-02
2145, 4.183206594459767e-02, 9.066733546855632e-04, 1.781840129333440e-01, 1.346478687153932e-03, 1.795297383219450e-13, 3.831768555988602e+01, 1.097416329450939e+00, 1.388646477866127e+05, 1.705400052354866e+02
2146, 4.978863747189219e-02, 9.039220436767088e-04, 9.906501602030127e-02, 7.486021361736549e-04, 9.984175290790055e-14, 2.137362334288791e+01, 9.458240604268978e-01, 1.504564630556707e+05, 2.729012132396623e+03
2147, 4.408384314141866e-02, 9.039220436767035e-04, 1.417321059335792e-01, 1.071023470531020e-03, 1.427713861262465e-13, 3.325613730307328e+01, 1.040358099282704e+00, 1.438544554609001e+05, 5.638121736067067e+02
2148, 4.206742717083641e-02, 9.035838972043099e-04, 1.732508148499385e-01, 1.309200112216418e-03, 1.745082768674164e-13, 3.776724926784203e+01, 1.111644156448252e+00, 1.395296136592219e+05, 1.990442612480362e+02
2149, 4.201561620927489e-02, 1.009442969558198e-03, 1.741110441436723e-01, 1.315700585468840e-03, 1.753582598075893e-13, 3.752501521964891e+01, 1.237476893082730e+00, 1.392865548540374e+05, 1.931160543062895e+02
2150, 5.621610317746416e-02, 9.039220436763738e-04, 8.259042661698605e-02, 6.241090172568878e-04, 8.322652540302527e-14, 1.072813398813933e+01, 7.362077464328577e-01, 1.539287131420437e+05, 4.929144860012173e+03
2151, 5.395466933805661e-02, 8.998719035267888e-04, 8.630157058175540e-02, 6.521529263104568e-04, 8.709736936481293e-14, 1.440535620192851e+01, 8.127806256450811e-01, 1.530920785725616e+05, 4.347087778482207e+03
2152, 4.598244088351018e-02, 9.005921795629630e-04, 1.223469008977809e-01, 9.245357750463627e-04, 1.232356317511502e-13, 2.898288505009938e+01, 1.143960832900790e+00, 1.465527312767073e+05, 1.134403013946827e+03
2153, 5.419361344874007e-02, 9.039220436754476e-04, 8.581811998298126e-02, 6.484996472265244e-04, 8.660587376028795e-14, 1.397936616293818e+01, 8.159365246235430e-01, 1.531885255926939e+05, 4.421126446887664e+03
2154, 3.594592932281041e-02, 9.049663388751019e-04, 6.905420302790497e-01, 5.218201740145202e-03, 6.954813253114292e-13, 4.131731604152270e+01, 1.528787500542607e+00, 5.363770147506335e+04, 5.834518412978273e-03
2155, 4.005854615606685e-02, 9.033172465386401e-04, 2.268462976180135e-01, 1.714203760337932e-03, 2.285151680286840e-13, 4.212816677365278e+01, 1.004950907418416e+00, 1.319549421650297e+05, 4.226229233137247e+01
2156, 3.781611255045137e-02, 9.052843524917989e-04, 3.528180756716018e-01, 2.666131554193920e-03, 3.554510026269973e-13, 4.526040614552470e+01, 8.762057110708260e-01, 1.122927600638797e+05, 2.033169356805763e+00
2157, 2.817709990849935e-02, 9.124386552091295e-04, 1.592928923601955e+00, 1.203724627407239e-02, 1.604362201336201e-12, 6.666472966174551e+01, -3.276215083761997e+00, -1.140207680094905e+05, 3.704639300547335e-04
2158, 5.597612903694917e-02, 9.039086487734202e-04, 8.288991325452694e-02, 6.263721404624864e-04, 8.352959868846746e-14, 1.110210852975745e+01, 7.870570134347576e-01, 1.538403204714908e+05, 4.879211963419201e+03
2159, 5.603563017176047e-02, 1.008118915100715e-03, 8.313534694166677e-02, 6.282268030857200e-04, 8.376852850960957e-14, 1.087059524914330e+01, 8.523153618744242e-01, 1.537576009536689e+05, 4.868721226129572e+03
2160, 5.811744848940106e-02, 9.002329447285024e-04, 8.125919050262884e-02, 6.140492985085692e-04, 8.187989206036285e-14, 7.811042411246073e+00, 7.988798291344404e-01, 1.540887904402336e+05, 5.150364038540459e+03
2161, 3.618681197818448e-02, 9.004992351509386e-04, 6.130141411429472e-01, 4.632348673625096e-03, 6.175447887732519e-13, 4.275866179833185e+01, 1.262439279342703e+00, 6.744207520277429e+04, 1.982451646331631e-02
2162, 3.981812212960494e-02, 8.971195428556993e-04, 2.357550629582386e-01, 1.781524405226229e-03, 2.375451638374579e-13, 4.261262887043875e+01, 1.042763519605650e+00, 1.306189100675867e+05, 3.309041539630332e+01
2163, 3.805445546396400e-02, 9.039220436750821e-04, 3.327120815384327e-01, 2.514197089711540e-03, 3.351661569422142e-13, 4.518230928951336e+01, 8.127161284189093e-01, 1.155443081074008e+05, 3.192600931088061e+00
2164, 5.003395720001824e-02, 9.018883067949009e-04, 9.800088543274139e-02, 7.405608470989104e-04, 9.875818026224646e-14, 2.091435080268702e+01, 9.028415098327905e-01, 1.506945978002091e+05, 2.841399005593649e+03
2165, 4.622404873585769e-02, 9.039220436761273e-04, 1.202513864219027e-01, 9.087006530624299e-04, 1.210930959577044e-13, 2.839026799900504e+01, 1.102169057097823e+00, 1.469066421617288e+05, 1.227570851448942e+03
2166, 2.608624773572527e-02, 9.039220436754359e-04, 1.596228111308224e+00, 1.206217716354038e-02, 1.607686088848000e-12, 5.281652520516285e+01, -3.789372433876961e+00, -1.138978815089191e+05, 3.712328313527183e-04
2167, 2.794373285170309e-02, 9.039220436755669e-04, 1.593227259621100e+00, 1.203950070242867e-02, 1.604649565085613e-12, 6.518782646208419e+01, -3.005429846810674e+00, -1.140062512280418e+05, 3.705335114672890e-04
2168, 5.615610375757345e-02, 1.007844087359856e-03, 8.298187965331247e-02, 6.270671006548388e-04, 8.360740116249477e-14, 1.069240343435248e+01, 8.267497857952565e-01, 1.538013881498270e+05, 4.893697982395878e+03
2169, 5.609610520784607e-02, 1.111767638195404e-03, 8.342222074965146e-02, 6.303946152367550e-04, 8.404462941202938e-14, 1.062221672091536e+01, 9.126085571770691e-01, 1.536673447272016e+05, 4.856045074254717e+03
2170, 5.597592268435625e-02, 1.112599834190709e-03, 8.357612252229887e-02, 6.315576009242531e-04, 8.421000538452947e-14, 1.081989573212419e+01, 9.475117346920149e-01, 1.536164339265576e+05, 4.830260115061446e+03
2171, 5.604622214734722e-02, 1.223926109222130e-03, 8.392825543372416e-02, 6.342185549148865e-04, 8.455328822992942e-14, 1.056634935430936e+01, 1.019577139316987e+00, 1.535197897520649e+05, 4.815458786641590e+03
2172, 5.591616678682802e-02, 1.007395106866725e-03, 8.328855493386791e-02, 6.293845460998228e-04, 8.393188983508344e-14, 1.106145581945265e+01, 8.809535436417454e-01, 1.537085818304681e+05, 4.843047068368589e+03
2173, 3.189247157967545e-02, 9.039103814153894e-04, 1.581889533194238e+00, 1.195382518786811e-02, 1.593244669735713e-12, 7.788457026929626e+01, 7.475966895780343e-01, -1.135699100367785e+05, 3.678952205152643e-04
2174, 5.822876789811491e-02, 5.169435567351450e-03, 4.239386100147777e-01, 3.203566322536172e-03, 4.225195632701370e-13, 1.567763895445100e+00, 2.429916662239928e+01, 8.926419588840292e+04, 2.036501444907894e+03
2175, 3.022364047098325e-02, 3.362309891473994e-03, 1.549218863537172e+00, 1.170694355317981e-02, 1.560328087806273e-12, 1.298819559980945e+01, 7.403004974952219e-01, -1.087309073769240e+05, 3.603054176112262e-04
2176, 3.036542827868759e-02, 3.155057865305573e-03, 1.551073866461987e+00, 1.172096120752342e-02, 1.562200092199408e-12, 2.455732736386171e+01, 1.165000234308121e-01, -1.090031236529620e+05, 3.607363284750566e-04
2177, 3.061491484470031e-02, 3.169606078267456e-03, 1.550033466512111e+00, 1.171309924316676e-02, 1.561130486467927e-12, 2.375808814034468e+01, 2.223346632305745e-01, -1.089453198090795e+05, 3.604942552110381e-04
2178, 3.051395784853375e-02, 2.932642434022822e-03, 1.555761042566522e+00, 1.175638067430834e-02, 1.566906638743509e-12, 3.415590774020854e+01, -1.027030550319023e-01, -1.098555923805026e+05, 3.618256979961222e-04
2179, 3.077718108733945e-02, 2.972514373615842e-03, 1.553197203776719e+00, 1.173700657766001e-02, 1.564312488023468e-12, 3.270215246853508e+01, -2.297075068082136e-01, -1.094802891277562e+05, 3.612293737039603e-04
2180, 3.022885390575729e-02, 2.913120210406209e-03, 1.557062152754122e+00, 1.176621274121709e-02, 1.568231753258297e-12, 3.499343061333694e+01, -2.899326401375701e-01, -1.099791853253458e+05, 3.621284568224483e-04
2181, 4.232855037118197e-02, 3.119892567176381e-03, 1.891984351826678e-01, 1.429711097098891e-03, 1.902980483488960e-13, 2.821755019445455e+01, 5.001076527508654e+00, 1.345927749140701e+05, 1.706116764753103e+02
2182, 4.215626234643560e-02, 3.496506974950071e-03, 2.152946684201328e-01, 1.626911852041923e-03, 2.166705126621266e-13, 2.548669885335564e+01, 6.346596554312363e+00, 1.290673125543486e+05, 1.228561405484204e+02
2183, 4.935286059552677e-02, 4.370207815741285e-03, 2.574278067541706e-01, 1.945298287815327e-03, 2.593625337232223e-13, 1.116106766704533e+01, 1.118679520845531e+01, 1.199007240173677e+05, 1.100650747587522e+03
2184, 3.183167608042493e-02, 1.007880402998400e-03, 1.582806619033827e+00, 1.196075530756271e-02, 1.594168240834381e-12, 7.613933885233166e+01, 7.673222022757039e-01, -1.138276268589172e+05, 3.681086510355035e-04
2185, 3.757902411153169e-02, 3.834821620246995e-03, 5.792148008673290e-01, 4.376938041817122e-03, 5.853076374612534e-13, 1.527060830026846e+01, 2.512387486972362e+01, 7.063743917097285e+04, 6.350642683779739e-01
2186, 3.746738565466671e-02, 3.610294087946202e-03, 4.492887740005354e-01, 3.395129274563286e-03, 4.530995867528052e-13, 2.437658582733706e+01, 1.378185897290299e+01, 9.593040858012882e+04, 8.708610674279212e-01
2187, 3.721269991132495e-02, 3.595971825315832e-03, 4.690540720585089e-01, 3.544489209510508e-03, 4.727762996346055e-13, 2.481081184413000e+01, 1.364938636069738e+01, 9.309381936611782e+04, 5.533943039297770e-01
2188, 3.735356538553272e-02, 3.378736836075956e-03, 4.043866887398377e-01, 3.055818806598962e-03, 4.072993588240467e-13, 3.011889604269146e+01, 7.146346479966412e+00, 1.035064515553029e+05, 9.804406387139213e-01
2189, 3.708454237945229e-02, 3.358681663402717e-03, 4.299683149590943e-01, 3.249130843520006e-03, 4.333081885907433e-13, 3.020082825954440e+01, 6.858036187561893e+00, 9.978575746589876e+04, 5.893468465734584e-01
2190, 3.766619272883431e-02, 3.404152901410211e-03, 3.820843937838198e-01, 2.887287610457490e-03, 3.850249693360461e-13, 2.951303466267840e+01, 7.399615905662161e+00, 1.072163045727936e+05, 1.635611741364565e+00
2191, 3.752012722456181e-02, 3.086436922747609e-03, 3.778325622132060e-01, 2.855157900855888e-03, 3.806892338439910e-13, 3.402815896141801e+01, 3.643924506589511e+00, 1.080435997633892e+05, 1.558081285118254e+00
2192, 3.866522938295875e-02, 3.906670901050159e-03, 5.250429791300837e-01, 3.967579187381438e-03, 5.290788253549179e-13, 1.442620226060691e+01, 2.506118410483256e+01, 7.819374427080606e+04, 2.885176747049982e+00
2193, 3.855513565640296e-02, 3.683211264228520e-03, 3.916609581220216e-01, 2.959654595381756e-03, 3.940062569330958e-13, 2.382217536601878e+01, 1.381435207308088e+01, 1.034400584512438e+05, 3.947159700491805e+00
2194, 3.880514356750575e-02, 3.689106022536974e-03, 3.805701216415164e-01, 2.875844747921105e-03, 3.835577227027381e-13, 2.332835046743585e+01, 1.438030101982827e+01, 1.057921001667971e+05, 5.475867735992505e+00
2195, 4.735562916753508e-02, 4.467916927345970e-03, 4.035538761140405e-01, 3.049525512193226e-03, 4.094490334170507e-13, 9.109706636559991e+00, 2.365812960382890e+01, 9.309501671763271e+04, 5.196585971997507e+02
2196, 3.026414559723192e-02, 1.008386045539230e-03, 1.586879389623226e+00, 1.199153191151278e-02, 1.598251321358920e-12, 7.742750500798962e+01, -1.027510544269126e+00, -1.139576409224649e+05, 3.690562595127993e-04
2197, 5.187143555943578e-02, 4.778311348313556e-03, 4.175913776675688e-01, 3.155602350129132e-03, 4.236761625324824e-13, 4.638817106936349e+00, 2.414248450711091e+01, 9.097814610130568e+04, 1.262894451084845e+03
2198, 5.370069191094865e-02, 4.873324135740721e-03, 4.108269415193626e-01, 3.104485704176404e-03, 4.142791520596792e-13, 3.827749304954734e+00, 2.381097418826411e+01, 9.198307343844995e+04, 1.632327846282341e+03
2199, 5.028300131387598e-02, 4.660518389733913e-03, 4.070598493615484e-01, 3.076019012806038e-03, 4.119017323963118e-13, 5.690218943993502e+00, 2.388628619115031e+01, 9.254652527216960e+04, 1.000852050937128e+03
2200, 5.847639937981784e-02, 5.197052570323013e-03, 4.273249239468170e-01, 3.229155596583661e-03, 4.247104160593532e-13, 6.716791417950799e-01, 2.434362436745001e+01, 8.853347374841501e+04, 1.960267998145449e+03
2201, 5.837851784061766e-02, 4.934105085435349e-03, 2.577563651363829e-01, 1.947781096755194e-03, 2.549327654091071e-13, 3.417095978481953e+00, 1.164564165247897e+01, 1.198835124483672e+05, 2.576943918347738e+03
2202, 5.321120996851204e-02, 4.850263507676361e-03, 4.129159718349128e-01, 3.120271827467201e-03, 4.168148462348192e-13, 4.050081634597167e+00, 2.420073754679422e+01, 9.170743807825918e+04, 1.527259825844310e+03
2203, 5.310561331697440e-02, 4.609172346669070e-03, 2.585871276683597e-01, 1.954058899256967e-03, 2.608488841368617e-13, 7.683718269576085e+00, 1.223609774274663e+01, 1.209463992483233e+05, 1.953874638874174e+03
2204, 4.502532976721654e-02, 4.309486081969426e-03, 4.010153245003389e-01, 3.030342502525909e-03, 4.010441352811164e-13, 9.003660344676023e+00, 2.325461247710618e+01, 9.457643274557019e+04, 2.413040177554780e+02
2205, 5.505161905175977e-02, 4.966229117949352e-03, 4.109433094756388e-01, 3.105365059016433e-03, 4.093774327414483e-13, 2.868635301675525e+00, 2.421503827686584e+01, 9.198245394336713e+04, 1.802348542778269e+03
2206, 3.414786253916568e-02, 3.615870564319284e-03, 1.538329785263029e+00, 1.162465832692728e-02, 1.549164123143812e-12, 1.149610046251291e+01, 1.713531613362579e+00, -1.083205476399162e+05, 3.872712244703153e-04
2207, 3.707666866345598e-02, 3.804901024554964e-03, 6.142240822333315e-01, 4.641491805289491e-03, 6.195890139872645e-13, 1.582481796817875e+01, 2.504455814865445e+01, 6.564174900164755e+04, 2.570082369303086e-01
2208, 3.206173697680662e-02, 3.481281818360577e-03, 1.545379370563675e+00, 1.167792975237272e-02, 1.556452480791497e-12, 1.156878846473162e+01, 1.146964553807177e+00, -1.085039770064920e+05, 3.594125508164552e-04
2209, 4.209187770548859e-02, 4.128309866510587e-03, 4.423711511973640e-01, 3.342855046829015e-03, 4.478242960794320e-13, 1.129364668936863e+01, 2.423098358897820e+01, 8.850278742929568e+04, 5.747873165344956e+01
2210, 4.196858221246378e-02, 3.894074152131978e-03, 3.061726422008113e-01, 2.313647170281116e-03, 3.102599840882685e-13, 1.767954754505188e+01, 1.308074851254483e+01, 1.144628919936710e+05, 7.765444881694597e+01
2211, 3.256092462685668e-02, 3.516696890150918e-03, 1.543827520077421e+00, 1.166620292250183e-02, 1.554873266795525e-12, 1.077627222122949e+01, 6.088557442902339e-01, -1.084244599537081e+05, 3.590588178151291e-04
2212, 3.267772893019220e-02, 3.321032349077138e-03, 1.543803815162128e+00, 1.166602379215950e-02, 1.554844654430510e-12, 2.126643316214598e+01, 4.170917358566344e-01, -1.082468063181569e+05, 3.590626207097984e-04
2213, 3.072166173234942e-02, 3.395172807235480e-03, 1.547777886525980e+00, 1.169605455813308e-02, 1.558853438053805e-12, 1.216288967218159e+01, 5.371355444687569e-01, -1.087182906669046e+05, 3.599701465781730e-04
2214, 3.365052556230586e-02, 3.583784307747983e-03, 1.541926346905957e+00, 1.165183637460668e-02, 1.552960830368400e-12, 1.243960430325066e+01, 1.365448352375302e+00, -1.082176731720964e+05, 3.605466502137858e-04
2215, 3.891370272313080e-02, 3.922099343396157e-03, 5.148655245440124e-01, 3.890671470106290e-03, 5.189040731891536e-13, 1.460663342635358e+01, 2.556065057507909e+01, 7.983696474816854e+04, 3.902439237624959e+00
2216, 4.074196711141843e-02, 4.025709630743248e-03, 4.514934495390684e-01, 3.411789291227719e-03, 4.547754215903075e-13, 1.415917679496739e+01, 2.357127590524550e+01, 8.822260545400332e+04, 2.296056465735752e+01
2217, 2.380049404983228e-02, 9.037713484841894e-04, 1.594400319106430e+00, 1.204836513178883e-02, 1.605789510954265e-12, 2.895138612749146e+01, -7.182251741967825e+00, -1.130071027700363e+05, 3.708102040606281e-04
2218, 5.811757667006685e-02, 4.955481279008791e-03, 2.805211715720982e-01, 2.119807341855768e-03, 2.817354467747055e-13, 3.235692085819966e+00, 1.367591859704010e+01, 1.182477747801515e+05, 2.587901999553520e+03
2219, 3.588464964276750e-02, 1.488439254195266e-03, 7.889140122335959e-01, 5.961566843074170e-03, 7.963255483229366e-13, 3.103033887818970e+01, 7.004315059467555e+00, 3.706584633960723e+04, 3.825802013513860e-03
2220, 2.659827815525295e-02, 3.680944405714565e-03, 1.575472137499801e+00, 1.190533101385447e-02, 1.586718476322076e-12, 1.111056165002481e+01, -2.115846781345457e+00, -1.109457759918683e+05, 3.664102715020220e-04
2221, 2.667014690706783e-02, 3.445090834778184e-03, 1.578120194418281e+00, 1.192534151953556e-02, 1.589418694657462e-12, 2.218806098931745e+01, -4.227483413070620e+00, -1.113604345647336e+05, 3.670248968405636e-04
2222, 1.975323159944205e-02, 4.832906983174430e-03, 1.627117033359254e+00, 1.229559471052462e-02, 1.638752130197964e-12, 2.232249515341615e+01, -5.745424459188775e+00, -1.144236489546778e+05, 3.784220222281533e-04
2223, 2.514931145975296e-02, 3.936295021680338e-03, 1.580204711729264e+00, 1.194109353951783e-02, 1.591452956380743e-12, 9.053552761194004e+00, -1.588942118506886e+00, -1.113727297236587e+05, 3.675112259720956e-04
2224, 2.317999301161947e-02, 4.273196982815444e-03, 1.584754966467208e+00, 1.197547833602588e-02, 1.596112404553932e-12, 1.032225066821244e+01, -2.150472186576647e+00, -1.115496351592949e+05, 3.685697464762670e-04
2225, 1.585493841747985e-02, 5.469241969199332e-03, 1.736469152261996e+00, 1.312193314051995e-02, 1.748874753931777e-12, 2.318098732587124e+01, -4.486436683702425e+00, -1.225223405651719e+05, 4.038544742670236e-04
2226, 2.269581011224105e-02, 4.342201053962266e-03, 1.587424623877918e+00, 1.199565206960803e-02, 1.598768050985806e-12, 1.121239712027535e+01, -2.366681337449865e+00, -1.117313878436553e+05, 3.691906473244975e-04
2227, 2.464305530856812e-02, 4.025839913707970e-03, 1.581182840066136e+00, 1.194848493752938e-02, 1.592468452520598e-12, 9.147559075562546e+00, -1.881755744495722e+00, -1.114074232931581e+05, 3.677388163579894e-04
2228, 2.242944699097343e-02, 4.349309838921126e-03, 1.589185871059849e+00, 1.200896124226746e-02, 1.600521723715189e-12, 1.313374003926243e+01, -3.305608768106020e+00, -1.118470927522582e+05, 3.696001970100383e-04
2229, 2.366824868235945e-02, 4.176629392552064e-03, 1.583589292404331e+00, 1.196666971590336e-02, 1.594990823238139e-12, 1.063906246137992e+01, -2.161245424189943e+00, -1.114641804947860e+05, 3.682985524954370e-04
2230, 2.374488762930345e-02, 3.939020707060962e-03, 1.586757970086329e+00, 1.199061438352547e-02, 1.598206141935526e-12, 1.965399871049815e+01, -4.626704505798012e+00, -1.119195310019697e+05, 3.690346853316941e-04
2231, 2.757912127777716e-02, 3.527202689934815e-03, 1.571519521284956e+00, 1.187546237747030e-02, 1.582741067211491e-12, 1.229408640920912e+01, -2.103195662845776e+00, -1.106636637323747e+05, 3.654909048292719e-04
2232, 2.745308077178819e-02, 3.328533295207915e-03, 1.574481062381817e+00, 1.189784178122480e-02, 1.585767981474554e-12, 2.370712539971405e+01, -4.323917592570705e+00, -1.110730474430891e+05, 3.661784226728311e-04
2233, 1.853159002394606e-02, 5.031297301493405e-03, 1.660440233921952e+00, 1.254740730923517e-02, 1.672257457177022e-12, 2.781147630790251e+01, -6.169061083676921e+00, -1.169389532692216e+05, 3.861720237084837e-04
2234, 2.708825579557939e-02, 3.603666887811466e-03, 1.573701369694459e+00, 1.189194989693749e-02, 1.584970344559222e-12, 1.218088432891674e+01, -2.126566463321663e+00, -1.107912253463472e+05, 3.659983484633855e-04
2235, 2.562686266822065e-02, 3.867632804027391e-03, 1.578315032867751e+00, 1.192681385038806e-02, 1.589548015163857e-12, 9.194193547218669e+00, -1.756325854317963e+00, -1.111778069202115e+05, 3.670717391154523e-04
2236, 2.610895757891227e-02, 3.772938208609278e-03, 1.577754874338658e+00, 1.192258091439997e-02, 1.589008460299758e-12, 1.032064086772547e+01, -2.047551697931887e+00, -1.111195169354960e+05, 3.669413138249245e-04
2237, 1.511558145690470e-02, 5.596014613608064e-03, 1.751922347975144e+00, 1.323870791920865e-02, 1.764440509481852e-12, 2.045286276872227e+01, -3.573224017418367e+00, -1.234517604566352e+05, 4.074486211256903e-04
2238, 1.804370860943841e-02, 5.119301674066021e-03, 1.674586721180260e+00, 1.265430771672866e-02, 1.686475697847962e-12, 2.640501342932471e+01, -5.789489931810678e+00, -1.179413907865251e+05, 3.894621554954718e-04
2239, 1.684186357416298e-02, 5.309888460746268e-03, 1.708655738736462e+00, 1.291175621211557e-02, 1.720760268982238e-12, 2.452738773031590e+01, -4.456377923194013e+00, -1.204947074854805e+05, 3.973857376645279e-04
2240, 1.632643592048992e-02, 5.415220859496813e-03, 1.722195206213818e+00, 1.301406956836757e-02, 1.734392599212853e-12, 2.209933179912784e+01, -4.339040944042658e+00, -1.214291466053819e+05, 4.005347358207726e-04
2241, 2.099356816500392e-02, 4.614850811395331e-03, 1.602433410249086e+00, 1.210906859130423e-02, 1.613926226062795e-12, 1.836540397911975e+01, -4.692296162447008e+00, -1.126315165394862e+05, 3.726812783566399e-04
2242, 2.053346915196532e-02, 4.478826667670953e-03, 1.617046589104086e+00, 1.221949563554851e-02, 1.628658401591085e-12, 3.345092916815736e+01, -1.076417372001183e+01, -1.144858195998317e+05, 3.760792680632813e-04
2243, 1.461996526738440e-02, 5.687546600117944e-03, 1.760838116001083e+00, 1.330608148111748e-02, 1.773430003247968e-12, 1.855723904025914e+01, -3.220770993438668e+00, -1.239292089713275e+05, 4.095223057392072e-04
2244, 1.755614526464919e-02, 5.192476714734714e-03, 1.690675071114350e+00, 1.277588214947996e-02, 1.702674691102307e-12, 2.656466583502280e+01, -5.269713772708794e+00, -1.192274613496713e+05, 3.932038545354517e-04
2245, 1.951017428398745e-02, 4.873882538807104e-03, 1.633263548050082e+00, 1.234204192481299e-02, 1.644918332462020e-12, 2.417740384842293e+01, -5.928691467891003e+00, -1.149042173651454e+05, 3.798515131168883e-04
2246, 1.902220707037221e-02, 4.959706720432789e-03, 1.645293657826211e+00, 1.243294955536306e-02, 1.657042196477577e-12, 2.577502115278390e+01, -6.404744050289104e+00, -1.156833155345895e+05, 3.826494009952406e-04
2247, 1.907387301556850e-02, 4.717183778202768e-03, 1.654380276417993e+00, 1.250161417948223e-02, 1.666240554293958e-12, 4.570796902430408e+01, -1.266174818985172e+01, -1.175853882987211e+05, 3.847620499270098e-04
2248, 4.222728162305379e-02, 3.927471431715128e-03, 3.050193215965737e-01, 2.304931901231655e-03, 3.089067416272759e-13, 1.752760582900401e+01, 1.356225165573819e+01, 1.142397491252655e+05, 8.837059839079075e+01
2249, 1.345998177131097e-02, 5.686126171094642e-03, 1.778373591805833e+00, 1.343859137384854e-02, 1.791031478032369e-12, 2.336895844031593e+01, -3.523329228951143e-01, -1.250081262137375e+05, 4.136007257349193e-04
2250, 1.340027367817959e-02, 5.200240952652615e-03, 1.785792654204881e+00, 1.349465481766995e-02, 1.798554110722352e-12, 3.614833038698249e+01, -2.933897519417325e-01, -1.266731302150308e+05, 4.153256383945401e-04
2251, 1.279506132216197e-02, 4.999843436066377e-03, 1.800651222823431e+00, 1.360693619262112e-02, 1.813550033629788e-12, 3.694820911424804e+01, 6.422603296062207e-01, -1.281695378073610e+05, 4.187813427068554e-04
2252, 5.154093422063702e-02, 4.506954671872241e-03, 2.564370250985696e-01, 1.937811272783636e-03, 2.596932397783858e-13, 8.740086580857787e+00, 1.219487018200761e+01, 1.203465804408229e+05, 1.611794233905927e+03
2253, 2.134939451207415e-02, 3.929066911221971e-03, 1.620837532056641e+00, 1.224814255962328e-02, 1.632489318064215e-12, 4.078172355008386e+01, -1.557516977907560e+01, -1.163540330496292e+05, 3.769598650618549e-04
2254, 2.644521018785301e-02, 3.509297210347615e-03, 1.578755696513102e+00, 1.193014380236804e-02, 1.589995953392098e-12, 1.994989617099682e+01, -3.743960998317997e+00, -1.114026909722530e+05, 3.671729810571851e-04
2255, 2.693623778599569e-02, 3.409027158914554e-03, 1.577159922352405e+00, 1.191808505556169e-02, 1.588484447851188e-12, 2.268738700602391e+01, -4.060306321344162e+00, -1.112905198150812e+05, 3.668015225586146e-04
2256, 2.677885324841415e-02, 3.162014978603515e-03, 1.583871650228961e+00, 1.196880340223578e-02, 1.595286572440471e-12, 3.229305348395740e+01, -5.943971686144487e+00, -1.123803691381504e+05, 3.683611541175763e-04
2257, 3.904781948395458e-02, 3.719552190329153e-03, 3.761268380303397e-01, 2.842268297458492e-03, 3.793259455580666e-13, 2.248021981992717e+01, 1.446132595707390e+01, 1.059881339737271e+05, 7.012250289224239e+00
2258, 7.414027058201643e-02, 1.618279720318790e-03, 9.836987244120063e-01, 7.433491620245886e-03, 9.908406236452434e-13, -1.885110507624548e+01, 1.018706945401914e+00, -2.110709806212980e+04, 2.558170796745515e-04
2259, 4.991200724705608e-02, 1.031390518418815e-03, 9.889188596107727e-02, 7.472938485724649e-04, 9.966797093391908e-14, 2.083094667812780e+01, 1.046982269036869e+00, 1.504332320997101e+05, 2.765784582605170e+03
2260, 7.459177879881378e-02, 4.679700020064763e-03, 1.069554763096686e+00, 8.082277806780603e-03, 1.077055158676722e-12, -6.740335498216295e+00, 1.255193881243503e+01, -3.747242168770747e+04, 2.745884735061589e-04
2261, 7.656902627324161e-02, 4.544070294401928e-03, 1.148620855243646e+00, 8.679754573634247e-03, 1.156852330105240e-12, -7.981177069970490e+00, 7.803276301330712e+00, -5.110433352478212e+04, 2.713679623290837e-04
2262, 6.793681973116990e-02, 4.736151634672858e-03, 7.306474428032772e-01, 5.521265310857603e-03, 7.372552442873382e-13, 1.804631992785131e-01, 1.897258303463550e+01, 2.565120354416634e+04, 7.993890794187274e+01
2263, 7.364968623276957e-02, 4.672660719402151e-03, 1.028213446711526e+00, 7.769874912182307e-03, 1.035424592348786e-12, -5.486664190663615e+00, 1.313128228298691e+01, -3.011293504531898e+04, 5.496437656772452e-04
2264, 7.076996374386352e-02, 4.675560913783702e-03, 8.882685792823054e-01, 6.712357022288050e-03, 8.947578992964108e-13, -3.994924786424873e+00, 1.618672791160088e+01, -4.053464732614563e+03, 3.200313849622506e-01
2265, 4.857765464280386e-02, 1.190185535169031e-03, 1.053544972145207e-01, 7.961297018731170e-04, 1.061154392748853e-13, 2.271724350737026e+01, 1.124658687595732e+00, 1.490689726965487e+05, 2.167049285968397e+03
2266, 7.763505281192042e-02, 1.028600438508112e-03, 1.203331135904975e+00, 9.093182387195932e-03, 1.212258388450110e-12, -2.228191783975230e+01, 3.223289848548546e-02, -6.178451166177291e+04, 2.898094728506818e-04
2267, 3.696615509359801e-02, 3.584180051899668e-03, 4.900418883334172e-01, 3.703087317381099e-03, 4.941243676272077e-13, 2.463637011238819e+01, 1.367869759442751e+01, 9.025994747268230e+04, 3.421638363983592e-01
2268, 3.680423332172618e-02, 3.360441967026688e-03, 4.611885029209346e-01, 3.485051659352693e-03, 4.646879230325861e-13, 2.943074710134734e+01, 6.658196800653027e+00, 9.534307188164447e+04, 3.260957826696727e-01
2269, 3.695574181356121e-02, 3.076583529002584e-03, 4.395619785796430e-01, 3.321627042163940e-03, 4.429657708880692e-13, 3.341867483616373e+01, 2.513804770800885e+00, 9.849588412435463e+04, 4.987997280879434e-01
2270, 2.411296063051198e-02, 1.011955356357347e-03, 1.597255709232063e+00, 1.206994238714617e-02, 1.608670471717783e-12, 3.428441375917650e+01, -7.296812229238571e+00, -1.135621493426955e+05, 3.714735970360703e-04
2271, 3.401779280320089e-02, 1.012171059792475e-03, 1.579731252796375e+00, 1.193751576420678e-02, 1.591059254504970e-12, 7.172034383125663e+01, 3.140164274230622e+00, -1.138528748291258e+05, 3.674024975822564e-04
2272, 1.977488651411730e-02, 3.562323352293960e-03, 1.624923616706194e+00, 1.227901977359979e-02, 1.636535746811678e-12, 3.341346460952383e+01, -1.349438197015492e+01, -1.152137020789794e+05, 3.779115061476416e-04
2273, 1.837542486159630e-02, 4.851584401643568e-03, 1.674105792127486e+00, 1.265067349214837e-02, 1.686091303165290e-12, 4.719232417445369e+01, -1.039175267055861e+01, -1.189943762967714e+05, 3.893497171100124e-04
2274, 5.518417013572641e-02, 4.752448449458090e-03, 2.618840798522433e-01, 1.978972895613087e-03, 2.608672906617793e-13, 5.639379721961661e+00, 1.264363906733492e+01, 1.200608988668955e+05, 2.311372137989104e+03
2275, 5.531942556058906e-02, 4.488308526848291e-03, 1.887282977992523e-01, 1.426158421657734e-03, 1.894643406369304e-13, 6.871731922518864e+00, 7.262368821327024e+00, 1.324642361837746e+05, 2.635643458802300e+03
2276, 5.562657738951676e-02, 4.555982277394224e-03, 1.987276573585369e-01, 1.501720332686415e-03, 1.985182234548811e-13, 6.591783451710444e+00, 7.496069755508677e+00, 1.305549711131768e+05, 2.643316327186928e+03
2277, 3.799689340616987e-02, 1.005035304097625e-03, 3.372405567580127e-01, 2.548417305476656e-03, 3.397190092901782e-13, 4.494960383719380e+01, 8.891429159405705e-01, 1.147631386786844e+05, 2.902698134596433e+00
2278, 4.897668673652560e-02, 1.939770506912393e-03, 1.077431528118286e-01, 8.141799960593187e-04, 1.085415305873574e-13, 1.993820178199149e+01, 1.849794772912225e+00, 1.481246380970894e+05, 2.168073081157296e+03
2279, 2.257407951453427e-02, 3.934810272259201e-03, 1.598726325898258e+00, 1.208105535943423e-02, 1.610132257001896e-12, 2.869576256464609e+01, -8.881035696688855e+00, -1.134331777202659e+05, 3.718177528746830e-04
2280, 2.438457677001352e-02, 1.078572155248064e-03, 1.599398115260787e+00, 1.208613185335818e-02, 1.610807756155284e-12, 3.827069534038661e+01, -6.703331218953567e+00, -1.139716189102438e+05, 3.719713613070553e-04
2281, 2.925223564367258e-02, 1.234666248401384e-03, 1.593275386924227e+00, 1.203986438481996e-02, 1.604711152872851e-12, 7.039293222582141e+01, -3.877536966320083e+00, -1.147693943477084e+05, 3.705441379649202e-04
2282, 4.844667558155442e-02, 4.542798483375170e-03, 4.077607711092313e-01, 3.081315650698237e-03, 4.121980593061520e-13, 6.206847781577469e+00, 2.378741043768492e+01, 9.272694016146223e+04, 6.890310175469600e+02
2283, 1.966674828709152e-02, 3.616761612220310e-03, 1.629262577857061e+00, 1.231180789312760e-02, 1.640998746662859e-12, 3.545357635195277e+01, -1.422368307998341e+01, -1.155934684133655e+05, 3.789206124320307e-04
2284, 1.971132000003821e-02, 3.751435844471701e-03, 1.639554095330696e+00, 1.238957754658076e-02, 1.651353813931000e-12, 4.668127874023801e+01, -1.651652205480569e+01, -1.172203452610563e+05, 3.813136811135455e-04
2285, 2.921972967432901e-02, 1.010303533842115e-03, 1.591747655970526e+00, 1.202831981841928e-02, 1.603163508675575e-12, 7.327412886650360e+01, -3.320223609754791e+00, -1.142905540067742e+05, 3.701886566046849e-04
2286, 7.175408590063309e-02, 4.726885427731524e-03, 9.427439372602711e-01, 7.124009601466804e-03, 9.496672258068710e-13, -4.812014444507788e+00, 1.552562689697532e+01, -1.445400269283774e+04, 3.140332815079332e-02
2287, 3.086569753182813e-02, 3.192160548341465e-03, 1.548622941745389e+00, 1.170244036583641e-02, 1.559689035728630e-12, 2.280302301119773e+01, 1.742619921235569e-01, -1.087789887675144e+05, 3.601661407607674e-04
2288, 3.110487222523796e-02, 2.979422716375609e-03, 1.552762688647670e+00, 1.173372308801985e-02, 1.563890323564201e-12, 3.313679275173929e+01, -1.583395801477243e-01, -1.093868050389292e+05, 3.611280718367433e-04
2289, 1.768688307710885e-02, 4.059967048972565e-03, 1.679224289682832e+00, 1.268935231498470e-02, 1.691251956727034e-12, 2.096146217091045e+01, -1.976231460819828e+00, -1.183271701551814e+05, 3.905409440780940e-04
2290, 3.619177572258788e-02, 1.417984793724054e-03, 6.372654656760783e-01, 4.815608052967906e-03, 6.424863936623998e-13, 3.857036829527456e+01, 2.906223751749664e+00, 6.274203514864454e+04, 2.035352579601352e-02
2291, 2.993531885039599e-02, 1.023582130499350e-03, 1.588040604091354e+00, 1.200030683192680e-02, 1.599442774408865e-12, 7.637920548139938e+01, -1.848586255777920e+00, -1.140640267293611e+05, 3.693264075129117e-04
2292, 2.379899419612198e-02, 1.262041607568767e-03, 1.600967655672814e+00, 1.209799236024990e-02, 1.612430533114023e-12, 3.243310880015513e+01, -9.489300592544195e+00, -1.142098973361209e+05, 3.723367511472760e-04
2293, 3.243146849287515e-02, 2.641506333417849e-03, 1.562225884646487e+00, 1.180523338523997e-02, 1.573547377527356e-12, 4.566938942014046e+01, 2.253853435556640e-01, -1.111770852329393e+05, 3.633294522724528e-04
2294, 5.680521764475480e-02, 1.214631649013870e-03, 8.300389652831969e-02, 6.272334750251887e-04, 8.361067603581013e-14, 9.509005418919179e+00, 9.008845517027722e-01, 1.536294091434293e+05, 4.951752219881043e+03
2295, 4.257978119570718e-02, 1.683483225446133e-03, 1.647351086747318e-01, 1.244849687718641e-03, 1.659045340717428e-13, 3.370500759138735e+01, 2.041997043850774e+00, 1.401601328631792e+05, 2.677445945128698e+02
2296, 4.171305548754931e-02, 1.153812298732732e-03, 1.806515550680473e-01, 1.365125101270051e-03, 1.820407097425062e-13, 3.766988178808275e+01, 1.398574310374304e+00, 1.384421651910957e+05, 1.589819595939150e+02
2297, 4.187104030820336e-02, 1.134235457718756e-03, 1.773535891066962e-01, 1.340203444131359e-03, 1.787213130109276e-13, 3.739438634793677e+01, 1.404108685076749e+00, 1.388572765123831e+05, 1.760405796585182e+02
2298, 2.274832500005048e-02, 2.293010349321323e-03, 1.615537500969515e+00, 1.220809194687449e-02, 1.627104727344142e-12, 3.330787207646620e+01, -1.467655730438230e+01, -1.165927311183593e+05, 3.757254469955484e-04
2299, 4.126387912063692e-02, 3.131128225174331e-03, 2.117504275364492e-01, 1.600129175339096e-03, 2.129674723538778e-13, 2.974417218458067e+01, 4.929126496358110e+00, 1.315487997142527e+05, 8.813237602649362e+01
2300, 5.172329518254043e-02, 1.392880463838064e-03, 9.378842254773558e-02, 7.087286338620401e-04, 9.456588623238736e-14, 1.693930116502446e+01, 1.306005114684734e+00, 1.512428905858969e+05, 3.440278030314298e+03
2301, 2.492507000727293e-02, 3.451243550824279e-03, 1.589598318807412e+00, 1.201207797587635e-02, 1.601011912251125e-12, 2.833737702206992e+01, -6.076500221985470e+00, -1.128054749109083e+05, 3.696937366134734e-04
2302, 1.884860924415403e-02, 3.935568445088672e-03, 1.647591130798402e+00, 1.245031081207983e-02, 1.659352609735891e-12, 3.739410778420055e+01, -1.039399604708507e+01, -1.167331112681684e+05, 3.831834121075233e-04
2303, 3.966678185025488e-02, 1.294371302974676e-03, 2.417790731975233e-01, 1.827045893180718e-03, 2.434795998220193e-13, 4.150438759995836e+01, 1.523008417674801e+00, 1.296775140616256e+05, 2.942453043584229e+01
2304, 5.357883708272686e-02, 4.618510681180710e-03, 2.504843324509387e-01, 1.892828708698654e-03, 2.515733809121814e-13, 7.572247661875286e+00, 1.077689188397458e+01, 1.214926110064746e+05, 2.065115305556897e+03
2305, 3.660346164532283e-02, 3.088288617519626e-03, 4.882168758166431e-01, 3.689296290806359e-03, 4.919384214668967e-13, 3.119429441702946e+01, 1.760072688769201e+00, 9.151213760330169e+04, 2.205625324445972e-01
2306, 7.172988416862819e-02, 9.157578154996134e-04, 8.334675168008310e-01, 6.298243200009710e-03, 8.394904538002962e-13, -1.524994459516637e+01, 9.726979935187050e-01, 6.486424559331225e+03, 1.888985522829624e-02
2307, 3.603277580594508e-02, 1.014661592708177e-03, 6.594438158744038e-01, 4.983202638849746e-03, 6.647576536735685e-13, 4.078115971973832e+01, 1.959971662028962e+00, 5.934226422380379e+04, 9.583980764262949e-03
2308, 6.692757769344757e-02, 3.650947380449760e-03, 5.067082438221633e-01, 3.829029550295034e-03, 5.108371347604956e-13, 1.702428696859771e+00, 1.140662886479959e+01, 6.963689540590558e+04, 4.442826726762804e+02
2309, 2.171584565721474e-02, 4.496445792356385e-03, 1.594536474787207e+00, 1.204939401602567e-02, 1.605961102713907e-12, 1.502283596393391e+01, -3.764876662472726e+00, -1.121022690423896e+05, 3.708446839620528e-04
2310, 2.140117512107472e-02, 2.976374603031310e-03, 1.618851231620109e+00, 1.223313273264711e-02, 1.630436644550082e-12, 3.550761144846692e+01, -2.024767936539487e+01, -1.165357394263201e+05, 3.764975911333583e-04
2311, 2.011717427932889e-02, 3.514639279973823e-03, 1.625354967026908e+00, 1.228227934781160e-02, 1.637082227720156e-12, 4.048066986089494e+01, -1.722941197569913e+01, -1.158830714965950e+05, 3.780113696467288e-04
2312, 5.843026443020895e-02, 1.167249995848827e-03, 8.227821212197889e-02, 6.217497137681869e-04, 8.286020443456941e-14, 7.105156602460113e+00, 9.495171322263527e-01, 1.537311246498228e+05, 5.084415806898669e+03
2313, 7.918667429612382e-02, 3.207288549502961e-03, 1.290463402244706e+00, 9.751612611426024e-03, 1.299852607568131e-12, -1.550261969659526e+01, -8.230233115523369e-01, -7.822517114614022e+04, 3.087384281020864e-04
2314, 7.824176976443216e-02, 3.771685610751189e-03, 1.227018301174014e+00, 9.272178598296823e-03, 1.236171192817683e-12, -1.197906414883258e+01, 1.365335004669198e+00, -6.554456516378144e+04, 2.921963815294136e-04
2315, 2.169051029266261e-02, 1.602278749585239e-03, 1.585024876729968e+00, 1.197751796017788e-02, 1.596484308840230e-12, 2.648366213122337e+00, -3.906902671403144e+00, -1.118672859605950e+05, 3.686327240991236e-04
2316, 4.180578933363106e-02, 3.646400635098275e-03, 2.435183748108485e-01, 1.840189230309248e-03, 2.451774487542929e-13, 2.387729470899126e+01, 7.853070708994829e+00, 1.241009664397294e+05, 8.778869176794971e+01
2317, 1.938115215591404e-02, 4.642457657206958e-03, 1.647323225413396e+00, 1.244828633813767e-02, 1.659153668656937e-12, 4.493795324964928e+01, -1.232926950425769e+01, -1.171380203666546e+05, 3.831207127964829e-04
2318, 3.219095423569895e-02, 1.001606544013743e-03, 1.582627363376160e+00, 1.195940073080457e-02, 1.593982995288317e-12, 7.590492676753928e+01, 5.108118149916135e-01, -1.137853042554751e+05, 3.680667860236119e-04
2319, 4.798907848069285e-02, 1.012312034675697e-03, 1.083368176656678e-01, 8.186661284560674e-04, 1.091367066621870e-13, 2.436195685907133e+01, 1.101778058267505e+00, 1.487501654244927e+05, 1.929004267597828e+03
2320, 4.808623451386389e-02, 1.114511665464042e-03, 1.079939156013350e-01, 8.160749289774998e-04, 1.087792163229613e-13, 2.382710690137745e+01, 1.167897362395198e+00, 1.486989452460706e+05, 1.960500398608162e+03
2321, 1.757740889853403e-02, 4.205003270477553e-03, 1.690454516702340e+00, 1.277421549145450e-02, 1.702602877894594e-12, 4.142790651397069e+01, -2.989919107099750e+00, -1.196439519140194e+05, 3.931523389782444e-04
2322, 1.535378078119297e-02, 5.563845432482195e-03, 1.745990980995163e+00, 1.319388650626177e-02, 1.758416615433602e-12, 2.055842622331129e+01, -3.590518054259967e+00, -1.229894344828161e+05, 4.060691165853470e-04
2323, 5.618962713899950e-02, 1.217692749169163e-03, 8.373087003974691e-02, 6.327269776304060e-04, 8.436654918680601e-14, 1.035327413538168e+01, 9.680115189472780e-01, 1.535876272079489e+05, 4.846864697591521e+03
2324, 3.757012910885280e-02, 1.579593750547577e-03, 3.846948569841525e-01, 2.907014032626486e-03, 3.874322601461585e-13, 4.215273862703935e+01, 1.937804529657902e+00, 1.069252566269968e+05, 1.351930310097580e+00
2325, 4.610807491312731e-02, 1.373005956592473e-03, 1.222526911373154e-01, 9.238238624987929e-04, 1.231153970969690e-13, 2.691268374348367e+01, 1.663026628975852e+00, 1.461238198885107e+05, 1.154383375879135e+03
2326, 2.454207785318339e-02, 1.964748571300257e-03, 1.612500997199992e+00, 1.218514607456084e-02, 1.624056786062279e-12, 4.110592681610029e+01, -8.695797355446494e+00, -1.166551550668913e+05, 3.750174966560127e-04
2327, 4.904063045680914e-02, 1.007680389673985e-03, 1.026285334509665e-01, 7.755304794784952e-04, 1.033773904118871e-13, 2.234379114563479e+01, 9.888717764054720e-01, 1.497341683515398e+05, 2.388996347801439e+03
2328, 3.494862208081013e-02, 1.497486648798429e-03, 1.575888397647011e+00, 1.190847655652957e-02, 1.586580926703962e-12, 2.979319165102138e+01, 2.202709560135978e+01, -1.254009749701854e+05, 3.672143951662525e-04
2329, 1.800976447418437e-02, 4.136670281078353e-03, 1.675497837012518e+00, 1.266119272301770e-02, 1.687447580382649e-12, 4.029794615845808e+01, -5.490833855556158e+00, -1.186122673589758e+05, 3.896738217715139e-04
2330, 4.621968519959269e-02, 4.111115707076771e-03, 2.459417345420020e-01, 1.858501772358149e-03, 2.475593591034248e-13, 1.429639733149900e+01, 1.122618470126562e+01, 1.227729782855595e+05, 5.260459581735194e+02
2331, 3.175793703005664e-02, 1.113642624986156e-03, 1.583624879313336e+00, 1.196693863461186e-02, 1.594991764123282e-12, 7.419077270651579e+01, 7.567865469712510e-01, -1.140646900001023e+05, 3.682991466601350e-04
2332, 3.183317224437558e-02, 1.225023769036811e-03, 1.584097997328806e+00, 1.197051383372118e-02, 1.595469453491190e-12, 7.178152068169665e+01, 7.527149970567311e-01, -1.142652817902568e+05, 3.684093580161796e-04
2333, 1.788225087634027e-02, 4.931272777906530e-03, 1.687368042254488e+00, 1.275089200696203e-02, 1.699401639129397e-12, 4.604718839856446e+01, -9.055001731703760e+00, -1.198390141426077e+05, 3.924342020066057e-04
2334, 1.780235379806177e-02, 4.049179770941571e-03, 1.675599165521426e+00, 1.266195842963407e-02, 1.687574581268483e-12, 2.206820996224751e+01, -2.059799989985550e+00, -1.180892037310590e+05, 3.896978157800142e-04
2335, 3.325694612493194e-02, 3.274950672248513e-03, 1.544666191925174e+00, 1.167254049313970e-02, 1.555725412679831e-12, 2.358268194882064e+01, 9.682323338903633e-01, -1.084503417279041e+05, 3.595721123433402e-04
2336, 1.851852581823200e-02, 3.939652076730658e-03, 1.652858440667978e+00, 1.249011416122030e-02, 1.664597159892907e-12, 2.236837483269839e+01, -4.164543116169692e+00, -1.166461133416490e+05, 3.844088202705149e-04
2337, 3.894625624280380e-02, 3.474520264055737e-03, 3.180948412246943e-01, 2.403739354343018e-03, 3.206374216751833e-13, 2.779334154121732e+01, 8.230321222366548e+00, 1.155566130072443e+05, 8.605331192566975e+00
2338, 4.458537786431997e-02, 1.158005684784595e-03, 1.355299617803357e-01, 1.024155882471345e-03, 1.364412763799188e-13, 3.099156040639131e+01, 1.283246590888608e+00, 1.443907886826775e+05, 6.955222005797426e+02
2339, 3.547298109567438e-02, 3.702012940642116e-03, 8.630358705511531e-01, 6.521681641443368e-03, 8.712389316106157e-13, 3.565019949207064e+00, 2.449877017710628e+01, 2.737579064187183e+04, 4.766293257679554e-03
2340, 1.669514131646153e-02, 4.467831300427548e-03, 1.718272181962335e+00, 1.298442454883480e-02, 1.730570953113673e-12, 4.676171732238098e+01, -3.109632697019560e+00, -1.220542754949406e+05, 3.996216577249357e-04
2341, 1.387645658131179e-02, 5.428075390635288e-03, 1.775876680480273e+00, 1.341972302630017e-02, 1.788585975442221e-12, 3.293147501224818e+01, -1.646679884148939e+00, -1.254937972953540e+05, 4.130196153121844e-04
2342, 2.546945228037101e-02, 1.652378604930522e-03, 1.608772250839014e+00, 1.215696914991882e-02, 1.620292249683928e-12, 4.634640423427892e+01, -6.381579403598795e+00, -1.161647001022664e+05, 3.741496703921343e-04
2343, 2.521271280688095e-02, 1.770048954633917e-03, 1.610079049747509e+00, 1.216684420464290e-02, 1.621616051225415e-12, 4.472503080142883e+01, -6.865792929018838e+00, -1.163664213984770e+05, 3.744537326824689e-04
2344, 1.863633052713404e-02, 4.781557386457673e-03, 1.667084312611464e+00, 1.259761445298452e-02, 1.679017954645652e-12, 4.846790472760118e+01, -1.062664686214751e+01, -1.185649105009525e+05, 3.877166464362001e-04
2345, 3.106075497168797e-02, 9.817605764172259e-04, 1.585150794342139e+00, 1.197846947865824e-02, 1.596523470898625e-12, 7.763662119104515e+01, -4.063773867896429e-01, -1.139435714091645e+05, 3.686540313090062e-04
2346, 4.826529427092799e-02, 1.134981652271422e-03, 1.070368892490382e-01, 8.088429918064784e-04, 1.078248917979762e-13, 2.346657361567853e+01, 1.142531070709424e+00, 1.488771366738260e+05, 2.036986562159917e+03
2347, 1.927291213032135e-02, 3.942858023313955e-03, 1.648357105056655e+00, 1.245609903065613e-02, 1.660095857779069e-12, 4.958138495999884e+01, -1.567389336620290e+01, -1.178157322148546e+05, 3.833610630005715e-04
2348, 5.363740592315962e-02, 1.226374971605954e-03, 8.816423223877234e-02, 6.662284552047505e-04, 8.900546838065769e-14, 1.425791588244395e+01, 1.114784674975697e+00, 1.525653623607309e+05, 4.168425913542667e+03
2349, 2.719624385635485e-02, 9.635134286780077e-04, 1.597170965102446e+00, 1.206930200329526e-02, 1.608614231730554e-12, 5.979056811284524e+01, -3.408375502943090e+00, -1.143988320533951e+05, 3.714510646847312e-04
2350, 2.051589634882447e-02, 3.101065546132198e-03, 1.603879677187454e+00, 1.211999756061189e-02, 1.615355448952476e-12, 2.167233054193692e+01, -1.290226413072640e+01, -1.135735645422759e+05, 3.730172793196477e-04
2351, 6.037265639236858e-02, 4.949170065069471e-03, 3.019024365405139e-01, 2.281378613656593e-03, 3.043464467727225e-13, 2.369879699316012e+00, 1.728279344347089e+01, 1.118054753106451e+05, 2.322153706169501e+03
2352, 3.799442936533504e-02, 3.558534212339416e-03, 3.955083060107243e-01, 2.988727753229738e-03, 3.987695992610044e-13, 2.688150741234721e+01, 1.146094877489213e+01, 1.042624927340872e+05, 2.156805090194650e+00
2353, 3.236666149323930e-02, 1.387608972068344e-03, 1.583089567938899e+00, 1.196289346049771e-02, 1.594472559928619e-12, 6.725749936677940e+01, 4.471394519691628e-01, -1.144206469071646e+05, 3.681750418454909e-04
2354, 5.382521128472144e-02, 1.081310361964144e-03, 8.719476839869141e-02, 6.589025319799816e-04, 8.801080666303516e-14, 1.425655337292102e+01, 9.608522027021545e-01, 1.528419852423256e+05, 4.266170400465690e+03
2355, 4.365270222418458e-02, 1.187539736256117e-03, 1.476909334102831e-01, 1.116052393528774e-03, 1.487939123392534e-13, 3.321852067560661e+01, 1.425573702018323e+00, 1.429099396059332e+05, 4.603043282553019e+02
2356, 4.371368520049379e-02, 1.559562820140673e-03, 1.477415990085372e-01, 1.116435256991666e-03, 1.488324341202853e-13, 3.161319931830204e+01, 1.959051854590790e+00, 1.425723662462186e+05, 4.676315432791994e+02
2357, 4.212904552667906e-02, 9.884707688453290e-04, 1.719131168058450e-01, 1.299091562764839e-03, 1.731516607491512e-13, 3.733174515366102e+01, 1.207456543093823e+00, 1.396693354245517e+05, 2.076142741168300e+02
2358, 4.199734043095057e-02, 1.133343676165297e-03, 1.746057497286728e-01, 1.319438914826439e-03, 1.759170796167070e-13, 3.714756680710075e+01, 1.372227365819894e+00, 1.391791077580840e+05, 1.912315778743542e+02
2359, 2.828226606718032e-02, 1.154001787616055e-03, 1.596261177749100e+00, 1.206242703588955e-02, 1.607703164099336e-12, 6.530601251842489e+01, -4.300292540216963e+00, -1.147803849542712e+05, 3.712385273338015e-04
2360, 2.175371816854402e-02, 2.385199424057442e-03, 1.603675795018772e+00, 1.211845688931196e-02, 1.615372241708973e-12, 2.584599356424010e+01, -1.767352413686752e+01, -1.142815788452841e+05, 3.729684342521404e-04
2361, 2.538870612100065e-02, 1.136979659901618e-03, 1.602174602046966e+00, 1.210711286181783e-02, 1.613683322081781e-12, 4.687244178261847e+01, -5.027356740177932e+00, -1.147831160150333e+05, 3.726159072822765e-04
2362, 1.342804029403119e-02, 4.634242498111629e-03, 1.785996740000257e+00, 1.349619702771046e-02, 1.798875643873544e-12, 3.405073969228589e+01, 4.553343463518211e-01, -1.267804525588511e+05, 4.153730203558940e-04
2363, 5.690816287264884e-02, 5.084567882348481e-03, 4.222250135197952e-01, 3.190617230633551e-03, 4.215489129741287e-13, 9.537677663247649e-01, 2.493806915944566e+01, 9.056584257306452e+04, 2.015010065105630e+03
2364, 2.090280078082098e-02, 2.776023963530040e-03, 1.596616073197993e+00, 1.206510886547742e-02, 1.608146663667131e-12, 1.725954634881710e+01, -1.282866053419552e+01, -1.129157624525514e+05, 3.713279558302886e-04
2365, 2.998708227455566e-02, 2.607995860145884e-03, 1.566806038349962e+00, 1.183984411851566e-02, 1.578012685600806e-12, 4.480543775155932e+01, -1.070050518260044e+00, -1.116174973095930e+05, 3.643938996404652e-04
2366, 1.894856748973980e-02, 4.002969738803989e-03, 1.653072677762921e+00, 1.249173308133308e-02, 1.664912782612695e-12, 4.799052720274783e+01, -1.412513017500076e+01, -1.177558657235154e+05, 3.844579457802533e-04
2367, 5.922888235107444e-02, 1.531186106217929e-03, 8.512522272010456e-02, 6.432636477591424e-04, 8.571080259150085e-14, 5.808136667360356e+00, 1.092940576583046e+00, 1.528925695791420e+05, 4.910205055612800e+03
2368, 3.769079115879249e-02, 2.683472231660248e-03, 3.688857365963729e-01, 2.787549646824576e-03, 3.715248905304564e-13, 3.749635523917130e+01, 2.383667059994221e+00, 1.093822927308091e+05, 2.099714971347715e+00
2369, 3.237227238728665e-02, 9.158156690329222e-04, 1.582478195816151e+00, 1.195827352002368e-02, 1.593836515635485e-12, 7.695038970772450e+01, -1.972372012945527e-01, -1.137346079968204e+05, 3.680319155243339e-04
2370, 3.677279307784899e-02, 2.721126479526542e-03, 4.919908229643155e-01, 3.717814783106372e-03, 4.955596562713335e-13, 3.490857939513867e+01, -2.692224472532109e-01, 8.895402147531089e+04, 2.690082606472308e-01
2371, 6.397682041943126e-02, 4.711007301707357e-03, 4.022187202853646e-01, 3.039436173440482e-03, 4.067146493591979e-13, 3.223216413357619e+00, 1.716483291759204e+01, 9.032704879070637e+04, 1.323231290402111e+03
2372, 1.693477641387713e-02, 4.123671587138104e-03, 1.703621973267566e+00, 1.287371768212370e-02, 1.715846143461796e-12, 2.158512557972861e+01, -5.489339993950293e-01, -1.199975187497437e+05, 3.962151557687711e-04
2373, 1.702927533478615e-02, 4.248457335974823e-03, 1.704918091592233e+00, 1.288351202714632e-02, 1.717174534068936e-12, 3.896119975543968e+01, -2.035161060699751e+00, -1.204863475891975e+05, 3.965162091144431e-04
2374, 3.295828744613642e-02, 9.914304465644382e-04, 1.581043874260148e+00, 1.194743481808913e-02, 1.592384507548958e-12, 7.513346695044154e+01, 4.639381556338376e-01, -1.138293479820315e+05, 3.676985186623323e-04
2375, 4.623793494006040e-02, 1.890081762302306e-03, 1.238815910690066e-01, 9.361329299927164e-04, 1.247110877184245e-13, 2.493248379681887e+01, 2.393910828919942e+00, 1.453759841742244e+05, 1.143071944141388e+03
2376, 4.686954205830537e-02, 4.452293404171683e-03, 4.139327842810216e-01, 3.127955548719451e-03, 4.200261022425645e-13, 5.913530249607883e+00, 2.433211236135624e+01, 9.222916422790835e+04, 4.470767383163659e+02
2377, 4.656713970943922e-02, 4.150497678113652e-03, 2.474762748150023e-01, 1.870097794572878e-03, 2.487197674400140e-13, 1.391317661817315e+01, 1.107876542812246e+01, 1.218246542243932e+05, 5.760498920458681e+02
2378, 4.604301737231353e-02, 1.000555897992088e-03, 1.219430295606838e-01, 9.214838505846808e-04, 1.228203599634766e-13, 2.845188900311375e+01, 1.265063502540756e+00, 1.465148806530661e+05, 1.153008105104885e+03
2379, 3.343386232410812e-02, 1.232017966738896e-03, 1.581090442624871e+00, 1.194778672008952e-02, 1.592441935769521e-12, 6.843085226692732e+01, 1.352081927564263e+00, -1.142363796414048e+05, 3.677196748200116e-04
2380, 5.643071099359916e-02, 3.535515853179770e-03, 1.128722338449893e-01, 8.529387947987227e-04, 1.135106604309865e-13, 7.275992801928132e+00, 3.282288341280017e+00, 1.465556138173097e+05, 3.646271879322124e+03
2381, 5.798675858251817e-02, 2.114464575440758e-03, 8.801270779803461e-02, 6.650834342421291e-04, 8.866346353498422e-14, 6.970643470030362e+00, 1.717952465772055e+00, 1.522833275950837e+05, 4.721152156647749e+03
2382, 5.017280357278464e-02, 4.451742535063291e-03, 2.674276561747186e-01, 2.020863900564507e-03, 2.699251597724170e-13, 9.392582978292145e+00, 1.242273939884639e+01, 1.188869351641502e+05, 1.257215378463811e+03
2383, 4.992961158659957e-02, 4.420096552396627e-03, 2.618974549106603e-01, 1.979073966579157e-03, 2.643323707430522e-13, 9.869941002821918e+00, 1.207178149220679e+01, 1.198254079113065e+05, 1.220838410755734e+03
2384, 3.418513854532556e-02, 3.082533607976063e-03, 1.550798875316478e+00, 1.171888318879190e-02, 1.561872123073522e-12, 3.146239938633116e+01, -5.739753105275409e-01, -1.098293070614708e+05, 3.894238098364289e-04
2385, 3.275329167840720e-02, 9.480960168430739e-04, 1.581113240601894e+00, 1.194795899699403e-02, 1.592456721164845e-12, 7.614108452363739e+01, 2.558899324002389e-01, -1.137481211481407e+05, 3.677144413564892e-04
2386, 4.645040072876259e-02, 1.389217365601956e-03, 1.193254938961550e-01, 9.017039841021709e-04, 1.201185703515477e-13, 2.597454558701433e+01, 1.567978574464013e+00, 1.464954037007513e+05, 1.282726319505457e+03
2387, 4.640068773948276e-02, 1.592838769908880e-03, 1.207325604777033e-01, 9.123367290508721e-04, 1.215511326686064e-13, 2.544716722633612e+01, 1.896235110526693e+00, 1.461374952162174e+05, 1.241562007674252e+03
2388, 4.429500031729979e-02, 1.027779287938167e-03, 1.390979956789531e-01, 1.051118355256768e-03, 1.401103264583001e-13, 3.228863246788348e+01, 1.171547530534786e+00, 1.441160555820345e+05, 6.182027768649241e+02
2389, 3.081579799676339e-02, 2.531319185830525e-03, 1.566653895910945e+00, 1.183869442754067e-02, 1.577915525675783e-12, 4.750142263517617e+01, -4.745987840131059e-01, -1.116410827341068e+05, 3.643573153053059e-04
2390, 5.205112488019872e-02, 8.945627239987400e-04, 9.091917017689316e-02, 6.870466260219315e-04, 9.166708782433244e-14, 1.745495335486094e+01, 8.395692480770558e-01, 1.521280905802230e+05, 3.684588958980055e+03
2391, 2.583215544529558e-02, 1.276245532070569e-03, 1.603584426935080e+00, 1.211776645039305e-02, 1.615084804073738e-12, 4.991700376725412e+01, -5.219784957451316e+00, -1.152514807383985e+05, 3.729431864545768e-04
2392, 7.924823556897442e-02, 1.374999999996700e-03, 1.303165584659384e+00, 9.847598876524291e-03, 1.312834247317397e-12, -2.238990982991714e+01, -8.038732728494495e-02, -8.048892699228310e+04, 3.137255721963552e-04
2393, 4.376033034008467e-02, 3.424108939237667e-03, 1.826315494213069e-01, 1.380087275224290e-03, 1.838910626920051e-13, 2.366330177575790e+01, 5.703373719285956e+00, 1.339683707441074e+05, 2.981104637402572e+02
2394, 4.411556221052555e-02, 3.471919760584501e-03, 1.801404484554036e-01, 1.361262834675947e-03, 1.813339274078467e-13, 2.278188644991181e+01, 5.737169445896225e+00, 1.342850764142758e+05, 3.420064657771422e+02
2395, 4.443032117169673e-02, 3.110522234423175e-03, 1.598545772081282e-01, 1.207969097290811e-03, 1.610297901428909e-13, 2.435577170349666e+01, 4.560355933773586e+00, 1.384715257280828e+05, 4.602616013847698e+02
2396, 4.437673675220645e-02, 1.582947531509574e-03, 1.393681057089369e-01, 1.053159488984566e-03, 1.404144346621203e-13, 2.994636654783836e+01, 1.935085647075547e+00, 1.435364487861931e+05, 6.232531325095197e+02
2397, 4.395520696201120e-02, 1.553993870949583e-03, 1.445617296101582e-01, 1.092406017205379e-03, 1.456604534188357e-13, 3.110363263885827e+01, 1.900543273887556e+00, 1.429881760361354e+05, 5.214127669392943e+02
2398, 4.380044634236744e-02, 1.789496561339532e-03, 1.473206829572519e-01, 1.113254531163366e-03, 1.483698832212724e-13, 3.047874896153254e+01, 2.206795902017453e+00, 1.423474694754273e+05, 4.798466651486931e+02
2399, 5.547184825690871e-02, 4.246268370628166e-03, 1.560351870339008e-01, 1.179107206804467e-03, 1.577661832213934e-13, 7.358329988052451e+00, 5.136356239624169e+00, 1.381296580486444e+05, 2.884151235594830e+03
2400, 5.583284112497380e-02, 4.273973426998662e-03, 1.562186070923333e-01, 1.180493252588682e-03, 1.560671139365893e-13, 7.250060450384893e+00, 5.290658990987173e+00, 1.377376823313067e+05, 2.933944753865649e+03
2401, 3.537172698866353e-02, 9.307462208698039e-04, 1.040643660291187e+00, 7.863805997167702e-03, 1.045638779309774e-12, 1.500759675653792e+01, 9.703814194996102e+00, -4.496326267538068e+03, 3.506016942649004e-04
2402, 4.893725777919083e-02, 4.580064993704268e-03, 4.169471835879343e-01, 3.150734384791128e-03, 4.236568605527356e-13, 7.034121012122686e+00, 2.361678664499018e+01, 9.056163620662825e+04, 7.648286506209693e+02
2403, 4.555356640339565e-02, 4.347592325535474e-03, 4.049289061127347e-01, 3.059916167096742e-03, 4.095992083601798e-13, 8.769044134124593e+00, 2.345357542000495e+01, 9.314951934273970e+04, 3.008394182176809e+02
2404, 5.212395590537500e-02, 2.346937299027478e-03, 1.001966383584937e-01, 7.571534384772469e-04, 1.010967908369959e-13, 1.427864351637034e+01, 2.175624248022638e+00, 1.494837342535188e+05, 3.228373594493167e+03
2405, 4.266539200379365e-02, 1.184149928912689e-03, 1.615081778755876e-01, 1.220464820218801e-03, 1.626641193182501e-13, 3.512428386011585e+01, 1.364294249642126e+00, 1.409899954219091e+05, 2.875139276510855e+02
2406, 4.291992377561098e-02, 1.360270524159652e-03, 1.579454605311117e-01, 1.193542522905382e-03, 1.590684605403121e-13, 3.397487232493476e+01, 1.505914860472234e+00, 1.414363855522017e+05, 3.263357836367459e+02
2407, 1.981231620958097e-02, 4.612214402657610e-03, 1.634252727302675e+00, 1.234951683100382e-02, 1.645963803765690e-12, 3.873862644736172e+01, -1.170847922557147e+01, -1.158856909547336e+05, 3.800809788901043e-04
2408, 3.169148649250947e-02, 1.219675411698165e-03, 1.584301521090433e+00, 1.197205179665539e-02, 1.595672642813816e-12, 7.194354697759866e+01, 6.754694130522150e-01, -1.142723303304034e+05, 3.684567463436551e-04
2409, 5.394137791993410e-02, 1.351126362491108e-03, 8.811300773195069e-02, 6.658413682514379e-04, 8.895220126492635e-14, 1.350484680016336e+01, 1.197243003712955e+00, 1.525391035769273e+05, 4.231209153742094e+03
2410, 5.406520462929780e-02, 1.548716560591117e-03, 8.888971894435067e-02, 6.717107225012849e-04, 8.975170566020204e-14, 1.291424432932211e+01, 1.377754026932721e+00, 1.522705369018301e+05, 4.205959456454885e+03
2411, 3.164510084010255e-02, 2.529205503278802e-03, 1.565714882009445e+00, 1.183159860460744e-02, 1.576988378881031e-12, 4.757189960266983e+01, 4.465303546959390e-01, -1.117156246654760e+05, 3.641381455758483e-04
2412, 6.203603971788905e-02, 4.765334623407978e-03, 3.055279659005936e-01, 2.308775560961104e-03, 3.087509269970774e-13, 2.337085171031435e+00, 1.451175317009502e+01, 1.091793431581051e+05, 2.031475594782863e+03
2413, 7.858410337613317e-02, 4.731545466177871e-03, 1.253091476789669e+00, 9.469205114284264e-03, 1.262424444863761e-12, -5.941210078301150e+00, 5.242541579150206e+00, -6.974535944944092e+04, 2.951733913782613e-04
2414, 5.579695507912105e-02, 1.007354586184271e-03, 8.344832105752367e-02, 6.305918467823477e-04, 8.410266467469635e-14, 1.125852680274803e+01, 9.055826648985200e-01, 1.536536388598772e+05, 4.816255510175466e+03
2415, 5.586191704204910e-02, 1.110790141365000e-03, 8.372138344558108e-02, 6.326552905208302e-04, 8.436707868482835e-14, 1.101079956990518e+01, 9.760930047690737e-01, 1.535648667433195e+05, 4.805539804047605e+03
2416, 7.836302746432409e-02, 2.743731297046702e-03, 1.242279904841580e+00, 9.387505578152799e-03, 1.251416603172193e-12, -1.757563662958879e+01, -1.986512160920149e-01, -6.919614012189183e+04, 2.978505287180956e-04
2417, 2.700305390079056e-02, 1.179562084542013e-03, 1.601245703770563e+00, 1.210009347937662e-02, 1.612718073035462e-12, 5.704807129094325e+01, -4.075670206141267e+00, -1.151733488788889e+05, 3.723984831101704e-04
2418, 2.161388489632250e-02, 2.134084767510036e-03, 1.591292450937472e+00, 1.202487998189680e-02, 1.602816669497477e-12, 1.410358369506582e+01, -1.359065668439432e+01, -1.125689752255196e+05, 3.700894187996855e-04
2419, 2.489938900109473e-02, 2.005599843040495e-03, 1.611631166316293e+00, 1.217857304521296e-02, 1.623189534755113e-12, 4.240984238577143e+01, -8.008138500338811e+00, -1.166257117301570e+05, 3.748149454822480e-04
2420, 3.172164298238807e-02, 1.007417973040814e-03, 1.583014388209403e+00, 1.196232535171064e-02, 1.594376351250274e-12, 7.622498973688272e+01, 7.763788919633619e-01, -1.138511236540373e+05, 3.681570209785005e-04
2421, 1.247106664380427e-02, 5.532213539096920e-03, 1.800240929241025e+00, 1.360383573733854e-02, 1.813054797121093e-12, 2.487739835202199e+01, -2.497531320108118e-01, -1.265710799568200e+05, 4.186865766260846e-04
2422, 2.022149982494725e-02, 3.276994413854342e-03, 1.610528700445201e+00, 1.217024206885666e-02, 1.622181496412893e-12, 2.425656950189963e+01, -1.210466480895846e+01, -1.139050580711681e+05, 3.745637514997385e-04
2423, 2.176626206926928e-02, 1.496628244938005e-03, 1.584819562008670e+00, 1.197596646354343e-02, 1.596274437450558e-12, 2.650795293696107e+00, -4.040268931481644e+00, -1.118383344858741e+05, 3.685849177651514e-04
2424, 1.446335365708290e-02, 5.498015879425023e-03, 1.765420175586392e+00, 1.334070661652280e-02, 1.778051351641803e-12, 3.128744888945196e+01, -4.177599093610353e+00, -1.245938469087321e+05, 4.105877321290429e-04
2425, 2.219840747322970e-02, 3.459982148762590e-03, 1.618470128200701e+00, 1.223025285794126e-02, 1.630067759092042e-12, 3.762517091150996e+01, -1.551618043272224e+01, -1.167398951109987e+05, 3.764084303828025e-04
2426, 2.124062151962256e-02, 2.900783596389132e-03, 1.612003016256389e+00, 1.218138299438223e-02, 1.623558164376679e-12, 3.187420840214510e+01, -2.008185291084086e+01, -1.153720120649394e+05, 3.749053155368781e-04
2427, 4.930716006932658e-02, 9.507911673438140e-04, 1.013182061159364e-01, 7.656287615814662e-04, 1.021204537749354e-13, 2.204472693377456e+01, 1.004161809893044e+00, 1.499818151287969e+05, 2.508859524524884e+03
2428, 3.297001696101809e-02, 3.296688508159450e-03, 1.544489374450777e+00, 1.167120434094021e-02, 1.555551582791983e-12, 2.287321504571503e+01, 5.255979127759998e-01, -1.083177886889794e+05, 3.592829617108106e-04
2429, 5.843818938767750e-02, 4.561792256775021e-03, 1.737232621725128e-01, 1.312770243120706e-03, 1.725402995353072e-13, 4.409447924029724e+00, 6.354061573597258e+00, 1.352789889207667e+05, 2.986639907620814e+03
2430, 6.556328637343162e-02, 1.542573729857376e-03, 2.729662381812878e-01, 2.062717165099719e-03, 2.743682318216430e-13, 4.112122142281242e+00, 3.219556367407993e+00, 1.146339907070115e+05, 1.735348295352690e+03
2431, 4.291730694350689e-02, 3.618387659396890e-03, 2.127502034677985e-01, 1.607684157188977e-03, 2.132932862711838e-13, 2.334998139397407e+01, 7.373134266970256e+00, 1.291496389164502e+05, 1.746216666358636e+02
2432, 4.255604350071063e-02, 3.489529881843861e-03, 2.069269192631370e-01, 1.563679490653883e-03, 2.082908397166191e-13, 2.494331156156709e+01, 6.572613151807273e+00, 1.306606366759771e+05, 1.567539866688878e+02
2433, 5.493995310593459e-02, 4.747101466732945e-03, 2.647779763547846e-01, 2.000841131148887e-03, 2.636531439799005e-13, 5.700066263849691e+00, 1.273808776640502e+01, 1.195959177212192e+05, 2.255118840676526e+03
2434, 4.967116929211928e-02, 4.396344473830625e-03, 2.590618987378300e-01, 1.957646589958768e-03, 2.610985707490890e-13, 1.054301924177402e+01, 1.157192732517632e+01, 1.198045915214376e+05, 1.166292532375581e+03
2435, 4.591771116650262e-02, 1.000916228710592e-03, 1.230340974398841e-01, 9.297286960194237e-04, 1.239376176156164e-13, 2.876058106652752e+01, 1.283540692859665e+00, 1.463319646147228e+05, 1.106196647624366e+03
2436, 2.413914910118651e-02, 4.100879251993771e-03, 1.582326403313597e+00, 1.195712647340418e-02, 1.593711919275974e-12, 1.045280652270927e+01, -2.323924343135034e+00, -1.113940523771745e+05, 3.680047903509826e-04
2437, 4.208025329748440e-02, 1.249420385762497e-03, 1.728924662404474e-01, 1.306492188215136e-03, 1.742062220447950e-13, 3.656886085125178e+01, 1.479873782343234e+00, 1.393484018831381e+05, 2.021102499641968e+02
2438, 4.190817673183798e-02, 1.018025500760816e-03, 1.765054140484766e-01, 1.333794060819935e-03, 1.778246605227739e-13, 3.778160897489830e+01, 1.239697271168688e+00, 1.390167582171377e+05, 1.799177835229758e+02
2439, 4.181567205284577e-02, 1.313698061760348e-03, 1.785302343831106e-01, 1.349094970149587e-03, 1.799222854796441e-13, 3.685029856282408e+01, 1.637463229059968e+00, 1.386030282652555e+05, 1.705679974410272e+02
2440, 3.513007863044401e-02, 3.446094852472412e-03, 9.959532707510209e-01, 7.526095244971793e-03, 1.003156426155554e-12, -2.590677161083123e+01, 8.587430154540591e+00, 8.037692138714666e+03, 2.350440086838962e-03
2441, 3.005536092555139e-02, 1.387605748404106e-03, 1.589035630895826e+00, 1.200782592616703e-02, 1.600457593926895e-12, 7.088148710720435e+01, -1.785900704452873e+00, -1.146799669573411e+05, 3.695585493878988e-04
2442, 3.025593989705368e-02, 1.386316483273584e-03, 1.588045447500897e+00, 1.200034343199880e-02, 1.599468248318001e-12, 7.051868324700285e+01, -1.183908848684685e+00, -1.146463640752934e+05, 3.693283290740771e-04
2443, 4.017002909954305e-02, 3.784860850473542e-03, 3.403956022834888e-01, 2.572258959322063e-03, 3.424953959301704e-13, 2.096366650252031e+01, 1.424771602606479e+01, 1.101964454461052e+05, 2.087713643250209e+01
2444, 4.028726587580421e-02, 3.574080042454070e-03, 2.795938664867997e-01, 2.112799998641074e-03, 2.817262818402015e-13, 2.569415056878569e+01, 9.022848711533756e+00, 1.201789341359059e+05, 2.960010898026518e+01
2445, 3.009706228841793e-02, 9.003131497183877e-04, 1.585927382470236e+00, 1.198433790280001e-02, 1.597300074692703e-12, 7.846789148726785e+01, -1.206822413989955e+00, -1.136438573908520e+05, 3.688348315435015e-04
2446, 4.385506237011747e-02, 9.008874565094567e-04, 1.447649111212088e-01, 1.093941393863202e-03, 1.458549563211936e-13, 3.378866190230074e+01, 1.047048007614919e+00, 1.434575009674578e+05, 5.074773336641538e+02
2447, 4.792987884612268e-02, 1.308304884642748e-03, 1.095950692075581e-01, 8.281743265055995e-04, 1.104200618550157e-13, 2.359812908653067e+01, 1.385044161148293e+00, 1.482839459647416e+05, 1.865875479113256e+03
2448, 5.014422252013812e-02, 1.107611401048945e-03, 9.811969937477288e-02, 7.414586854518004e-04, 9.887423162954042e-14, 2.022841893663503e+01, 1.059275075207161e+00, 1.505359502968730e+05, 2.857344625892148e+03
2449, 3.025241603438317e-02, 1.225332894348479e-03, 1.588316622154132e+00, 1.200239261073866e-02, 1.599723708010449e-12, 7.327196340034418e+01, -1.079284907067039e+00, -1.145205271464909e+05, 3.693908976060094e-04
2450, 2.137498280010102e-02, 2.448828341538674e-03, 1.595663658191189e+00, 1.205791177474596e-02, 1.607195704297707e-12, 1.887249411052435e+01, -1.570078799698238e+01, -1.130803843631589e+05, 3.711059737881070e-04
2451, 4.084261809757182e-02, 3.129258456080882e-03, 2.223947837273988e-01, 1.680565116328228e-03, 2.239983239002564e-13, 3.030290326175479e+01, 4.941765861173868e+00, 1.299733449700360e+05, 6.483406432479575e+01
2452, 3.788363902234523e-02, 1.009627502710210e-03, 3.469440348472523e-01, 2.621743336377729e-03, 3.494928923027068e-13, 4.496569070094915e+01, 9.231200064161905e-01, 1.132249659815136e+05, 2.341225623294686e+00
2453, 4.577177612342567e-02, 4.404897836022489e-03, 4.401698576559738e-01, 3.326220586815348e-03, 4.476899463998943e-13, 6.969430398050603e+00, 2.601478758099472e+01, 8.505418635193458e+04, 2.978136111770190e+02
2454, 3.771215852177250e-02, 3.649752703813161e-03, 4.422306258043910e-01, 3.341793142097874e-03, 4.465960247029139e-13, 2.384321678779128e+01, 1.454375403360450e+01, 9.674184502421971e+04, 1.227879028260117e+00
2455, 5.788607731273847e-02, 8.980543225548286e-04, 8.126177666013114e-02, 6.140688412604655e-04, 8.189178667610860e-14, 8.217835666221333e+00, 8.219413840913452e-01, 1.540998202739045e+05, 5.142043147492477e+03
2456, 1.857347347889824e-02, 4.142236701717763e-03, 1.668135310264397e+00, 1.260555650073970e-02, 1.680054436734395e-12, 5.275252616213020e+01, -1.022813181666412e+01, -1.190563350535749e+05, 3.879610836070302e-04
2457, 1.768721435322518e-02, 4.256607378394944e-03, 1.691232535693385e+00, 1.278009472816263e-02, 1.703383026558852e-12, 4.839805787083011e+01, -4.521450195738486e+00, -1.200908986795752e+05, 3.933330867819056e-04
2458, 2.053203335001490e-02, 4.193178000243912e-03, 1.630095210457842e+00, 1.231809982713859e-02, 1.641785367808559e-12, 4.453429982793319e+01, -1.545056234129520e+01, -1.169175045966593e+05, 3.791133607554827e-04
2459, 1.822138374261455e-02, 4.165972078880397e-03, 1.673694144204574e+00, 1.264756280255465e-02, 1.685636578216404e-12, 4.834588700174132e+01, -6.861431463427493e+00, -1.188306350915908e+05, 3.892541041606534e-04
2460, 3.997674989266208e-02, 1.423417651967418e-03, 2.294623616113009e-01, 1.733972505879282e-03, 2.310653411182420e-13, 4.039572671046670e+01, 1.670523166816343e+00, 1.313021713771932e+05, 4.079102842253316e+01
2461, 3.985638604807246e-02, 1.611866648962541e-03, 2.342738021425203e-01, 1.770330998558462e-03, 2.359583608117326e-13, 3.979728159734537e+01, 1.927745577830837e+00, 1.305789933872612e+05, 3.683765936523682e+01
2462, 2.810873782803328e-02, 1.002499070927517e-03, 1.594597303503715e+00, 1.204985367887157e-02, 1.606027856544929e-12, 6.548669963751163e+01, -3.463920542494303e+00, -1.143574394567397e+05, 3.708518519993949e-04
2463, 3.395770755083686e-02, 1.212102326031738e-03, 1.579821372928761e+00, 1.193819677276380e-02, 1.591152676273798e-12, 6.805867746764920e+01, 2.960585366009385e+00, -1.141209089373420e+05, 3.674384821201065e-04
2464, 2.449735871053641e-02, 3.839300758765735e-03, 1.583732771925362e+00, 1.196775394402214e-02, 1.595073144527446e-12, 1.849201298091621e+01, -4.141798547207625e+00, -1.117000176061413e+05, 3.683310313180170e-04
2465, 3.378789088181903e-02, 3.389824204760441e-03, 1.542342146642233e+00, 1.165497843810495e-02, 1.553381536497846e-12, 2.023577302960249e+01, 1.621945456930942e+00, -1.082084837305179e+05, 3.639034734042139e-04
2466, 2.578005421860027e-02, 1.442062579132250e-03, 1.606169186109340e+00, 1.213729863558887e-02, 1.617686701820083e-12, 4.893230862317647e+01, -5.716560732702343e+00, -1.157580753322427e+05, 3.735441686292196e-04
2467, 5.032749813798093e-02, 1.007770100668680e-03, 9.704050896712085e-02, 7.333035942100992e-04, 9.778577403903011e-14, 2.013121936665488e+01, 9.456370503834624e-01, 1.508330375362851e+05, 2.957505623204400e+03
2468, 2.008440643282132e-02, 3.385027487482793e-03, 1.615118391289305e+00, 1.220492487120504e-02, 1.626792163246921e-12, 2.847284574260756e+01, -1.392730619201225e+01, -1.143408855912382e+05, 3.756310985402711e-04
2469, 4.434321523555432e-02, 4.011586953429593e-03, 2.635238185693218e-01, 1.991363868282992e-03, 2.648595826557549e-13, 1.688937183709252e+01, 1.198509442546621e+01, 1.199492341488954e+05, 2.619199674683752e+02
2470, 6.073988217461466e-02, 1.656692486080621e-03, 9.226284175354156e-02, 6.972003155181998e-04, 9.290517131551118e-14, 4.267842001588184e+00, 1.190708429337956e+00, 1.507296200120965e+05, 4.495208380165959e+03
2471, 2.982641954106622e-02, 1.665329126077812e-03, 1.588707167412496e+00, 1.200534383435337e-02, 1.600128382384340e-12, 6.519723332763283e+01, -2.621643590903753e+00, -1.147973685124114e+05, 3.694834350262577e-04
2472, 1.495015598555834e-02, 5.419368524384339e-03, 1.758257071639891e+00, 1.328657736755679e-02, 1.770851061032701e-12, 3.413294265615905e+01, -5.826565846788998e+00, -1.243487093435305e+05, 4.089216361993094e-04
2473, 6.319564114730120e-02, 7.252839004801307e-04, 1.177725775219088e-01, 8.899690996618149e-04, 1.188873553041585e-13, 2.718123253951981e+00, 8.943286546407003e-01, 1.446950398420312e+05, 3.461645748205719e+03
2474, 2.569924023041554e-02, 3.618526721109474e-03, 1.581383135684268e+00, 1.194999850643215e-02, 1.592684646239955e-12, 2.048035896708715e+01, -4.126676393486034e+00, -1.115577743739037e+05, 3.677841674683092e-04
2475, 5.054402140573440e-02, 4.217760515587687e-03, 1.950169700126403e-01, 1.473679874150295e-03, 1.972245402841769e-13, 1.149841690910774e+01, 6.462504507026110e+00, 1.304962347497829e+05, 1.540829602830096e+03
2476, 2.071323912427344e-02, 3.505020528733463e-03, 1.629654739159085e+00, 1.231477132865961e-02, 1.641169712535580e-12, 4.455070760408169e+01, -2.031334983215196e+01, -1.175812640303683e+05, 3.790105790086649e-04
2477, 2.375055028424936e-02, 1.007533859024147e-03, 1.595926619608730e+00, 1.205989888873314e-02, 1.607298827921022e-12, 2.893853094615851e+01, -7.973835497746737e+00, -1.132843156896548e+05, 3.711650191367128e-04
2478, 4.370386049006172e-02, 4.227809544167736e-03, 4.140258605201101e-01, 3.128658895619869e-03, 4.159560743820268e-13, 1.050732750517093e+01, 2.449838353376414e+01, 9.278634795616036e+04, 1.381448332578313e+02
2479, 4.723834331409454e-02, 1.216554531452966e-03, 1.134068770365168e-01, 8.569789196715997e-04, 1.142125418610646e-13, 2.511360156839431e+01, 1.345929246240517e+00, 1.477181786468217e+05, 1.595393233372474e+03
2480, 4.616404931596710e-02, 9.944927605112961e-04, 1.208839527680152e-01, 9.134807513957665e-04, 1.217375193872220e-13, 2.818722517788642e+01, 1.236983993872387e+00, 1.466975255514358e+05, 1.199692366926769e+03
2481, 3.402890560473033e-02, 3.370580167171334e-03, 1.542997702740762e+00, 1.165993226252706e-02, 1.554028270464012e-12, 2.165418505364206e+01, 1.344813694662164e+00, -1.085078224687953e+05, 3.780035637753278e-04
2482, 3.412811365687020e-02, 1.465739845248147e-03, 1.576462775656051e+00, 1.191281694450651e-02, 1.587775379072788e-12, 6.365239854701977e+01, 3.490965082771562e+00, -1.136272008762893e+05, 3.667743745190890e-04
2483, 3.988124943652849e-02, 1.001658688889500e-03, 2.331835388383748e-01, 1.762092233035829e-03, 2.349489831421037e-13, 4.215637651922581e+01, 1.140353839264747e+00, 1.309760669944418e+05, 3.563756559069555e+01
2484, 1.641534363704827e-02, 4.509729526183062e-03, 1.724593049598490e+00, 1.303218929167723e-02, 1.736966465328469e-12, 4.460873212417023e+01, -3.258831824617948e+00, -1.224837965475800e+05, 4.010917421340810e-04
2485, 1.652033257517520e-02, 4.294108720092505e-03, 1.717927427438807e+00, 1.298181935092400e-02, 1.730229433146263e-12, 3.573692592199553e+01, -9.425922136387006e-01, -1.214098323838963e+05, 3.995418377072331e-04
2486, 4.143450847691399e-02, 3.500553528701242e-03, 2.351191162153692e-01, 1.776718762333554e-03, 2.365067554604782e-13, 2.597533105481763e+01, 6.792144176648343e+00, 1.266807865628010e+05, 7.742455002701870e+01
2487, 3.613506127519790e-02, 9.838270480606788e-04, 6.263806885673778e-01, 4.733355329225188e-03, 6.311457483572624e-13, 4.182312731459687e+01, 1.715047269603884e+00, 6.508100349423037e+04, 1.582539893763815e-02
2488, 5.408052547325406e-02, 4.629862046666215e-03, 2.504935623366704e-01, 1.892898455942081e-03, 2.542373861018390e-13, 6.778477388512402e+00, 1.143640584132755e+01, 1.233424819383135e+05, 2.225511670848737e+03
2489, 4.535328472037033e-02, 1.167397333570261e-03, 1.283380837951705e-01, 9.698091974447696e-04, 1.292943591890314e-13, 2.935785815557077e+01, 1.392568687050775e+00, 1.455267872238540e+05, 9.108392608671662e+02
2490, 1.896018292096522e-02, 3.887637792726294e-03, 1.643905882128869e+00, 1.242246258535795e-02, 1.655623620838233e-12, 3.556525242100322e+01, -1.081468484839482e+01, -1.164622386215509e+05, 3.823263605981097e-04
2491, 3.375989399212065e-02, 1.442875752515928e-03, 1.578654193812351e+00, 1.192937677944076e-02, 1.589968786468471e-12, 6.370514553197023e+01, 1.816881700578623e+00, -1.141232915191416e+05, 3.671846002434895e-04
2492, 2.228749617271200e-02, 9.221334382296253e-04, 1.585392862756427e+00, 1.198029871100803e-02, 1.596780869646541e-12, 5.111136778222403e+00, -5.017723546690052e+00, -1.116719337320490e+05, 3.687177485298958e-04
2493, 4.430562700335975e-02, 1.375265987270491e-03, 1.396214013559028e-01, 1.055073561883542e-03, 1.406753496088391e-13, 3.097003237648160e+01, 1.605368915552850e+00, 1.437583381493861e+05, 6.128539827578468e+02
2494, 1.983395421036394e-02, 4.366491115658833e-03, 1.644633887278057e+00, 1.242796388371446e-02, 1.656454205827421e-12, 4.953220559620038e+01, -1.596024076278951e+01, -1.178854640875790e+05, 3.824948394002860e-04
2495, 3.390798493724782e-02, 1.009897503400492e-03, 1.579641731817997e+00, 1.193683928326184e-02, 1.590972611258115e-12, 7.237903645054617e+01, 2.813259778722938e+00, -1.138102133521816e+05, 3.673780835000564e-04
2496, 4.515822139270358e-02, 4.121184935706019e-03, 2.791437458544523e-01, 2.109398583283594e-03, 2.809952673228289e-13, 1.413601689193928e+01, 1.255876461447163e+01, 1.170954631014993e+05, 3.412407867413483e+02
2497, 4.152716608492870e-02, 1.112828125347333e-03, 1.847958713975476e-01, 1.396442353130252e-03, 1.862261289305867e-13, 3.817018160937821e+01, 1.325808115994825e+00, 1.380429988659864e+05, 1.405087280258842e+02
2498, 5.330145322580097e-02, 4.451499530235940e-03, 2.032862460360441e-01, 1.536168106067189e-03, 2.040138482378689e-13, 8.872888625352452e+00, 7.499332541297696e+00, 1.290024671877910e+05, 2.143866638310713e+03
2499, 5.323122361974201e-02, 4.095273108196184e-03, 1.543079342586402e-01, 1.166054918831210e-03, 1.554706851447225e-13, 1.001734548404266e+01, 4.986296891254642e+00, 1.381026689819034e+05, 2.427383422162974e+03
2500, 5.350502685021170e-02, 3.955338148536596e-03, 1.412117515378304e-01, 1.067091321444918e-03, 1.421350042343354e-13, 1.014025396811346e+01, 4.275585955819999e+00, 1.403451364527444e+05, 2.605854183879125e+03
2501, 2.242971888219948e-02, 2.113341023836807e-03, 1.609035381143146e+00, 1.215895754012613e-02, 1.620589792947074e-12, 2.769819505637298e+01, -1.510519857154069e+01, -1.153809093504014e+05, 3.742139192419034e-04
2502, 2.817010965262659e-02, 1.637522361960174e-03, 1.597936564874488e+00, 1.207508739200064e-02, 1.609381342919440e-12, 5.884024315592861e+01, -6.110017047125836e+00, -1.153216801605156e+05, 3.716283424192172e-04
2503, 4.248241342235261e-02, 1.077395171231767e-03, 1.648095691142130e-01, 1.245412361064825e-03, 1.660021926713414e-13, 3.603769972010595e+01, 1.279467010496282e+00, 1.405880050485691e+05, 2.590910218656517e+02
2504, 5.689968638998636e-02, 4.334976654704692e-03, 1.546496233660012e-01, 1.168636952389698e-03, 1.545236117251164e-13, 5.788751314551455e+00, 5.031615341028770e+00, 1.384656487178923e+05, 3.068745631951647e+03
2505, 2.632071528138333e-02, 1.525506494344119e-03, 1.605046838720927e+00, 1.212881742106687e-02, 1.616538929749220e-12, 5.169049042329524e+01, -5.331550477449273e+00, -1.158323249140755e+05, 3.732826826874421e-04
2506, 2.355063747496378e-02, 9.354422341650555e-04, 1.594588671845770e+00, 1.204978845223722e-02, 1.605970361066327e-12, 2.527147976375614e+01, -7.829448543069466e+00, -1.129479406288066e+05, 3.708542871212046e-04
2507, 4.060028734320864e-02, 3.848252242399838e-03, 3.416142011807151e-01, 2.581467515219482e-03, 3.444050424342497e-13, 2.012314003888552e+01, 1.446036495511221e+01, 1.093210164702187e+05, 2.824562983283711e+01
2508, 4.519574418928257e-02, 1.412993958823173e-03, 1.304223416349289e-01, 9.855592566872695e-04, 1.313995783578349e-13, 2.873070091384992e+01, 1.685257922983613e+00, 1.450090200079462e+05, 8.524281347000309e+02
2509, 7.572806771501610e-02, 3.799793392634761e-03, 1.074442488492604e+00, 8.119212759394341e-03, 1.082174503290131e-12, -1.178229636491143e+01, 5.598108754770182e+00, -3.650944000813806e+04, 2.580248369190071e-04
2510, 4.025307693529591e-02, 1.366194509296668e-03, 2.191845380977718e-01, 1.656306333232880e-03, 2.207562738578698e-13, 4.003627914851765e+01, 1.537538736025204e+00, 1.328354767350878e+05, 5.324655923712679e+01
2511, 5.569203917167559e-02, 4.819390395710024e-03, 2.808092508854635e-01, 2.121984263622464e-03, 2.797004850051559e-13, 5.705261648098551e+00, 1.383656331912058e+01, 1.165743314470167e+05, 2.344972563141473e+03
2512, 5.378587085390329e-02, 1.972002692836305e-03, 9.250200367970463e-02, 6.990075844812963e-04, 9.338120562251204e-14, 1.253101114826337e+01, 1.810814918715920e+00, 1.513663477089941e+05, 3.955800536629711e+03
2513, 2.350581836629689e-02, 3.996412396388007e-03, 1.587144010110756e+00, 1.199353156255135e-02, 1.598577956027912e-12, 1.944891997276100e+01, -5.010916072330184e+00, -1.118724713617332e+05, 3.691245890032410e-04
2514, 1.660618768221784e-02, 4.141918279092383e-03, 1.712305303989037e+00, 1.293933479085027e-02, 1.724523046354766e-12, 2.058349484957408e+01, 1.005254068056451e-01, -1.206057463500469e+05, 3.982346653049897e-04
2515, 2.196251834985677e-02, 4.469643332866625e-03, 1.592376003126679e+00, 1.203306803370438e-02, 1.603743263481591e-12, 1.269610522353647e+01, -2.972313225618760e+00, -1.120287748628009e+05, 3.703422672111077e-04
2516, 2.159879024683010e-02, 4.281215097331935e-03, 1.601433464457674e+00, 1.210151232587798e-02, 1.612930390243336e-12, 2.742829415562265e+01, -8.532724967025333e+00, -1.131305467581018e+05, 3.724480141025150e-04
2517, 5.482088222180925e-02, 2.453868669413573e-03, 9.500376874838974e-02, 7.179126101892877e-04, 9.585314181208299e-14, 1.052161342441467e+01, 2.013718201297408e+00, 1.505394109167324e+05, 4.012767286534733e+03
2518, 5.634453098349544e-02, 1.214728897911873e-03, 8.354313519055248e-02, 6.313083263770196e-04, 8.419677505890909e-14, 1.013504862824026e+01, 9.451537877278624e-01, 1.536358173775152e+05, 4.877719161246688e+03
2519, 3.624165614197231e-02, 3.174237584989576e-03, 5.369549233402058e-01, 4.057593879145788e-03, 5.409279380546536e-13, 2.709127262398216e+01, 1.375819688923440e+00, 8.468954187493425e+04, 9.352147371935034e-02
2520, 5.451419557207401e-02, 1.202758065877946e-03, 8.620827116828615e-02, 6.514478929593097e-04, 8.698927490869015e-14, 1.291243071391006e+01, 1.003215079676482e+00, 1.528965856280437e+05, 4.443435295795492e+03
2521, 4.714059958944686e-02, 3.551458101151171e-03, 1.542898611966854e-01, 1.165918346575449e-03, 1.548936014338371e-13, 1.841370575998403e+01, 4.762755378591814e+00, 1.382541775840622e+05, 9.455076501791655e+02
2522, 7.845077662037894e-02, 1.723649159946153e-03, 1.251018290674789e+00, 9.453538720469267e-03, 1.260246875236793e-12, -2.104901324220831e+01, -1.926925925186095e-01, -7.074627241658205e+04, 3.009053923037917e-04
2523, 4.244876423216204e-02, 3.959878070641516e-03, 3.076700666755119e-01, 2.324962720467706e-03, 3.116429647181672e-13, 1.776683410281521e+01, 1.376092665763795e+01, 1.130743584049193e+05, 9.808996557870452e+01
2524, 2.052623293137076e-02, 4.718572261195115e-03, 1.607189929460688e+00, 1.214501206141694e-02, 1.618813153526377e-12, 1.793722113636131e+01, -4.562941518309698e+00, -1.126725483730871e+05, 3.737875806470337e-04
2525, 2.862831640754046e-02, 9.329244187676823e-04, 1.593093218564653e+00, 1.203848779771995e-02, 1.604565403132665e-12, 6.977067550272054e+01, -3.978626727637413e+00, -1.141667988575325e+05, 3.705017914191708e-04
2526, 7.692614420546147e-02, 1.651854946159236e-03, 1.155877555866763e+00, 8.734591102272296e-03, 1.164377719175691e-12, -2.084329172505948e+01, -5.958842233098657e-02, -5.302050905018170e+04, 2.782485340253102e-04
2527, 3.360380721793513e-02, 1.139540669956286e-03, 1.580549061554992e+00, 1.194369567925923e-02, 1.591895680843935e-12, 7.039830508880702e+01, 1.895241908756644e+00, -1.140799663806004e+05, 3.675919717381298e-04
2528, 4.820886356767759e-02, 1.282343738384031e-03, 1.079002866864932e-01, 8.153674056915062e-04, 1.087116923913728e-13, 2.316934855715763e+01, 1.285449067857605e+00, 1.486364277262068e+05, 1.990767301297496e+03
2529, 4.418687395635624e-02, 3.792584783529453e-03, 2.133799515507143e-01, 1.612442958821722e-03, 2.149131817604039e-13, 1.977163668247238e+01, 7.777507131277759e+00, 1.280511702671976e+05, 2.891418857141279e+02
2530, 2.121741544478406e-02, 4.621995819556074e-03, 1.599147183142838e+00, 1.208423564087924e-02, 1.610609231032851e-12, 1.405499217175980e+01, -3.737888787403751e+00, -1.124013113881393e+05, 3.719171495183101e-04
2531, 4.174029996240222e-02, 3.896526350744322e-03, 3.181178924182647e-01, 2.403913544720169e-03, 3.224343269616910e-13, 1.710907510198954e+01, 1.396643747629420e+01, 1.125708787402000e+05, 6.592798860097963e+01
2532, 3.645623617234788e-02, 1.067399056953430e-03, 5.377776745703069e-01, 4.063811142849474e-03, 5.416062432022863e-13, 4.138472061734058e+01, 1.693702154177057e+00, 8.073322133089855e+04, 7.003586461386099e-02
2533, 1.989306321863592e-02, 3.625164585462962e-03, 1.630547025877789e+00, 1.232151404945558e-02, 1.642266884768169e-12, 4.251555759392550e+01, -1.655760722837448e+01, -1.162589737735745e+05, 3.792189588913098e-04
2534, 2.009036756448159e-02, 3.665994230367194e-03, 1.634926739558207e+00, 1.235461012260738e-02, 1.646647097822068e-12, 4.736827889936354e+01, -1.855787272552967e+01, -1.173430714718198e+05, 3.802371916619923e-04
2535, 3.474117526017464e-02, 3.101611389942272e-03, 1.503798993238404e+00, 1.136372035193144e-02, 1.513382769625481e-12, -1.444653745031498e-01, -1.322572299381575e+01, -1.119859122779966e+05, 7.593262069278264e-04
2536, 2.720697443061955e-02, 3.357144698730827e-03, 1.576097184898402e+00, 1.191005429394455e-02, 1.587408434415478e-12, 2.344914676406631e+01, -4.410600144977967e+00, -1.112171889401093e+05, 3.665542880201782e-04
2537, 2.207505170451064e-02, 8.952316030983683e-04, 1.584752922695832e+00, 1.197546289191041e-02, 1.596130807190351e-12, 1.672591383705835e+00, -2.483181990609270e+00, -1.117593248944123e+05, 3.685693952825829e-04
2538, 2.901795158563121e-02, 9.691467099463183e-04, 1.592083366557694e+00, 1.203085667424174e-02, 1.603483258293486e-12, 7.281002947251173e+01, -3.548730402283465e+00, -1.141990734802152e+05, 3.702667816758611e-04
2539, 4.790728348118325e-02, 9.096952743462455e-04, 1.086019926099285e-01, 8.206699693446937e-04, 1.093999904685754e-13, 2.483255521964664e+01, 1.002621437420947e+00, 1.487855333886765e+05, 1.902973579103848e+03
2540, 3.241671138550933e-02, 3.323157664882504e-03, 1.544791261230555e+00, 1.167348560124080e-02, 1.555846183419660e-12, 2.082907738660209e+01, 7.195278850983104e-01, -1.083934725575826e+05, 3.592790133590641e-04
2541, 5.969302985832975e-02, 4.239397771162926e-03, 1.506061781711774e-01, 1.138081950917889e-03, 1.502941257121119e-13, 3.024305476469688e+00, 5.387679502161171e+00, 1.393887524877657e+05, 3.152468771881031e+03
2542, 5.059935931983887e-02, 3.934855216808570e-03, 1.570074130793561e-01, 1.186454003118630e-03, 1.583632989500732e-13, 1.329533175929542e+01, 4.508033444392808e+00, 1.371094235470128e+05, 1.744850078236398e+03
2543, 1.722752679173309e-02, 5.005457120197665e-03, 1.708387444218160e+00, 1.290972879761935e-02, 1.720672563579271e-12, 4.744417188976900e+01, -9.213923264527645e+00, -1.215535468334767e+05, 3.973226911331327e-04
2544, 3.835925995632827e-02, 1.004232783504331e-03, 3.093111177560767e-01, 2.337363610247751e-03, 3.116742249922596e-13, 4.430902505742862e+01, 8.584888055092046e-01, 1.193753633465908e+05, 5.599936210707657e+00
2545, 6.877913434465747e-02, 4.854819096753961e-03, 8.064331342606782e-01, 6.093953155624938e-03, 8.129745955703438e-13, -9.318105631275526e-01, 1.783208414108253e+01, 1.055653546917558e+04, 1.848507054987693e+01
2546, 4.767101294235411e-02, 1.516676835989230e-03, 1.121417461464470e-01, 8.474187366231457e-04, 1.129908855063609e-13, 2.334402936631200e+01, 1.628493423513087e+00, 1.477844465061316e+05, 1.726654009156576e+03
2547, 5.389361634928466e-02, 9.898805740519748e-04, 8.671637304539229e-02, 6.552874537434744e-04, 8.752109746849505e-14, 1.433160965667403e+01, 8.815547996024915e-01, 1.529640494461580e+05, 4.308644447588477e+03
2548, 3.905222367264875e-02, 1.265940679716138e-03, 2.687277682631622e-01, 2.030688425162900e-03, 2.706244371718211e-13, 4.212721701020068e+01, 1.388293075534651e+00, 1.259487128961166e+05, 1.510896585493854e+01
2549, 5.705886552154865e-02, 4.904353812369136e-03, 2.828559110975553e-01, 2.137450209806781e-03, 2.838045576257835e-13, 3.433299125072093e+00, 1.390615544858238e+01, 1.176153539183282e+05, 2.521303669859848e+03
2550, 4.799561895588903e-02, 3.102336483201738e-03, 1.302574432220578e-01, 9.843131729630355e-04, 1.311013373144776e-13, 1.899104533399333e+01, 3.628106853284481e+00, 1.429256665750306e+05, 1.384440306633559e+03
2551, 5.858294323278537e-02, 1.109735108368471e-03, 8.213735296240358e-02, 6.206852868696430e-04, 8.270564478803683e-14, 6.916374033034902e+00, 8.686892099430813e-01, 1.537386260138189e+05, 5.095181667324723e+03
2552, 5.880721876285997e-02, 1.205533398054680e-03, 8.273309484150976e-02, 6.251871146715047e-04, 8.325725978071393e-14, 6.568439739816721e+00, 8.905425821303637e-01, 1.535365194446589e+05, 5.056260842722687e+03
2553, 2.793487212845563e-02, 3.301744353233340e-03, 1.570898596776539e+00, 1.187077025272157e-02, 1.582119558622365e-12, 2.246200603036049e+01, -4.190113159640243e+00, -1.106500908710626e+05, 3.653455606080209e-04
2554, 6.062829506707804e-02, 4.191222038067474e-03, 1.740043815296727e-01, 1.314894570753219e-03, 1.755030479985230e-13, 2.673975948992722e+00, 7.469980682169423e+00, 1.363479879486260e+05, 3.061289229508863e+03
2555, 2.269026758791042e-02, 2.011924967725243e-03, 1.608601063841908e+00, 1.215567554540663e-02, 1.620019894269726e-12, 2.842537625557050e+01, -1.339907123167614e+01, -1.153805683845247e+05, 3.741125829979344e-04
2556, 2.265471926873161e-02, 1.692262246763287e-03, 1.600983239871477e+00, 1.209811012497522e-02, 1.612406333545257e-12, 2.345121272525966e+01, -1.174334212223444e+01, -1.139977412960240e+05, 3.723414671790619e-04
2557, 4.067312183900140e-02, 1.151200556530927e-03, 2.055058819491606e-01, 1.552941173419697e-03, 2.069582322586917e-13, 3.972416203372882e+01, 1.261391706220989e+00, 1.350673037583142e+05, 7.681522452642488e+01
2558, 6.988459617037940e-02, 6.577281506459673e-04, 7.068256121438198e-01, 5.341251477160399e-03, 7.118058053016242e-13, -1.017493523603068e+01, 1.286917794558817e+00, 2.997648327664971e+04, 2.224901587193909e+00
2559, 1.823413750324317e-02, 4.679529714413566e-03, 1.685062098728527e+00, 1.273346674102265e-02, 1.697188426766037e-12, 5.658455802669884e+01, -1.107022048490125e+01, -1.205006700923844e+05, 3.918975621448961e-04
2560, 3.811031739954601e-02, 1.241944985327458e-03, 3.294899470947513e-01, 2.489848466711190e-03, 3.321006378712425e-13, 4.393182485589136e+01, 1.101115992317079e+00, 1.158954435543693e+05, 3.691901091855878e+00
2561, 5.181422895186139e-02, 9.078739260267471e-04, 9.167341886410067e-02, 6.927462382678346e-04, 9.242441126391046e-14, 1.785840700840043e+01, 8.776486379995689e-01, 1.519313930780404e+05, 3.586584184099718e+03
2562, 4.255893441561871e-02, 1.941064683867182e-03, 1.665184967665561e-01, 1.258326172039832e-03, 1.676257092076195e-13, 3.277628513903330e+01, 2.485841998472597e+00, 1.397133306392979e+05, 2.594763941551989e+02
2563, 5.038998491057261e-02, 1.477924991286497e-03, 9.869680752662187e-02, 7.458197042315385e-04, 9.944338400243128e-14, 1.884122328623554e+01, 1.286659538179849e+00, 1.501715636215026e+05, 2.883521018301019e+03
2564, 5.036143595940618e-02, 1.716645059791297e-03, 1.002831495240216e-01, 7.578071752446443e-04, 1.010409712440083e-13, 1.834773016412353e+01, 1.535462417898543e+00, 1.497373946490398e+05, 2.803737644646278e+03
2565, 5.007922498441836e-02, 1.878466492618563e-03, 1.025890156028322e-01, 7.752318559409079e-04, 1.033899462898442e-13, 1.835347884659159e+01, 1.851018021006834e+00, 1.491719620318443e+05, 2.635666474129452e+03
2566, 2.953916414845320e-02, 2.746492564430532e-03, 1.567684624037160e+00, 1.184648330506873e-02, 1.578955733747269e-12, 4.128522779510466e+01, -2.441356908830123e+00, -1.114857261915316e+05, 3.645992442290895e-04
2567, 2.200495884931713e-02, 1.174054744286028e-03, 1.584829973695051e+00, 1.197604514127448e-02, 1.596263418751589e-12, 3.621371431887833e+00, -4.769955198746376e+00, -1.117737292648035e+05, 3.685871438285142e-04
2568, 5.007834802862608e-02, 4.227666903579838e-03, 2.001276602341826e-01, 1.512299699503094e-03, 2.016079155657272e-13, 1.192407403499492e+01, 6.900643412705615e+00, 1.293149971815880e+05, 1.396753779837409e+03
2569, 2.339219377317941e-02, 9.607808335232409e-04, 1.594614140477820e+00, 1.204998091041391e-02, 1.606004679125922e-12, 2.290245126933172e+01, -8.362245755050703e+00, -1.128846490882261e+05, 3.708603839877128e-04
2570, 2.075115538687886e-02, 3.222742071518237e-03, 1.617046673542787e+00, 1.221949627362449e-02, 1.628595441443597e-12, 3.684065273542202e+01, -2.031149218227024e+01, -1.157009527547411e+05, 3.760786787517083e-04
2571, 3.830245232175868e-02, 3.670800724699781e-03, 4.091967682109507e-01, 3.092167014187174e-03, 4.135856582436834e-13, 2.354494128185213e+01, 1.484967481039198e+01, 1.014743410923774e+05, 2.829492087742984e+00
2572, 5.547285895847866e-02, 3.868333077757378e-03, 1.288818395966056e-01, 9.739181833490733e-04, 1.303062773797740e-13, 7.946460729876543e+00, 3.957263813541287e+00, 1.432914363711217e+05, 3.189978144928087e+03
2573, 1.726298776836127e-02, 4.167801279217591e-03, 1.697028354200212e+00, 1.282389184534267e-02, 1.709241726832131e-12, 3.240046075002743e+01, -6.548964277491259e-01, -1.197697277449486e+05, 3.946814549462077e-04
2574, 5.554245027020571e-02, 1.040525924155402e-03, 8.392357631400982e-02, 6.341831963275664e-04, 8.459553062035929e-14, 1.163023588322518e+01, 9.411454870642990e-01, 1.535020689443483e+05, 4.748815604872507e+03
2575, 7.302448905107109e-02, 3.939771755418661e-03, 9.311498624302590e-01, 7.036396945320931e-03, 9.376382475293313e-13, -9.141548336642838e+00, 1.079614982656310e+01, -1.007998155952827e+04, 1.569760765095853e-03
2576, 2.497967157356352e-02, 3.767156209166970e-03, 1.582870169151120e+00, 1.196123553514877e-02, 1.594244662820398e-12, 1.991551751883573e+01, -4.147184955205349e+00, -1.116560726614563e+05, 3.681303060894731e-04
2577, 4.688648691788318e-02, 1.281181336248195e-03, 1.157093222870013e-01, 8.743777502799007e-04, 1.164418399941284e-13, 2.553024864193980e+01, 1.367667494025836e+00, 1.472146061890360e+05, 1.458180932488985e+03
2578, 5.402246518863293e-02, 9.935631575917520e-04, 8.645938463069806e-02, 6.533454757986759e-04, 8.726421313310452e-14, 1.412232645758119e+01, 8.863323634805012e-01, 1.530182354107955e+05, 4.348687942966132e+03
2579, 1.247694982773588e-02, 4.467578587230766e-03, 1.809040333216606e+00, 1.367032997392972e-02, 1.822055431869095e-12, 2.974270794876912e+01, 2.770243353791846e+00, -1.284339458419000e+05, 4.207326780500512e-04
2580, 1.824803033022849e-02, 4.061055904234664e-03, 1.666347440232947e+00, 1.259204614785727e-02, 1.678217916142348e-12, 3.701385152621091e+01, -5.392827724665266e+00, -1.178057707485086e+05, 3.875457763634680e-04
2581, 4.580405276289001e-02, 9.917319204315392e-04, 1.240678367192344e-01, 9.375403278532749e-04, 1.250032924000587e-13, 2.908558971513770e+01, 1.276547940061734e+00, 1.462160911156039e+05, 1.065316224984624e+03
2582, 5.201178184701442e-02, 1.814285839383407e-03, 9.546077995273397e-02, 7.213660953607391e-04, 9.627428098805120e-14, 1.547141162572898e+01, 1.678657598489962e+00, 1.506479075257602e+05, 3.415148757344619e+03
2583, 5.093331179004486e-02, 4.472111027148829e-03, 2.649430033936777e-01, 2.002088186851352e-03, 2.691642040642182e-13, 9.394240470378490e+00, 1.281677923097530e+01, 1.192112206924829e+05, 1.468215239227322e+03
2584, 2.364608824436538e-02, 1.058534641345239e-03, 1.596751339396242e+00, 1.206613102818535e-02, 1.608115161596328e-12, 2.776917002991209e+01, -8.600825760623938e+00, -1.133933043063501e+05, 3.713568538399291e-04
2585, 3.146500473964314e-02, 2.889397805208083e-03, 1.555493676649780e+00, 1.175436027695263e-02, 1.566675679123690e-12, 3.707799610267242e+01, 4.660117025032882e-01, -1.099295545573949e+05, 3.617625236462788e-04
2586, 4.415928226921920e-02, 9.935429549151988e-04, 1.408260734733245e-01, 1.064176877632352e-03, 1.418689406522884e-13, 3.278284590458735e+01, 1.146101223345602e+00, 1.439263181162371e+05, 5.824837266282412e+02
2587, 3.037146773784996e-02, 1.569750187246526e-03, 1.585723745026048e+00, 1.198279908080343e-02, 1.597123906776887e-12, 6.706073677391180e+01, -6.082059781710475e-01, -1.144543755271496e+05, 3.687890030357750e-04
2588, 3.787240172783417e-02, 1.358399725621675e-03, 3.523141286693318e-01, 2.662323390448794e-03, 3.549443834939617e-13, 4.346613549014469e+01, 1.365906979286681e+00, 1.122546909970738e+05, 2.391070466609918e+00
2589, 5.234623627287609e-02, 1.306414157645423e-03, 9.147771201268670e-02, 6.912673451841499e-04, 9.219337242267702e-14, 1.617503643156239e+01, 1.096395601823161e+00, 1.517487443594567e+05, 3.704515978301384e+03
2590, 5.471650785795744e-02, 1.148020686450639e-03, 8.555359553587702e-02, 6.465007219335873e-04, 8.629456620097289e-14, 1.269647462839833e+01, 9.226489819955906e-01, 1.529966246062360e+05, 4.512870774715897e+03
2591, 4.750154805759792e-02, 1.212088103670684e-03, 1.118499383601040e-01, 8.452136400009342e-04, 1.126742330125023e-13, 2.465980741174484e+01, 1.365390027305401e+00, 1.480200538289890e+05, 1.699096595599078e+03
2592, 3.623804992154525e-02, 1.000501896791802e-03, 5.960109862060711e-01, 4.503861356721670e-03, 6.004375517368330e-13, 4.197454195740004e+01, 1.772468088710960e+00, 7.037866841493208e+04, 2.625283697430161e-02
2593, 5.128983600143334e-02, 1.137053601622855e-03, 9.406267634374196e-02, 7.108010806832754e-04, 9.481923744047450e-14, 1.823779323474258e+01, 1.076203841144515e+00, 1.513057225469869e+05, 3.329450939653080e+03
2594, 4.224175528047006e-02, 1.007603001255896e-03, 1.696632282458103e-01, 1.282089885988750e-03, 1.708874958599509e-13, 3.696455572584043e+01, 1.218518949906298e+00, 1.399896568182144e+05, 2.231505358909365e+02
2595, 4.129335512522169e-02, 1.787805519431929e-03, 1.907519984243161e-01, 1.441450869705461e-03, 1.921241403152693e-13, 3.598557234011852e+01, 2.331175460663304e+00, 1.368008691521037e+05, 1.218778502563505e+02
2596, 3.968782076436304e-02, 1.157519645750535e-03, 2.406916561190701e-01, 1.818828635660906e-03, 2.423980575761632e-13, 4.200769076922091e+01, 1.355574234763453e+00, 1.298529727876271e+05, 2.966354385770815e+01
2597, 3.308981524669358e-02, 1.672521071339279e-03, 1.578448105975478e+00, 1.192781944062303e-02, 1.589772061975523e-12, 5.990950719905626e+01, 1.029456271422935e-01, -1.140272818649686e+05, 3.671034035622206e-04
2598, 3.044160148579356e-02, 1.319568112669339e-03, 1.587364841244920e+00, 1.199520031167658e-02, 1.598775245387065e-12, 7.164289912635981e+01, -8.267079377828465e-01, -1.145043218161764e+05, 3.691697718498103e-04
2599, 2.203522193842737e-02, 1.374336549358774e-03, 1.586169153650746e+00, 1.198616488905038e-02, 1.597622422187879e-12, 6.645595633386339e+00, -7.967715259842022e+00, -1.118813085370849e+05, 3.688981916833098e-04
2600, 5.805859464651071e-02, 9.867912004260450e-04, 8.152686976455005e-02, 6.160720637119975e-04, 8.215471732916440e-14, 7.832987110501098e+00, 8.779252564455381e-01, 1.540097216353988e+05, 5.129174581297978e+03
2601, 3.632139643942237e-02, 1.596824879101020e-03, 6.151154075112819e-01, 4.648227260791502e-03, 6.193965901020737e-13, 3.828851776349299e+01, 2.569987410592010e+00, 6.641089600082632e+04, 3.481550573429273e-02
2602, 1.568479137791079e-02, 5.294117953273299e-03, 1.745185310051492e+00, 1.318779831273265e-02, 1.757692556408903e-12, 3.752987457689532e+01, -6.954972577695157e+00, -1.237890724666606e+05, 4.058812750373125e-04
2603, 2.840038193951698e-02, 1.206581406130367e-03, 1.596493515429478e+00, 1.206418273624502e-02, 1.607944245938033e-12, 6.558992783948318e+01, -4.702425256045856e+00, -1.148839749525851e+05, 3.712924698328827e-04
2604, 2.871638210523875e-02, 1.150388234402013e-03, 1.595625551985910e+00, 1.205762381853547e-02, 1.607081641675746e-12, 6.828366588118708e+01, -5.089102519659043e+00, -1.148262551377049e+05, 3.710905464261587e-04
2605, 1.767292302478294e-02, 4.838030266445763e-03, 1.697754324759223e+00, 1.282937776896242e-02, 1.709935124348665e-12, 5.290497516215922e+01, -9.395514930419278e+00, -1.210147821795994e+05, 3.948495538443366e-04
2606, 2.302276469113451e-02, 4.086886353113455e-03, 1.588331774335938e+00, 1.200250711085247e-02, 1.599724824803621e-12, 2.014219138618386e+01, -4.882197183114890e+00, -1.119614305604568e+05, 3.694009262356691e-04
2607, 2.808618014082875e-02, 3.461673617032080e-03, 1.568775658881214e+00, 1.185472790086781e-02, 1.579943184813851e-12, 1.189137675319409e+01, -2.052488512933639e+00, -1.104465874884986e+05, 3.648529098500745e-04
2608, 5.343834503971796e-02, 1.302921596920246e-03, 8.889358116002015e-02, 6.717399080101742e-04, 8.972312912009230e-14, 1.441764102578684e+01, 1.138194307612286e+00, 1.523386899412375e+05, 4.082063347747970e+03
2609, 5.332726858960558e-02, 1.138409410588853e-03, 8.843823302014017e-02, 6.682989900765974e-04, 8.924763625599403e-14, 1.493027355961787e+01, 9.929799082402574e-01, 1.524966569292745e+05, 4.088871291269196e+03
2610, 5.593397196505005e-02, 4.711875433361109e-03, 2.396818219066188e-01, 1.811197646653796e-03, 2.383247898893881e-13, 6.098754785725951e+00, 1.088387682431588e+01, 1.241220255299437e+05, 2.576684494738657e+03
2611, 5.711698051261410e-02, 1.192247886994422e-03, 8.263963459126880e-02, 6.244808659290652e-04, 8.325566694904339e-14, 9.116349512183952e+00, 9.325064005282862e-01, 1.536811408914757e+05, 4.999332392461178e+03
2612, 5.737633662724957e-02, 1.132441158190093e-03, 8.224070146884416e-02, 6.214662579509817e-04, 8.289330300526103e-14, 8.813130898401303e+00, 9.473326442685939e-01, 1.537937111841458e+05, 5.045095552606032e+03
2613, 1.686690816569781e-02, 4.262439976738654e-03, 1.709217966499610e+00, 1.291600478463276e-02, 1.721531090411789e-12, 3.819295295306748e+01, -1.422798965925213e+00, -1.207782253478424e+05, 3.975162495845116e-04
2614, 5.197943485686547e-02, 4.585544679890279e-03, 2.699096539708193e-01, 2.039619551416791e-03, 2.721662588110899e-13, 8.259170071797090e+00, 1.248721984193120e+01, 1.181023176035567e+05, 1.636047211959326e+03
2615, 5.224898771301258e-02, 4.570801511391188e-03, 2.583859925845630e-01, 1.952538986786414e-03, 2.596420766842497e-13, 8.341581657054991e+00, 1.198766704103919e+01, 1.198822004655111e+05, 1.730814861392203e+03
2616, 5.115663759646943e-02, 1.341222982821172e-03, 9.529059002950893e-02, 7.200800254119853e-04, 9.606295074545304e-14, 1.801419518137198e+01, 1.222741099752978e+00, 1.509279298499383e+05, 3.228482123745586e+03
2617, 3.813357449031869e-02, 1.377682536572472e-03, 3.286393163285170e-01, 2.483420526412134e-03, 3.312778285629305e-13, 4.337075586647510e+01, 1.269555876395702e+00, 1.159057093205172e+05, 3.924318837107400e+00
2618, 2.700973122122421e-02, 9.524882802879647e-04, 1.597220050628491e+00, 1.206967292666591e-02, 1.608632713743237e-12, 5.889291874325441e+01, -3.544159161502501e+00, -1.143184513475305e+05, 3.714626567210651e-04
2619, 1.596411376761683e-02, 4.231279979277369e-03, 1.728606091843920e+00, 1.306251454793985e-02, 1.741042732327418e-12, 2.594216165745491e+01, 3.640801416819005e-02, -1.217527933929654e+05, 4.020256578242828e-04
2620, 3.341601079268128e-02, 9.295269490729283e-04, 1.579923511450250e+00, 1.193896860038213e-02, 1.591257375045738e-12, 7.573464122653070e+01, 1.295510497864633e+00, -1.136464928527767e+05, 3.674388688608710e-04
2621, 3.471499018938395e-02, 1.366712046355893e-03, 1.597841121443028e+00, 1.207436615700283e-02, 1.609089220273219e-12, 6.110200398585950e+01, 1.381199802963491e+01, -1.203447948140878e+05, 3.719789204328577e-04
2622, 2.277182284617171e-02, 4.116656539848173e-03, 1.590274606164411e+00, 1.201718845968228e-02, 1.601641492200058e-12, 2.090270722055979e+01, -5.459220573541908e+00, -1.121722959206550e+05, 3.698527752144214e-04
2623, 2.377591488057328e-02, 3.431040822645954e-03, 1.601011476180285e+00, 1.209832349758554e-02, 1.612508579484340e-12, 3.176056946084040e+01, -9.346242103927143e+00, -1.144207271918326e+05, 3.723478650316515e-04
2624, 2.174712445303202e-02, 1.924194017844557e-03, 1.588863750306334e+00, 1.200652708040208e-02, 1.600379934410479e-12, 1.134769720533235e+01, -1.208550413121314e+01, -1.122577959370994e+05, 3.695246476026111e-04
2625, 2.178515942054420e-02, 1.750155894041950e-03, 1.586786174213618e+00, 1.199082751295095e-02, 1.598260151380113e-12, 7.749571653854496e+00, -9.290576938505989e+00, -1.120046064838303e+05, 3.690417189488540e-04
2626, 5.500814739375434e-02, 1.256055974905142e-03, 8.549556990732805e-02, 6.460622411133569e-04, 8.619431023583427e-14, 1.205835964780775e+01, 1.027035306999069e+00, 1.529577284877189e+05, 4.559575747344928e+03
2627, 5.480322554346391e-02, 4.516369121899300e-03, 1.974588949754097e-01, 1.492132707624964e-03, 1.974202700544536e-13, 7.113164810266329e+00, 7.521376088160470e+00, 1.304625538016815e+05, 2.473232484352183e+03
2628, 3.734709048858119e-02, 1.196461080271140e-03, 4.003334990064451e-01, 3.025190168815427e-03, 4.029038595333880e-13, 4.285937787293336e+01, 1.378788729030914e+00, 1.051613498741954e+05, 8.482981154336191e-01
2629, 3.714329141175025e-02, 1.004650275822519e-03, 4.228411631067421e-01, 3.195273272847817e-03, 4.256452915358552e-13, 4.264669155561172e+01, 1.187607212616349e+00, 1.016321711193541e+05, 5.376784655580865e-01
2630, 7.572152861874344e-02, 7.722334606931049e-04, 1.080808531503582e+00, 8.167318877865731e-03, 1.088228266155296e-12, -2.124598716076261e+01, 3.279343293156048e-02, -3.928837382652213e+04, 2.615828045421765e-04
2631, 4.054517161653469e-02, 3.190221478828267e-03, 2.338588124978438e-01, 1.767195056658580e-03, 2.359292938732718e-13, 2.992458490791150e+01, 5.444258057864212e+00, 1.281677231245089e+05, 4.966269886524650e+01
2632, 5.673477734577330e-02, 1.493322175859507e-03, 8.435384637777216e-02, 6.374346073888376e-04, 8.494915500442179e-14, 9.337798371451422e+00, 1.102260381989812e+00, 1.532409374986170e+05, 4.853153426632444e+03
2633, 2.731113560941577e-02, 3.075203049720107e-03, 1.581321715015167e+00, 1.194953437039356e-02, 1.592705861428546e-12, 3.405441609601885e+01, -5.935803460801001e+00, -1.121850356325401e+05, 3.677679498175974e-04
2634, 2.640318968158580e-02, 1.022795899978775e-03, 1.598751574208163e+00, 1.208124615270864e-02, 1.610218134687088e-12, 5.484612448656843e+01, -3.874468670969164e+00, -1.144490520995669e+05, 3.718191444092459e-04
2635, 2.967925491349115e-02, 1.319228905641250e-03, 1.591010977998850e+00, 1.202275298236117e-02, 1.602441773469958e-12, 7.121473563806573e+01, -3.004914735709987e+00, -1.147120524933771e+05, 3.700177381150223e-04
2636, 3.930670779144332e-02, 1.637204962820661e-03, 2.581547899512565e-01, 1.950791863611848e-03, 2.600632909217371e-13, 4.045621973700986e+01, 1.868180186980251e+00, 1.272353525676033e+05, 2.075286680588422e+01
2637, 1.746400072497371e-02, 4.069792838919674e-03, 1.686913454591378e+00, 1.274745683570415e-02, 1.699045135263813e-12, 1.731183036898946e+01, -1.629742892743497e+00, -1.187995596876985e+05, 3.923292856597962e-04
2638, 5.384506162007061e-02, 1.526498026480235e-03, 8.921668086568116e-02, 6.741814674987538e-04, 9.007514315372752e-14, 1.334506419798365e+01, 1.363118845637895e+00, 1.522236607967441e+05, 4.144659259359110e+03
2639, 4.700285154717822e-02, 3.208554190251730e-03, 1.401923374758765e-01, 1.059387940624619e-03, 1.407258244633224e-13, 2.009148792164741e+01, 3.962990364247068e+00, 1.410068220620946e+05, 1.039381056628425e+03
2640, 5.673737563059923e-02, 3.911826575169094e-03, 1.262373203502596e-01, 9.539344107081492e-04, 1.265385804764944e-13, 6.467057754343975e+00, 3.799281879906231e+00, 1.436626399523773e+05, 3.395414244978927e+03
2641, 1.898590401998397e-02, 4.516706414174640e-03, 1.665361921423398e+00, 1.258459890244491e-02, 1.677344985295525e-12, 5.705054257280561e+01, -1.540136592429682e+01, -1.193302618005263e+05, 3.873156995818847e-04
2642, 4.556228935668314e-02, 1.058401052519913e-03, 1.263325839989835e-01, 9.546542871461188e-04, 1.272741913306553e-13, 2.939266474657710e+01, 1.325870605209697e+00, 1.458761502945365e+05, 9.800895028607409e+02
2643, 3.673032408036302e-02, 3.592532861980359e-03, 5.187812107192001e-01, 3.920261038180674e-03, 5.229577819925611e-13, 2.307980664165500e+01, 1.503222806084878e+01, 8.620226193263377e+04, 2.046841594253608e-01
2644, 7.277406236449183e-02, 7.285377875360792e-04, 9.006617813514368e-01, 6.806008423314258e-03, 9.072313309432638e-13, -1.817340205600217e+01, 5.678039022337066e-01, -5.969360140994698e+03, 1.244063565429625e-03
2645, 2.741471902589022e-02, 1.331474082245463e-03, 1.601300961507879e+00, 1.210051104414216e-02, 1.612777979852399e-12, 5.775344871822420e+01, -4.427599746545593e+00, -1.154609629149964e+05, 3.724109647886865e-04
2646, 5.200891504789014e-02, 1.446249453492838e-03, 9.319235000859032e-02, 7.042243073697956e-04, 9.393985403394008e-14, 1.634613702425773e+01, 1.290425805811727e+00, 1.513341189905503e+05, 3.536880359748339e+03
2647, 4.047801956421269e-02, 1.713465221853033e-03, 2.113461679274952e-01, 1.597074316833051e-03, 2.126815189497354e-13, 3.803812733360738e+01, 1.903009791663142e+00, 1.336907061891272e+05, 6.654766110469679e+01
2648, 5.152650227523698e-02, 1.445862044525321e-03, 9.462199616001342e-02, 7.150276787911100e-04, 9.539332971639172e-14, 1.715745883450082e+01, 1.365644030638387e+00, 1.510046393113656e+05, 3.347444160046909e+03
2649, 2.243420108674140e-02, 1.666029860649772e-03, 1.596966134607817e+00, 1.206775416580399e-02, 1.608379392155175e-12, 1.931845815165256e+01, -1.228397009864384e+01, -1.133656926494020e+05, 3.714077126741065e-04
2650, 4.841414022161696e-02, 1.091110042332038e-03, 1.059847913133149e-01, 8.008926295718020e-04, 1.067583325205319e-13, 2.332762006841066e+01, 1.077653828390369e+00, 1.490709820491175e+05, 2.109514990898774e+03
2651, 3.312652044099750e-02, 1.188938352319282e-03, 1.581560276414101e+00, 1.195133710136832e-02, 1.592919702618305e-12, 6.977537678838279e+01, 6.375236351464589e-01, -1.141934340803016e+05, 3.678204389489939e-04
2652, 4.535061893138735e-02, 1.648210810649402e-03, 1.299299189629982e-01, 9.818381785618169e-04, 1.309170894223960e-13, 2.765816997650106e+01, 2.035401279762446e+00, 1.448712358636061e+05, 8.818779264416298e+02
2653, 3.109839696983984e-02, 3.236528500480704e-03, 1.547391077154874e+00, 1.169313156540435e-02, 1.558433680494696e-12, 2.066892621321749e+01, 4.905240479204560e-01, -1.086629201038552e+05, 3.598796830112874e-04
2654, 5.781456550719748e-02, 1.256146470709002e-03, 8.259172970828917e-02, 6.241188642944033e-04, 8.323351047070023e-14, 7.973186098946250e+00, 1.117757349938410e+00, 1.537189623278368e+05, 5.047324678248158e+03
2655, 5.204045505068315e-02, 4.346620643615722e-03, 1.960210522114503e-01, 1.481267397064491e-03, 1.972405042143217e-13, 9.997402628298575e+00, 7.101561282808107e+00, 1.302276015273911e+05, 1.877319573209291e+03
2656, 2.832186686416196e-02, 3.421358054060537e-03, 1.567369885479074e+00, 1.184410492805568e-02, 1.578529860274772e-12, 1.211471015202899e+01, -1.986244804485604e+00, -1.103514393134898e+05, 3.645260600224182e-04
2657, 5.882980305764209e-02, 5.020988032634701e-03, 2.819933762322321e-01, 2.130932314102663e-03, 2.804896237958295e-13, 2.879882072662355e+00, 1.442879472612816e+01, 1.168276566254174e+05, 2.421008204320256e+03
2658, 4.660784032683464e-02, 1.236814702461907e-03, 1.176783620316099e-01, 8.892571438159415e-04, 1.184563411018493e-13, 2.621080521295985e+01, 1.359398042322996e+00, 1.469484499960273e+05, 1.355873658977009e+03
2659, 4.442771045425059e-02, 1.110950264833980e-03, 1.375350834075989e-01, 1.039307935070235e-03, 1.385152424037944e-13, 3.157965967249427e+01, 1.271814745166143e+00, 1.442319558950984e+05, 6.527614898718065e+02
2660, 2.769955879035440e-02, 3.325584377913924e-03, 1.572405071751880e+00, 1.188215419460064e-02, 1.583656688887852e-12, 2.262423193171251e+01, -3.924906919210530e+00, -1.108396003868921e+05, 3.656958114008404e-04
2661, 2.778024559297010e-02, 9.990803281984609e-04, 1.595308849003740e+00, 1.205523059700777e-02, 1.606746034098977e-12, 6.319457678986305e+01, -3.300686251113188e+00, -1.143870656468549e+05, 3.710175690049095e-04
2662, 1.574857246698584e-02, 4.555816702367540e-03, 1.742647710545830e+00, 1.316862249782832e-02, 1.755188812534828e-12, 4.106398464985897e+01, -1.959197872883281e+00, -1.239110486574593e+05, 4.052908379787947e-04
2663, 2.516208516030185e-02, 1.194986063895620e-03, 1.603421783113163e+00, 1.211653740387975e-02, 1.614929459920722e-12, 4.532332410655005e+01, -5.496668041219148e+00, -1.149304255020560e+05, 3.729060603195257e-04
2664, 4.093393570077469e-02, 1.493051193546321e-03, 1.984039208861420e-01, 1.499273961356580e-03, 1.998152155102763e-13, 3.793659333431792e+01, 1.750502117138080e+00, 1.359656706454061e+05, 9.505357721019365e+01
2665, 7.457769107517564e-02, 7.535525292601307e-04, 1.017228798613629e+00, 7.686867495824878e-03, 1.024752159961670e-12, -2.053946396604098e+01, 2.116670201726150e-01, -2.706679417850237e+04, 2.515400606299409e-04
2666, 2.297570995318896e-02, 1.709870167581965e-03, 1.605156039445337e+00, 1.212964261545774e-02, 1.616610895649366e-12, 2.755175406791178e+01, -1.189814871148192e+01, -1.147516030789371e+05, 3.733113435552212e-04
2667, 5.670401185380938e-02, 9.420047999582916e-04, 8.213218013690651e-02, 6.206461975081822e-04, 8.275665120346194e-14, 9.928811409802899e+00, 7.277820062352029e-01, 1.539099032269899e+05, 5.005449853505324e+03
2668, 2.174506751063780e-02, 2.125012456242678e-03, 1.593855269498774e+00, 1.204424636900988e-02, 1.605404692480595e-12, 1.725221421400226e+01, -1.524475981425358e+01, -1.128999345371326e+05, 3.706850800113113e-04
2669, 2.422099636617259e-02, 9.887209693587380e-04, 1.596971359926647e+00, 1.206779365184081e-02, 1.608366086646089e-12, 3.540727646811282e+01, -6.919546848250378e+00, -1.135371444006910e+05, 3.714073903411723e-04
2670, 4.672364489989743e-02, 9.467583613412353e-04, 1.161223650276956e-01, 8.774989800584190e-04, 1.168805512162159e-13, 2.700577186779909e+01, 1.033483781872015e+00, 1.474789595090698e+05, 1.422680227933137e+03
2671, 6.141401784186112e-02, 1.417786031079943e-03, 9.567672558084593e-02, 7.229979263036478e-04, 9.657222002186087e-14, 3.740728474893355e+00, 1.131703717324858e+00, 1.498164937198090e+05, 4.308188584119187e+03
2672, 4.236845087962784e-02, 3.710935799865079e-03, 2.414948264324460e-01, 1.824897932737671e-03, 2.443536770268200e-13, 2.128238423133685e+01, 8.239191955645845e+00, 1.247396424186198e+05, 1.190319769517291e+02
2673, 5.906227460926219e-02, 1.307171556037213e-03, 8.355366637481204e-02, 6.313879071146672e-04, 8.406897020564758e-14, 6.193345087119914e+00, 9.127729473579348e-01, 1.532696310379387e+05, 5.003024506015590e+03
2674, 3.795100844718100e-02, 1.213436685751739e-03, 3.429038565771732e-01, 2.591213021994216e-03, 3.454578818946642e-13, 4.413919697845571e+01, 1.117278290266849e+00, 1.137798131350606e+05, 2.726862169232776e+00
2675, 2.185997605062810e-02, 2.544931471777593e-03, 1.612695035282994e+00, 1.218661235730365e-02, 1.624348787706602e-12, 3.128885428580832e+01, -1.806105653542925e+01, -1.157582018278246e+05, 3.750655407459808e-04
2676, 4.331556801412551e-02, 1.146807422717857e-03, 1.519178895472809e-01, 1.147994127561590e-03, 1.529883080161451e-13, 3.399848110830001e+01, 1.382005285828762e+00, 1.423905662384023e+05, 3.955436721822250e+02
2677, 4.347122878995299e-02, 1.275900368150916e-03, 1.501225421852533e-01, 1.134427270921551e-03, 1.512031621038167e-13, 3.324630640098083e+01, 1.546532868099549e+00, 1.425315382499054e+05, 4.233544849692053e+02
2678, 2.097453674542199e-02, 2.689967811579603e-03, 1.595048266904398e+00, 1.205326146275498e-02, 1.606621946704894e-12, 1.562879002573432e+01, -1.199396270642388e+01, -1.127456518941713e+05, 3.709633940676282e-04
2679, 1.471251434513804e-02, 5.485362890678680e-03, 1.761387194951073e+00, 1.331023069232643e-02, 1.774009711760539e-12, 3.198369096492035e+01, -5.169962649752765e+00, -1.243401899305201e+05, 4.096497321075727e-04
2680, 3.086541968803491e-02, 9.400275333152207e-04, 1.585146616423385e+00, 1.197843790748381e-02, 1.596509342370949e-12, 7.862654276347284e+01, -6.368883735665143e-01, -1.138031106054358e+05, 3.686530461429336e-04
2681, 1.710224572451934e-02, 4.391407802544781e-03, 1.707567433225261e+00, 1.290353224099801e-02, 1.719773351548755e-12, 4.858455790873158e+01, -4.078417134251930e+00, -1.211896653970551e+05, 3.971320607812470e-04
2682, 5.813151474545930e-02, 1.850339132791111e-03, 8.591664088244029e-02, 6.492441376507826e-04, 8.652000102552986e-14, 7.059729548373216e+00, 1.532030701649015e+00, 1.527971700103352e+05, 4.844829486770936e+03
2683, 4.597737696205392e-02, 1.343239362390266e-03, 1.232682290172185e-01, 9.314979522713548e-04, 1.241476568718762e-13, 2.735460232095220e+01, 1.685736546284653e+00, 1.459871188661979e+05, 1.108607445339766e+03
2684, 5.116250409093140e-02, 1.672422620837918e-03, 9.708697815210297e-02, 7.336547467414268e-04, 9.786500930113784e-14, 1.715116607236360e+01, 1.509059071498371e+00, 1.503504556898027e+05, 3.137195828877817e+03
2685, 3.491001751274736e-02, 9.561994934641055e-04, 1.552159870208617e+00, 1.172916778495582e-02, 1.561764032371416e-12, 2.705314276037355e+01, 1.917377248180565e+01, -1.190361411234063e+05, 3.608152464617015e-04
2686, 1.813589272269039e-02, 4.918583138673685e-03, 1.679730745261335e+00, 1.269317943522529e-02, 1.691779049205771e-12, 4.588546549288503e+01, -9.275938158735542e+00, -1.192072977564276e+05, 3.906579967923350e-04
2687, 5.442925340741961e-02, 1.374045711025565e-03, 8.715060459527851e-02, 6.585688004680429e-04, 8.795662121866984e-14, 1.270938505261038e+01, 1.145290896581147e+00, 1.526099583380388e+05, 4.369184413880011e+03
2688, 2.255080105788520e-02, 1.274247819781816e-03, 1.591230196360266e+00, 1.202440954428611e-02, 1.602636907533284e-12, 1.506917987588533e+01, -8.947233307465838e+00, -1.123575792466608e+05, 3.700742242008424e-04
2689, 5.286736829696528e-02, 3.916761015200078e-03, 1.422111420660271e-01, 1.074643390927000e-03, 1.435315137070510e-13, 1.077655103862148e+01, 4.536719795767868e+00, 1.403483865334327e+05, 2.460226019718674e+03
2690, 2.152260325582756e-02, 2.465542824649581e-03, 1.599781233857730e+00, 1.208902695610517e-02, 1.611371005104551e-12, 2.331853698113157e+01, -1.761034435236757e+01, -1.136989623952642e+05, 3.720631372032404e-04
2691, 2.251898981016424e-02, 1.071284137539438e-03, 1.588311595707729e+00, 1.200235462751641e-02, 1.599729301553763e-12, 1.186855851741169e+01, -7.521108503315954e+00, -1.118982926221463e+05, 3.693958693564078e-04
2692, 5.743422959252496e-02, 4.205467647306720e-03, 1.421099154866967e-01, 1.073878454560539e-03, 1.423502142997772e-13, 5.541870932484791e+00, 4.410802464098033e+00, 1.408375124108138e+05, 3.247360571337031e+03
2693, 4.377591174707568e-02, 1.254824185679257e-03, 1.461849312656055e-01, 1.104672024677271e-03, 1.472996309299297e-13, 3.267628875875977e+01, 1.507096056552472e+00, 1.430311408591039e+05, 4.862850077372206e+02
2694, 5.557526977064103e-02, 2.262836524419503e-03, 9.139995383465849e-02, 6.906797518994626e-04, 9.195671066177292e-14, 9.889636749517933e+00, 1.849611983474942e+00, 1.514134424420550e+05, 4.297904998623586e+03
2695, 4.998257237677202e-02, 1.584164808893580e-03, 1.009995034254124e-01, 7.632204289075518e-04, 1.017548224807397e-13, 1.930520407383710e+01, 1.475543540606850e+00, 1.496896463916467e+05, 2.679948150036321e+03
2696, 5.378550579768001e-02, 9.862493315978887e-04, 8.693665141157107e-02, 6.569520257800916e-04, 8.774257414228734e-14, 1.451850408988760e+01, 8.880818113011826e-01, 1.529225157073972e+05, 4.274677297844485e+03
2697, 5.630447910552477e-02, 4.121914672018254e-03, 1.403761110430228e-01, 1.060776657757331e-03, 1.403374610926831e-13, 6.840520513569565e+00, 4.614480228371031e+00, 1.409430161595883e+05, 3.154313759629984e+03
2698, 5.841710600685483e-02, 1.036278716961854e-03, 8.177336632944944e-02, 6.179347581571060e-04, 8.237752805860134e-14, 7.209187683042757e+00, 8.582361395193444e-01, 1.538803208595682e+05, 5.119131252919389e+03
2699, 1.535539685270392e-02, 4.309368370106202e-03, 1.746225590369501e+00, 1.319565937307011e-02, 1.758829910591371e-12, 2.721595368334040e+01, 1.658118276687670e-01, -1.232421911962320e+05, 4.061234358540618e-04
2700, 3.534701307109285e-02, 3.502450713681596e-03, 8.004838696911238e-01, 6.048996496406661e-03, 8.072504627853702e-13, -3.925016068768013e+00, 1.125909442969022e+01, 4.554022212498681e+04, 4.662009498779528e-03
2701, 7.031050864842980e-02, 3.983349689731116e-03, 7.824598577024915e-01, 5.912794894480725e-03, 7.879572675682921e-13, -6.673255726767654e+00, 1.379568402485362e+01, 1.793207738063746e+04, 1.146149068298498e+00
2702, 1.907539881494624e-02, 3.854903175238276e-03, 1.640960429805304e+00, 1.240020475923534e-02, 1.652638348387693e-12, 3.626312133898379e+01, -1.165784879283074e+01, -1.163152560113983e+05, 3.816413022482167e-04
2703, 5.334900394331242e-02, 4.678087923837456e-03, 2.798175033490768e-01, 2.114489949740967e-03, 2.822345184550986e-13, 7.324153355414651e+00, 1.346311152117561e+01, 1.169849487571920e+05, 1.925845679658980e+03
2704, 2.859596428372953e-02, 3.128831592998899e-03, 1.569269028512005e+00, 1.185845613485361e-02, 1.580429162935137e-12, 2.589354497332315e+01, -5.343558508789254e+00, -1.107169828112414e+05, 3.649674627094316e-04
2705, 4.760249762496516e-02, 1.979279182683714e-03, 1.152578820542535e-01, 8.709663631306937e-04, 1.159888053429612e-13, 2.215421218619450e+01, 2.207489346358142e+00, 1.467691813534888e+05, 1.614020917731430e+03
2706, 5.392186807351316e-02, 1.721214382728118e-03, 9.023917275820893e-02, 6.819081064850835e-04, 9.111859792056886e-14, 1.285201596216603e+01, 1.537993900204439e+00, 1.519185573218963e+05, 4.099022279956581e+03
2707, 5.267057226818195e-02, 4.817735490738608e-03, 4.089502849339083e-01, 3.090304420156998e-03, 4.112876852815082e-13, 4.762666395212761e+00, 2.398934131772672e+01, 9.111869870734592e+04, 1.435802504480118e+03
2708, 5.375897360702569e-02, 1.183149210140228e-03, 8.771759376758947e-02, 6.628533534074149e-04, 8.854343948142340e-14, 1.416786617845632e+01, 1.060802686665627e+00, 1.526724482003037e+05, 4.218976774042293e+03
2709, 2.315209974890664e-02, 2.401947517081084e-03, 1.617626848718111e+00, 1.222388046890416e-02, 1.629239870232725e-12, 3.631098320062646e+01, -1.415413004136270e+01, -1.171114926777779e+05, 3.762108663463235e-04
2710, 3.637950064880895e-02, 1.408068621136801e-03, 5.773918088877444e-01, 4.363162283787547e-03, 5.812982601542187e-13, 3.970900102457342e+01, 2.656302029531618e+00, 7.332677912602508e+04, 4.787838838772374e-02
2711, 2.628223951687184e-02, 1.276154037034293e-03, 1.603140516703951e+00, 1.211441196501924e-02, 1.614655071926818e-12, 5.267144653902412e+01, -4.836309275953221e+00, -1.153422210539219e+05, 3.728395585978745e-04
2712, 2.612340638003020e-02, 1.415568842373673e-03, 1.605069097831933e+00, 1.212898562593594e-02, 1.616586074313630e-12, 5.106443090542567e+01, -5.385601402343800e+00, -1.157047988312631e+05, 3.732880752235683e-04
2713, 3.483906096194725e-02, 2.743091631044218e-03, 1.549905077935068e+00, 1.171212905240758e-02, 1.561829859364940e-12, 6.578832274935285e+00, -5.011931187881950e+00, -1.252550668554815e+05, 5.573424037559097e-04
2714, 4.991498209445551e-02, 1.410536350547110e-03, 1.003408491409065e-01, 7.582431925006931e-04, 1.010967145008431e-13, 1.984629498472657e+01, 1.349142704183337e+00, 1.499046472736379e+05, 2.692839203380602e+03
2715, 3.847006015397104e-02, 1.065432488196907e-03, 3.011074314848274e-01, 2.275371018777239e-03, 3.034789792567895e-13, 4.381077069460444e+01, 9.763141170297180e-01, 1.206615626244407e+05, 6.805079246630252e+00
2716, 1.707353927568545e-02, 5.325549469082598e-03, 1.700972796149579e+00, 1.285369871145902e-02, 1.713041841551880e-12, 2.070922587773080e+01, -4.546619458375847e+00, -1.197090548768565e+05, 3.955990351859425e-04
2717, 2.068587954275897e-02, 3.107104747132084e-03, 1.607906178923272e+00, 1.215042452587011e-02, 1.619315646963654e-12, 2.869914247701626e+01, -1.703589213686702e+01, -1.143521466066054e+05, 3.739533071244466e-04
2718, 5.216630106094469e-02, 2.043968752302369e-03, 9.675146687195034e-02, 7.311193970172637e-04, 9.759206444903900e-14, 1.478917616879413e+01, 1.827579346361468e+00, 1.502303185546999e+05, 3.380852920263655e+03
2719, 4.022588344752799e-02, 9.825637477827464e-04, 2.207134539001936e-01, 1.667859853150243e-03, 2.224204720338594e-13, 4.150355228643205e+01, 1.089667517535706e+00, 1.328626301423565e+05, 5.032615093703274e+01
2720, 5.412543600476427e-02, 9.845999991154471e-04, 8.620983161015389e-02, 6.514596847114435e-04, 8.700952822404804e-14, 1.395501049374514e+01, 8.803970589804010e-01, 1.530677728375814e+05, 4.382828022679676e+03
2721, 4.741083371764244e-02, 1.059594111654151e-03, 1.119528714039660e-01, 8.459914715666845e-04, 1.127463565181592e-13, 2.527739090181070e+01, 1.217002045706779e+00, 1.481024301422539e+05, 1.678556627596976e+03
2722, 4.617234605417812e-02, 1.578214485506131e-03, 1.225470801728652e-01, 9.260484647825593e-04, 1.233929296182053e-13, 2.607797095219287e+01, 1.917942779987178e+00, 1.458845704674515e+05, 1.158863467907561e+03
2723, 6.713964575576928e-02, 7.371573430778125e-04, 4.581491078490605e-01, 3.462083938408004e-03, 4.612287000495653e-13, 2.904322425731886e+00, 1.952546548185935e+00, 7.749863115869281e+04, 6.086640075865175e+02
2724, 3.239059069386012e-02, 2.932477439779298e-03, 1.552223024219271e+00, 1.172964501929145e-02, 1.563352355264161e-12, 3.618194598345137e+01, 6.257608501795461e-01, -1.095016218927963e+05, 3.610046861355000e-04
2725, 2.185223178266334e-02, 1.959752582557976e-03, 1.591900094327222e+00, 1.202947174554734e-02, 1.603420167450505e-12, 1.515716412376219e+01, -1.381705688181973e+01, -1.126082238121960e+05, 3.702304096577970e-04
2726, 2.256638313885681e-02, 4.167282711386824e-03, 1.591300596976418e+00, 1.202494153886619e-02, 1.602663495160498e-12, 2.080770624370442e+01, -5.294467309260922e+00, -1.122221852216002e+05, 3.700914917269000e-04
2727, 5.282469847375514e-02, 4.569950547719370e-03, 2.511444871770516e-01, 1.897817283454567e-03, 2.527034672808628e-13, 7.983662189662199e+00, 1.217777009460376e+01, 1.221343421102120e+05, 1.919176640337964e+03
2728, 5.300073186271610e-02, 4.323733216032279e-03, 1.843837081047735e-01, 1.393327769054361e-03, 1.854621047433554e-13, 9.598572758224453e+00, 6.785646888048787e+00, 1.326406361971560e+05, 2.180418633247703e+03
2729, 5.254067681802697e-02, 1.315375997847343e-03, 9.100102052834372e-02, 6.876651425316661e-04, 9.172773560082363e-14, 1.581978498489072e+01, 1.113152094301908e+00, 1.518490419901208e+05, 3.773812263952646e+03
2730, 5.752848054622835e-02, 1.222583170498820e-03, 8.256439755875641e-02, 6.239123241215691e-04, 8.324075206207950e-14, 8.410154749338806e+00, 1.087115157340014e+00, 1.537377919360388e+05, 5.036449097373265e+03
2731, 2.369763004382889e-02, 1.452221523331864e-03, 1.604357068418025e+00, 1.212360505101968e-02, 1.615822652639414e-12, 3.269235132433102e+01, -1.076736381894044e+01, -1.148221766182218e+05, 3.731248323659151e-04
2732, 2.086299862824462e-02, 2.998139630435132e-03, 1.606447659114849e+00, 1.213940296560474e-02, 1.618020909443879e-12, 2.848153689885553e+01, -1.787441044791550e+01, -1.142482162916135e+05, 3.736139385122815e-04
2733, 4.384606984599401e-02, 4.052244604324954e-03, 2.919108422981409e-01, 2.205875382605771e-03, 2.940956751645798e-13, 1.574870032296835e+01, 1.414025571040332e+01, 1.150262021399720e+05, 1.975765865429308e+02
2734, 1.666988218144767e-02, 5.168398470060952e-03, 1.719192631305933e+00, 1.299138008543631e-02, 1.731488501034925e-12, 4.044994163035400e+01, -6.950762760437583e+00, -1.219501745300137e+05, 3.998359301449892e-04
2735, 6.824475401411521e-02, 1.576172395776683e-03, 5.823829504744916e-01, 4.400878718953572e-03, 5.863325219942118e-13, -3.488181750281222e+00, 2.763221781763497e+00, 5.311395778315711e+04, 8.387716431802271e+01
2736, 2.196823466017190e-02, 1.264888657627271e-03, 1.584847404903038e+00, 1.197617686324912e-02, 1.596286576683592e-12, 3.736279995327926e+00, -5.321935702914056e+00, -1.117816181967060e+05, 3.685911604584150e-04
2737, 6.348897434181598e-02, 4.043852232339047e-03, 2.569043114836817e-01, 1.941342404157990e-03, 2.600327922240374e-13, 2.940216456866172e+00, 1.049417257853558e+01, 1.200389926199290e+05, 2.060324266816874e+03
2738, 7.730151843859030e-02, 3.904291797199786e-03, 1.164829677962664e+00, 8.802239380074794e-03, 1.173512477116748e-12, -1.153289659406388e+01, 3.245915304389944e+00, -5.318361848389643e+04, 2.771764736595744e-04
2739, 5.729570183202139e-02, 4.882069192610233e-03, 2.677794175222640e-01, 2.023522046770904e-03, 2.674836309202130e-13, 4.202079422480371e+00, 1.226428559563063e+01, 1.194573779451235e+05, 2.592201560603203e+03
2740, 1.812259836950595e-02, 4.083749422808305e-03, 1.669907464742062e+00, 1.261894809628885e-02, 1.681806111691432e-12, 3.721144442847100e+01, -5.216794102249765e+00, -1.180476354596490e+05, 3.883737512117775e-04
2741, 4.954327914706321e-02, 1.192233709051287e-03, 1.009645317523172e-01, 7.629561593375415e-04, 1.017286468097635e-13, 2.105192197589077e+01, 1.215316172760488e+00, 1.498711588394119e+05, 2.574358970638613e+03
2742, 4.939116880296255e-02, 1.273542159768386e-03, 1.018808445251295e-01, 7.698804372177976e-04, 1.026028322260597e-13, 2.109739473099805e+01, 1.306083197740910e+00, 1.496168827472971e+05, 2.494597075320718e+03
2743, 2.728648487486452e-02, 1.139730494722885e-03, 1.599641993508456e+00, 1.208797476203073e-02, 1.611105738341552e-12, 5.884989983113552e+01, -3.741113685712758e+00, -1.149937321449848e+05, 3.720253982757352e-04
2744, 4.863512522728421e-02, 1.963293825596906e-03, 1.095171960458171e-01, 8.275858643262701e-04, 1.103020025829835e-13, 2.053680820077881e+01, 1.841774390618376e+00, 1.478007979922911e+05, 2.023756254902944e+03
2745, 2.188441444541351e-02, 1.721614733177444e-03, 1.587960639794214e+00, 1.199970256771619e-02, 1.599425911960977e-12, 1.000441197737686e+01, -1.052759523352296e+01, -1.121033463495358e+05, 3.693146152755466e-04
2746, 3.603681733275940e-02, 1.414837847821508e-03, 6.974251879782233e-01, 5.270215526283527e-03, 7.035219102973394e-13, 3.643023351015674e+01, 4.095316512096834e+00, 5.235548271745268e+04, 9.238147371907130e-03
2747, 2.017677446535321e-02, 3.189292875743269e-03, 1.605395737332699e+00, 1.213145393450520e-02, 1.617062143753823e-12, 1.190841911793106e+01, -6.279693490815353e+00, -1.131994612493743e+05, 3.733704253012872e-04
2748, 2.167434170628744e-02, 2.022673754753223e-03, 1.589809723850183e+00, 1.201367549509110e-02, 1.601330223509127e-12, 1.230666830587840e+01, -1.267119782572196e+01, -1.123908854194172e+05, 3.697446581340763e-04
2749, 3.068779863023438e-02, 1.324192840790892e-03, 1.587352687382213e+00, 1.199510846888533e-02, 1.598773519308350e-12, 7.155430423730958e+01, -1.003038379274090e+00, -1.145622657069162e+05, 3.691668612861038e-04
2750, 2.525470894435990e-02, 9.746257461647038e-04, 1.599201740466855e+00, 1.208464791284985e-02, 1.610677860569827e-12, 4.584756524321867e+01, -4.746288302704019e+00, -1.141373097093479e+05, 3.719249741492060e-04
2751, 5.754170305196234e-02, 2.293703082872972e-03, 8.972408800246845e-02, 6.780157783562423e-04, 9.040149600289654e-14, 7.260017131941937e+00, 1.822559088032035e+00, 1.518209706533800e+05, 4.603668469280162e+03
2752, 4.958940589204863e-02, 1.630996773892551e-03, 1.028708065216749e-01, 7.773612583503361e-04, 1.036403712626465e-13, 1.984046856959546e+01, 1.655790697333739e+00, 1.492209767680948e+05, 2.499183174742658e+03
2753, 3.748614898037032e-02, 1.030275119090977e-03, 3.839664957674996e-01, 2.901510043584311e-03, 3.862943836719705e-13, 4.399999446018008e+01, 1.231158220332236e+00, 1.075514698240190e+05, 1.091974312368468e+00
2754, 2.245079568090746e-02, 9.228426139307015e-04, 1.586409324941147e+00, 1.198797978545172e-02, 1.597799065027491e-12, 8.140657791215222e+00, -5.925960141573356e+00, -1.116817219561745e+05, 3.689538307267638e-04
2755, 3.926750518370465e-02, 3.745303322360078e-03, 3.723452025980661e-01, 2.813691707290150e-03, 3.754810278693369e-13, 2.235378519387963e+01, 1.375772189092792e+01, 1.061055220690458e+05, 8.622488574185782e+00
2756, 3.585953747349667e-02, 1.692221833390325e-03, 8.297162953928254e-01, 6.269896438735948e-03, 8.373065251428661e-13, 2.854115465182744e+01, 6.944942623846807e+00, 2.940099467638267e+04, 3.106952105857920e-03
2757, 4.339956715987341e-02, 3.078033951623743e-03, 1.703747238994187e-01, 1.287466427452015e-03, 1.714356896883114e-13, 2.651173621175893e+01, 4.722925496149656e+00, 1.370988347991801e+05, 3.006241445886843e+02
2758, 4.053192935856733e-02, 3.625856111016060e-03, 2.792831392021955e-01, 2.110451933517890e-03, 2.815447652950731e-13, 2.428736883890898e+01, 8.925812880991465e+00, 1.199232624581288e+05, 3.472753424395939e+01
2759, 4.906803960639401e-02, 3.777884755564549e-03, 1.542707281918781e-01, 1.165773764674782e-03, 1.551473187206954e-13, 1.570681122520519e+01, 4.653581619656288e+00, 1.374450464866845e+05, 1.380522937795651e+03
2760, 3.333750566225992e-02, 1.076650429962598e-03, 1.580933018531182e+00, 1.194659711736647e-02, 1.592279240866694e-12, 7.260002838368938e+01, 1.303395282989282e+00, -1.139759441768107e+05, 3.676750583999803e-04
2761, 2.758350927124150e-02, 1.420899920435231e-03, 1.600912824967495e+00, 1.209757802242641e-02, 1.612369938906540e-12, 5.785139411468548e+01, -4.593769512384569e+00, -1.155257827576307e+05, 3.723205772582373e-04
2762, 4.080627200473850e-02, 1.293589204705939e-03, 2.016024204891504e-01, 1.523443983545582e-03, 2.030174699893121e-13, 3.886810431287839e+01, 1.457892234822604e+00, 1.355747739377371e+05, 8.598040631413130e+01
2763, 1.961380863615851e-02, 4.689296189532008e-03, 1.637128413736578e+00, 1.237124745896783e-02, 1.648834320779061e-12, 3.775206731979506e+01, -1.028739195180301e+01, -1.158793337362517e+05, 3.807499041763277e-04
2764, 3.215982368224737e-02, 1.344216514517289e-03, 1.583430482950865e+00, 1.196546964446721e-02, 1.594810283143865e-12, 6.838442315311774e+01, 8.064672127403910e-01, -1.143752028200393e+05, 3.682542736865334e-04
2765, 2.945818585066298e-02, 1.355901804053440e-03, 1.592496819568541e+00, 1.203398100429836e-02, 1.603942812376651e-12, 6.979463043950018e+01, -3.791460383855824e+00, -1.148471972399089e+05, 3.703633586920862e-04
2766, 4.363743045404409e-02, 1.949691729291461e-03, 1.504557331159493e-01, 1.136945086518884e-03, 1.514391400434171e-13, 3.023972422035306e+01, 2.508529354248421e+00, 1.417853623695414e+05, 4.390212113093687e+02
2767, 2.771496704610930e-02, 1.574910746321455e-03, 1.600718241442133e+00, 1.209610761795261e-02, 1.612178314687362e-12, 5.697286117904004e+01, -5.313476463728025e+00, -1.156081457052616e+05, 3.722752825146861e-04
2768, 5.229311460905581e-02, 8.870551131569581e-04, 9.019091593709658e-02, 6.815434453685572e-04, 9.093465785087110e-14, 1.703510988072858e+01, 7.851896079621263e-01, 1.523057047897836e+05, 3.781222074095732e+03
2769, 1.729755974080283e-02, 4.074011533833341e-03, 1.692838961916268e+00, 1.279223396914150e-02, 1.705080039861071e-12, 1.682324562556740e+01, 6.062485759907756e-01, -1.192068178272711e+05, 3.937074349003403e-04
2770, 3.177531340860362e-02, 1.374374311483456e-03, 1.584316980974390e+00, 1.197216862197492e-02, 1.595686785277451e-12, 6.804797862173710e+01, 6.112075138433479e-01, -1.144659867004052e+05, 3.684606953021547e-04
2771, 3.163455233851246e-02, 1.546390426844747e-03, 1.583561993145539e+00, 1.196646342427576e-02, 1.594924589915465e-12, 6.472184814511900e+01, 6.243137969265665e-01, -1.144339185151492e+05, 3.682856510463203e-04
2772, 4.724143095364326e-02, 4.301210727713802e-03, 2.852641245955420e-01, 2.155648296688180e-03, 2.902151038647290e-13, 1.187688256632865e+01, 1.357299484138204e+01, 1.161967378957149e+05, 6.324946395109531e+02
2773, 4.391825097718854e-02, 9.867431272410927e-04, 1.439380831479677e-01, 1.087693323536438e-03, 1.450250271301782e-13, 3.339309164979623e+01, 1.131688913569108e+00, 1.435007274444030e+05, 5.220554761892133e+02
2774, 5.085772158591009e-02, 1.234936646109085e-03, 9.574176177562081e-02, 7.234893836949861e-04, 9.648450921456168e-14, 1.870700543638519e+01, 1.058098786529696e+00, 1.508661026122682e+05, 3.136092861796509e+03
2775, 3.592582210729296e-02, 2.604331894811675e-03, 7.633995434624623e-01, 5.768762293168784e-03, 7.685267430492802e-13, 2.419287830123361e+01, -5.406376433086209e+00, 4.134133494721114e+04, 1.015479442552593e-02
2776, 4.495566898030900e-02, 4.106276263113037e-03, 2.768557176152240e-01, 2.092108697347527e-03, 2.767044194099915e-13, 1.497726934344238e+01, 1.207121239991040e+01, 1.166081735627514e+05, 3.151612626231057e+02
2777, 4.459983418278912e-02, 4.047162676556340e-03, 2.672856821082017e-01, 2.019791048679089e-03, 2.675451495702089e-13, 1.688053198065974e+01, 1.195438886818142e+01, 1.185762838995404e+05, 2.842677472295597e+02
2778, 2.493706167419551e-02, 1.681113319611355e-03, 1.610159815505221e+00, 1.216745452523015e-02, 1.621695503945619e-12, 4.359153827455045e+01, -7.137759043826042e+00, -1.162555514218561e+05, 3.744727563470787e-04
2779, 4.012059078471487e-02, 9.768014328978543e-04, 2.244608959630810e-01, 1.696178055136977e-03, 2.260788244671265e-13, 4.178088923218824e+01, 1.087407787678589e+00, 1.322378571019422e+05, 4.523400689700775e+01
2780, 2.205657016623609e-02, 4.296830100562344e-03, 1.594215876609827e+00, 1.204697135977353e-02, 1.605570420685202e-12, 2.037461185050598e+01, -5.785773688843960e+00, -1.123253828048212e+05, 3.707697082180867e-04
2781, 2.953703571515045e-02, 1.033734829057617e-03, 1.590340508142777e+00, 1.201768645951941e-02, 1.601752080279068e-12, 7.464990778336659e+01, -2.701159350562140e+00, -1.142389258980868e+05, 3.698613590265541e-04
2782, 2.529060210757174e-02, 2.147519540060143e-03, 1.610099353420057e+00, 1.216699763289880e-02, 1.621686512544043e-12, 4.336874090834621e+01, -7.466131326705322e+00, -1.165137750289196e+05, 3.744585280412042e-04
2783, 2.139076534893542e-02, 2.655903450410249e-03, 1.604769524480718e+00, 1.212672184746269e-02, 1.616402415190384e-12, 2.683180473530776e+01, -1.853379559764126e+01, -1.143823794315344e+05, 3.732232030818603e-04
2784, 3.903300181672719e-02, 1.886917914396665e-03, 2.717568227225695e-01, 2.053578005460751e-03, 2.736347777997328e-13, 3.982805216328612e+01, 2.141449411257406e+00, 1.249683120047501e+05, 1.551339035535483e+01
2785, 5.831469377629248e-02, 2.017624096664369e-03, 8.727935624963779e-02, 6.595417348840410e-04, 8.786885315538507e-14, 6.672848424018288e+00, 1.620044955225139e+00, 1.524311126517366e+05, 4.771324801946203e+03
2786, 5.383267758281005e-02, 4.692367374693566e-03, 2.754352148574566e-01, 2.081374419577440e-03, 2.779049338827910e-13, 6.120029343759937e+00, 1.345074139568358e+01, 1.180147659142354e+05, 2.049253710255274e+03
2787, 2.019296821871161e-02, 4.782615460336448e-03, 1.615960873335055e+00, 1.221129123427093e-02, 1.627766834833656e-12, 1.844664992959943e+01, -5.437560984303623e+00, -1.133992770984516e+05, 3.758275027492035e-04
2788, 2.031808793385081e-02, 3.100319263948442e-03, 1.602646006257562e+00, 1.211067511025978e-02, 1.614326380460973e-12, 1.116087452492958e+01, -6.399782466745907e+00, -1.130474611648905e+05, 3.727308903947278e-04
2789, 2.604831702728156e-02, 9.933369378641284e-04, 1.598192196924039e+00, 1.207701912033490e-02, 1.609670894060925e-12, 5.226646448369006e+01, -4.211790900966729e+00, -1.142646544258894e+05, 3.716894507639661e-04
2790, 5.770973018707074e-02, 1.163352491670648e-03, 8.222390026783728e-02, 6.213392967342960e-04, 8.287528953507488e-14, 8.233615459961149e+00, 1.051522662290298e+00, 1.538023933692611e+05, 5.066173401887256e+03
2791, 5.425106530943845e-02, 1.325643398934321e-03, 8.725840728566532e-02, 6.593834303702072e-04, 8.807410287726560e-14, 1.308425662132897e+01, 1.148041393385220e+00, 1.526048703832942e+05, 4.331077576526748e+03
2792, 5.024386918112195e-02, 2.225334361493656e-03, 1.046822014424663e-01, 7.910493811774549e-04, 1.054920913709166e-13, 1.727189029855845e+01, 2.182555921606385e+00, 1.484241819745836e+05, 2.580051968473414e+03
2793, 3.794641538609000e-02, 1.098893464131417e-03, 3.419681198029548e-01, 2.584141963247002e-03, 3.444896817003407e-13, 4.469053416309083e+01, 9.718015368231913e-01, 1.139738416619905e+05, 2.663904597527135e+00
2794, 4.025425476305811e-02, 1.596063631211886e-03, 2.195216122415131e-01, 1.658853493009300e-03, 2.210711241548285e-13, 3.910411187226757e+01, 1.829045251916148e+00, 1.326435705869688e+05, 5.393446243257220e+01
2795, 5.029352341738644e-02, 4.278200889806523e-03, 2.081711928163068e-01, 1.573082061583769e-03, 2.103444550321743e-13, 1.109638879880529e+01, 7.257647752844341e+00, 1.281218597065886e+05, 1.422034116219860e+03
2796, 3.154615194542336e-02, 1.307018495837176e-03, 1.584824783761717e+00, 1.197600592263482e-02, 1.596203440002763e-12, 7.010231484297167e+01, 4.649838731919751e-01, -1.144132261419215e+05, 3.685786974353696e-04
2797, 2.396249154663965e-02, 3.901162735162030e-03, 1.585578782522690e+00, 1.198170364626879e-02, 1.596990902635258e-12, 1.928831625404668e+01, -4.861301943952903e+00, -1.118131298597068e+05, 3.687603928510774e-04
2798, 3.364930936797816e-02, 1.278282288825777e-03, 1.580328190560621e+00, 1.194202662892393e-02, 1.591666059258641e-12, 6.719053764508564e+01, 1.886935665204062e+00, -1.142276824645661e+05, 3.675477958035439e-04
2799, 1.640264617578915e-02, 5.208639434988786e-03, 1.724783093557561e+00, 1.303362539212377e-02, 1.737033091458031e-12, 3.880652770429827e+01, -7.204035724808296e+00, -1.223015915329164e+05, 4.011361672938089e-04
2800, 3.208498227824109e-02, 1.210373444610466e-03, 1.583840296287035e+00, 1.196856647068515e-02, 1.595218587404628e-12, 7.152007948249503e+01, 7.542870419305925e-01, -1.142553966776634e+05, 3.683492807096626e-04
2801, 4.999520947428177e-02, 9.917976027909977e-04, 9.840929400615023e-02, 7.436470579810848e-04, 9.917567917406346e-14, 2.078469598371615e+01, 9.911561156209906e-01, 1.505545381845631e+05, 2.809866971606571e+03
2802, 5.218595948585313e-02, 1.390047967225980e-03, 9.237805396499300e-02, 6.980709367632517e-04, 9.312938865740439e-14, 1.618942509553879e+01, 1.193072014135972e+00, 1.515412862989094e+05, 3.621396009385016e+03
2803, 4.859402093556797e-02, 4.373076935332128e-03, 2.779975634284970e-01, 2.100737255126744e-03, 2.807340439550244e-13, 1.075602783532482e+01, 1.307792173763943e+01, 1.168687991847909e+05, 9.056142775904980e+02
2804, 2.553391437893094e-02, 1.027044322989707e-03, 1.599787948907923e+00, 1.208907769955816e-02, 1.611280585249134e-12, 4.805637597900598e+01, -4.536859293104344e+00, -1.143810672172459e+05, 3.720609476533064e-04
2805, 3.723170935256027e-02, 3.138780449067383e-03, 4.051111943370532e-01, 3.061293659978002e-03, 4.083149445952143e-13, 3.329982671045284e+01, 3.874438218167691e+00, 1.037866107966087e+05, 8.936521906093848e-01
2806, 5.575296379559300e-02, 1.100963563538892e-03, 8.384330315974597e-02, 6.335765981845256e-04, 8.450472890351028e-14, 1.119906901485080e+01, 9.900278487111525e-01, 1.535329251185443e+05, 4.783559327613411e+03
2807, 5.562732675111400e-02, 1.172409849831906e-03, 8.429872551718910e-02, 6.370180769561221e-04, 8.497412613988524e-14, 1.128909482398869e+01, 1.057573861066284e+00, 1.533927039486085e+05, 4.735847271431773e+03
2808, 2.557137038685984e-02, 1.466225528515832e-03, 1.606754841815424e+00, 1.214172424545850e-02, 1.618265886794558e-12, 4.757101693163404e+01, -5.835782133985974e+00, -1.157806319750010e+05, 3.736805239547004e-04
2809, 4.061119621481447e-02, 1.999358427448772e-03, 2.109196729517395e-01, 1.593851432884565e-03, 2.127681328410203e-13, 3.661292361328352e+01, 2.472248484399020e+00, 1.339155087148024e+05, 7.233259591396029e+01
2810, 5.165400679063479e-02, 1.575901559790592e-03, 9.496202877165018e-02, 7.175971947480572e-04, 9.574124320036355e-14, 1.661424116327586e+01, 1.479841871912461e+00, 1.508606402887915e+05, 3.358844052707454e+03
2811, 2.215757197015512e-02, 9.954921729911905e-04, 1.585055779646201e+00, 1.197775148347481e-02, 1.596446696314859e-12, 3.682775142668302e+00, -4.362275450336093e+00, -1.117239607743646e+05, 3.686395326147678e-04
2812, 3.338364504703604e-02, 3.092762701091711e-03, 1.548315142094711e+00, 1.170011442389191e-02, 1.559349294542212e-12, 3.089223359420247e+01, 5.744008744790411e-01, -1.090074187360399e+05, 3.606176810569798e-04
2813, 2.588882341851824e-02, 9.989714119625120e-04, 1.598482867969575e+00, 1.207921562697624e-02, 1.609963474613859e-12, 5.100826582397260e+01, -4.316196996423270e+00, -1.142846732190272e+05, 3.717571743101974e-04
2814, 4.922631013023719e-02, 4.101008139443031e-03, 1.912248957731638e-01, 1.445024401309070e-03, 1.925019641414977e-13, 1.362112050234596e+01, 6.333187322759651e+00, 1.311408396538523e+05, 1.245751757916690e+03
2815, 6.578071724099673e-02, 7.097055969350074e-04, 2.824262761992539e-01, 2.134203598486216e-03, 2.828814556961466e-13, 4.417514786368090e+00, 1.314436791417690e+00, 1.129966049509202e+05, 1.712160695374134e+03
2816, 4.481142065139147e-02, 1.139405861601363e-03, 1.331408993351282e-01, 1.006102513867768e-03, 1.340322690354137e-13, 3.061853213987264e+01, 1.272288050040463e+00, 1.448262860631105e+05, 7.575566489210300e+02
2817, 2.525629040357362e-02, 3.743338033329467e-03, 1.581541271577736e+00, 1.195119348799486e-02, 1.592829942651059e-12, 1.827839827355498e+01, -3.604370966491211e+00, -1.115345488469727e+05, 3.678212847447479e-04
2818, 3.118188441833861e-02, 1.446170707702600e-03, 1.585192653773350e+00, 1.197878579677810e-02, 1.596580709642532e-12, 6.815667959576952e+01, 2.676933265327867e-01, -1.144735946760857e+05, 3.686647044106922e-04
2819, 5.878238333519939e-02, 2.249445250628061e-03, 8.980585971408062e-02, 6.786337006103831e-04, 9.036801584073719e-14, 5.833604229231832e+00, 1.724311618624156e+00, 1.517128327204032e+05, 4.639696233854650e+03
2820, 5.175915224128417e-02, 4.606477671951758e-03, 2.865162350032660e-01, 2.165110088184615e-03, 2.898322696029823e-13, 7.579628692485031e+00, 1.410383559141759e+01, 1.154630806989536e+05, 1.548146539538259e+03
2821, 4.280673859682167e-02, 1.608210899297409e-03, 1.604218483601898e-01, 1.212255781059554e-03, 1.616146332503986e-13, 3.340170688103945e+01, 1.778389116269496e+00, 1.408981899112183e+05, 3.048926398968061e+02
2822, 4.277313352935718e-02, 1.823978442039012e-03, 1.620081345890536e-01, 1.224242830647992e-03, 1.631802864568642e-13, 3.271443429097980e+01, 2.144929180535713e+00, 1.404473525816840e+05, 2.949965283932781e+02
2823, 4.012906559309514e-02, 1.458929785677442e-03, 2.237612794703469e-01, 1.690891280632687e-03, 2.253797370806627e-13, 3.998969029313989e+01, 1.642742690336741e+00, 1.321059727692740e+05, 4.750770449804941e+01
2824, 4.808504697006441e-02, 9.879976987382565e-04, 1.076849918033390e-01, 8.137404922168185e-04, 1.084716165805898e-13, 2.426269757233506e+01, 1.058630946787839e+00, 1.488790571786357e+05, 1.974482685523240e+03
2825, 5.884857194120809e-02, 1.755746563230753e-03, 8.579686049649449e-02, 6.483389961953719e-04, 8.632631162555342e-14, 6.104201321467269e+00, 1.259363205387664e+00, 1.527276430601890e+05, 4.863070978708838e+03
2826, 4.314965358293586e-02, 3.374313332275148e-03, 1.894061488037641e-01, 1.431280721439480e-03, 1.906380134231176e-13, 2.460977652802439e+01, 5.726640638330251e+00, 1.334642115462221e+05, 2.288708983948409e+02
2827, 5.593271917753628e-02, 1.204318857565310e-03, 8.399034831890552e-02, 6.346877706719159e-04, 8.462270703085938e-14, 1.077762241547478e+01, 1.037322838242173e+00, 1.534907977985127e+05, 4.796355019279652e+03
2828, 5.594136523334829e-02, 1.361003049308705e-03, 8.467238998759585e-02, 6.398417379416109e-04, 8.531279454832654e-14, 1.053895396332084e+01, 1.152609483488218e+00, 1.532904223807795e+05, 4.752319182114302e+03
2829, 5.597062729746238e-02, 1.556373022386290e-03, 8.562864211963282e-02, 6.470678245817573e-04, 8.622614783521589e-14, 1.024816669503100e+01, 1.255400671582027e+00, 1.530115365187332e+05, 4.693333572445700e+03
2830, 4.599082569715679e-02, 1.498333077203222e-03, 1.237488951202325e-01, 9.351301898256036e-04, 1.246368349395494e-13, 2.676800708871050e+01, 1.881691529886496e+00, 1.457863324354256e+05, 1.101020694910265e+03
2831, 5.061759788771725e-02, 1.379984324672770e-03, 9.725181526412631e-02, 7.349003672353480e-04, 9.799067847557082e-14, 1.873258390707153e+01, 1.173917943186621e+00, 1.504855466661422e+05, 3.004026554173104e+03
2832, 6.407260462485720e-02, 5.723385741344642e-04, 1.457643148862068e-01, 1.101493563374126e-03, 1.455890406588740e-13, 2.517733852298981e+00, 9.150228674458829e-01, 1.391174829654071e+05, 2.896131491318011e+03
2833, 5.132548970294134e-02, 1.499679859940705e-03, 9.551691396828663e-02, 7.217902818763452e-04, 9.626089480497596e-14, 1.737383384504530e+01, 1.393660047021115e+00, 1.507569537377555e+05, 3.252634376268936e+03
2834, 5.861157082990814e-02, 5.035287271696874e-03, 2.918742408064417e-01, 2.205598797031700e-03, 2.900555230072145e-13, 2.077992756149417e+00, 1.462166395080752e+01, 1.149247981486098e+05, 2.402036976943978e+03
2835, 4.583860422687185e-02, 1.623222136244111e-03, 1.256656966551806e-01, 9.496148361853713e-04, 1.265945632823576e-13, 2.673663683950366e+01, 2.058225833523344e+00, 1.454273402927780e+05, 1.036407173854368e+03
2836, 1.914817667429988e-02, 3.942615709766076e-03, 1.648801127780956e+00, 1.245945436610418e-02, 1.660588263645857e-12, 4.750987635740165e+01, -1.509752317346077e+01, -1.176102571095491e+05, 3.834644597123712e-04
2837, 5.454139592687745e-02, 1.051451171582683e-03, 8.555999931581727e-02, 6.465491132177380e-04, 8.633457554421042e-14, 1.313302765154617e+01, 8.864932592013757e-01, 1.530933346467016e+05, 4.489636723316539e+03
2838, 3.014411872935410e-02, 3.156518629516049e-03, 1.551035046102594e+00, 1.172066785468164e-02, 1.562167176799232e-12, 2.455067671887872e+01, 5.566784460053906e-01, -1.089303637084195e+05, 3.607274623565766e-04
2839, 2.382442949175332e-02, 1.595964784376361e-03, 1.607271009394624e+00, 1.214562475613252e-02, 1.618711112278041e-12, 3.532782983592978e+01, -1.066578288197590e+01, -1.154048848223803e+05, 3.738021590968144e-04
2840, 4.954241307876980e-02, 4.139799612990288e-03, 1.933613652762529e-01, 1.461169007126012e-03, 1.945749643552489e-13, 1.317252030553313e+01, 6.511701977280522e+00, 1.307381298518546e+05, 1.308735987663483e+03
2841, 2.597559789609519e-02, 1.134308810708658e-03, 1.600915600804115e+00, 1.209759899852188e-02, 1.612373082903927e-12, 5.140935662644142e+01, -4.718533433062796e+00, -1.147788271467767e+05, 3.723226058176943e-04
2842, 1.835359737547921e-02, 4.029689603464401e-03, 1.663081283115976e+00, 1.256736485981965e-02, 1.674968356599617e-12, 3.508708535837575e+01, -4.788193139445029e+00, -1.175762233459409e+05, 3.867861899447823e-04
2843, 4.309883197778538e-02, 1.203806430848811e-03, 1.550378145607004e-01, 1.171570387108891e-03, 1.560903613040389e-13, 3.425141394637394e+01, 1.392898011532615e+00, 1.419303814073454e+05, 3.568883514525142e+02
2844, 1.435366906575942e-02, 4.256417979797346e-03, 1.763579346152188e+00, 1.332679606664207e-02, 1.776273449099137e-12, 2.252673337947636e+01, -3.455648241654746e-01, -1.242643832518908e+05, 4.101596497688421e-04
2845, 5.270736957759677e-02, 1.137589038402093e-03, 8.985759534067608e-02, 6.790246499295642e-04, 9.063845453577275e-14, 1.590283364704958e+01, 9.303620341778746e-01, 1.522165244139210e+05, 3.880139562075136e+03
2846, 3.949692740104697e-02, 1.030382922211039e-03, 2.488086351466188e-01, 1.880166008664959e-03, 2.506556806270959e-13, 4.249090459731000e+01, 1.291759794203496e+00, 1.288904764368862e+05, 2.397997979170440e+01
2847, 3.221035384947746e-02, 3.328460643383340e-03, 1.545286220186203e+00, 1.167722584523811e-02, 1.556362806680570e-12, 2.015700770674705e+01, 1.484710068102648e+00, -1.084219126562467e+05, 3.593911573431700e-04
2848, 5.190506770770330e-02, 9.760691167141288e-04, 9.160115676719038e-02, 6.922001770821175e-04, 9.234951475805401e-14, 1.756408070736975e+01, 9.361192973904215e-01, 1.519224192556216e+05, 3.610348115137997e+03
2849, 4.854767188998696e-02, 4.165953594741772e-03, 2.117016314680003e-01, 1.599760439304283e-03, 2.139033383845915e-13, 1.336477694074148e+01, 7.749722950491430e+00, 1.274021170613116e+05, 1.026082136902062e+03
2850, 3.069843482475828e-02, 2.774250500865950e-03, 1.559610764534376e+00, 1.178547177230216e-02, 1.570793826959618e-12, 4.028504926541378e+01, -1.008036147148343e-01, -1.105122028575376e+05, 3.627203409083486e-04
2851, 1.783664840445132e-02, 4.741336383983635e-03, 1.695497018622430e+00, 1.281232003996900e-02, 1.707689041921886e-12, 5.676334686569197e+01, -9.872481720057932e+00, -1.210825129897158e+05, 3.943244621866854e-04
2852, 3.634954147806228e-02, 9.993731416585768e-04, 5.649492871623646e-01, 4.269138190144433e-03, 5.691666231948760e-13, 4.203696898428402e+01, 1.599671073404221e+00, 7.587881913404120e+04, 4.397192127619333e-02
2853, 2.839995634032590e-02, 3.242368482556478e-03, 1.569017855218118e+00, 1.185655809988720e-02, 1.580191947952905e-12, 2.207420912468417e+01, -4.049019472617962e+00, -1.105749075632446e+05, 3.649086767812615e-04
2854, 2.309162962002084e-02, 3.872182183036308e-03, 1.593725943799614e+00, 1.204326909672404e-02, 1.605172648059325e-12, 2.636972284816008e+01, -7.495324307300403e+00, -1.128172083636981e+05, 3.706547629205425e-04
2855, 3.660818250028552e-02, 1.149821550130475e-03, 5.060848451712925e-01, 3.824318729254926e-03, 5.096149862305048e-13, 4.081659604697795e+01, 1.764140307556493e+00, 8.654835153399041e+04, 1.236142185160545e-01
2856, 2.938665406770202e-02, 1.622241366942701e-03, 1.592230300078785e+00, 1.203196700311625e-02, 1.603683038122087e-12, 6.562011035388696e+01, -4.477368738846027e+00, -1.149598592290922e+05, 3.703024325106547e-04
2857, 5.606573702064153e-02, 1.879508117881669e-03, 8.757333200624681e-02, 6.617632141532056e-04, 8.814377070606395e-14, 9.648186424490305e+00, 1.458741473032983e+00, 1.525198132330028e+05, 4.587873237699771e+03
2858, 5.472213537633751e-02, 4.740430167406878e-03, 2.677548689791870e-01, 2.023336541408284e-03, 2.670773922203275e-13, 5.273875593676111e+00, 1.288769047176726e+01, 1.194355891591644e+05, 2.212159642274718e+03
2859, 3.434687255705349e-02, 1.776810744314752e-03, 1.578662857634365e+00, 1.192944224912851e-02, 1.590002900083899e-12, 6.136141849236097e+01, 5.942010388911462e+00, -1.137992558595387e+05, 3.682237848345935e-04
2860, 3.444207393877535e-02, 3.154666287757661e-03, 1.544810157771021e+00, 1.167362839625722e-02, 1.555626497748072e-12, 2.355392796825158e+01, -3.553481832677518e+00, -1.105728292069899e+05, 4.758485572588037e-04
2861, 5.169805750692858e-02, 1.806452845728367e-03, 9.639075467420019e-02, 7.283936121476566e-04, 9.719861243932921e-14, 1.595579981778722e+01, 1.739404639180288e+00, 1.504465577702038e+05, 3.298545218778197e+03
2862, 5.171119797684395e-02, 8.849997157820507e-04, 9.194454306289913e-02, 6.947950357398592e-04, 9.270055737349868e-14, 1.810187759547697e+01, 8.599272075787548e-01, 1.519000413942538e+05, 3.549016204441506e+03
2863, 7.932315803959242e-02, 4.838991330781863e-03, 1.299826518274857e+00, 9.822366636842446e-03, 1.309548435989345e-12, -4.091463038274371e+00, 4.154197032341080e+00, -7.848737941240871e+04, 3.058873751993844e-04
2864, 3.228750509493383e-02, 9.946226997986614e-04, 1.583012676482687e+00, 1.196231241674811e-02, 1.594369711398603e-12, 7.584093256395704e+01, 1.405660364309599e-01, -1.138502342438622e+05, 3.681563437066351e-04
2865, 2.637767814957927e-02, 1.757472977330827e-03, 1.605753093329384e+00, 1.213415435765463e-02, 1.617248488322385e-12, 5.005525268732460e+01, -5.961773901353386e+00, -1.161069767285991e+05, 3.734468906187348e-04
2866, 4.131457063827333e-02, 1.126832909205678e-03, 1.894320048026119e-01, 1.431476106821010e-03, 1.908309717722278e-13, 3.847815696978994e+01, 1.338548399355949e+00, 1.374590231946511e+05, 1.222218430171087e+02
2867, 6.013008960505520e-02, 4.168820756451924e-03, 1.537372679082555e-01, 1.161742578652876e-03, 1.543186739590513e-13, 2.483500830475289e+00, 5.589837886710071e+00, 1.390617081197534e+05, 3.143046126126486e+03
2868, 7.938125885218852e-02, 6.139462327189269e-04, 1.311145148090591e+00, 9.907897844518468e-03, 1.320781340673481e-12, -2.429779954779851e+01, 2.319073318722007e-02, -8.190571565942261e+04, 3.159799108300836e-04
2869, 2.788197943121661e-02, 9.736481345163580e-04, 1.594770360797332e+00, 1.205116141660669e-02, 1.606212609296140e-12, 6.410904520068620e+01, -3.296371095684681e+00, -1.143041817937020e+05, 3.708923025443756e-04
2870, 4.506062064226889e-02, 1.176869290400964e-03, 1.308676349431682e-01, 9.889241935254166e-04, 1.318053909205660e-13, 2.991341334754304e+01, 1.334766235999749e+00, 1.451433860512486e+05, 8.256006658146308e+02
2871, 3.195827149657828e-02, 1.191778231320430e-03, 1.583884447195094e+00, 1.196890010475109e-02, 1.595256200220890e-12, 7.234502533231579e+01, 7.660422396532547e-01, -1.142078539762711e+05, 3.683595570527986e-04
2872, 1.714166883798075e-02, 4.180009141646693e-03, 1.699507757971083e+00, 1.284262789398914e-02, 1.711647456275612e-12, 3.223297553134935e+01, -1.650625634118499e+00, -1.198979892736660e+05, 3.952580908734015e-04
2873, 3.035500913068475e-02, 9.960359625729419e-04, 1.586744618948284e+00, 1.199051349331424e-02, 1.598117630544941e-12, 7.776296798449800e+01, -9.807296061929098e-01, -1.139476912145870e+05, 3.690248757761158e-04
2874, 6.119749975305076e-02, 5.799830600421957e-04, 8.955037057994215e-02, 6.767030522410903e-04, 9.063426071914511e-14, 4.034254498483139e+00, 5.995239251909296e-01, 1.511585876348692e+05, 4.606059328565436e+03
2875, 3.970858112526937e-02, 3.712730235935794e-03, 3.444607308567125e-01, 2.602977815037967e-03, 3.474326452483905e-13, 2.315654460166065e+01, 1.355464359148910e+01, 1.106825033750651e+05, 1.448589471401244e+01
2876, 1.219143336851728e-02, 4.233552114696192e-03, 1.808652842545589e+00, 1.366740183283930e-02, 1.821406358588551e-12, 1.693965121893718e+01, 4.648047299587632e+00, -1.267863891899482e+05, 4.206429655871415e-04
2877, 4.532619689923326e-02, 4.045677052971772e-03, 2.479524977394173e-01, 1.873696456467947e-03, 2.507552895360161e-13, 1.586499221067578e+01, 9.521672428714155e+00, 1.218438959594890e+05, 3.911069359189155e+02
2878, 2.187137606983385e-02, 1.444465193961440e-03, 1.585237752695166e+00, 1.197912659467565e-02, 1.596698082452641e-12, 4.147757306326562e+00, -5.936169963584563e+00, -1.118418451654052e+05, 3.686819308908142e-04
2879, 2.200925233649983e-02, 1.088025434562510e-03, 1.584604663802572e+00, 1.197434254762865e-02, 1.596012339369423e-12, 2.369845765929358e+00, -3.417073734484082e+00, -1.117645551575931e+05, 3.685348503975701e-04
2880, 3.581089377725215e-02, 1.000404259599020e-03, 7.479971473278866e-01, 5.652371390385749e-03, 7.553744499745838e-13, 3.766954001668307e+01, 2.297778655885548e+00, 4.427122641139564e+04, 2.874516438616250e-03
2881, 3.891192728590553e-02, 3.222539627769464e-03, 2.965373237606639e-01, 2.240836199702545e-03, 2.992141634214511e-13, 3.155452737423189e+01, 5.568240951887449e+00, 1.195380191931167e+05, 1.016005916923350e+01
2882, 2.430819562976425e-02, 1.003571699320289e-03, 1.597529983710789e+00, 1.207201499025999e-02, 1.608934274067129e-12, 3.682249850896443e+01, -6.724634946284948e+00, -1.136367474712717e+05, 3.715371512074738e-04
2883, 3.233196003660834e-02, 1.584872693461456e-03, 1.581284881448881e+00, 1.194925603110208e-02, 1.592635513463593e-12, 6.259105280019821e+01, 5.977462903168901e-01, -1.143346787547334e+05, 3.677560655490417e-04
2884, 1.669171850118211e-02, 4.260033936840143e-03, 1.712405942457880e+00, 1.294009528305812e-02, 1.724623687932340e-12, 3.476759130674949e+01, -6.767406753206906e-01, -1.209253812702135e+05, 3.982577638661611e-04
2885, 5.003783330583067e-02, 3.962913552053825e-03, 1.628219924421081e-01, 1.230392889991176e-03, 1.639727461682110e-13, 1.381788272728700e+01, 4.944968176518128e+00, 1.359297999352817e+05, 1.556193006076419e+03
2886, 5.291080954597924e-02, 1.217012172812178e-03, 8.960753152405457e-02, 6.771349989223630e-04, 9.037714094966063e-14, 1.543892696177618e+01, 9.537911074145199e-01, 1.521873200039237e+05, 3.930667038793443e+03
2887, 2.722966762665091e-02, 1.548803968110344e-03, 1.603067616001180e+00, 1.211386107809653e-02, 1.614542441333629e-12, 5.538871584212178e+01, -4.963093307123086e+00, -1.157860723917383e+05, 3.728218555498109e-04
2888, 2.077960301396149e-02, 3.381808771259174e-03, 1.625394095917359e+00, 1.228257503212264e-02, 1.636894528351626e-12, 4.188557872392617e+01, -2.062700210527337e+01, -1.170177436087892e+05, 3.780197374623819e-04
2889, 5.793191056926543e-02, 1.094050183835227e-03, 8.191196599324164e-02, 6.189821107801890e-04, 8.254898422382858e-14, 7.943031813437665e+00, 9.888344121645204e-01, 1.539073855553933e+05, 5.098039281880397e+03
2890, 5.795431133414253e-02, 9.884227988380492e-04, 8.153441512353722e-02, 6.161290815380929e-04, 8.216655327200890e-14, 8.015110180629513e+00, 8.931602190997664e-01, 1.540107715784933e+05, 5.124845094490087e+03
2891, 2.817737913135593e-02, 1.182801684316509e-03, 1.596760451233476e+00, 1.206619988337853e-02, 1.608190494869234e-12, 6.425088830054152e+01, -4.229264546735969e+00, -1.148705501874738e+05, 3.713546735628203e-04
2892, 4.984504961201232e-02, 9.681015110831471e-04, 9.898811279947589e-02, 7.480210035225836e-04, 9.976289577952905e-14, 2.110951153828009e+01, 9.938262209988770e-01, 1.504361590657521e+05, 2.745304000294171e+03
2893, 4.703798419667138e-02, 4.315998432857251e-03, 2.933299456484585e-01, 2.216599085502511e-03, 2.974259755185708e-13, 1.030132592737507e+01, 1.447852396047212e+01, 1.144833985898343e+05, 5.816837876434313e+02
2894, 4.748834555757073e-02, 3.600969353946921e-03, 1.551497410242487e-01, 1.172416179024937e-03, 1.562188746585908e-13, 1.775014100478087e+01, 4.666094223530704e+00, 1.378781690288507e+05, 1.015417371715750e+03
2895, 2.172410504580350e-02, 1.686002052747309e-03, 1.585796620858238e+00, 1.198334977978689e-02, 1.597274913537758e-12, 5.244280488082029e+00, -7.095653392310918e+00, -1.119109069628367e+05, 3.688119171859363e-04
2896, 2.416358894163929e-02, 1.686267448368320e-03, 1.610179079905067e+00, 1.216760010004006e-02, 1.621703193020326e-12, 3.869778760159133e+01, -9.658165828157088e+00, -1.160298193919480e+05, 3.744779734594270e-04
2897, 1.921834853904984e-02, 3.662061371977904e-03, 1.628731760903418e+00, 1.230779668189131e-02, 1.640197781573906e-12, 1.757049418657246e+01, -6.518919159180554e+00, -1.148447624554612e+05, 3.787977899555743e-04
2898, 3.967791623805100e-02, 1.466510911177061e-03, 2.411727491289386e-01, 1.822464099211557e-03, 2.428701092744307e-13, 4.076909763643401e+01, 1.730532970330975e+00, 1.296667928741191e+05, 3.039232896564503e+01
2899, 3.225317275929645e-02, 1.078587587818110e-03, 1.583482176154647e+00, 1.196586027321126e-02, 1.594842987818530e-12, 7.437362011690090e+01, 3.871892957037823e-01, -1.140200942954449e+05, 3.682656705727582e-04
2900, 5.829782638894399e-02, 9.916245469469274e-04, 8.157512485644887e-02, 6.164367117616213e-04, 8.219235451517158e-14, 7.435086375896560e+00, 8.520727065918849e-01, 1.539610421034451e+05, 5.131234756246864e+03
2901, 5.751050353909280e-02, 4.906578229214752e-03, 2.759427291798353e-01, 2.085209540406045e-03, 2.749220270965696e-13, 4.508952220362835e+00, 1.291677428714835e+01, 1.180703214065607e+05, 2.597827054632417e+03
2902, 2.657369681951156e-02, 3.015027338312542e-03, 1.588530329299766e+00, 1.200400752619647e-02, 1.599951756968744e-12, 3.584181033443357e+01, -6.603298695922803e+00, -1.131445030034160e+05, 3.694439082413854e-04
2903, 3.560580168016886e-02, 1.034953088407468e-03, 8.655262563372479e-01, 6.540500677613967e-03, 8.711661011419396e-13, 2.706006107086061e+01, 6.801589602877119e+00, 2.480263480203663e+04, 9.266707958623057e-04
2904, 4.210527327904242e-02, 3.735077798752107e-03, 2.514743349454608e-01, 1.900309835859500e-03, 2.538963382949354e-13, 2.139447438620333e+01, 8.625996635905446e+00, 1.227735188457672e+05, 9.862045353852275e+01
2905, 2.026165923768633e-02, 3.383541363759963e-03, 1.618555257797966e+00, 1.223089615464592e-02, 1.630168605441185e-12, 3.486028593499468e+01, -1.545929010036326e+01, -1.151338164670921e+05, 3.764300620864493e-04
2906, 2.025843354868736e-02, 3.503175876893863e-03, 1.627170090263124e+00, 1.229599564430702e-02, 1.638839847083681e-12, 4.254280944311382e+01, -1.791539990112489e+01, -1.164153454443103e+05, 3.784333106825417e-04
2907, 5.792552256693252e-02, 4.945048248592070e-03, 2.774974034358779e-01, 2.096957708587410e-03, 2.767429897676260e-13, 2.526250882927362e+00, 1.305395104922991e+01, 1.179512937240624e+05, 2.569437246881073e+03
2908, 2.209526093214835e-02, 1.475198034811504e-03, 1.588309313572127e+00, 1.200233738215895e-02, 1.599785199556179e-12, 1.000844666517084e+01, -9.987293418861753e+00, -1.121059817664694e+05, 3.693955784815910e-04
2909, 4.569186153808308e-02, 9.923179840102049e-04, 1.250855682301120e-01, 9.452309941823303e-04, 1.260298282729463e-13, 2.937506246669041e+01, 1.257438214993634e+00, 1.460941104428226e+05, 1.025892742822299e+03
2910, 4.973809602768982e-02, 3.908133090198616e-03, 1.594785923741952e-01, 1.205127902072920e-03, 1.602409227817936e-13, 1.458023353632132e+01, 4.925430998177894e+00, 1.362370563412665e+05, 1.498976786692258e+03
2911, 3.093552123059427e-02, 2.777250787848788e-03, 1.558701425033930e+00, 1.177860018917542e-02, 1.569870300283030e-12, 4.052612512316875e+01, -9.269511696076860e-01, -1.103098510486775e+05, 3.625086668687893e-04
2912, 3.253622817736956e-02, 3.124512217184812e-03, 1.547264459410154e+00, 1.169217475625032e-02, 1.558359028763089e-12, 3.005112141325467e+01, 3.764022512215976e-01, -1.086921262771349e+05, 3.598568165229867e-04
2913, 5.610953801192514e-02, 1.337202651558545e-03, 8.432863877161144e-02, 6.372441216999681e-04, 8.492713515886101e-14, 1.034514871193367e+01, 1.080921335125888e+00, 1.533925073157718e+05, 4.794834601235551e+03
2914, 5.613245734721652e-02, 1.501678288821934e-03, 8.510465447212133e-02, 6.431082201925380e-04, 8.566974432594134e-14, 1.013236434336654e+01, 1.170813808596928e+00, 1.531623401069730e+05, 4.745646156138553e+03
2915, 2.496912262306060e-02, 3.147602811750296e-03, 1.596999272484481e+00, 1.206800457797005e-02, 1.608451073577082e-12, 3.381575651600286e+01, -7.758580157661989e+00, -1.141244744484467e+05, 3.714138851377614e-04
2916, 1.805646059512115e-02, 4.260895076159816e-03, 1.682531888910537e+00, 1.271434676758705e-02, 1.694566285160147e-12, 5.337537535465860e+01, -8.021676400318601e+00, -1.197553935780952e+05, 3.913093698989022e-04
2917, 5.733030583096146e-02, 3.756999515490455e-03, 1.185794749635650e-01, 8.960665614376701e-04, 1.193665962080191e-13, 6.075396707180203e+00, 3.500810450523302e+00, 1.453634300580965e+05, 3.597672716436781e+03
2918, 2.379361327623227e-02, 3.721365425856499e-03, 1.591816648618933e+00, 1.202884117344440e-02, 1.603237778407962e-12, 2.548351186890027e+01, -6.817414421946483e+00, -1.128065120223802e+05, 3.702104559073654e-04
2919, 1.887453933405108e-02, 4.827523517406317e-03, 1.656433082428354e+00, 1.251712656746984e-02, 1.668319506845119e-12, 4.211357609481541e+01, -1.039951683641926e+01, -1.172849847178685e+05, 3.852396707411181e-04
2920, 5.638907016849271e-02, 1.387771094234785e-03, 8.425238601293947e-02, 6.366679043799924e-04, 8.487443825345381e-14, 9.891511829710909e+00, 1.046016971254727e+00, 1.534127798270962e+05, 4.833499299036127e+03
2921, 4.045338502001908e-02, 3.405463807138296e-03, 2.526310975725575e-01, 1.909051115157771e-03, 2.547932857037555e-13, 2.770060581300865e+01, 6.733833201488517e+00, 1.246024786063063e+05, 3.943684015385752e+01
2922, 4.236435865445107e-02, 1.005705844134484e-03, 1.671987424367633e-01, 1.263466567532450e-03, 1.684195423737926e-13, 3.664920179392952e+01, 1.204721463699413e+00, 1.403313833426400e+05, 2.409916390005202e+02
2923, 5.180848452018377e-02, 4.171409567278891e-03, 1.706341330185222e-01, 1.289426697873116e-03, 1.719881911228143e-13, 1.114019125738581e+01, 5.935459837689995e+00, 1.342911600484338e+05, 1.947849047552012e+03
2924, 3.503948581389599e-02, 3.226075998375223e-03, 1.131630214739158e+00, 8.551361824229241e-03, 1.138360329731858e-12, -2.653356128380066e+01, -6.965864330394936e+00, -2.066315764034744e+04, 1.595413174511539e-03
2925, 1.644965297916830e-02, 4.131943668938389e-03, 1.716751883793667e+00, 1.297293614957541e-02, 1.729013549160693e-12, 1.895094906263919e+01, -1.064760057743452e+00, -1.207936682087061e+05, 3.992688528164955e-04
2926, 2.453521785653872e-02, 1.079265161045418e-03, 1.599891338873559e+00, 1.208985898393326e-02, 1.611312213138026e-12, 4.004281370500827e+01, -6.138878240150326e+00, -1.140598843718177e+05, 3.720858829602298e-04
2927, 4.625125696146555e-02, 9.815001118715575e-04, 1.201005411751662e-01, 9.075607645480521e-04, 1.209368850001033e-13, 2.805640805392654e+01, 1.181633975657021e+00, 1.468471666542282e+05, 1.234554910446437e+03
2928, 1.477555228409751e-02, 5.260308534233602e-03, 1.762926855536910e+00, 1.332186540708087e-02, 1.775537074777206e-12, 3.856574768871928e+01, -5.298793662571730e+00, -1.249576440669422e+05, 4.100075315306107e-04
2929, 1.947964862317762e-02, 3.669838067456638e-03, 1.630741135943060e+00, 1.232298087614553e-02, 1.642255336278936e-12, 3.124253308702713e+01, -1.004668653810379e+01, -1.154704201911159e+05, 3.792646405227941e-04
2930, 2.875740258210669e-02, 3.350273681278765e-03, 1.561363006333956e+00, 1.179871289421328e-02, 1.572653666112760e-12, 1.318903701386843e+01, -3.696794757718304e+00, -1.094517557405857e+05, 3.631295502128880e-04
2931, 4.446925889631034e-02, 1.869367321629064e-03, 1.397038378764722e-01, 1.055696507882847e-03, 1.407332468974667e-13, 2.863046211856699e+01, 2.260787113142045e+00, 1.431869671232269e+05, 6.299703944175620e+02
2932, 2.595865116419382e-02, 3.640270774723388e-03, 1.579639922642902e+00, 1.193682561191307e-02, 1.590928726059683e-12, 1.822209381614042e+01, -3.742031701337121e+00, -1.113284971473893e+05, 3.673789926164636e-04
2933, 2.222132917471366e-02, 4.245353197384592e-03, 1.593469375255686e+00, 1.204133029160624e-02, 1.604821485171073e-12, 2.046545759630938e+01, -6.250308939565151e+00, -1.123408017165305e+05, 3.705960073153200e-04
2934, 1.931500519275619e-02, 3.611133382008600e-03, 1.627434254016479e+00, 1.229799184395484e-02, 1.638834024419246e-12, 1.447145941665921e+01, -5.150225891346071e+00, -1.148560868934303e+05, 3.784960904727571e-04
2935, 1.354986081749685e-02, 4.257532984193821e-03, 1.776074490024215e+00, 1.342121780874808e-02, 1.788799668470353e-12, 1.819572209566871e+01, 1.611313539238172e+00, -1.251126416537789e+05, 4.130658016594405e-04
2936, 5.090062706443160e-02, 3.826506131259293e-03, 1.469283742066964e-01, 1.110289981410699e-03, 1.482993629806664e-13, 1.345084823889153e+01, 4.254355291941475e+00, 1.391855242911559e+05, 1.914864195366860e+03
2937, 1.766018284376938e-02, 5.027419524164828e-03, 1.691921794069958e+00, 1.278530322974898e-02, 1.703964986527086e-12, 4.170242761995441e+01, -8.096218599611069e+00, -1.199422942584666e+05, 3.934934201306354e-04
2938, 3.016425158486327e-02, 9.861806478592635e-04, 1.586784379932129e+00, 1.199081395414931e-02, 1.598162596625977e-12, 7.757738992420261e+01, -1.180067804425073e+00, -1.138900711723703e+05, 3.690341631339586e-04
2939, 2.474166816992842e-02, 3.846782217169462e-03, 1.582105794289505e+00, 1.195545940269335e-02, 1.593395039903158e-12, 1.702423702163247e+01, -3.870680161336074e+00, -1.115215200334830e+05, 3.679528218314603e-04
2940, 2.109680665723673e-02, 2.574468936950021e-03, 1.593711988400763e+00, 1.204316364030935e-02, 1.605307153137654e-12, 1.442185463664820e+01, -1.188277919254646e+01, -1.126251773022816e+05, 3.706525784455387e-04
2941, 5.199287726309962e-02, 9.622898504662962e-04, 9.128689543931351e-02, 6.898254063424849e-04, 9.203979767611348e-14, 1.743407149402201e+01, 9.112695904978179e-01, 1.520056089215320e+05, 3.648402714949178e+03
2942, 2.291515421769834e-02, 3.664505752447571e-03, 1.603139044461229e+00, 1.211440083975895e-02, 1.614584654975445e-12, 3.203908819296203e+01, -1.031564953905305e+01, -1.143589151248664e+05, 3.728432805690635e-04
2943, 3.655083000628424e-02, 1.321132495712837e-03, 5.286388380643158e-01, 3.994751924920020e-03, 5.323770854704821e-13, 4.008068604686862e+01, 2.345226063731003e+00, 8.219204287907532e+04, 9.617586304682776e-02
2944, 3.976058373181551e-02, 9.774660044503470e-04, 2.379044259729240e-01, 1.797766443120646e-03, 2.396670687479111e-13, 4.246575776726236e+01, 1.147611054397981e+00, 1.302594197051668e+05, 3.139456046321287e+01
2945, 1.619794390793626e-02, 5.259769098192636e-03, 1.729604603858243e+00, 1.307005997877878e-02, 1.741909608233072e-12, 3.661779741537863e+01, -6.211814281870383e+00, -1.225330486436213e+05, 4.022575972825412e-04
2946, 4.680630257291100e-02, 1.105376802376758e-03, 1.159550023595068e-01, 8.762342747571644e-04, 1.167704858140866e-13, 2.633659061026379e+01, 1.186835195935056e+00, 1.474370181882975e+05, 1.442547695177212e+03
2947, 3.842931653305655e-02, 1.218852954479419e-03, 3.047720659752882e-01, 2.303063470846317e-03, 3.070916163483128e-13, 4.343869794205124e+01, 1.130410609694986e+00, 1.199195919359578e+05, 6.436269436854407e+00
2948, 4.879825152066069e-02, 4.413663720020266e-03, 2.912827343153570e-01, 2.201128974673343e-03, 2.951414898043969e-13, 1.074505223474332e+01, 1.356362107036514e+01, 1.145577057815312e+05, 9.250870222908013e+02
2949, 5.241967039564160e-02, 2.502105608671101e-03, 1.010718715421854e-01, 7.637672912507973e-04, 1.019369682071260e-13, 1.361208511978207e+01, 2.235496450650417e+00, 1.491200513368511e+05, 3.253380010963093e+03
2950, 3.278911863187481e-02, 3.133470092017462e-03, 1.547754890671307e+00, 1.169588078593157e-02, 1.558870234861033e-12, 3.061395558533032e+01, -3.662300005881207e-01, -1.087244307666526e+05, 3.599928278835564e-04
2951, 1.816499926643913e-02, 4.248694160817206e-03, 1.680131119366359e+00, 1.269620493224063e-02, 1.692148756283916e-12, 5.453540443891720e+01, -8.006837834352295e+00, -1.196554974178964e+05, 3.907509870094063e-04
2952, 6.594313277128760e-02, 4.907037807347534e-03, 5.866795868886000e-01, 4.433347004196254e-03, 5.927268435424273e-13, 1.261914644699847e+00, 1.922036384928626e+01, 5.347574067283308e+04, 4.862770763690835e+02
2953, 2.059762692689653e-02, 3.112653503628430e-03, 1.606572447821809e+00, 1.214034595331496e-02, 1.617971312838611e-12, 2.553380334251013e+01, -1.552897404063143e+01, -1.140831554189578e+05, 3.736433020797572e-04
2954, 3.918653442478715e-02, 3.545498983212800e-03, 3.194123377546457e-01, 2.413695247514923e-03, 3.230455104850827e-13, 2.595115862118000e+01, 8.714951898909771e+00, 1.149141908116625e+05, 1.032239520624544e+01
2955, 4.195943885462548e-02, 1.472513556470393e-03, 1.758237631549342e-01, 1.328643046510984e-03, 1.771804827849608e-13, 3.595394889686736e+01, 1.848859863146174e+00, 1.388651343422582e+05, 1.870122389256712e+02
2956, 1.749234985718564e-02, 4.146853295952007e-03, 1.689319852577575e+00, 1.276564120335802e-02, 1.701475668296891e-12, 3.224090200414975e+01, -1.895431110381404e+00, -1.192381913882429e+05, 3.928886630798149e-04
2957, 3.923070027571936e-02, 1.414822944595104e-03, 2.606915163987507e-01, 1.969961081099320e-03, 2.625365941277692e-13, 4.153213227439343e+01, 1.553240802938262e+00, 1.269529783431112e+05, 1.869620357963178e+01
2958, 2.832207278592817e-02, 1.773797280502216e-03, 1.596566107994618e+00, 1.206473129467159e-02, 1.608039629604685e-12, 5.832722078225570e+01, -6.833171953297899e+00, -1.151568281088705e+05, 3.713099754908379e-04
2959, 2.941033074038648e-02, 1.122779267662825e-03, 1.591907563802809e+00, 1.202952818994783e-02, 1.603331835006195e-12, 7.263672173457104e+01, -3.294036175729917e+00, -1.145209278906001e+05, 3.702258859453070e-04
2960, 7.494298422621543e-02, 3.997553714844053e-03, 1.033930263044689e+00, 7.813075035606108e-03, 1.041625467618118e-12, -1.046952251080372e+01, 8.806768183355882e+00, -2.864847756799408e+04, 2.554477149937311e-04
2961, 4.807637490644202e-02, 1.429815771324615e-03, 1.092476528186576e-01, 8.255490137431276e-04, 1.100702903946053e-13, 2.291093160472478e+01, 1.474664627968431e+00, 1.482380484732560e+05, 1.909984401763275e+03
2962, 5.629786269295161e-02, 1.534447849502019e-03, 8.512397984760843e-02, 6.432542557754971e-04, 8.573710048900367e-14, 9.830917808244438e+00, 1.160699971246432e+00, 1.532005979591645e+05, 4.767931515103039e+03
2963, 2.547685481796048e-02, 3.734962815902086e-03, 1.580081015388330e+00, 1.194015880646291e-02, 1.591337420472539e-12, 1.686124869286805e+01, -3.616516654418974e+00, -1.113619470868480e+05, 3.674817839254804e-04
2964, 2.326398092029774e-02, 4.066547951865630e-03, 1.587064798659294e+00, 1.199293298735137e-02, 1.598493076458626e-12, 1.906371034423139e+01, -4.764602439531658e+00, -1.118157095052516e+05, 3.691062993655765e-04
2965, 1.327697039445860e-02, 4.267855036466005e-03, 1.783417957937234e+00, 1.347671000960218e-02, 1.796137594969675e-12, 1.810699691983203e+01, -1.641875643767071e-01, -1.257366499490733e+05, 4.147736819461898e-04
2966, 4.343743121560753e-02, 1.504876593567569e-03, 1.511016248423436e-01, 1.141825880421032e-03, 1.521427435265154e-13, 3.238575971514533e+01, 1.893585586001163e+00, 1.421780380382373e+05, 4.139271484799985e+02
2967, 3.395141053350628e-02, 1.609621076764814e-03, 1.575657755531731e+00, 1.190673366900783e-02, 1.586981857541553e-12, 6.115895329418488e+01, 1.794889137357779e+00, -1.136391044829652e+05, 3.666034112516902e-04
2968, 4.648371270867525e-02, 2.138886990579180e-03, 1.236780441291878e-01, 9.345947919087338e-04, 1.242889571609366e-13, 2.383536808500301e+01, 2.429653071332158e+00, 1.450642039006806e+05, 1.187659360077657e+03
2969, 2.842521632948020e-02, 1.405801018931990e-03, 1.597436377160279e+00, 1.207130763597392e-02, 1.608890888934205e-12, 6.372451622072404e+01, -5.641152725169474e+00, -1.152000734660031e+05, 3.715117729711943e-04
2970, 4.471663654281451e-02, 3.351997904394151e-03, 1.673307358925627e-01, 1.264463999188185e-03, 1.686202286331651e-13, 2.259439382419846e+01, 5.454093984697761e+00, 1.366176456635319e+05, 4.644834567910571e+02
2971, 2.188999091010469e-02, 2.074673350288737e-03, 1.596472047818200e+00, 1.206402051248165e-02, 1.608010906485864e-12, 1.946744908342556e+01, -1.529764966801328e+01, -1.132156665484224e+05, 3.712933512320719e-04
2972, 5.889634212223675e-02, 4.646933668028889e-03, 1.834590553542030e-01, 1.386340468676227e-03, 1.815618779212857e-13, 3.573970883175789e+00, 6.620170530500937e+00, 1.331833123293045e+05, 2.865636403230739e+03
2973, 3.056406993846519e-02, 1.691937819337409e-03, 1.584663964594513e+00, 1.197479066444418e-02, 1.596095675964052e-12, 6.468625114211480e+01, -6.813626479441710e-01, -1.144034819466289e+05, 3.685429063708138e-04
2974, 2.845364783592616e-02, 2.582983790068084e-03, 1.586057026445464e+00, 1.198531758019428e-02, 1.597511616976668e-12, 4.839151408775474e+01, -9.027913289210087e+00, -1.133712505379621e+05, 3.688778389004735e-04
2975, 6.760689568245788e-02, 4.010642831609736e-03, 6.016860852750077e-01, 4.546746236336250e-03, 6.072040263648217e-13, -8.561434170790518e-02, 1.496794962462357e+01, 5.287222475337380e+04, 1.886895013730822e+02
2976, 2.155634149663409e-02, 2.624325731231715e-03, 1.607840371172002e+00, 1.214992723807702e-02, 1.619442311892119e-12, 2.890623769206177e+01, -1.917479931800791e+01, -1.149030337396491e+05, 3.739370397511286e-04
2977, 2.592751606023770e-02, 1.584478681130868e-03, 1.607202922299917e+00, 1.214511024408185e-02, 1.618724752372017e-12, 4.907395888126106e+01, -5.987657733268180e+00, -1.160924059484200e+05, 3.737843671289675e-04
2978, 3.199604546675805e-02, 1.473091931631735e-03, 1.583214201847527e+00, 1.196383527844697e-02, 1.594583151751417e-12, 6.577123168662291e+01, 6.601598262355348e-01, -1.144559032723795e+05, 3.682044194682398e-04
2979, 7.325075324969782e-02, 1.343619191929207e-03, 9.300318676480098e-01, 7.027948622028956e-03, 9.368805701892202e-13, -1.832310395681872e+01, 1.080555058030576e+00, -1.121957170110773e+04, 5.127931586179597e-04
2980, 2.016242554050052e-02, 3.342587119871774e-03, 1.613830289296790e+00, 1.219519110299957e-02, 1.625543156988239e-12, 2.856831953462299e+01, -1.419801311621755e+01, -1.142715828095213e+05, 3.753314976601388e-04
2981, 3.801926634660253e-02, 1.492815011352290e-03, 3.403506721729527e-01, 2.571919437075491e-03, 3.429985698490706e-13, 4.300876961341531e+01, 1.416883721913798e+00, 1.140282714927508e+05, 3.215491345048418e+00
2982, 2.777625486107501e-02, 1.081447056651631e-03, 1.596714253951733e+00, 1.206585078553163e-02, 1.608138355667198e-12, 6.247594578200241e+01, -3.659313693889682e+00, -1.146718554634395e+05, 3.713442855905267e-04
2983, 5.262781968360644e-02, 1.484093840714727e-03, 9.159550265885884e-02, 6.921574508227185e-04, 9.232255820778644e-14, 1.531805552361461e+01, 1.215447906341160e+00, 1.516202780343723e+05, 3.755448648499093e+03
2984, 2.149836310528364e-02, 4.111880327046993e-03, 1.609910943896737e+00, 1.216557388335212e-02, 1.621371550931689e-12, 3.447588627694039e+01, -1.213042118923023e+01, -1.145662996078603e+05, 3.744191212199034e-04
2985, 5.431008775487860e-02, 4.687640263900472e-03, 2.642692094296500e-01, 1.996996544810154e-03, 2.650858087880454e-13, 6.954807620339599e+00, 1.215134890076160e+01, 1.194625840876503e+05, 2.198850691209215e+03
2986, 3.396175839642641e-02, 1.096222751373375e-03, 1.579953656255883e+00, 1.193919639488313e-02, 1.591285748275124e-12, 7.045324054664788e+01, 3.059502130311545e+00, -1.139805166537473e+05, 3.674574864969445e-04
2987, 7.222721138534784e-02, 4.139613497458392e-03, 8.942419505100933e-01, 6.757495847687409e-03, 9.003927687751187e-13, -7.794243590113175e+00, 1.304454165020196e+01, -3.125024964285344e+03, 1.090819678847330e-02
2988, 5.164333974856499e-02, 9.449063376088633e-04, 9.231581987139417e-02, 6.976006539400801e-04, 9.307000220380814e-14, 1.811051425591348e+01, 9.220616213041589e-01, 1.517834713735086e+05, 3.510497936942631e+03
2989, 5.027472921306386e-02, 3.731298347680131e-03, 1.434498758404429e-01, 1.084004099550077e-03, 1.446273807924275e-13, 1.443819256581057e+01, 4.016839221204465e+00, 1.396566883981699e+05, 1.776223112478454e+03
2990, 5.589305249553614e-02, 2.334414289331244e-03, 9.180661282969493e-02, 6.937527417863881e-04, 9.235492967122311e-14, 9.304523643854624e+00, 1.877809752970235e+00, 1.514613803671015e+05, 4.334721872308971e+03
2991, 3.742014346075975e-02, 1.688248612318456e-03, 4.041326774753015e-01, 3.053899326011302e-03, 4.063885359688353e-13, 4.162142535303388e+01, 2.330305954362114e+00, 1.035628161713776e+05, 9.885809506209821e-01
2992, 7.093190387314083e-02, 1.541611845113670e-03, 7.771985560636077e-01, 5.873036947587020e-03, 7.828932918555291e-13, -1.247006574103685e+01, 1.644498595041265e+00, 1.715812927225446e+04, 1.677748920248962e-01
2993, 2.048422451530510e-02, 3.182979827186444e-03, 1.608422833940333e+00, 1.215432871995364e-02, 1.619850798202573e-12, 2.638500634676300e+01, -1.457012047529182e+01, -1.141302593824173e+05, 3.740736962297865e-04
2994, 1.986952465351388e-02, 3.780873905658694e-03, 1.641449918847043e+00, 1.240390366887064e-02, 1.653188128608865e-12, 4.963058747466075e+01, -1.822699478008919e+01, -1.178929050334916e+05, 3.817543474930327e-04
2995, 5.718021201408718e-02, 4.406724010525179e-03, 1.601734998924196e-01, 1.210379092388789e-03, 1.593984672874001e-13, 5.557237261191590e+00, 5.195465143384296e+00, 1.372515735109342e+05, 3.037651360299619e+03
2996, 2.089335609061569e-02, 3.144632941192875e-03, 1.616711533549085e+00, 1.221696372959143e-02, 1.628319025575917e-12, 3.607950579526948e+01, -1.977611127501086e+01, -1.157932591043352e+05, 3.760006074833101e-04
2997, 3.437075201411414e-02, 1.025261599112016e-03, 1.579553963195892e+00, 1.193617604430399e-02, 1.590797229601150e-12, 6.924929358083051e+01, 5.542164053455786e+00, -1.137227607349992e+05, 3.673833520423271e-04
2998, 3.994208016810966e-02, 3.248502626240924e-03, 2.568099368968607e-01, 1.940629246071873e-03, 2.590357758893432e-13, 3.065481111497589e+01, 6.194131107929866e+00, 1.249829785711309e+05, 2.863767396532937e+01
2999, 5.634012183417651e-02, 1.758563863859896e-03, 8.640637314332164e-02, 6.529448852141396e-04, 8.702570786275197e-14, 9.415582362611952e+00, 1.328896787354779e+00, 1.528163123319681e+05, 4.690883409679539e+03
3000, 5.431137923582996e-02, 1.709473037230698e-03, 8.939680006679494e-02, 6.755425697741411e-04, 9.026477226344621e-14, 1.230323395562435e+01, 1.434458774151340e+00, 1.520602744502128e+05, 4.220300686927127e+03
3001, 1.909471879219485e-02, 4.043369292459300e-03, 1.656311879853396e+00, 1.251621067899407e-02, 1.668204044763954e-12, 5.293742212931556e+01, -1.621586101176318e+01, -1.185488325827308e+05, 3.852110570779316e-04
3002, 1.545850902210637e-02, 5.404514728424391e-03, 1.746645579817618e+00, 1.319883309685961e-02, 1.759130209138757e-12, 3.350841243659183e+01, -5.589872810410981e+00, -1.233972274021299e+05, 4.062210881960752e-04
3003, 5.285784362556221e-02, 1.457477857474712e-03, 9.088135035395675e-02, 6.867608339090733e-04, 9.162625807717009e-14, 1.496165584505008e+01, 1.198493258815176e+00, 1.517955585070949e+05, 3.844762985489739e+03
3004, 5.624294182398244e-02, 9.830036594087300e-04, 8.280428335370654e-02, 6.257250631263121e-04, 8.344124648005940e-14, 1.058939634613064e+01, 7.892686922710970e-01, 1.538646475716716e+05, 4.917164369886344e+03
3005, 1.471254694728482e-02, 4.208506594291218e-03, 1.758025484796769e+00, 1.328482734103432e-02, 1.770746879582352e-12, 1.870855220057569e+01, 8.014221521747680e-01, -1.238077601247859e+05, 4.088680443508810e-04
3006, 4.968889907812665e-02, 1.950256971764508e-03, 1.048191615296473e-01, 7.920843440528761e-04, 1.056260627682159e-13, 1.886665115721739e+01, 1.935886268224064e+00, 1.486530953768625e+05, 2.448764899284794e+03
3007, 3.866053810902954e-02, 3.093267548477515e-03, 3.035275380358398e-01, 2.293658977601089e-03, 3.058966479818153e-13, 3.359316142727318e+01, 4.971393781736531e+00, 1.191771679774648e+05, 8.113230770492969e+00
3008, 2.533089912010618e-02, 1.432535802251171e-03, 1.606675815031739e+00, 1.214112706573288e-02, 1.618187181902520e-12, 4.609751455405982e+01, -5.944823346073462e+00, -1.156685604184878e+05, 3.736623901506143e-04
3009, 2.826025724360719e-02, 1.479858423717108e-03, 1.597877680639187e+00, 1.207464242296818e-02, 1.609328834716382e-12, 6.148417617970442e+01, -5.586407657389056e+00, -1.152717818793621e+05, 3.716144697218641e-04
3010, 2.702910295851745e-02, 2.907455774454908e-03, 1.588286985171302e+00, 1.200216865368921e-02, 1.599723953008250e-12, 3.877104467612373e+01, -6.420040727518864e+00, -1.132758422160578e+05, 3.693869343874862e-04
3011, 1.683744417565489e-02, 5.139257555332113e-03, 1.714948684779179e+00, 1.295930996054901e-02, 1.727216528598587e-12, 4.167106934512534e+01, -6.945724215528984e+00, -1.217303573492867e+05, 3.988488746329981e-04
3012, 5.360288894627188e-02, 1.494023146176621e-03, 8.954466132058694e-02, 6.766599092235000e-04, 9.039486958974539e-14, 1.377405170514406e+01, 1.344969505166513e+00, 1.521372602128193e+05, 4.077551570456649e+03
3013, 1.931214686236480e-02, 4.066856594724985e-03, 1.655310545714603e+00, 1.250864392227791e-02, 1.667070714485921e-12, 5.470566665256398e+01, -1.722755651318720e+01, -1.189370591041616e+05, 3.849779750986590e-04
3014, 5.803743920589950e-02, 1.155894041511845e-03, 8.215580167501330e-02, 6.208246977960959e-04, 8.279314399848410e-14, 7.704231354486435e+00, 1.026056124648430e+00, 1.538476059382281e+05, 5.086246732786702e+03
3015, 5.493095558982287e-02, 4.241360728921385e-03, 1.573377745117444e-01, 1.188950437116354e-03, 1.586624459049474e-13, 7.470833051158259e+00, 5.403683991791181e+00, 1.377462917931808e+05, 2.750537987186136e+03
3016, 4.207687713399111e-02, 1.376949969460652e-03, 1.731573952803364e-01, 1.308494170884324e-03, 1.744717984524972e-13, 3.608449872345380e+01, 1.651340103466729e+00, 1.392310729967781e+05, 2.016197280518438e+02
3017, 5.571490308152992e-02, 1.348693639442852e-03, 8.493756544244352e-02, 6.418455826885292e-04, 8.561218593444614e-14, 1.087255311769736e+01, 1.181218450006759e+00, 1.532017481370767e+05, 4.705690674444290e+03
3018, 2.009852979336693e-02, 3.795163706047527e-03, 1.640466662998836e+00, 1.239647352392208e-02, 1.652117600381633e-12, 5.024759438727186e+01, -1.899308003759779e+01, -1.181911020571766e+05, 3.815254489308452e-04
3019, 4.863401307673301e-02, 3.629313122184780e-03, 1.481368560786997e-01, 1.119422086237510e-03, 1.490698144022012e-13, 1.658794767719691e+01, 4.514397624431539e+00, 1.387494146363165e+05, 1.335126866803022e+03
3020, 3.146896427614240e-02, 1.690364588365545e-03, 1.581995261874151e+00, 1.195462414514688e-02, 1.593316001713459e-12, 6.102813966935432e+01, 4.393071761387626e-01, -1.142836379509127e+05, 3.679218949419429e-04
3021, 5.808654529255722e-02, 1.073959234309921e-03, 8.183676079064975e-02, 6.184138095011620e-04, 8.246843193458936e-14, 7.698226956238327e+00, 9.440375416396265e-01, 1.539225049558218e+05, 5.108860201456798e+03
3022, 2.754728541551434e-02, 2.837388920003591e-03, 1.585121961732144e+00, 1.197825159999285e-02, 1.596533843744375e-12, 4.058979654761659e+01, -6.566423347445398e+00, -1.129262959688131e+05, 3.686506916055081e-04
3023, 4.008176173626628e-02, 1.842307060433434e-03, 2.267058632636779e-01, 1.713142543554581e-03, 2.283578750747410e-13, 3.858314519457147e+01, 2.206795096944715e+00, 1.315698394462726e+05, 4.594671729373881e+01
3024, 2.787393661948641e-02, 1.472035994322142e-03, 1.600060506072002e+00, 1.209113732548313e-02, 1.611519383804458e-12, 5.910508967163351e+01, -5.229969508321040e+00, -1.155052427685482e+05, 3.721222102330129e-04
3025, 5.850984854048505e-02, 4.193505693890902e-03, 1.388124437963411e-01, 1.048960532467645e-03, 1.387060939401269e-13, 4.666609153009921e+00, 4.495992598469543e+00, 1.413147366646512e+05, 3.293565240478561e+03
3026, 1.765397779648690e-02, 4.150131592975431e-03, 1.684929206467415e+00, 1.273246251738705e-02, 1.697037050674034e-12, 3.515676727156981e+01, -3.058873995017945e+00, -1.190469684665857e+05, 3.918674489088505e-04
3027, 3.569641722469529e-02, 1.832995962546055e-03, 9.543743155974752e-01, 7.211896591419474e-03, 9.602629145661082e-13, 1.939702264174344e+01, 6.576842302764642e+00, 6.728036595270643e+03, 1.075552639662499e-03
3028, 3.647753770029530e-02, 1.731325108209476e-03, 5.786833812265073e-01, 4.372922276271772e-03, 5.826627935139564e-13, 3.862874130158026e+01, 2.348820639617137e+00, 7.266832131062033e+04, 6.456479001490591e-02
3029, 3.778954641514812e-02, 1.241875375636117e-03, 3.572257166704834e-01, 2.699438665017132e-03, 3.595799179231904e-13, 4.403394189244160e+01, 1.259537707120606e+00, 1.113666582719797e+05, 2.011230531541317e+00
3030, 3.133274137009535e-02, 1.316924947128843e-03, 1.585420800884876e+00, 1.198050983036649e-02, 1.596808759455406e-12, 7.041681046961857e+01, 1.673260096840143e-01, -1.144454305944094e+05, 3.687173886232606e-04
3031, 2.781463421758356e-02, 3.159025935192521e-03, 1.574458992890523e+00, 1.189767500925031e-02, 1.585748206097504e-12, 3.026652405483941e+01, -5.455184796651229e+00, -1.111644696196905e+05, 3.661726930515274e-04
3032, 2.782409265733367e-02, 2.934452462745105e-03, 1.580338362194781e+00, 1.194210349265769e-02, 1.591712654303823e-12, 3.830842218797950e+01, -7.056459244063481e+00, -1.121191636115371e+05, 3.675388646781223e-04
3033, 4.761126540745290e-02, 1.331343139867139e-03, 1.116039208272643e-01, 8.433545654454702e-04, 1.124275372509950e-13, 2.406726994264670e+01, 1.441194725925254e+00, 1.479634804979970e+05, 1.729092122539992e+03
3034, 1.120861764317312e-01, 7.733496025914983e-04, 1.382828323311099e+00, 1.044958430714069e-02, 1.392987016376007e-12, -4.880773721977688e+00, 3.683624095073933e-04, -9.430876423831629e+04, 3.338805470559522e-04
3035, 1.081346153845923e-01, 8.549225139922057e-04, 1.382833724786401e+00, 1.044962512433464e-02, 1.392992338657243e-12, -4.887138780452998e+00, -2.747152706894332e-03, -9.430876600203569e+04, 3.338923647018619e-04
3036, 1.042506587869542e-01, 9.633680927276255e-04, 1.382847488584609e+00, 1.044972913288542e-02, 1.393006142120785e-12, -4.943027091447580e+00, -1.706511033758896e-02, -9.430798657218345e+04, 3.339081881850072e-04
3037, 1.002371794871314e-01, 8.549225139915447e-04, 1.382897250442564e+00, 1.045010516707677e-02, 1.393056114373494e-12, -5.191745913810164e+00, -6.566119235299483e-02, -9.430611054535971e+04, 3.339283837324317e-04
3038, 9.632021812770949e-02, 8.522019269575836e-04, 1.382990990244063e+00, 1.045081352829757e-02, 1.393150706811440e-12, -6.028088000104330e+00, -1.997321955314719e-01, -9.429776278607601e+04, 3.339595549502461e-04
3039, 9.234002458949311e-02, 8.094052853248332e-04, 1.383096536115737e+00, 1.045161110415430e-02, 1.393257534935845e-12, -8.290990411829869e+00, -4.930260069541630e-01, -9.426397050431225e+04, 3.339775322328301e-04
3040, 8.935006600877578e-02, 7.723238598080073e-04, 1.383061857917807e+00, 1.045134905228087e-02, 1.393222163598282e-12, -1.200487369335170e+01, -8.928675329122757e-01, -9.420128799243910e+04, 3.339745717018182e-04
3041, 1.101062969446179e-01, 1.015685500445329e-02, 1.382842754179680e+00, 1.044969335652485e-02, 1.393001336692517e-12, -4.907432587029099e+00, -4.549891921129475e-03, -9.431167020121944e+04, 3.338752537292114e-04
3042, 1.060704088831299e-01, 1.002899311941954e-02, 1.382841617817339e+00, 1.044968476940435e-02, 1.393000188570925e-12, -4.914240743356452e+00, -2.829872268869523e-02, -9.431103346049185e+04, 3.338850822217476e-04
3043, 1.019999999999538e-01, 1.013397459621392e-02, 1.382843107213395e+00, 1.044969602428683e-02, 1.393001815228851e-12, -4.917862631048836e+00, -1.105900519519417e-01, -9.430897137039679e+04, 3.338955815612697e-04
3044, 9.793244716924179e-02, 1.020553700877268e-02, 1.382856605086057e+00, 1.044979802332493e-02, 1.393015036036996e-12, -4.864732574784422e+00, -3.098694534038805e-01, -9.430437186463458e+04, 3.339075394408383e-04
3045, 9.396951039768089e-02, 1.019197262902518e-02, 1.382902313571386e+00, 1.045014342749649e-02, 1.393062539861167e-12, -4.546448093951398e+00, -6.795758892199287e-01, -9.429137158670597e+04, 3.339126972045572e-04
3046, 9.099999999998415e-02, 1.013397459622097e-02, 1.382886851223388e+00, 1.045002658355731e-02, 1.393051550555660e-12, -3.814484759041817e+00, -9.565484751988172e-01, -9.426553045832647e+04, 3.336843234059565e-04
3047, 1.130184008775200e-01, 1.011080465903781e-02, 1.382843543790310e+00, 1.044969932335554e-02, 1.393002136636276e-12, -4.903601921332603e+00, 1.016324846470300e-03, -9.431182648107977e+04, 3.338700698607921e-04
3048, 1.176919182943297e-01, 5.495001751034272e-03, 1.382835722190573e+00, 1.044964021806788e-02, 1.392994393408863e-12, -4.895659426102685e+00, 5.618260389530362e-03, -9.431047248070315e+04, 3.338710898290484e-04
3049, 8.517774750254378e-02, 7.424771415262483e-03, 1.398000931957312e+00, 1.056423878053846e-02, 1.408304800955671e-12, -3.695502280165703e+00, -1.693982200298948e+00, -9.717843390001556e+04, 3.294652525658412e-04
3050, 8.636898482180429e-02, 7.354073827888948e-04, 1.382599106185604e+00, 1.044785218780588e-02, 1.392755126774340e-12, -1.844658315392159e+01, -1.437364078269104e+00, -9.408545333476715e+04, 3.338141502583592e-04
3051, 1.150104437111432e-01, 7.296455822032531e-04, 1.382825323535420e+00, 1.044956163881041e-02, 1.392984044283706e-12, -4.884165921552714e+00, 8.682067603077550e-04, -9.430853611615018e+04, 3.338735976977205e-04
3052, 8.356455314196226e-02, 5.867534073983125e-03, 1.395043937427823e+00, 1.054189373371634e-02, 1.405314992356657e-12, -7.606455085475592e+00, -2.463388911190414e+00, -9.680776122986589e+04, 3.291254474108068e-04
3053, 8.344487286369898e-02, 8.201083709612288e-04, 1.380313704862446e+00, 1.043058215261835e-02, 1.390453703741604e-12, -2.703370634222274e+01, -1.532458525487862e+00, -9.392872226690131e+04, 3.330838269943835e-04
3054, 8.794307140997022e-02, 1.014204279322085e-02, 1.385504386880356e+00, 1.046980644998224e-02, 1.395731106588712e-12, -2.665729035390592e+00, -1.701852908687874e-01, -9.463384649439841e+04, 3.314250220986646e-04
3055, 8.087490437616977e-02, 3.073351220211028e-03, 1.379059280246002e+00, 1.042110287340072e-02, 1.389249057949064e-12, -2.257220925753709e+01, -9.452826857022767e-01, -9.579682137549394e+04, 3.306221620395159e-04
3056, 1.177187054326942e-01, 3.527727350224173e-03, 1.382829971827980e+00, 1.044959676444664e-02, 1.392988721222471e-12, -4.892718905922790e+00, 4.408191078400000e-03, -9.430945640473615e+04, 3.338683304321665e-04
3057, 1.039964856342640e-01, 1.013600361619590e-02, 1.382841534617836e+00, 1.044968414069284e-02, 1.393000176058518e-12, -4.918602887125593e+00, -5.824279070476705e-02, -9.431019208449023e+04, 3.338903558970425e-04
3058, 9.999999999995625e-02, 1.013397459621659e-02, 1.382849689914542e+00, 1.044974576762061e-02, 1.393008426715183e-12, -4.906604195339256e+00, -1.929634329142614e-01, -9.430732513907508e+04, 3.339017867782287e-04
3059, 1.149999999999866e-01, 1.013397459621392e-02, 1.382844156989676e+00, 1.044970395710385e-02, 1.393002756051312e-12, -4.903101312511982e+00, 2.960493672967350e-03, -9.431191343808371e+04, 3.338644684251815e-04
3060, 1.175341457622870e-01, 7.595041248607583e-03, 1.382841307267787e+00, 1.044968242268158e-02, 1.392999948899258e-12, -4.899590274399253e+00, 5.909380874288902e-03, -9.431146068029782e+04, 3.338668978986012e-04
3061, 1.079999999999701e-01, 1.013397459621613e-02, 1.382841986675362e+00, 1.044968755674427e-02, 1.393000561814839e-12, -4.911371016027553e+00, -1.262004295753031e-02, -9.431143295803572e+04, 3.338802406004028e-04
3062, 9.605551199913513e-02, 1.012795743871529e-02, 1.382878177185042e+00, 1.044996103666756e-02, 1.393037329516139e-12, -4.758262921315426e+00, -4.679487369621831e-01, -9.430038986716101e+04, 3.339152412821182e-04
3063, 1.022115384614942e-01, 8.549225139930591e-04, 1.382869292041794e+00, 1.044989389452673e-02, 1.393027995949574e-12, -5.026412927859987e+00, -3.498759379475645e-02, -9.430761227494109e+04, 3.339164591286070e-04
3064, 1.062123605566844e-01, 9.730513173827078e-04, 1.382839712629007e+00, 1.044967037251562e-02, 1.392998335541739e-12, -4.903813407168593e+00, -8.406332886232642e-03, -9.430866956660830e+04, 3.339000281409000e-04
3065, 1.101089743589518e-01, 8.549225139928127e-04, 1.382830837916021e+00, 1.044960330919314e-02, 1.392989497699247e-12, -4.881366882562574e+00, -6.713249991151639e-04, -9.430887300724015e+04, 3.338859336742998e-04
3066, 9.433718089922143e-02, 8.497794489731427e-04, 1.383034794176413e+00, 1.045114454038087e-02, 1.393195125704330e-12, -6.897177551636921e+00, -3.158068629955407e-01, -9.428452850604236e+04, 3.339734180866454e-04
3067, 9.826282051277363e-02, 8.549225139899523e-04, 1.382937559920199e+00, 1.045040977270147e-02, 1.393096714673457e-12, -5.496271696316301e+00, -1.179806761451540e-01, -9.430300948677149e+04, 3.339425971274310e-04
3068, 8.619719541906623e-02, 9.354393543693378e-03, 1.398426909891753e+00, 1.056745775737281e-02, 1.408740675305636e-12, -2.101725174550170e+00, -4.119663307570449e-01, -9.724490747709741e+04, 3.296146083372051e-04
3069, 8.145855081198695e-02, 9.108659936853299e-04, 1.380602849046004e+00, 1.043276712125987e-02, 1.390766204163354e-12, -3.132865980619955e+01, -1.128322177364351e+00, -9.456764106788147e+04, 3.328873722687686e-04
3070, 1.176339745962135e-01, 1.500000000003555e-03, 1.382824846320739e+00, 1.044955803265399e-02, 1.392983641044427e-12, -4.889873724907616e+00, 2.396003036933255e-03, -9.430858931816708e+04, 3.338682076187004e-04
3071, 1.169613248654023e-01, 1.015630369558302e-02, 1.382844459778070e+00, 1.044970624517734e-02, 1.393003051598596e-12, -4.903342607831862e+00, 4.803185034342104e-03, -9.431195228261837e+04, 3.338590751024531e-04
3072, 8.167933917963616e-02, 4.766060701070335e-03, 1.388354048101132e+00, 1.049134041386750e-02, 1.398560763639780e-12, -1.398954980368810e+01, -1.387552643182100e+00, -9.638634489509277e+04, 3.288038828707710e-04
3073, 8.570382557871656e-02, 8.308725377379082e-03, 1.398773165087565e+00, 1.057007429537648e-02, 1.409101113402364e-12, -2.694111753752327e+00, -9.820554890219937e-01, -9.729183326660297e+04, 3.295295195299847e-04
3074, 8.620516615607055e-02, 7.424426770627677e-03, 1.390176220860554e+00, 1.050510998131873e-02, 1.400406256761783e-12, -4.786252453011261e+00, -2.310781113621558e+00, -9.547115753307534e+04, 3.307911619317854e-04
3075, 8.567621241983182e-02, 6.550423291457857e-03, 1.389058874985616e+00, 1.049666656160901e-02, 1.399259051299428e-12, -6.718811622650375e+00, -3.209638359457207e+00, -9.527974140837298e+04, 3.309382834895676e-04
3076, 8.671832398229277e-02, 6.571339089613653e-03, 1.384600243825790e+00, 1.046297413470872e-02, 1.394768710962933e-12, -6.683238262885979e+00, -3.419643361652662e+00, -9.439816221010085e+04, 3.318605459137402e-04
3077, 8.624030161352980e-02, 5.690840135805102e-03, 1.383690795474129e+00, 1.045610172902874e-02, 1.393852995024732e-12, -9.137642170686833e+00, -4.143460967773142e+00, -9.426222725064805e+04, 3.320542868456965e-04
3078, 8.724557543603269e-02, 5.722518731872922e-03, 1.382670758320135e+00, 1.044839363970402e-02, 1.392823883727930e-12, -8.404506206658631e+00, -3.894950586866395e+00, -9.411669930647723e+04, 3.327827434416626e-04
3079, 8.771779657395860e-02, 6.599464262786785e-03, 1.382934424044707e+00, 1.045038607590985e-02, 1.393085015261577e-12, -6.415815777510167e+00, -3.276986734202832e+00, -9.415325861241005e+04, 3.326769530316123e-04
3080, 8.824591951721546e-02, 5.754423109912993e-03, 1.382645083473715e+00, 1.044819962323246e-02, 1.392799178851853e-12, -7.808749595903134e+00, -3.441441072786977e+00, -9.416064474238583e+04, 3.333349408054787e-04
3081, 8.871723535251294e-02, 6.636287598064595e-03, 1.382739796202286e+00, 1.044891533654655e-02, 1.392893557495190e-12, -6.233526366924302e+00, -2.938629743708342e+00, -9.418003805997092e+04, 3.332988175808653e-04
3082, 8.924551846105462e-02, 5.787862997963282e-03, 1.382829540936464e+00, 1.044959350834139e-02, 1.392987052995830e-12, -7.345253447297114e+00, -2.934339042561760e+00, -9.422016821459911e+04, 3.336690727650023e-04
3083, 8.777493905304350e-02, 4.873110533199235e-03, 1.382509101240055e+00, 1.044717204967834e-02, 1.392663104037939e-12, -9.774147172793009e+00, -3.742999700636715e+00, -9.414199100767712e+04, 3.333977803146573e-04
3084, 8.971709927486436e-02, 6.658239284582451e-03, 1.382891992641143e+00, 1.045006543558072e-02, 1.393050722263677e-12, -6.104294827521616e+00, -2.542719981125042e+00, -9.423799888748495e+04, 3.336676036370809e-04
3085, 9.024506527082844e-02, 5.819077754251418e-03, 1.382949519605513e+00, 1.045050014815785e-02, 1.393108939479573e-12, -6.951545854406962e+00, -2.473601754539442e+00, -9.425388991152002e+04, 3.338381349067266e-04
3086, 9.076926261712473e-02, 6.665236455163007e-03, 1.383001369042420e+00, 1.045089195750468e-02, 1.393161639485469e-12, -5.962401163216322e+00, -2.179604546870638e+00, -9.427002634086912e+04, 3.338508832886675e-04
3087, 9.125115890872093e-02, 5.838167745757335e-03, 1.382992961125044e+00, 1.045082842160514e-02, 1.393152876156145e-12, -6.576052316329639e+00, -2.074603397204387e+00, -9.427007673028634e+04, 3.339127845110285e-04
3088, 9.077441887193534e-02, 4.969054202155676e-03, 1.382942419404202e+00, 1.045044649424365e-02, 1.393101712118176e-12, -7.527738894342490e+00, -2.215716491566313e+00, -9.425431146737092e+04, 3.339063599065830e-04
3089, 9.177405305666415e-02, 5.001870012463650e-03, 1.382956001552729e+00, 1.045054913012660e-02, 1.393115453217253e-12, -6.984420340820281e+00, -1.825450588933030e+00, -9.426644936941429e+04, 3.339344035631338e-04
3090, 9.224576910286360e-02, 5.868254735967768e-03, 1.382990441959075e+00, 1.045080938508633e-02, 1.393150252534077e-12, -6.225822593986151e+00, -1.710925238380812e+00, -9.427865519663366e+04, 3.339393091832896e-04
3091, 9.277273123184533e-02, 5.034337321888253e-03, 1.382958632945316e+00, 1.045056901470527e-02, 1.393118132326982e-12, -6.526370051503271e+00, -1.489611326980074e+00, -9.427695490467784e+04, 3.339448787502662e-04
3092, 9.324377223410586e-02, 5.916294726316150e-03, 1.382978170653385e+00, 1.045071665481657e-02, 1.393137823833305e-12, -5.926274179171354e+00, -1.392557240364829e+00, -9.428589127009582e+04, 3.339471317537647e-04
3093, 9.377181556163983e-02, 5.069738714479686e-03, 1.382956437877979e+00, 1.045055242729453e-02, 1.393115959162896e-12, -6.152469131313504e+00, -1.202487829021376e+00, -9.428580271783515e+04, 3.339477040794429e-04
3094, 9.424292425634924e-02, 5.952185132783712e-03, 1.382962489850896e+00, 1.045059816008729e-02, 1.393122088831578e-12, -5.689483678562387e+00, -1.120262993382729e+00, -9.429204063807247e+04, 3.339469231147222e-04
3095, 9.477115906571716e-02, 5.103604190301028e-03, 1.382947398669587e+00, 1.045048412093381e-02, 1.393106889717684e-12, -5.855843474181996e+00, -9.622053686329077e-01, -9.429240355162574e+04, 3.339459090713001e-04
3096, 9.524231095614027e-02, 5.985794622476416e-03, 1.382946696489071e+00, 1.045047881478381e-02, 1.393106221517684e-12, -5.503009724510298e+00, -8.914569907109346e-01, -9.429705716143454e+04, 3.339434098431142e-04
3097, 9.577058487843293e-02, 5.136833527197988e-03, 1.382934299953180e+00, 1.045038513819012e-02, 1.393093708407061e-12, -5.622812055523945e+00, -7.619475850395119e-01, -9.429721405554334e+04, 3.339417367396568e-04
3098, 9.624174893721128e-02, 6.018931535881112e-03, 1.382930644849030e+00, 1.045035751775570e-02, 1.393090054809630e-12, -5.356708032267469e+00, -7.018210211611174e-01, -9.430078186332504e+04, 3.339383642022761e-04
3099, 9.677003295613502e-02, 5.169878078226259e-03, 1.382920468742217e+00, 1.045028062022307e-02, 1.393079768775164e-12, -5.441193244008156e+00, -5.979685436533664e-01, -9.430078485333966e+04, 3.339367238044116e-04
3100, 9.724120161160892e-02, 6.051937479250306e-03, 1.382915774566937e+00, 1.045024514786573e-02, 1.393075051700878e-12, -5.245185301065860e+00, -5.487623168477131e-01, -9.430352975553792e+04, 3.339329248613816e-04
3101, 9.776948719355597e-02, 5.202870003270667e-03, 1.382905240953880e+00, 1.045016554877450e-02, 1.393064409901358e-12, -5.300187969990858e+00, -4.641567624353855e-01, -9.430316882902670e+04, 3.339310615118383e-04
3102, 9.824065747072502e-02, 6.084915440867491e-03, 1.382899034444571e+00, 1.045011864820026e-02, 1.393058148416458e-12, -5.157589912040966e+00, -4.238058138620585e-01, -9.430510520840941e+04, 3.339267229431307e-04
3103, 9.876894298838328e-02, 5.235848493692309e-03, 1.382890714346698e+00, 1.045005577592422e-02, 1.393049754761169e-12, -5.191811802465050e+00, -3.560223375949101e-01, -9.430490184311630e+04, 3.339254422401236e-04
3104, 9.924011358628040e-02, 6.117891161244436e-03, 1.382884733086732e+00, 1.045001057748608e-02, 1.393043706798957e-12, -5.089162767183988e+00, -3.239273453307404e-01, -9.430638833311535e+04, 3.339210614753043e-04
3105, 9.976839908551828e-02, 5.268824371470007e-03, 1.382878461083817e+00, 1.044996318199805e-02, 1.393037394301730e-12, -5.109168393046690e+00, -2.700425970020373e-01, -9.430627414133858e+04, 3.339203314674007e-04
3106, 1.002395697352596e-01, 6.150866590903553e-03, 1.382873314893333e+00, 1.044992429390871e-02, 1.393032185780336e-12, -5.035902208434521e+00, -2.453403855738980e-01, -9.430741761423045e+04, 3.339161320317418e-04
3107, 1.007678552386085e-01, 5.301799765354328e-03, 1.382868597705839e+00, 1.044988864765557e-02, 1.393027446839764e-12, -5.046463247699175e+00, -2.024713951483000e-01, -9.430735900734732e+04, 3.339157770508862e-04
3108, 1.012390259038668e-01, 6.183841850540341e-03, 1.382864170556525e+00, 1.044985519312663e-02, 1.393022964787358e-12, -4.995069357242617e+00, -1.835506995829588e-01, -9.430823102090076e+04, 3.339117734518693e-04
3109, 1.017673114042956e-01, 5.334775050252830e-03, 1.382860651865737e+00, 1.044982860352372e-02, 1.393019434631414e-12, -4.999355372072838e+00, -1.498599214478403e-01, -9.430818078970880e+04, 3.339116639387106e-04
3110, 1.022384820715650e-01, 6.216817118040265e-03, 1.382857649553519e+00, 1.044980591602582e-02, 1.393016388740146e-12, -4.963435839527850e+00, -1.361000251055398e-01, -9.430893468916998e+04, 3.339080786337794e-04
3111, 1.027667675719308e-01, 5.367750318297324e-03, 1.382854022334885e+00, 1.044977850631320e-02, 1.393012751719342e-12, -4.964069188250754e+00, -1.087815313716592e-01, -9.430875417942135e+04, 3.339078319209000e-04
3112, 1.032379382396038e-01, 6.249792382594175e-03, 1.382851819766234e+00, 1.044976186221743e-02, 1.393010511631403e-12, -4.938187094400219e+00, -9.735197565199052e-02, -9.430935824129405e+04, 3.339045690848205e-04
3113, 1.037662237399475e-01, 5.400725583041745e-03, 1.382849828114225e+00, 1.044974681195040e-02, 1.393008526906760e-12, -4.938980185698996e+00, -7.796437802485268e-02, -9.430931424460333e+04, 3.339045108710399e-04
3114, 1.042373944076859e-01, 6.282767646772451e-03, 1.382848438687519e+00, 1.044973631250421e-02, 1.393007110307737e-12, -4.921972611553924e+00, -6.915497694275734e-02, -9.430980653797627e+04, 3.339014564863382e-04
3115, 1.047656799080351e-01, 5.433700847173775e-03, 1.382846874735712e+00, 1.044972449422864e-02, 1.393005557044103e-12, -4.921434345102129e+00, -5.509217204613719e-02, -9.430973568820245e+04, 3.339014331761303e-04
3116, 1.052372102255912e-01, 6.304842188011714e-03, 1.382846389184319e+00, 1.044972082507436e-02, 1.393005061837195e-12, -4.910879154310442e+00, -4.863527092931368e-02, -9.431021057048025e+04, 3.338986491856120e-04
3117, 1.057651960177717e-01, 5.464859324047424e-03, 1.382844524664779e+00, 1.044970673550610e-02, 1.393003195514645e-12, -4.909123152013942e+00, -3.813223365648390e-02, -9.431001103061784e+04, 3.338985028398554e-04
3118, 1.062367363256026e-01, 6.335697867008890e-03, 1.382844695921729e+00, 1.044970802963921e-02, 1.393003362662295e-12, -4.902970532278944e+00, -3.345946431591475e-02, -9.431046053817644e+04, 3.338960072224532e-04
3119, 1.067646738314674e-01, 5.497178526004239e-03, 1.382842420519011e+00, 1.044969083516020e-02, 1.393001080441330e-12, -4.900587865457795e+00, -2.523614095913375e-02, -9.431016880218314e+04, 3.338956242596193e-04
3120, 1.072349189905152e-01, 6.407272082709070e-03, 1.382842534938820e+00, 1.044969169979341e-02, 1.393001180589565e-12, -4.898218479345498e+00, -2.104974424616059e-02, -9.431054833491579e+04, 3.338930307373007e-04
3121, 1.077639213566398e-01, 5.536477604925390e-03, 1.382840463628487e+00, 1.044967604757410e-02, 1.392999113267214e-12, -4.895449518878800e+00, -1.542102125592530e-02, -9.431025602098566e+04, 3.338927419288323e-04
3122, 1.082341281342671e-01, 6.447734474457702e-03, 1.382840853292290e+00, 1.044967899213671e-02, 1.392999487257828e-12, -4.895677953023279e+00, -1.210954415618658e-02, -9.431062622899539e+04, 3.338900559651857e-04
3123, 1.087633015801983e-01, 5.571754692682136e-03, 1.382838983705505e+00, 1.044966486427695e-02, 1.392997628798044e-12, -4.892666067453461e+00, -8.358865959531959e-03, -9.431033583310708e+04, 3.338899147932469e-04
3124, 1.092318500040989e-01, 6.503726398862998e-03, 1.382839686843281e+00, 1.044967017766058e-02, 1.392998314051293e-12, -4.894535239475895e+00, -5.892700370794104e-03, -9.431070539023397e+04, 3.338871856647326e-04
3125, 1.097624560411679e-01, 5.608949704021119e-03, 1.382837995018231e+00, 1.044965739308843e-02, 1.392996638687321e-12, -4.891469778524648e+00, -3.570648911170643e-03, -9.431041281375970e+04, 3.338871896302138e-04
3126, 1.102274639180502e-01, 6.546870999088985e-03, 1.382839184524494e+00, 1.044966638180065e-02, 1.392997807753500e-12, -4.893967042270353e+00, -1.966002857741983e-03, -9.431080241542825e+04, 3.338844949639319e-04
3127, 1.107612215490591e-01, 5.644323148593905e-03, 1.382837580113481e+00, 1.044965425778791e-02, 1.392996226017246e-12, -4.891167811850680e+00, -6.976498199056249e-04, -9.431049901856844e+04, 3.338846616111037e-04
3128, 1.112287741868640e-01, 6.532394843851356e-03, 1.382839149533566e+00, 1.044966611738543e-02, 1.392997780887900e-12, -4.893815826866036e+00, 1.854061373576026e-04, -9.431088864291942e+04, 3.338821939079701e-04
3129, 1.117618730847776e-01, 5.664527694980697e-03, 1.382837371474532e+00, 1.044965268117109e-02, 1.392996022572945e-12, -4.891274362607390e+00, 9.671620961260055e-04, -9.431055286298036e+04, 3.338822620489918e-04
3130, 1.122322415196103e-01, 6.549703150064676e-03, 1.382839162517416e+00, 1.044966621550004e-02, 1.392997798176531e-12, -4.893924839823434e+00, 1.449932201632447e-03, -9.431093868176993e+04, 3.338799064931150e-04
3131, 1.127611955473961e-01, 5.698025190873319e-03, 1.382837226612737e+00, 1.044965158649752e-02, 1.392995879772339e-12, -4.891648723063537e+00, 1.975668738648925e-03, -9.431058459580847e+04, 3.338799027083090e-04
3132, 1.132323439309089e-01, 6.580154293060741e-03, 1.382839103866714e+00, 1.044966577229576e-02, 1.392997741080838e-12, -4.894277274940841e+00, 2.345345007319819e-03, -9.431096544956663e+04, 3.338775615831996e-04
3133, 1.137607854209906e-01, 5.730478222915766e-03, 1.382837083566514e+00, 1.044965050554359e-02, 1.392995738731422e-12, -4.892240162896221e+00, 2.685245360140626e-03, -9.431060296496713e+04, 3.338775633826233e-04
3134, 1.132895924689818e-01, 4.848523198036851e-03, 1.382835101183165e+00, 1.044963552531702e-02, 1.392993773843505e-12, -4.889686688605697e+00, 2.252110609146303e-03, -9.431020298646615e+04, 3.338794390487100e-04
3135, 1.112905031890814e-01, 4.784614084377712e-03, 1.382835688182632e+00, 1.044963996108134e-02, 1.392994351928234e-12, -4.888725517100474e+00, 2.567054759430661e-04, -9.431015735039755e+04, 3.338841935144155e-04
3136, 1.092916721295272e-01, 4.719289324608702e-03, 1.382836992764370e+00, 1.044964981938180e-02, 1.392995648119448e-12, -4.889857080695518e+00, -5.255613658428404e-03, -9.431003484429802e+04, 3.338893908103937e-04
3137, 1.072928777445901e-01, 4.650584575576260e-03, 1.382839952352308e+00, 1.044967218402629e-02, 1.392998609668850e-12, -4.897439318542055e+00, -1.793014049837326e-02, -9.430985944933193e+04, 3.338948628653972e-04
3138, 1.052939753986503e-01, 4.584331249781957e-03, 1.382844511315652e+00, 1.044970663463114e-02, 1.393003191375768e-12, -4.918196916276393e+00, -4.146938594565337e-02, -9.430951428972137e+04, 3.339008197833830e-04
3139, 1.032950530721863e-01, 4.518683519512400e-03, 1.382851315909565e+00, 1.044975805473644e-02, 1.393010044993367e-12, -4.961803755500976e+00, -8.347844435665294e-02, -9.430870098418962e+04, 3.339073285198520e-04
3140, 9.274273089159699e-02, 6.735427261089440e-03, 1.383015584198478e+00, 1.045099937681989e-02, 1.393175617727509e-12, -5.603505618172806e+00, -1.524652935477484e+00, -9.428844141065316e+04, 3.339443022017214e-04
3141, 1.012961407365487e-01, 4.452732986601241e-03, 1.382863556672353e+00, 1.044985055420355e-02, 1.393022389754173e-12, -5.047786443526937e+00, -1.582286921887664e-01, -9.430724478326434e+04, 3.339149229780433e-04
3142, 9.929722841757316e-02, 4.386782309570796e-03, 1.382882413750572e+00, 1.044999305101642e-02, 1.393041407999840e-12, -5.205422083972821e+00, -2.832544969673118e-01, -9.430471462402029e+04, 3.339238863118755e-04
3143, 9.729831653939498e-02, 4.320827827002880e-03, 1.382907827383863e+00, 1.045018509358559e-02, 1.393067030528120e-12, -5.481164412502569e+00, -4.815082366423278e-01, -9.430036057237969e+04, 3.339341750245252e-04
3144, 1.142890672072948e-01, 4.881425929792768e-03, 1.382834860882354e+00, 1.044963370944172e-02, 1.392993537540322e-12, -4.890532468208846e+00, 2.807817641662479e-03, -9.431020765662417e+04, 3.338771096882019e-04
3145, 1.142319300904620e-01, 6.612621831545571e-03, 1.382839059239808e+00, 1.044966543506461e-02, 1.392997696281429e-12, -4.894813678684678e+00, 3.045250532027447e-03, -9.431099064593443e+04, 3.338751924640542e-04
3146, 9.529941228099628e-02, 4.254809081046230e-03, 1.382932317097192e+00, 1.045037015439179e-02, 1.393091690455088e-12, -5.944799858656984e+00, -7.822508643462983e-01, -9.429234114025527e+04, 3.339435266932061e-04
3147, 9.330060453179440e-02, 4.188115115614138e-03, 1.382940000959708e+00, 1.045042821884421e-02, 1.393099349218942e-12, -6.695672643459559e+00, -1.218424997765936e+00, -9.427723336256162e+04, 3.339462771139251e-04
3148, 9.130157905509763e-02, 4.122980351936122e-03, 1.382910045563092e+00, 1.045020185564571e-02, 1.393069014407508e-12, -7.862294495122580e+00, -1.847891142053800e+00, -9.425104122514326e+04, 3.339312719842397e-04
3149, 1.138178959205272e-01, 3.999386283999943e-03, 1.382832880233309e+00, 1.044961874232074e-02, 1.392991574559320e-12, -4.888111856299290e+00, 2.285580829820799e-03, -9.430981066476523e+04, 3.338784947192728e-04
3150, 9.471402232623889e-02, 6.834886150149659e-03, 1.382959280643856e+00, 1.045057390915249e-02, 1.393118914775602e-12, -5.324696803600784e+00, -9.889486421705233e-01, -9.429663364788340e+04, 3.339439791596947e-04
3151, 9.671291643976940e-02, 6.901001378750424e-03, 1.382920999100599e+00, 1.045028462796898e-02, 1.393080389814814e-12, -5.150862994092643e+00, -6.139792966673130e-01, -9.430319794306874e+04, 3.339333456614682e-04
3152, 9.871310261274258e-02, 6.928327897469447e-03, 1.382889894699094e+00, 1.045004958211350e-02, 1.393048928799207e-12, -5.053588656578713e+00, -3.679739198413530e-01, -9.430644070706118e+04, 3.339213983684342e-04
3153, 9.030231044007093e-02, 4.089506257891191e-03, 1.382873940198776e+00, 1.044992901913962e-02, 1.393032475683047e-12, -8.636564640880204e+00, -2.244491151195449e+00, -9.423444077606814e+04, 3.338978592671028e-04
3154, 1.117273472140507e-01, 7.390623056695547e-03, 1.382840773417439e+00, 1.044967838854805e-02, 1.392999394027921e-12, -4.896445650167814e+00, 6.886660670609239e-04, -9.431124135074692e+04, 3.338793807884813e-04
3155, 1.007107404030205e-01, 7.032908654436556e-03, 1.382867298501023e+00, 1.044987882998686e-02, 1.393026111021770e-12, -4.986473295831045e+00, -2.143192196669018e-01, -9.430823392494848e+04, 3.339113080961137e-04
3156, 1.027096527392342e-01, 7.098859182371011e-03, 1.382856220591863e+00, 1.044979511782686e-02, 1.393014932115811e-12, -4.940007693513553e+00, -1.207777683264313e-01, -9.430970972512930e+04, 3.339044799461168e-04
3157, 1.047281450265954e-01, 6.972005433042858e-03, 1.382847386779888e+00, 1.044972836357994e-02, 1.393006053436285e-12, -4.909259505394023e+00, -5.755073377678933e-02, -9.431020725201545e+04, 3.338986133782121e-04
3158, 9.083043964647497e-02, 3.240855149953837e-03, 1.382845130437969e+00, 1.044971131313853e-02, 1.393003341234538e-12, -8.830246680051816e+00, -1.757354938107983e+00, -9.423031196152807e+04, 3.338851853548204e-04
3159, 1.066660314896683e-01, 7.272619325282119e-03, 1.382843937522797e+00, 1.044970229866478e-02, 1.393002580468282e-12, -4.900828007165538e+00, -2.738219930588224e-02, -9.431074542264786e+04, 3.338929499881139e-04
3160, 8.924951220297241e-02, 7.499138247128326e-03, 1.382797188746083e+00, 1.044934903335105e-02, 1.392952576963969e-12, -5.092583868986889e+00, -2.355776292576774e+00, -9.420221259150236e+04, 3.333334240332379e-04
3161, 1.086610548586271e-01, 7.419890104157635e-03, 1.382840988712686e+00, 1.044968001546462e-02, 1.392999598326685e-12, -4.898157904114979e+00, -8.783169730449174e-03, -9.431094452142571e+04, 3.338866480697913e-04
3162, 1.148173557374056e-01, 4.032347296456770e-03, 1.382832546161657e+00, 1.044961621784967e-02, 1.392991247125680e-12, -4.889212926886709e+00, 2.713033973553009e-03, -9.430980065674747e+04, 3.338761011256444e-04
3163, 8.983098868818647e-02, 3.207866029268440e-03, 1.382777944436179e+00, 1.044920361035426e-02, 1.392935316214198e-12, -9.862019523712501e+00, -2.116200368300258e+00, -9.420771056362908e+04, 3.338767936631207e-04
3164, 1.137036402570681e-01, 7.461705555293892e-03, 1.382840818564533e+00, 1.044967872971002e-02, 1.392999441973040e-12, -4.896899468779369e+00, 2.631728036747287e-03, -9.431130453901569e+04, 3.338747916093724e-04
3165, 1.147031173682411e-01, 7.494599019044624e-03, 1.382840887699835e+00, 1.044967925214299e-02, 1.392999511053545e-12, -4.897381497231554e+00, 3.353271288005967e-03, -9.431134055432833e+04, 3.338723796548110e-04
3166, 1.152025633570863e-01, 6.627572601462788e-03, 1.382839020088741e+00, 1.044966513921261e-02, 1.392997656802806e-12, -4.895451221894890e+00, 3.691165930944998e-03, -9.431101101369208e+04, 3.338729074450766e-04
3167, 1.143461849176999e-01, 3.150305826394036e-03, 1.382830651070339e+00, 1.044960189726050e-02, 1.392989368087517e-12, -4.886935370278072e+00, 2.088883180972941e-03, -9.430942499703154e+04, 3.338770731923665e-04
3168, 1.133467287242695e-01, 3.117330661338421e-03, 1.382831124639570e+00, 1.044960547586952e-02, 1.392989832447614e-12, -4.885881247679080e+00, 1.774480170802040e-03, -9.430944682390038e+04, 3.338794852121461e-04
3169, 1.153456417410154e-01, 3.183278531220270e-03, 1.382830222454906e+00, 1.044959865835290e-02, 1.392988949424864e-12, -4.888253127975609e+00, 2.443786278343797e-03, -9.430939985907654e+04, 3.338745009619001e-04
3170, 1.158168124455739e-01, 4.065320451030189e-03, 1.382832215621598e+00, 1.044961372006587e-02, 1.392990922510136e-12, -4.890512732799444e+00, 3.189530906146860e-03, -9.430978451370900e+04, 3.338737017562360e-04
3171, 9.182986976546979e-02, 3.273899696124395e-03, 1.382885233391673e+00, 1.045001435812868e-02, 1.393043935648808e-12, -7.994728508612669e+00, -1.436627384185814e+00, -9.424917042705984e+04, 3.339399456344641e-04
3172, 1.141749121038354e-01, 8.341307019448537e-03, 1.382842230077435e+00, 1.044968939605432e-02, 1.393000843677142e-12, -4.899375977530812e+00, 2.830348421293141e-03, -9.431157914496258e+04, 3.338715937285682e-04
3173, 1.151474173072923e-01, 8.389297226198066e-03, 1.382842416666374e+00, 1.044969080604622e-02, 1.393001031055650e-12, -4.899728902399889e+00, 3.607696470673369e-03, -9.431162408243265e+04, 3.338690176838430e-04
3174, 1.131843973625054e-01, 8.305476024498343e-03, 1.382842101182503e+00, 1.044968842203721e-02, 1.393000712777934e-12, -4.899177505920642e+00, 1.997446668284211e-03, -9.431153881549722e+04, 3.338741344838900e-04
3175, 1.138633261696859e-01, 2.274505455227501e-03, 1.382829086699442e+00, 1.044959007581821e-02, 1.392987810163404e-12, -4.884899679831025e+00, 1.584450751298253e-03, -9.430910510584840e+04, 3.338777691146460e-04
3176, 9.134381779628963e-02, 2.399805104937564e-03, 1.382841685299417e+00, 1.044968527934586e-02, 1.392999776003971e-12, -8.824332081983121e+00, -1.282381418453515e+00, -9.422873729215439e+04, 3.339096847983254e-04
3177, 9.234029794792153e-02, 2.449012222323979e-03, 1.382881993676324e+00, 1.044998987665245e-02, 1.393040613761158e-12, -7.955461392203604e+00, -1.019461650693961e+00, -9.424937661768783e+04, 3.339424906331152e-04
3178, 8.524757363809397e-02, 5.654510807120438e-03, 1.386313615060103e+00, 1.047592152438866e-02, 1.396490489686632e-12, -9.798148144890190e+00, -4.076665461230349e+00, -9.479246563773532e+04, 3.312371492315622e-04
3179, 8.577587433965297e-02, 4.806481433824822e-03, 1.382590144186818e+00, 1.044778446489309e-02, 1.392743558388482e-12, -1.213080158450598e+01, -4.573977625939644e+00, -9.411136117954022e+04, 3.323040109786555e-04
3180, 8.477766697513676e-02, 4.771787454437122e-03, 1.383726864560198e+00, 1.045637429139204e-02, 1.393885166482202e-12, -1.343416819806297e+01, -4.619065204362212e+00, -9.436193871798157e+04, 3.316025000890123e-04
3181, 8.530695472152261e-02, 3.923519049317779e-03, 1.381707459148099e+00, 1.044111430087260e-02, 1.391854536680429e-12, -1.547148692316219e+01, -4.588155806232095e+00, -9.400981581975374e+04, 3.325641215990818e-04
3182, 8.427195565317937e-02, 3.904098204094937e-03, 1.381856492827187e+00, 1.044224049995883e-02, 1.392003044582953e-12, -1.742836462303382e+01, -4.565229382185795e+00, -9.411267140959488e+04, 3.319235637923462e-04
3183, 8.483123529338489e-02, 3.043271914062576e-03, 1.381072129183047e+00, 1.043631331876897e-02, 1.391213454190605e-12, -1.876784661179909e+01, -4.120999246162041e+00, -9.396153145661899e+04, 3.327741364934446e-04
3184, 8.583560921778670e-02, 3.075577094326550e-03, 1.381618671032722e+00, 1.044044335793529e-02, 1.391764655249991e-12, -1.646650042769212e+01, -3.861133460292966e+00, -9.401066523142988e+04, 3.331968836520697e-04
3185, 8.383086047809266e-02, 3.009291740256784e-03, 1.380247465734255e+00, 1.043008160505011e-02, 1.390382733928571e-12, -2.117894195189494e+01, -3.821782884911798e+00, -9.391430710560732e+04, 3.321873407967675e-04
3186, 8.330833815367510e-02, 3.854687662929636e-03, 1.381738500163986e+00, 1.044134886774316e-02, 1.391878530029256e-12, -1.949294232925239e+01, -3.815498884229212e+00, -9.424760957529869e+04, 3.312094210789821e-04
3187, 8.283725613254153e-02, 2.972466282466610e-03, 1.379456771063901e+00, 1.042410658235217e-02, 1.389586123443208e-12, -2.350081143351953e+01, -3.128963533804318e+00, -9.389765497021996e+04, 3.315712235970421e-04
3188, 8.534238372178446e-02, 2.205264230066968e-03, 1.381370348838425e+00, 1.043856686780206e-02, 1.391512466042563e-12, -1.920185823796897e+01, -3.203356053440312e+00, -9.398291765024225e+04, 3.332791257447146e-04
3189, 8.930270657873549e-02, 4.056930440759002e-03, 1.382792300252426e+00, 1.044931209259293e-02, 1.392949888883624e-12, -9.569484323545296e+00, -2.702142417991275e+00, -9.421199254487678e+04, 3.338310056069549e-04
3190, 8.883184467927321e-02, 3.175183105527222e-03, 1.382660831976171e+00, 1.044831862954819e-02, 1.392816878064138e-12, -1.111596587872340e+01, -2.539604558890637e+00, -9.418025748190128e+04, 3.338166097728567e-04
3191, 8.669785994218179e-02, 8.364227672345018e-03, 1.390388459805128e+00, 1.050671380205855e-02, 1.400583833196180e-12, -3.596154034752442e+00, -1.446125133711538e+00, -9.552571766988894e+04, 3.307477883479386e-04
3192, 1.129063467639331e-01, 2.256694898784181e-03, 1.382829710492178e+00, 1.044959478961719e-02, 1.392988424282783e-12, -4.883898592637883e+00, 1.251449844478257e-03, -9.430913957805414e+04, 3.338800068641517e-04
3193, 1.123524045817636e-01, 3.087920870831672e-03, 1.382831625496927e+00, 1.044960926068584e-02, 1.392990324389273e-12, -4.885099840706236e+00, 1.204394408889387e-03, -9.430945638115176e+04, 3.338818259213172e-04
3194, 1.119456273117421e-01, 2.251569593794468e-03, 1.382830380947620e+00, 1.044959985603111e-02, 1.392989084166371e-12, -4.883228687424061e+00, 6.622991887464352e-04, -9.430915909236309e+04, 3.338822869821364e-04
3195, 1.113602598705764e-01, 3.060181512270791e-03, 1.382832226518000e+00, 1.044961380240677e-02, 1.392990916626995e-12, -4.884704611224166e+00, 2.487013360324625e-04, -9.430945163945718e+04, 3.338842193740431e-04
3196, 1.109539577283023e-01, 2.230529563852453e-03, 1.382831208718674e+00, 1.044960611122804e-02, 1.392989901933997e-12, -4.883114960209640e+00, -2.471662643726064e-04, -9.430916698304946e+04, 3.338847195247078e-04
3197, 1.103633200427342e-01, 3.030068104875210e-03, 1.382833024429474e+00, 1.044961983196452e-02, 1.392991705105630e-12, -4.884993927264524e+00, -1.253479370710097e-03, -9.430943486649408e+04, 3.338868200724985e-04
3198, 8.634082420681745e-02, 2.269382374534702e-03, 1.381869393926584e+00, 1.044233798937504e-02, 1.392017088629779e-12, -1.674364948008374e+01, -2.902485960971837e+00, -9.403406743686706e+04, 3.335191982264822e-04
3199, 8.683357146582063e-02, 3.113080221059301e-03, 1.382095117066543e+00, 1.044404370579790e-02, 1.392245593334100e-12, -1.437462063086743e+01, -3.444287311045384e+00, -9.408227211736183e+04, 3.335011092290117e-04
3200, 8.736196557319305e-02, 2.296457654309860e-03, 1.382240284630328e+00, 1.044514068990709e-02, 1.392391301471114e-12, -1.457751626888012e+01, -2.568798272462999e+00, -9.409116840457180e+04, 3.336869930863799e-04
3201, 1.099603109413259e-01, 2.204126606953079e-03, 1.382832247162893e+00, 1.044961395841364e-02, 1.392990927991564e-12, -4.883919516169283e+00, -1.585495087506550e-03, -9.430916568954679e+04, 3.338874357764180e-04
3202, 1.093652514948598e-01, 2.998665201514336e-03, 1.382834036872435e+00, 1.044962748266706e-02, 1.392992705462912e-12, -4.886453558590701e+00, -3.491452128045394e-03, -9.430939484027204e+04, 3.338901031771684e-04
3203, 1.089661465004220e-01, 2.176582155462219e-03, 1.382833271304892e+00, 1.044962169752200e-02, 1.392991927985788e-12, -4.886198009042356e+00, -3.331863746613902e-03, -9.430909207944038e+04, 3.338909193533451e-04
3204, 1.083669085513259e-01, 2.966857133060720e-03, 1.382835223262026e+00, 1.044963644782791e-02, 1.392993874568573e-12, -4.889881687192811e+00, -6.730625424081305e-03, -9.430929194641217e+04, 3.338846789070193e-04
3205, 8.934076640797647e-02, 2.358228350863452e-03, 1.382678461576928e+00, 1.044845185071257e-02, 1.392834321581650e-12, -1.117252172103128e+01, -1.854353434480393e+00, -9.417532068673425e+04, 3.338620472312538e-04
3206, 1.134719753251367e-01, 1.463228325054716e-03, 1.382827943991924e+00, 1.044958144074886e-02, 1.392986663497550e-12, -4.883059324566569e+00, 1.051406441415393e-03, -9.430886220287981e+04, 3.338780688454138e-04
3207, 1.079245894212170e-01, 1.918059804438129e-03, 1.382834689493715e+00, 1.044963241431436e-02, 1.392993330766770e-12, -4.890654298297576e+00, -5.857207750149820e-03, -9.430891547367664e+04, 3.338937946290487e-04
3208, 1.073606211021320e-01, 2.896485220503247e-03, 1.382836866861069e+00, 1.044964886797192e-02, 1.392995520052447e-12, -4.896039227946408e+00, -1.167897255490283e-02, -9.430915223385680e+04, 3.338945817749197e-04
3209, 1.068449764733025e-01, 1.996496847615143e-03, 1.382837005343325e+00, 1.044964991443731e-02, 1.392995657674568e-12, -4.899686917463863e+00, -1.041865628508997e-02, -9.430877170963831e+04, 3.338971428601575e-04
3210, 1.063466669238764e-01, 2.875845899628824e-03, 1.382839075384203e+00, 1.044966555706362e-02, 1.392997740328409e-12, -4.906523098996610e+00, -1.853528220019118e-02, -9.430897522502263e+04, 3.338982863656901e-04
3211, 1.162965711080834e-01, 3.186060066138141e-03, 1.382829717097841e+00, 1.044959483953375e-02, 1.392988457375002e-12, -4.889640842016060e+00, 2.930917343189609e-03, -9.430935495863279e+04, 3.338718503697408e-04
3212, 1.158903811530875e-01, 2.344448638567757e-03, 1.382827936190714e+00, 1.044958138179744e-02, 1.392986688191474e-12, -4.887668619248466e+00, 2.128950064841962e-03, -9.430901999683377e+04, 3.338726321103841e-04
3213, 8.270421897756892e-02, 5.334589563200646e-03, 1.392694767660843e+00, 1.052414182111953e-02, 1.402948999798721e-12, -9.868286811586175e+00, -2.641913541757419e+00, -9.660441037244422e+04, 3.287832708768170e-04
3214, 1.058395592994041e-01, 1.975457290135956e-03, 1.382839842060425e+00, 1.044967135058669e-02, 1.392998518463570e-12, -4.912941041991986e+00, -1.638665091955523e-02, -9.430858404732803e+04, 3.339007053841765e-04
3215, 1.053438009197797e-01, 2.846915910592068e-03, 1.382841806535584e+00, 1.044968619548714e-02, 1.393000491483705e-12, -4.922231308140852e+00, -2.778086846999108e-02, -9.430873317930363e+04, 3.339017763984339e-04
3216, 1.048274948074771e-01, 1.939482574503996e-03, 1.382842757950991e+00, 1.044969338502424e-02, 1.393001449030602e-12, -4.932795435427192e+00, -2.406691393144125e-02, -9.430821330880227e+04, 3.339042295417990e-04
3217, 1.043416750583712e-01, 2.814114950502844e-03, 1.382844772081757e+00, 1.044970860515599e-02, 1.393003484806069e-12, -4.945104131147785e+00, -4.044942048683341e-02, -9.430830646509574e+04, 3.339051356109167e-04
3218, 8.232410250911310e-02, 3.782731011791128e-03, 1.382238618595204e+00, 1.044512810022085e-02, 1.392391040611913e-12, -2.140711458461309e+01, -2.861874933812778e+00, -9.459970527477034e+04, 3.306757241565357e-04
3219, 8.734502278942757e-02, 9.289677405876421e-03, 1.388380814718696e+00, 1.049154268049858e-02, 1.398606949962994e-12, -2.949177273878011e+00, -8.131736543938601e-01, -9.514850858016477e+04, 3.310502862619159e-04
3220, 8.775747160982242e-02, 8.376420745009714e-03, 1.384704256943858e+00, 1.046376012804416e-02, 1.394864705918085e-12, -3.873315722428439e+00, -1.747019535556351e+00, -9.443842461215328e+04, 3.318354980619382e-04
3221, 8.337413183911740e-02, 2.149697939371032e-03, 1.379417892691529e+00, 1.042381279112525e-02, 1.389545432221852e-12, -2.433957191266367e+01, -2.898288927547184e+00, -9.382511350126380e+04, 3.323906400937127e-04
3222, 8.238568702502891e-02, 2.145663619230125e-03, 1.378437237580364e+00, 1.041640229910132e-02, 1.388562922566853e-12, -2.683586484934067e+01, -2.217247178093244e+00, -9.375916163090485e+04, 3.318777563486210e-04
3223, 1.038804534050935e-01, 1.938507857050024e-03, 1.382845895518964e+00, 1.044971709460605e-02, 1.393004661246663e-12, -4.961781085517711e+00, -3.361882390049347e-02, -9.430752382272287e+04, 3.339074579292780e-04
3224, 1.033505097356677e-01, 2.786502161601468e-03, 1.382848492257572e+00, 1.044973671731600e-02, 1.393007252905793e-12, -4.978051686195317e+00, -5.588789237685614e-02, -9.430765300893353e+04, 3.339085436167202e-04
3225, 1.028631873372286e-01, 1.889428895401431e-03, 1.382851862197856e+00, 1.044976218285967e-02, 1.393010705413354e-12, -5.003163794602925e+00, -4.702136179989701e-02, -9.430680489179236e+04, 3.339111535230097e-04
3226, 1.023494670585016e-01, 2.751736693865867e-03, 1.382853495072488e+00, 1.044977452196279e-02, 1.393012315291514e-12, -5.024601243268870e+00, -7.796282842263501e-02, -9.430679277631303e+04, 3.339121580821654e-04
3227, 8.454644499556596e-02, 6.468909879423871e-03, 1.395459243298365e+00, 1.054503206523170e-02, 1.405741542313306e-12, -5.865003782573440e+00, -2.536359453020363e+00, -9.671057832187224e+04, 3.297345164893743e-04
3228, 1.168489011167569e-01, 2.352972496675667e-03, 1.382827198277806e+00, 1.044957580562925e-02, 1.392985973334903e-12, -4.889322219973430e+00, 2.547666421740733e-03, -9.430894868558724e+04, 3.338700335349582e-04
3229, 1.164022129227157e-01, 1.485144225085842e-03, 1.382825589431188e+00, 1.044956364809829e-02, 1.392984356045243e-12, -4.887589874391377e+00, 1.659257070942483e-03, -9.430865341177541e+04, 3.338709692651283e-04
3230, 1.136375296610597e-01, 9.197072838137215e-03, 1.382843067559828e+00, 1.044969572463651e-02, 1.393001670251884e-12, -4.901529266733573e+00, 2.078373832004259e-03, -9.431173425371401e+04, 3.338708084392927e-04
3231, 1.018569204352288e-01, 1.852931043669539e-03, 1.382859059900574e+00, 1.044981657356039e-02, 1.393017968960846e-12, -5.061209858478179e+00, -6.597333737554592e-02, -9.430587488960996e+04, 3.339152499323947e-04
3232, 1.013486113499033e-01, 2.717875964643478e-03, 1.382859857403092e+00, 1.044982260002782e-02, 1.393018742703932e-12, -5.088948718778513e+00, -1.073376492742946e-01, -9.430566473781657e+04, 3.339160459230516e-04
3233, 1.008584569230664e-01, 1.823693782309539e-03, 1.382867945580886e+00, 1.044988371975934e-02, 1.393026936366907e-12, -5.141651866181490e+00, -8.986980130538574e-02, -9.430462984308499e+04, 3.339197702911916e-04
3234, 1.003490873677057e-01, 2.685376123568459e-03, 1.382867982737861e+00, 1.044988400054256e-02, 1.393026942506848e-12, -5.177033837385973e+00, -1.449147135229699e-01, -9.430423115837861e+04, 3.339203097738038e-04
3235, 1.126227744978725e-01, 9.134563788005437e-03, 1.382842902235790e+00, 1.044969447533656e-02, 1.393001504476373e-12, -4.901634945702664e+00, 1.036911440833738e-03, -9.431169353273149e+04, 3.338735590976326e-04
3236, 1.119029468955267e-01, 1.007374548720073e-02, 1.382843277061240e+00, 1.044969730777078e-02, 1.393001866609951e-12, -4.904266440666905e+00, -4.711862676027174e-04, -9.431177588232170e+04, 3.338727174560745e-04
3237, 1.116221496445058e-01, 9.043785781617006e-03, 1.382842739961806e+00, 1.044969324908489e-02, 1.393001336902356e-12, -4.901705598486462e+00, -2.451234904702408e-04, -9.431165065777693e+04, 3.338757269795680e-04
3238, 1.109205491424108e-01, 9.672393397444821e-03, 1.382842921678623e+00, 1.044969462225992e-02, 1.393001510015050e-12, -4.903991624801741e+00, -1.831641014339564e-03, -9.431169739631588e+04, 3.338750406061431e-04
3239, 1.107380900386294e-01, 8.821427345727141e-03, 1.382842328844388e+00, 1.044969014240416e-02, 1.393000925026528e-12, -4.901633651842227e+00, -1.663433360092482e-03, -9.431155923017596e+04, 3.338773304053149e-04
3240, 9.985171607779764e-02, 1.790329527776772e-03, 1.382878911563806e+00, 1.044996658612913e-02, 1.393037976643367e-12, -5.251004809477623e+00, -1.212209372713626e-01, -9.430301425838571e+04, 3.339247286691264e-04
3241, 9.934840578439033e-02, 2.652415264989511e-03, 1.382877127019550e+00, 1.044995310090804e-02, 1.393036163923475e-12, -5.295559894996911e+00, -1.940960713165410e-01, -9.430227170718439e+04, 3.339247367161504e-04
3242, 9.886202580084164e-02, 1.767222744577394e-03, 1.382891044845016e+00, 1.045005827339270e-02, 1.393050219957475e-12, -5.397882221471821e+00, -1.609981409922921e-01, -9.430071893042003e+04, 3.339298365947423e-04
3243, 9.835488706421583e-02, 2.622698336785320e-03, 1.382887274149474e+00, 1.045002977947179e-02, 1.393046394537881e-12, -5.452981921289593e+00, -2.550652232927934e-01, -9.429962454701647e+04, 3.339293059136698e-04
3244, 1.168461501303417e-01, 4.037792753488735e-03, 1.382831720135438e+00, 1.044960997583788e-02, 1.392990443884805e-12, -4.891952801655150e+00, 3.979175999633862e-03, -9.430973507609178e+04, 3.338712037136502e-04
3245, 1.162573779562609e-01, 4.963989858140483e-03, 1.382834500985314e+00, 1.044963098981668e-02, 1.392993182441191e-12, -4.892772324997114e+00, 3.950815588021866e-03, -9.431021679923841e+04, 3.338727687470639e-04
3246, 1.071794328754306e-01, 1.025438418048669e-03, 1.382835943975148e+00, 1.044964189402287e-02, 1.392994545538873e-12, -4.893393004192024e+00, -4.935308041412734e-03, -9.430869139833711e+04, 3.338961330254207e-04
3247, 8.368911155849575e-02, 4.820618494818504e-03, 1.386539774994319e+00, 1.047763054152382e-02, 1.396724074996917e-12, -1.404118936172582e+01, -4.028983951713615e+00, -9.506830294130158e+04, 3.306930015258683e-04
3248, 1.052251918942731e-01, 9.866746939386770e-04, 1.382843607330378e+00, 1.044969980350833e-02, 1.393002246783066e-12, -4.919680838014671e+00, -1.242996152963122e-02, -9.430851399434393e+04, 3.339040266746508e-04
3249, 1.140131198488408e-01, 1.012315506600856e-02, 1.382843894642521e+00, 1.044970197463164e-02, 1.393002492229996e-12, -4.903216633434996e+00, 2.032803801859094e-03, -9.431187935099727e+04, 3.338672502228007e-04
3250, 1.070607921373387e-01, 1.014480094234957e-02, 1.382841622617225e+00, 1.044968480567538e-02, 1.393000190956748e-12, -4.913375038272915e+00, -1.884173253547706e-02, -9.431126028509748e+04, 3.338822698803982e-04
3251, 1.075591893463755e-01, 9.298076842386635e-03, 1.382842046572835e+00, 1.044968800937011e-02, 1.393000623251001e-12, -4.907403639078604e+00, -1.541021508509831e-02, -9.431125358442366e+04, 3.338838075513946e-04
3252, 1.085098648910380e-01, 9.272970467424780e-03, 1.382842190794094e+00, 1.044968909920325e-02, 1.393000774821193e-12, -4.906007212365227e+00, -9.482140369164321e-03, -9.431141510348287e+04, 3.338815493458318e-04
3253, 1.080262067527685e-01, 8.390744414413462e-03, 1.382841857596928e+00, 1.044968658134063e-02, 1.393000443861405e-12, -4.902449298708131e+00, -1.229683255758409e-02, -9.431113385753799e+04, 3.338856069390898e-04
3254, 1.069941677196746e-01, 8.411658242040581e-03, 1.382842661173579e+00, 1.044969265370837e-02, 1.393001260783802e-12, -4.903481737407095e+00, -2.211151491678021e-02, -9.431097705116107e+04, 3.338886372318313e-04
3255, 1.090110172421289e-01, 8.403915128427912e-03, 1.382841748798459e+00, 1.044968575918575e-02, 1.393000344585599e-12, -4.901647857370671e+00, -6.756601264981155e-03, -9.431129057458616e+04, 3.338827277163387e-04
3256, 1.097421742055487e-01, 7.552403157054288e-03, 1.382840582696871e+00, 1.044967694733499e-02, 1.392999189569926e-12, -4.897689372005556e+00, -3.801180712389553e-03, -9.431108291039718e+04, 3.338833767560717e-04
3257, 1.106842845645665e-01, 7.396440903851415e-03, 1.382840533266126e+00, 1.044967657380270e-02, 1.392999147995945e-12, -4.896585527744965e+00, -7.527635122732885e-04, -9.431116064848543e+04, 3.338813450318303e-04
3258, 1.077013588818979e-01, 7.432700523248851e-03, 1.382842082782041e+00, 1.044968828299133e-02, 1.393000703071964e-12, -4.899077344924745e+00, -1.644362335971454e-02, -9.431084982582714e+04, 3.338895216352146e-04
3259, 1.059283757273856e-01, 8.088498639280628e-03, 1.382844449544025e+00, 1.044970616784284e-02, 1.393003075592827e-12, -4.904058927846999e+00, -3.523724063182365e-02, -9.431075175334523e+04, 3.338924759815038e-04
3260, 1.060903035987851e-01, 9.020589010794389e-03, 1.382843357405340e+00, 1.044969791490561e-02, 1.393001951798510e-12, -4.906570543143193e+00, -3.045165680184226e-02, -9.431097063421729e+04, 3.338883812307885e-04
3261, 1.053026680740083e-01, 8.729426822003271e-03, 1.382844908959946e+00, 1.044970963949978e-02, 1.393003509122517e-12, -4.906814303108098e+00, -4.183054909351017e-02, -9.431073352344474e+04, 3.338916130081019e-04
3262, 1.160054095482284e-01, 1.014454083346650e-02, 1.382844352964850e+00, 1.044970543802456e-02, 1.393002949918750e-12, -4.903155459041292e+00, 3.901059160040627e-03, -9.431193784676386e+04, 3.338617069052960e-04
3263, 1.165053861729093e-01, 9.273319297165695e-03, 1.382843775273908e+00, 1.044970107260182e-02, 1.393002385800311e-12, -4.902021372073272e+00, 4.615837409345291e-03, -9.431185320748811e+04, 3.338629659849339e-04
3264, 1.175806838928082e-01, 9.371356567689504e-03, 1.382844004098768e+00, 1.044970280175688e-02, 1.393002603653272e-12, -4.902468455376430e+00, 5.669392500693984e-03, -9.431189580230779e+04, 3.338600925312583e-04
3265, 1.170072657781453e-01, 8.492470159843458e-03, 1.382842881711533e+00, 1.044969432024116e-02, 1.393001504677721e-12, -4.900860363808435e+00, 5.259851052734618e-03, -9.431171623720287e+04, 3.338641960449654e-04
3266, 1.090193603059226e-01, 1.013862487675430e-02, 1.382842392861808e+00, 1.044969062616318e-02, 1.393000973626726e-12, -4.909343971653167e+00, -7.994074856021317e-03, -9.431156937189885e+04, 3.338778721747227e-04
3267, 8.899051190165633e-02, 1.013531929571753e-02, 1.382924455838086e+00, 1.045031074941126e-02, 1.393116671411738e-12, -2.978801802342851e+00, -4.859567278628956e-01, -9.420651877216280e+04, 3.325233330161738e-04
3268, 8.849999999999411e-02, 9.267949192431532e-03, 1.383649346037087e+00, 1.045578850910129e-02, 1.393868817367741e-12, -3.245873364804943e+00, -1.047889047305731e+00, -9.427350882194200e+04, 3.322470657696920e-04
3269, 8.944567472619250e-02, 9.256242732297720e-03, 1.382758237593302e+00, 1.044905469214598e-02, 1.392931506526452e-12, -3.601070001391790e+00, -1.271914676390817e+00, -9.419390734574974e+04, 3.330512791101576e-04
3270, 1.029994142723418e-01, 1.013431276621154e-02, 1.382842069642020e+00, 1.044968818369693e-02, 1.393000744915612e-12, -4.919369218483053e+00, -8.137660207372641e-02, -9.430966583238640e+04, 3.338929590364437e-04
3271, 1.034958022853755e-01, 9.270372744073000e-03, 1.382849144482809e+00, 1.044974164596978e-02, 1.393007900453372e-12, -4.909259901877554e+00, -7.604463542975465e-02, -9.431047345758794e+04, 3.338959241474002e-04
3272, 1.024992027595882e-01, 9.268409479369570e-03, 1.382851353921768e+00, 1.044975834198223e-02, 1.393010152757835e-12, -4.907286426315625e+00, -1.066120728621294e-01, -9.430998471750658e+04, 3.338986336206812e-04
3273, 1.014998671265592e-01, 9.268025906919965e-03, 1.382856692406450e+00, 1.044979868317637e-02, 1.393015557138228e-12, -4.905014128397105e+00, -1.430209939684067e-01, -9.430962527028080e+04, 3.339021667313329e-04
3274, 1.018967779301675e-01, 8.441318745791333e-03, 1.382862913504617e+00, 1.044984569399381e-02, 1.393021831581411e-12, -4.906174836895228e+00, -1.396134497774356e-01, -9.431037536576581e+04, 3.339045039774655e-04
3275, 1.008796860470977e-01, 8.442949349166800e-03, 1.382870300729380e+00, 1.044990151685107e-02, 1.393029281715437e-12, -4.908814344908560e+00, -1.858163763754600e-01, -9.431003061786210e+04, 3.339084979137043e-04
3276, 1.028789189187484e-01, 8.453102024036804e-03, 1.382856904772661e+00, 1.044980028795871e-02, 1.393015759769019e-12, -4.904488645640600e+00, -1.053948309919016e-01, -9.431058465974552e+04, 3.339009988482398e-04
3277, 1.037500792787708e-01, 8.303190483035036e-03, 1.382852603260919e+00, 1.044976778283218e-02, 1.393011314640183e-12, -4.905932780228025e+00, -7.512282803657622e-02, -9.431067309605240e+04, 3.338986856631844e-04
3278, 1.004799255289123e-01, 9.274799571599488e-03, 1.382863881585455e+00, 1.044985300946622e-02, 1.393022803613990e-12, -4.901341889975622e+00, -1.899359126944457e-01, -9.430922672049847e+04, 3.339061698950975e-04
3279, 9.987349370972294e-02, 8.439461619429992e-03, 1.382879063294262e+00, 1.044996773270669e-02, 1.393038094780589e-12, -4.913777478203084e+00, -2.446534176330203e-01, -9.430952794311187e+04, 3.339127971353937e-04
3280, 9.947018844805422e-02, 9.272240260238970e-03, 1.382871651390866e+00, 1.044991172336107e-02, 1.393030575631326e-12, -4.895292240383095e+00, -2.516836362026305e-01, -9.430856414339104e+04, 3.339103401116429e-04
3281, 9.899999999995227e-02, 8.401923788647668e-03, 1.382888274287486e+00, 1.045003733718951e-02, 1.393047474024505e-12, -4.923297838320335e+00, -3.299282666514419e-01, -9.430875976077437e+04, 3.339173195903032e-04
3282, 1.152834254488064e-01, 4.917160962192447e-03, 1.382834644966648e+00, 1.044963207783677e-02, 1.392993324841847e-12, -4.891571012686355e+00, 3.326420702837061e-03, -9.431020925539160e+04, 3.338748544410872e-04
3283, 1.157596977572064e-01, 5.796428750850361e-03, 1.382836850467694e+00, 1.044964874409143e-02, 1.392995508370149e-12, -4.893934338255167e+00, 3.866358264309006e-03, -9.431063096249921e+04, 3.338731215929653e-04
3284, 1.050076347205089e-01, 1.015314316058926e-02, 1.382840969313063e+00, 1.044967986886829e-02, 1.392999568856169e-12, -4.916738825539526e+00, -4.168103274864680e-02, -9.431060982968812e+04, 3.338873708643672e-04
3285, 1.082922592448223e-01, 4.685686168963850e-03, 1.382838251586462e+00, 1.044965933189139e-02, 1.392996905681521e-12, -4.892454930831069e+00, -1.048339367356044e-02, -9.430995562268914e+04, 3.338921895207735e-04
3286, 1.002966845744206e-01, 4.419757670919678e-03, 1.382872076378144e+00, 1.044991493485188e-02, 1.393030982656045e-12, -5.115260004573417e+00, -2.130872762851221e-01, -9.430615163725201e+04, 3.339192110493282e-04
3287, 1.017101965711277e-01, 7.065883918404295e-03, 1.382860237903095e+00, 1.044982547534247e-02, 1.393018988183531e-12, -4.960820263473162e+00, -1.610921044959588e-01, -9.430898434490821e+04, 3.339074603591289e-04
3288, 1.042945109053246e-01, 4.551608317294105e-03, 1.382847554608087e+00, 1.044972963180334e-02, 1.393006254925251e-12, -4.936184814197985e+00, -5.939273999083022e-02, -9.430919557739016e+04, 3.339040067880269e-04
3289, 1.157817299228421e-01, 7.471052514116822e-03, 1.382840914372595e+00, 1.044967945370017e-02, 1.392999545001562e-12, -4.897952033390568e+00, 4.164993654550589e-03, -9.431136330848737e+04, 3.338699353751091e-04
3290, 9.829777240579239e-02, 4.353805695031730e-03, 1.382894539963820e+00, 1.045008468486981e-02, 1.393053635687661e-12, -5.324590787722253e+00, -3.716479197813811e-01, -9.430283809606376e+04, 3.339289338960351e-04
3291, 1.102909100398734e-01, 4.754181355577304e-03, 1.382836173650547e+00, 1.044964362960464e-02, 1.392994832275598e-12, -4.888851312138791e+00, -1.827385167383917e-03, -9.431010429712116e+04, 3.338866953148630e-04
3292, 1.127183220557395e-01, 7.422746199259068e-03, 1.382840800964143e+00, 1.044967859670954e-02, 1.392999424192847e-12, -4.896578289234800e+00, 1.782705071322496e-03, -9.431127346492939e+04, 3.338771604971173e-04
3293, 9.571346233075995e-02, 6.868007626872639e-03, 1.382939731050360e+00, 1.045042617922673e-02, 1.393099268060839e-12, -5.228254843780306e+00, -7.853748761308664e-01, -9.430047577990771e+04, 3.339392578741532e-04
3294, 9.518517767883122e-02, 7.717066529465011e-03, 1.382948389997044e+00, 1.045049161207327e-02, 1.393108051864705e-12, -5.067225968919970e+00, -8.355911266177091e-01, -9.429994087579088e+04, 3.339390971720331e-04
3295, 9.418572165212777e-02, 7.684089949336192e-03, 1.382975423892661e+00, 1.045069589843821e-02, 1.393135137306840e-12, -5.100815942010241e+00, -1.034728939654406e+00, -9.429660913773517e+04, 3.339432155226205e-04
3296, 9.468829967838574e-02, 8.549376261239101e-03, 1.382956335926278e+00, 1.045055165687852e-02, 1.393116168388065e-12, -4.888811512017375e+00, -8.373868438859939e-01, -9.429953731125491e+04, 3.339372904041430e-04
3297, 9.374865966204493e-02, 8.510617187731162e-03, 1.382986146280940e+00, 1.045077692404236e-02, 1.393146285164509e-12, -4.868004122729493e+00, -1.018535146237606e+00, -9.429655079381941e+04, 3.339383870495575e-04
3298, 9.566258681896347e-02, 8.565837261314799e-03, 1.382928680414651e+00, 1.045034267316338e-02, 1.393088352149024e-12, -4.905814850610919e+00, -6.812541151671524e-01, -9.430174823937481e+04, 3.339319349982268e-04
3299, 9.530950234689996e-02, 9.359214365302567e-03, 1.382925710554868e+00, 1.045032023089804e-02, 1.393085661161799e-12, -4.762011246650237e+00, -6.498948549019582e-01, -9.430099348935226e+04, 3.339285822153647e-04
3300, 9.618567176078194e-02, 7.744513153361834e-03, 1.382925932259933e+00, 1.045032190625115e-02, 1.393085466434555e-12, -5.034053195674849e+00, -6.622936393372202e-01, -9.430270357970819e+04, 3.339333066543846e-04
3301, 9.665802113478932e-02, 8.595138707954825e-03, 1.382911840373723e+00, 1.045021541844596e-02, 1.393071375042621e-12, -4.913564992821805e+00, -5.375081265769243e-01, -9.430462040836207e+04, 3.339272112515470e-04
3302, 9.718463014443714e-02, 7.775958792384179e-03, 1.382906514541981e+00, 1.045017517286605e-02, 1.393065873356710e-12, -5.002788538782922e+00, -5.137639946523823e-01, -9.430477420471232e+04, 3.339270781203002e-04
3303, 9.765525706611758e-02, 8.665091725634408e-03, 1.382891529823557e+00, 1.045006193821782e-02, 1.393050886514621e-12, -4.917745604721546e+00, -4.116234457980663e-01, -9.430597171033779e+04, 3.339206925666995e-04
3304, 9.712697156577214e-02, 9.514158525200293e-03, 1.382888947539255e+00, 1.045004242473445e-02, 1.393048112997001e-12, -4.835398551173467e+00, -4.119116469873492e-01, -9.430502647697227e+04, 3.339188330963129e-04
3305, 9.824266794022031e-02, 7.720417445050333e-03, 1.382893159031804e+00, 1.045007424961519e-02, 1.393052376272166e-12, -4.988704864258551e+00, -4.012163422698878e-01, -9.430662073897469e+04, 3.339216477511548e-04
3306, 9.846771144981853e-02, 9.249307389317979e-03, 1.382880293484100e+00, 1.044997702885161e-02, 1.393039160639387e-12, -4.872207620363961e+00, -3.313394376089441e-01, -9.430753243624966e+04, 3.339149253927701e-04
3307, 1.062934307795407e-01, 4.617330373676218e-03, 1.382841999749920e+00, 1.044968765554500e-02, 1.393000665496249e-12, -4.905697572950489e+00, -2.799803137059446e-02, -9.430971869792894e+04, 3.338977577808665e-04
3308, 9.430000023185672e-02, 4.221495087724558e-03, 1.382940241537182e+00, 1.045043003680993e-02, 1.393099642915111e-12, -6.276317890294944e+00, -9.808879276747517e-01, -9.428605008646060e+04, 3.339464241491376e-04
3309, 9.482824326393915e-02, 3.372758780569796e-03, 1.382924515462368e+00, 1.045031119997245e-02, 1.393083797013050e-12, -6.310282255946579e+00, -7.528641413827900e-01, -9.428576794519628e+04, 3.339437087578659e-04
3310, 9.582769235400192e-02, 3.405789126605054e-03, 1.382918087992824e+00, 1.045026262967361e-02, 1.393077361366561e-12, -5.963987119256664e+00, -5.974698034713211e-01, -9.429198284246588e+04, 3.339406137748592e-04
3311, 9.535629710686488e-02, 2.530502724518031e-03, 1.382918018921373e+00, 1.045026210772310e-02, 1.393077252311661e-12, -6.269132374447675e+00, -5.353592918442704e-01, -9.428610772628483e+04, 3.339424099555447e-04
3312, 9.635567139421902e-02, 2.565956196826927e-03, 1.382909884544736e+00, 1.045020063888201e-02, 1.393069122840920e-12, -5.926355783501170e+00, -4.245147346293326e-01, -9.429197898703085e+04, 3.339386892889769e-04
3313, 9.435685519837332e-02, 2.497087870899905e-03, 1.382916751453682e+00, 1.045025252988165e-02, 1.393075897535948e-12, -6.706588959122552e+00, -6.705609454186587e-01, -9.427739299523433e+04, 3.339437693049992e-04
3314, 9.682709544050162e-02, 3.440319671919761e-03, 1.382907450944613e+00, 1.045018224895651e-02, 1.393066666132052e-12, -5.693059481316644e+00, -4.689202905786517e-01, -9.429649196776017e+04, 3.339362488964897e-04
3315, 9.735526022025350e-02, 2.594901175813007e-03, 1.382899192996206e+00, 1.045011984632376e-02, 1.393058383202155e-12, -5.659404156772862e+00, -3.296301871731872e-01, -9.429635250687471e+04, 3.339342159020544e-04
3316, 9.684550646372994e-02, 1.720775673635278e-03, 1.382922232317475e+00, 1.045029394698833e-02, 1.393081563241076e-12, -5.845573668724220e+00, -2.752456844900100e-01, -9.429428046448035e+04, 3.339414566841722e-04
3317, 1.038001344924661e-01, 7.227189357037049e-03, 1.382850970677651e+00, 1.044975544593091e-02, 1.393009658777702e-12, -4.916317512642927e+00, -8.220469864159263e-02, -9.431007481717234e+04, 3.339010272342055e-04
3318, 9.971128423491418e-02, 6.999933390469362e-03, 1.382878254251943e+00, 1.044996161903678e-02, 1.393037151385519e-12, -5.016515725896330e+00, -2.828935775776018e-01, -9.430757194635944e+04, 3.339161608550761e-04
3319, 9.629885574157712e-02, 4.288076218666362e-03, 1.382920989743608e+00, 1.045028455726136e-02, 1.393080291333369e-12, -5.684289719728203e+00, -6.168557124820672e-01, -9.429699645582863e+04, 3.339392259175357e-04
3320, 1.122900993821779e-01, 4.815917182666884e-03, 1.382835359396407e+00, 1.044963747655058e-02, 1.392994027737540e-12, -4.889063980624687e+00, 1.492908389368090e-03, -9.431018788290121e+04, 3.338817924823368e-04
3321, 1.128192848325136e-01, 3.967082838126092e-03, 1.382833242704615e+00, 1.044962148139867e-02, 1.392991930401380e-12, -4.887259433714452e+00, 1.752395128739336e-03, -9.430981340679931e+04, 3.338808632203369e-04
3322, 1.147545782136411e-01, 5.760948049793282e-03, 1.382836938816914e+00, 1.044964941171781e-02, 1.392995595394191e-12, -4.893005595867871e+00, 3.277864798268763e-03, -9.431061483429628e+04, 3.338752782232443e-04
3323, 1.022955969042765e-01, 4.485708253842404e-03, 1.382856505088996e+00, 1.044979726767933e-02, 1.393015277695886e-12, -4.997905916868868e+00, -1.156844219198153e-01, -9.430804673852684e+04, 3.339109339563673e-04
3324, 9.772252936991722e-02, 6.910426405628695e-03, 1.382906914512742e+00, 1.045017819531504e-02, 1.393066165660356e-12, -5.096926909959903e+00, -4.791792893393968e-01, -9.430544350028364e+04, 3.339278977148833e-04
3325, 1.094558089265703e-01, 9.313320896596458e-03, 1.382842342568302e+00, 1.044969024611151e-02, 1.393000930935161e-12, -4.904735398708425e+00, -5.446869838712500e-03, -9.431152694916217e+04, 3.338788654753837e-04
3326, 9.382877169559825e-02, 3.340694614778237e-03, 1.382923636985240e+00, 1.045030456160632e-02, 1.393082845440340e-12, -6.747014244467963e+00, -9.358993264176858e-01, -9.427712865728537e+04, 3.339447156352353e-04
3327, 1.118220139342282e-01, 3.936026676031339e-03, 1.382833660034954e+00, 1.044962463502838e-02, 1.392992341041859e-12, -4.886691428230079e+00, 8.859208460452438e-04, -9.430980299155464e+04, 3.338832386924587e-04
3328, 1.148881181781475e-01, 2.325497038012807e-03, 1.382828511993364e+00, 1.044958573295104e-02, 1.392987246485677e-12, -4.886159944106437e+00, 1.718422876127843e-03, -9.430906858951731e+04, 3.338753157482632e-04
3329, 1.176269937402479e-01, 6.515007166614750e-03, 1.382838644824933e+00, 1.044966230346594e-02, 1.392997292974296e-12, -4.897415364223640e+00, 5.848016863495105e-03, -9.431099633075252e+04, 3.338642513972111e-04
3330, 1.167397096860175e-01, 6.992794284650076e-03, 1.382839733527433e+00, 1.044967053043700e-02, 1.392998367250569e-12, -4.897556523961957e+00, 4.956573731399250e-03, -9.431117913206694e+04, 3.338690230498455e-04
3331, 1.108245137762737e-01, 3.905423339513310e-03, 1.382834210634359e+00, 1.044962879572931e-02, 1.392992884836334e-12, -4.886572271133606e+00, -5.591337930071951e-04, -9.430977646440736e+04, 3.338857053300624e-04
3332, 9.199999999998076e-02, 1.013397459621937e-02, 1.382933961958183e+00, 1.045038258407209e-02, 1.393095553249974e-12, -4.140593601886733e+00, -8.975435412317548e-01, -9.428089033500459e+04, 3.338425358621990e-04
3333, 9.149999999998268e-02, 9.267949192436847e-03, 1.382986113278932e+00, 1.045077667465708e-02, 1.393148382076016e-12, -4.266922527131531e+00, -1.262654281756376e+00, -9.428194787618540e+04, 3.338174251080266e-04
3334, 9.247225966226637e-02, 9.291362150386629e-03, 1.382997339863618e+00, 1.045086151030954e-02, 1.393158578153089e-12, -4.477018111994941e+00, -1.103447666634050e+00, -9.429045728060867e+04, 3.339004185613123e-04
3335, 9.195870518475061e-02, 8.404834579713864e-03, 1.383037664085381e+00, 1.045116622735062e-02, 1.393199021744842e-12, -4.748246342466387e+00, -1.472263800560416e+00, -9.428978631473322e+04, 3.338938769109703e-04
3336, 9.094148716252423e-02, 8.393387089663442e-03, 1.382985834821394e+00, 1.045077457044404e-02, 1.393147296393454e-12, -4.599321200018424e+00, -1.665688872001196e+00, -9.427372236226425e+04, 3.337700788511588e-04
3337, 9.132095130254113e-02, 7.520001535956396e-03, 1.383036326013378e+00, 1.045115611597539e-02, 1.393197523621605e-12, -5.221362436454167e+00, -1.834841391869811e+00, -9.428266857894759e+04, 3.338710698957871e-04
3338, 1.009966321092143e-01, 1.013512911182499e-02, 1.382845612519942e+00, 1.044971495607441e-02, 1.393004353132690e-12, -4.914067379942582e+00, -1.466544519569843e-01, -9.430819496723388e+04, 3.338985106274553e-04
3339, 9.299029500997798e-02, 1.017020620718881e-02, 1.382919011472232e+00, 1.045026960810760e-02, 1.393079657921226e-12, -4.378957887080076e+00, -7.862171890357655e-01, -9.428614940956859e+04, 3.338958387584455e-04
3340, 8.998936443796685e-02, 1.013224763611307e-02, 1.382716049272391e+00, 1.044873588871350e-02, 1.392888064562874e-12, -3.404812923047262e+00, -8.394294035047293e-01, -9.421848939508994e+04, 3.332833584567784e-04
3341, 9.035289598815235e-02, 2.386925328648107e-03, 1.382775129330621e+00, 1.044918233751627e-02, 1.392932142520038e-12, -9.872200171862280e+00, -1.537274386074048e+00, -9.420384284544563e+04, 3.338985776629861e-04
3342, 9.086190513769263e-02, 1.550836751360853e-03, 1.382876426474267e+00, 1.044994780711556e-02, 1.393034200834156e-12, -9.670083479889993e+00, -1.033736389441798e+00, -9.421387868314474e+04, 3.339340339564667e-04
3343, 1.098260478160517e-01, 3.873686727678003e-03, 1.382834999100536e+00, 1.044963475391202e-02, 1.392993666390092e-12, -4.887259390800875e+00, -2.885068789700994e-03, -9.430973327718487e+04, 3.338884118704756e-04
3344, 1.088272170802540e-01, 3.840950388639512e-03, 1.382836092833560e+00, 1.044964301889723e-02, 1.392994753042388e-12, -4.889369621841087e+00, -6.448432670347788e-03, -9.430966709217420e+04, 3.338916169895369e-04
3345, 9.371923884772500e-02, 6.795671970984947e-03, 1.382983890859093e+00, 1.045075988055233e-02, 1.393143591190305e-12, -5.442448251895632e+00, -1.232753949615234e+00, -9.429225080142079e+04, 3.339467414992805e-04
3346, 9.326286915720544e-02, 7.610777704938870e-03, 1.383013685354434e+00, 1.045098502787237e-02, 1.393173829420969e-12, -5.142910095210063e+00, -1.280102718216412e+00, -9.429413273560250e+04, 3.339443754335191e-04
3347, 9.897839117783269e-02, 1.014350987575770e-02, 1.382855532741466e+00, 1.044978991996521e-02, 1.393014179309113e-12, -4.891811502891022e+00, -2.487344909543254e-01, -9.430639763764130e+04, 3.339054777317529e-04
3348, 1.078241063852712e-01, 3.801517720120298e-03, 1.382837545642360e+00, 1.044965399730144e-02, 1.392996201567810e-12, -4.893744507057093e+00, -1.168371302565069e-02, -9.430956716322414e+04, 3.338931882378763e-04
3349, 1.068233256406891e-01, 3.762888506263759e-03, 1.382839373755612e+00, 1.044966781175929e-02, 1.392998034380103e-12, -4.901211483311783e+00, -1.907541384848344e-02, -9.430942553606801e+04, 3.338964950540237e-04
3350, 1.058206657338590e-01, 3.731650654008967e-03, 1.382841737170712e+00, 1.044968567131922e-02, 1.393000410314032e-12, -4.912976846659463e+00, -2.902547111371725e-02, -9.430923827763081e+04, 3.338997112487739e-04
3351, 1.048227947406177e-01, 3.702591984110981e-03, 1.382844622570003e+00, 1.044970747534423e-02, 1.393003316487627e-12, -4.930356781017481e+00, -4.247675505044746e-02, -9.430896452009871e+04, 3.339029988988163e-04
3352, 1.167426627099314e-01, 5.900575317705018e-03, 1.382837013331927e+00, 1.044964997480347e-02, 1.392995674749607e-12, -4.895303169528559e+00, 4.752898678175421e-03, -9.431068550263601e+04, 3.338714001274694e-04
3353, 1.038214043194282e-01, 3.668357064866729e-03, 1.382848081851607e+00, 1.044973361601133e-02, 1.393006805045863e-12, -4.955183895452750e+00, -6.028007369655600e-02, -9.430852923288611e+04, 3.339063586528075e-04
3354, 1.028234671286453e-01, 3.636325928289212e-03, 1.382852456390397e+00, 1.044976667297956e-02, 1.393011222244331e-12, -4.990660905324313e+00, -8.389998491377396e-02, -9.430788804630446e+04, 3.339098585814213e-04
3355, 1.018244262362959e-01, 3.603666192212052e-03, 1.382858163144896e+00, 1.044980979706913e-02, 1.393016984372081e-12, -5.040086632022391e+00, -1.157838916321242e-01, -9.430702860206293e+04, 3.339136054908068e-04
3356, 1.008245641503362e-01, 3.570386325680999e-03, 1.382865494072871e+00, 1.044986519450975e-02, 1.393024382401658e-12, -5.107876741282451e+00, -1.574881424878118e-01, -9.430592039057912e+04, 3.339176789225479e-04
3357, 9.782656490035613e-02, 3.472882184477142e-03, 1.382895754414915e+00, 1.045009386208213e-02, 1.393054890874924e-12, -5.482630723736599e+00, -3.640348134649193e-01, -9.429989165975706e+04, 3.339314612021206e-04
3358, 9.982503426598641e-02, 3.537419091207793e-03, 1.382874361002545e+00, 1.044993219901624e-02, 1.393033326832310e-12, -5.199614445314109e+00, -2.111782802916711e-01, -9.430446136184920e+04, 3.339220577757077e-04
3359, 9.882498213971903e-02, 3.504333813677048e-03, 1.382884396630974e+00, 1.045000803499936e-02, 1.393043445619337e-12, -5.321736243827834e+00, -2.796703766568825e-01, -9.430247972695628e+04, 3.339266435367364e-04
3360, 9.047942105444187e-02, 9.264287505900729e-03, 1.382872466890780e+00, 1.044991788582980e-02, 1.393037308368874e-12, -3.971400307199966e+00, -1.342273510608206e+00, -9.425129907496406e+04, 3.335819209242403e-04
3361, 8.983164156534974e-02, 8.370860550523261e-03, 1.382828424775106e+00, 1.044958507387259e-02, 1.392988843444989e-12, -4.365913561926106e+00, -1.809273055590035e+00, -9.422578441789593e+04, 3.334341903936466e-04
3362, 9.230126701188199e-02, 4.155045808749563e-03, 1.382928512139371e+00, 1.045034140156214e-02, 1.393087709894677e-12, -7.222383109934658e+00, -1.507498914668217e+00, -9.426517203293885e+04, 3.339415062150445e-04
3363, 9.282640286278868e-02, 3.310764912461174e-03, 1.382911382966180e+00, 1.045021196196616e-02, 1.393070394394033e-12, -7.301734868643297e+00, -1.153976144584527e+00, -9.426508390512384e+04, 3.339429067549357e-04
3364, 9.335445885195964e-02, 2.481693079912578e-03, 1.382905843081300e+00, 1.045017009885623e-02, 1.393064759069822e-12, -7.259825978799845e+00, -8.202754035970414e-01, -9.426537699616008e+04, 3.339432356988182e-04
3365, 8.183900848960853e-02, 2.937588797524452e-03, 1.380265539589307e+00, 1.043021818329981e-02, 1.390414664451523e-12, -2.532110636044814e+01, -1.995332422922096e+00, -9.442397174262155e+04, 3.313859859724642e-04
3366, 8.141737057549453e-02, 2.024352915485912e-03, 1.380203054112211e+00, 1.042974600085330e-02, 1.390372662520837e-12, -2.853368974405786e+01, -1.142772515901279e+00, -9.467810905002270e+04, 3.321164123874862e-04
3367, 8.977406792156362e-02, 4.938088724448171e-03, 1.382887420597908e+00, 1.045003088613562e-02, 1.393046011456409e-12, -8.153938969941390e+00, -2.667016298341756e+00, -9.423584095354666e+04, 3.338365075973644e-04
3368, 8.436998402635779e-02, 2.200076016758307e-03, 1.380549165967875e+00, 1.043236145568205e-02, 1.390683622231319e-12, -2.176459647272529e+01, -3.260254993294193e+00, -9.391985487394572e+04, 3.328964992272999e-04
3369, 8.485354215413687e-02, 1.454593904831198e-03, 1.381250718312631e+00, 1.043766285879102e-02, 1.391392251417945e-12, -2.186707328079418e+01, -2.449757476018592e+00, -9.396686336922330e+04, 3.333398726305973e-04
3370, 8.630547648307947e-02, 3.958473304549672e-03, 1.381941978345564e+00, 1.044288648624392e-02, 1.392091331459894e-12, -1.362018595547038e+01, -4.245700465515261e+00, -9.404326214908702e+04, 3.330770863060332e-04
3371, 8.820447585825524e-02, 7.481875967137033e-03, 1.383027498726419e+00, 1.045108941103606e-02, 1.393173417477704e-12, -4.993735625590776e+00, -2.553409181548396e+00, -9.417967107234350e+04, 3.326522978308399e-04
3372, 8.877439508837397e-02, 4.905744308771864e-03, 1.382747238164101e+00, 1.044897157303384e-02, 1.392904040851887e-12, -8.890183684194842e+00, -3.186428540585544e+00, -9.420123116072793e+04, 3.336853598550853e-04
3373, 8.830374952814603e-02, 4.024299993133203e-03, 1.382621809843168e+00, 1.044802375196887e-02, 1.392777563088078e-12, -1.068371923301328e+01, -3.221978126485550e+00, -9.417644836175151e+04, 3.336997918833248e-04
3374, 8.677450529803954e-02, 4.840530187278992e-03, 1.382318447122132e+00, 1.044573133845977e-02, 1.392470456707868e-12, -1.085721402592713e+01, -4.249287228893826e+00, -9.408009445305503e+04, 3.329308397068520e-04
3375, 8.730486486289891e-02, 3.991756984422205e-03, 1.382327496992739e+00, 1.044579972539134e-02, 1.392480363430007e-12, -1.201658440889046e+01, -3.755876822599407e+00, -9.411894421350173e+04, 3.334609403610460e-04
3376, 8.783310492618808e-02, 3.149193286868010e-03, 1.382442308236844e+00, 1.044666731665660e-02, 1.392596150268572e-12, -1.260639141140634e+01, -3.010942736612834e+00, -9.414034411130397e+04, 3.336997229534735e-04
3377, 8.833943426133531e-02, 2.316565442949757e-03, 1.382509295421678e+00, 1.044717351704571e-02, 1.392663374188361e-12, -1.272798569383300e+01, -2.201856334896104e+00, -9.413952604304088e+04, 3.337967747348642e-04
3378, 8.784372522326930e-02, 1.527020976366457e-03, 1.382434871787127e+00, 1.044661112182241e-02, 1.392588628587652e-12, -1.437868277365841e+01, -1.740326264119943e+00, -9.409982763932375e+04, 3.337914567590636e-04
3379, 1.012243589743123e-01, 8.549225139922178e-04, 1.382881075531595e+00, 1.044998293853032e-02, 1.393039836659916e-12, -5.095947292123432e+00, -4.763075672305536e-02, -9.430689337237833e+04, 3.339220045097663e-04
3380, 1.110962771931076e-01, 8.295599204750547e-04, 1.382829556583783e+00, 1.044959362658166e-02, 1.392988233274160e-12, -4.880624565667703e+00, -5.701803882446743e-05, -9.430882849605421e+04, 3.338831845367514e-04
3381, 1.091217948717726e-01, 8.549225139918274e-04, 1.382831842630411e+00, 1.044961090149338e-02, 1.392990482008323e-12, -4.883322655768513e+00, -1.354727891481997e-03, -9.430881170524227e+04, 3.338887790325073e-04
3382, 1.032476424958269e-01, 9.164334991376295e-04, 1.382856411073309e+00, 1.044979655723332e-02, 1.393015109842692e-12, -4.977094030668066e+00, -2.475734813243099e-02, -9.430769656924950e+04, 3.339106091669016e-04
3383, 9.533774262472849e-02, 8.548882209919871e-04, 1.383016952428363e+00, 1.045100971608827e-02, 1.393177006004334e-12, -6.411449671101290e+00, -2.539834143471767e-01, -9.429299415151204e+04, 3.339680040220696e-04
3384, 9.334965389274968e-02, 8.348456906460311e-04, 1.383073216053933e+00, 1.045143488202470e-02, 1.393233999830011e-12, -7.513541009322306e+00, -4.019199019294031e-01, -9.427641411217624e+04, 3.339873794615673e-04
3385, 9.924999999995146e-02, 8.549225139902944e-04, 1.382915489913982e+00, 1.045024299683570e-02, 1.393074481592292e-12, -5.321887911938916e+00, -8.828408118951606e-02, -9.430480108947580e+04, 3.339351259007454e-04
3386, 8.246794871793210e-02, 8.549225139871820e-04, 1.379301246067475e+00, 1.042293133049012e-02, 1.389441089527212e-12, -2.960629381165664e+01, -1.312810188353546e+00, -9.383197146371922e+04, 3.327362282309735e-04
3387, 1.146261445482879e-01, 9.225208445851755e-03, 1.382843307560098e+00, 1.044969753824055e-02, 1.393001912821454e-12, -4.901527794156627e+00, 2.909579637549947e-03, -9.431177856227221e+04, 3.338680598325668e-04
3388, 9.786226497592351e-02, 1.750172617573624e-03, 1.382906541284917e+00, 1.045017537495379e-02, 1.393065843751970e-12, -5.592578916020741e+00, -2.129035252324985e-01, -9.429793608572311e+04, 3.339356673014096e-04
3389, 1.045245368468477e-01, 9.189635026749472e-03, 1.382846255369560e+00, 1.044971981387975e-02, 1.393004924549443e-12, -4.908796204136583e+00, -5.283145779607292e-02, -9.431065176487362e+04, 3.338929927099823e-04
3390, 8.721684902043023e-02, 7.469625751253314e-03, 1.384993893908953e+00, 1.046594882047562e-02, 1.395155982299451e-12, -4.964758279360676e+00, -2.552050437375824e+00, -9.446883962227826e+04, 3.317630603881433e-04
3391, 9.729805126104313e-02, 8.528248480445384e-04, 1.382966122726532e+00, 1.045062561254782e-02, 1.393125568900789e-12, -5.727582221940853e+00, -1.568044844268059e-01, -9.430118979879169e+04, 3.339515210587796e-04
3392, 8.079088555994621e-02, 4.108493566766393e-03, 1.380360730175853e+00, 1.043093750763126e-02, 1.390493573842320e-12, -1.571800446324644e+01, 2.454871857914440e-03, -9.651201123541177e+04, 3.285530126341130e-04
3393, 9.585933472311076e-02, 1.710026740297681e-03, 1.382932264261439e+00, 1.045036975512912e-02, 1.393091694464288e-12, -6.172116647198406e+00, -3.498530344408275e-01, -9.428866666523760e+04, 3.339457371481670e-04
3394, 1.177203174966550e-01, 4.505088726818960e-03, 1.382832736154025e+00, 1.044961765356019e-02, 1.392991446861418e-12, -4.894059852420520e+00, 5.112429589326710e-03, -9.430994354666912e+04, 3.338695150795478e-04
3395, 8.875900900904862e-02, 8.353337391627576e-03, 1.382919737206182e+00, 1.045027509224332e-02, 1.393069697748802e-12, -4.096234091369126e+00, -1.881078240651030e+00, -9.418731987929963e+04, 3.327670456080371e-04
3396, 8.699999999999640e-02, 1.019312630715093e-02, 1.392498777777901e+00, 1.052266078925807e-02, 1.402834999891664e-12, -2.265209133688717e+00, 3.281170659736597e-02, -9.598032430794001e+04, 3.304158052424101e-04
3397, 1.122037507426249e-01, 8.247871861041865e-03, 1.382842035569891e+00, 1.044968792622406e-02, 1.393000646118989e-12, -4.899104439255362e+00, 9.413634655636348e-04, -9.431150599072092e+04, 3.338764745195625e-04
3398, 9.486317762142815e-02, 1.692482366192723e-03, 1.382938826474239e+00, 1.045041934363900e-02, 1.393098305014763e-12, -6.590480047491922e+00, -4.376752469653528e-01, -9.428095374550116e+04, 3.339491100890903e-04
3399, 1.056491465225129e-01, 7.148331477321251e-03, 1.382846381091783e+00, 1.044972076392174e-02, 1.393005052028729e-12, -4.903680576671904e+00, -4.220061957448918e-02, -9.431063936522017e+04, 3.338960805764820e-04
3400, 8.069672693519415e-02, 1.438635079549733e-03, 1.378416608140002e+00, 1.041624640912375e-02, 1.388591895057204e-12, -2.769387415805010e+01, -3.408003497645868e-01, -9.566491547318295e+04, 3.319801433064618e-04
3401, 9.030499235422942e-02, 7.517810527169481e-03, 1.382946732898128e+00, 1.045047908991563e-02, 1.393106717224946e-12, -5.189630997991367e+00, -2.101938641155523e+00, -9.425714535085783e+04, 3.337083692252373e-04
3402, 1.169818913160490e-01, 7.351238977337892e-04, 1.382823081662871e+00, 1.044954469770799e-02, 1.392981827355424e-12, -4.887580213863422e+00, 1.329016627110390e-03, -9.430830111044244e+04, 3.338691061943716e-04
3403, 9.387394028866619e-02, 1.679428496695613e-03, 1.382938047149523e+00, 1.045041345453540e-02, 1.393097580414444e-12, -7.122777659731537e+00, -5.447357131351045e-01, -9.426982198912140e+04, 3.339510191399335e-04
3404, 1.143843440333145e-01, 1.472902723311107e-03, 1.382827159193923e+00, 1.044957551028525e-02, 1.392985884692977e-12, -4.884317170923062e+00, 1.229498592800561e-03, -9.430880221190488e+04, 3.338758921456244e-04
3405, 1.155677216687902e-01, 9.294681643971806e-03, 1.382843609655693e+00, 1.044969982107881e-02, 1.393002213893521e-12, -4.901730466215240e+00, 3.754047601709328e-03, -9.431182790225401e+04, 3.338653363275141e-04
3406, 9.284267698987861e-02, 1.640814692595834e-03, 1.382937148312454e+00, 1.045040666231586e-02, 1.393096497639906e-12, -7.785964631328033e+00, -6.704378229478528e-01, -9.425664025538291e+04, 3.339560396488053e-04
3407, 9.177952978981536e-02, 6.693254122189195e-03, 1.383030036431522e+00, 1.045110858764900e-02, 1.393190488653089e-12, -5.794311596697622e+00, -1.844679564100491e+00, -9.428264382927057e+04, 3.339221422626674e-04
3408, 9.036319077481494e-02, 7.789966703012003e-04, 1.383123437761411e+00, 1.045181439114941e-02, 1.393284319767520e-12, -1.051959734966017e+01, -7.533678203782285e-01, -9.422806883111448e+04, 3.339945984475176e-04
3409, 1.160860817297365e-01, 8.447364298811110e-03, 1.382842731076974e+00, 1.044969318194496e-02, 1.393001353030217e-12, -4.900288496198198e+00, 4.406052894751378e-03, -9.431168185518432e+04, 3.338664101235446e-04
3410, 9.183282545811393e-02, 1.596777817749259e-03, 1.382907934418577e+00, 1.045018590241253e-02, 1.393066849384632e-12, -8.619732964308419e+00, -8.332518778395207e-01, -9.423648439901719e+04, 3.339336992466666e-04
3411, 9.135109857276534e-02, 7.769119193080119e-04, 1.383107525866534e+00, 1.045169415013014e-02, 1.393268379491940e-12, -9.276402369081756e+00, -6.047545200205837e-01, -9.424596003198055e+04, 3.339932485936865e-04
3412, 1.112480904884754e-01, 8.169533572883022e-03, 1.382841845641282e+00, 1.044968649099525e-02, 1.393000453830532e-12, -4.899148618878315e+00, -2.741332331792135e-04, -9.431145445915731e+04, 3.338782599099249e-04
3413, 1.177453731680721e-01, 2.519469699978003e-03, 1.382827228690206e+00, 1.044957603544587e-02, 1.392986023910147e-12, -4.891446942696194e+00, 3.521721708189356e-03, -9.430898437814282e+04, 3.338676818315384e-04
3414, 8.984081301010946e-02, 1.559231005392653e-03, 1.382790228316930e+00, 1.044929643564957e-02, 1.392947178997077e-12, -1.094844250760301e+01, -1.228786412863456e+00, -9.418358814782948e+04, 3.339067245890339e-04
3415, 8.885097175874537e-02, 1.540183388166071e-03, 1.382667016175143e+00, 1.044836536153030e-02, 1.392822504242826e-12, -1.250945460173346e+01, -1.492491223333850e+00, -9.414957779345894e+04, 3.338664244500244e-04
3416, 9.338855751531074e-02, 9.314190376587197e-03, 1.382974377741551e+00, 1.045068799301425e-02, 1.393134907733404e-12, -4.612510653003852e+00, -9.296992171372823e-01, -9.429440905323003e+04, 3.339252537090674e-04
3417, 8.738659586129627e-02, 7.527884742341591e-04, 1.382752553747343e+00, 1.044901174116914e-02, 1.392910204030263e-12, -1.593678432020590e+01, -1.225813023405847e+00, -9.411619508669882e+04, 3.338761000307625e-04
3418, 8.836890168901645e-02, 7.653861164291157e-04, 1.382940058084791e+00, 1.045042865052011e-02, 1.393099289718999e-12, -1.380208849980970e+01, -1.059979188494029e+00, -9.416524041519949e+04, 3.339363156586296e-04
3419, 1.098666281248938e-01, 8.478926076625906e-03, 1.382841747314618e+00, 1.044968574797278e-02, 1.393000356529413e-12, -4.901536426483996e+00, -3.273793507254619e-03, -9.431139768458657e+04, 3.338798608563964e-04
3420, 1.160240836437219e-01, 7.176829410341646e-04, 1.382824433687727e+00, 1.044955491452051e-02, 1.392983177734149e-12, -4.885703890825148e+00, 8.904942350885820e-04, -9.430844358132694e+04, 3.338713102571050e-04
3421, 8.587389487634196e-02, 1.478708129855908e-03, 1.381833154179337e+00, 1.044206413738074e-02, 1.391979367741808e-12, -1.910206806592597e+01, -2.280381483263961e+00, -9.400515399152860e+04, 3.335622996808961e-04
3422, 9.497037305524553e-02, 1.023113000640699e-02, 1.382889465612464e+00, 1.045004633964565e-02, 1.393049579416825e-12, -4.666614315948050e+00, -5.825732069885126e-01, -9.429617822388306e+04, 3.339164250851524e-04
3423, 1.155074617095432e-01, 1.532404512516572e-03, 1.382826557546897e+00, 1.044957096383421e-02, 1.392985303241325e-12, -4.885809910007954e+00, 1.322116606901762e-03, -9.430875835494819e+04, 3.338733043422113e-04
3424, 8.686266509378705e-02, 1.509960832014997e-03, 1.382149823850668e+00, 1.044445710718925e-02, 1.392300429280528e-12, -1.658350233611426e+01, -2.009048792325825e+00, -9.404392448920014e+04, 3.336906236860615e-04
3425, 9.234730591604487e-02, 7.532436999201224e-03, 1.383045174548641e+00, 1.045122298148104e-02, 1.393206005403378e-12, -5.195872335503722e+00, -1.563443988358671e+00, -9.429117362147287e+04, 3.339311824182707e-04
3426, 9.616251877311201e-02, 9.232461259697554e-03, 1.382909058421356e+00, 1.045019439613592e-02, 1.393068701703354e-12, -4.812816406669709e+00, -5.426080507343336e-01, -9.430306916507121e+04, 3.339251374945546e-04
3427, 8.437803632320663e-02, 5.521538918461029e-03, 1.388870206121000e+00, 1.049524085230466e-02, 1.399067924742418e-12, -1.045535733604073e+01, -3.828421152301514e+00, -9.538620033649082e+04, 3.305021336661166e-04
3428, 1.047637621079893e-01, 7.993359528663237e-03, 1.382847167934419e+00, 1.044972670983579e-02, 1.393005815331440e-12, -4.905817076095203e+00, -5.478210808773603e-02, -9.431047683896869e+04, 3.338962703726987e-04
3429, 1.140449591869075e-01, 6.831835722582063e-04, 1.382826205236293e+00, 1.044956830153744e-02, 1.392984925073072e-12, -4.882722303043173e+00, 7.430621760153990e-04, -9.430861155217320e+04, 3.338760239916267e-04
3430, 1.178301270189186e-01, 8.499999999998833e-03, 1.382843166038720e+00, 1.044969646880934e-02, 1.393001788399724e-12, -4.901342894943712e+00, 6.173474325716728e-03, -9.431176933434680e+04, 3.338621985301367e-04
3431, 9.286305951627047e-02, 8.444036499759824e-03, 1.383019211831437e+00, 1.045102678966332e-02, 1.393179961202557e-12, -4.828935947814792e+00, -1.239083352167080e+00, -9.429374835049405e+04, 3.339302089161681e-04
3432, 8.537218076826998e-02, 7.380981563037667e-04, 1.382262473409450e+00, 1.044530836330096e-02, 1.392415539333837e-12, -2.129335794446279e+01, -1.613861973389095e+00, -9.406618519483857e+04, 3.336939713321501e-04
3433, 8.441661741204877e-02, 7.493327988544772e-04, 1.381507905374337e+00, 1.043960633784673e-02, 1.391653776648547e-12, -2.427003024895467e+01, -1.629298277904802e+00, -9.402595393044020e+04, 3.334546622665656e-04
3434, 9.702298614681627e-02, 1.036953059453765e-02, 1.382855498306964e+00, 1.044978965975494e-02, 1.393013587748588e-12, -4.823451318150171e+00, -3.475517313376064e-01, -9.430189269233738e+04, 3.339077511457406e-04
3435, 1.160452726866167e-01, 6.557684693757014e-03, 1.382838819016212e+00, 1.044966361977279e-02, 1.392997461573485e-12, -4.895981046485368e+00, 4.302221653844977e-03, -9.431099385202066e+04, 3.338711622630014e-04
3436, 1.054999999999587e-01, 9.473738915601656e-03, 1.382843719386741e+00, 1.044970065028153e-02, 1.393002360000019e-12, -4.909256699321880e+00, -3.746160845034721e-02, -9.431092036368823e+04, 3.338883644654164e-04
3437, 8.150164802289475e-02, 3.733645059472668e-03, 1.383431956226342e+00, 1.045414576493977e-02, 1.393615760592025e-12, -2.211884183652750e+01, -1.360451431028789e+00, -9.550063829246449e+04, 3.306053489140083e-04
3438, 8.059780037737169e-02, 2.223934509713623e-03, 1.377507160160906e+00, 1.040937400625901e-02, 1.387659124054957e-12, -2.431192510264686e+01, -7.174245725328515e-01, -9.599852125146237e+04, 3.311238319206518e-04
3439, 9.434581710926128e-02, 9.359416804382032e-03, 1.382950121454695e+00, 1.045050469613610e-02, 1.393110418249722e-12, -4.701000500577271e+00, -7.818512592620117e-01, -9.429827169002840e+04, 3.339310103566401e-04
3440, 1.130638686678945e-01, 6.898128194199245e-04, 1.382827190549960e+00, 1.044957574723274e-02, 1.392985900821627e-12, -4.881542349137317e+00, 6.062087726277471e-04, -9.430868785056172e+04, 3.338786876219484e-04
3441, 8.615845859013574e-02, 1.028644487299540e-02, 1.401432337241493e+00, 1.059016879528000e-02, 1.411837872905035e-12, -1.513636027179633e+00, 5.049596442909229e-03, -9.781513341013047e+04, 3.293487916695420e-04
3442, 8.275404320588470e-02, 4.502077246362033e-03, 1.386199480785244e+00, 1.047505904876004e-02, 1.396382865266966e-12, -1.655713161610743e+01, -3.243217181262250e+00, -9.527797289046326e+04, 3.302981689543000e-04
3443, 1.125547938339149e-01, 1.479753493779296e-03, 1.382828748649525e+00, 1.044958752128484e-02, 1.392987461373852e-12, -4.882144287215290e+00, 7.541404425429385e-04, -9.430891051605878e+04, 3.338802568738757e-04
3444, 9.919064591937125e-02, 7.617219603631796e-03, 1.382886490560342e+00, 1.045002385814304e-02, 1.393045455386386e-12, -4.957625394386411e+00, -3.123633705306517e-01, -9.430842069985424e+04, 3.339176560828910e-04
3445, 1.165696312873000e-01, 7.781925946282551e-03, 1.382841584356120e+00, 1.044968451654796e-02, 1.393000221941650e-12, -4.899283366528078e+00, 4.918843887652632e-03, -9.431149175022601e+04, 3.338671837766669e-04
3446, 8.392355171548624e-02, 1.477498019392172e-03, 1.380309515194491e+00, 1.043055049265899e-02, 1.390441368432248e-12, -2.455185371475752e+01, -2.363978163248648e+00, -9.390573882814452e+04, 3.329942446947845e-04
3447, 1.001907047630512e-01, 7.631928211102536e-03, 1.382874560767537e+00, 1.044993370857520e-02, 1.393033458444027e-12, -4.936796670814076e+00, -2.352314422487356e-01, -9.430893988701842e+04, 3.339124858514213e-04
3448, 8.069699273600603e-02, 4.873893497930519e-03, 1.380324937557259e+00, 1.043066703444289e-02, 1.390334107773271e-12, -8.030808103016103e+00, 9.107359617222949e-01, -9.659659766894093e+04, 3.256366792334540e-04
3449, 1.115897435897249e-01, 1.468637478130742e-03, 1.382829659849688e+00, 1.044959440692849e-02, 1.392988366665653e-12, -4.881693378087749e+00, 2.468220924326966e-04, -9.430894480358768e+04, 3.338824790833229e-04
3450, 8.294464393486031e-02, 1.469758401990786e-03, 1.379014480060716e+00, 1.042076433295792e-02, 1.389142090817021e-12, -2.714484817985629e+01, -2.004811344137553e+00, -9.377040103016865e+04, 3.325285653766416e-04
3451, 1.177679491924295e-01, 1.026794919242904e-02, 1.382844594527097e+00, 1.044970726343193e-02, 1.393003175176576e-12, -4.903635401438528e+00, 5.557003271705458e-03, -9.431197031724108e+04, 3.338565305639025e-04
3452, 1.012096100944237e-01, 7.663763852050773e-03, 1.382867418646143e+00, 1.044987973788454e-02, 1.393026301563773e-12, -4.923395953833317e+00, -1.785491333752052e-01, -9.430971593574833e+04, 3.339085064694664e-04
3453, 1.170651311225644e-01, 4.970010506142272e-03, 1.382834272667461e+00, 1.044962926449283e-02, 1.392992964401867e-12, -4.893886641491156e+00, 4.713716276330602e-03, -9.431020100625580e+04, 3.338711688015850e-04
3454, 1.177846475568666e-01, 7.189195880107090e-04, 1.382822569920038e+00, 1.044954083063368e-02, 1.392981313988264e-12, -4.889671042272643e+00, 1.730262413881529e-03, -9.430826905610524e+04, 3.338675096393459e-04
3455, 1.105849051989659e-01, 1.467885279784725e-03, 1.382830814004259e+00, 1.044960312849953e-02, 1.392989506442562e-12, -4.881940957892329e+00, -5.342559748267623e-04, -9.430898405616668e+04, 3.338850097740045e-04
3456, 1.021908312320494e-01, 7.661079261058940e-03, 1.382861767256531e+00, 1.044983703216941e-02, 1.393020609004850e-12, -4.914845256140134e+00, -1.343951765834680e-01, -9.431023620932984e+04, 3.339050968589713e-04
3457, 8.205623715736285e-02, 1.459180324247537e-03, 1.378561634456097e+00, 1.041734232587013e-02, 1.388687915178562e-12, -2.942283092785884e+01, -1.666767705103293e+00, -9.379042676739972e+04, 3.322561419163607e-04
3458, 1.095880061551110e-01, 1.461423565193851e-03, 1.382831980849294e+00, 1.044961194596840e-02, 1.392990652092166e-12, -4.883155058795022e+00, -1.535476971378961e-03, -9.430898970084685e+04, 3.338877389650852e-04
3459, 1.031908993053560e-01, 7.675508125288765e-03, 1.382857574409112e+00, 1.044980534818387e-02, 1.393016450061462e-12, -4.910264615640259e+00, -1.044867185166449e-01, -9.431057598221587e+04, 3.339021729102505e-04
3460, 8.065182905176374e-02, 6.540619660173841e-04, 1.377934608264807e+00, 1.041260409268662e-02, 1.388045319687124e-12, -2.857924214395617e+01, 8.160031304724040e-02, -9.578922716954409e+04, 3.322187976621478e-04
3461, 1.104838047866526e-01, 8.100059489825976e-03, 1.382841361444962e+00, 1.044968283208113e-02, 1.392999965193593e-12, -4.899452007574300e+00, -1.637485289631806e-03, -9.431134400982618e+04, 3.338795224305273e-04
3462, 1.086888303008563e-01, 1.430325990935342e-03, 1.382832646801302e+00, 1.044961697835145e-02, 1.392991275705951e-12, -4.885496541864639e+00, -2.497861083944869e-03, -9.430885462528803e+04, 3.338903977705702e-04
3463, 1.102205897848385e-01, 9.392177848767660e-03, 1.382842527976023e+00, 1.044969164717731e-02, 1.393001110938638e-12, -4.903549429179495e+00, -3.064110767112820e-03, -9.431160528739815e+04, 3.338767594470811e-04
3464, 1.067840951894769e-01, 9.423034228478322e-03, 1.382842218326051e+00, 1.044968930725340e-02, 1.393000799451702e-12, -4.908579375776489e+00, -2.208250391873933e-02, -9.431113593306225e+04, 3.338851169995912e-04
3465, 1.170726516197499e-01, 3.097015645361149e-03, 1.382829050914667e+00, 1.044958980540398e-02, 1.392987815280917e-12, -4.890953349646015e+00, 3.493322519251910e-03, -9.430927533282858e+04, 3.338694440859140e-04
3466, 1.109948828704291e-01, 1.045043261574062e-02, 1.382843096883755e+00, 1.044969594622813e-02, 1.393001678512051e-12, -4.906685398787891e+00, -2.649395292238327e-03, -9.431174760507655e+04, 3.338724962354224e-04
3467, 2.209774862650262e-02, 4.040458199472821e-04, 1.585885439774954e+00, 1.198402095548115e-02, 1.597134193229115e-12, 1.888466335497502e-01, -1.962391460499198e-01, -1.118963782115681e+05, 3.688330742684778e-04
3468, 2.380228854836516e-02, 6.943070134377432e-04, 1.591286160360935e+00, 1.202483244605477e-02, 1.602653974438853e-12, 2.691623067239368e+01, -5.721106895642230e+00, -1.124411101962398e+05, 3.700864223126050e-04
3469, 2.416128558999699e-02, 6.980752567565830e-04, 1.591734087564056e+00, 1.202821728638062e-02, 1.603101689095283e-12, 3.248506912827979e+01, -5.302999230195691e+00, -1.125942800529415e+05, 3.701901458039801e-04
3470, 2.250556462160338e-02, 1.301566159819277e-04, 1.586029458316024e+00, 1.198510925679894e-02, 1.597379348316434e-12, 1.520942188616298e+00, -1.395998127571172e+00, -1.115890240294967e+05, 3.688661080897093e-04
3471, 2.292684976127241e-02, 1.394852474519064e-04, 1.587285748363126e+00, 1.199460263246971e-02, 1.598620778704628e-12, 9.050670151818066e+00, -1.864677820445305e+00, -1.115224343725314e+05, 3.691578427492241e-04
3472, 2.355819947307362e-02, 1.721032283137370e-04, 1.588026917119355e+00, 1.200020340392733e-02, 1.599326844709196e-12, 2.061772200033614e+01, -2.183390811096516e+00, -1.116416149230036e+05, 3.693295518524775e-04
3473, 2.584521796887268e-02, 7.036328631982983e-04, 1.592226599522388e+00, 1.203193903921432e-02, 1.603624419657283e-12, 5.089816791351802e+01, -3.048181478874988e+00, -1.130691093803592e+05, 3.703029118415380e-04
3474, 2.441395048358385e-02, 6.695062408515404e-04, 1.591612631149389e+00, 1.202729947972071e-02, 1.602964370612672e-12, 3.575231329045769e+01, -4.338807918963792e+00, -1.125713508508760e+05, 3.701616810972373e-04
3475, 2.559511568486625e-02, 6.722092013704938e-04, 1.591937822362735e+00, 1.202975684405324e-02, 1.603305821532832e-12, 4.849288452939921e+01, -3.111781519623464e+00, -1.129223304903795e+05, 3.702360817152352e-04
3476, 2.622159062147535e-02, 6.984247448158397e-04, 1.591821600062833e+00, 1.202887858989774e-02, 1.603240756776185e-12, 5.420899961377970e+01, -2.968042669153787e+00, -1.130662314268927e+05, 3.702083734893656e-04
3477, 2.645896371072801e-02, 6.670201950619405e-04, 1.591238546683838e+00, 1.202447264496831e-02, 1.602665834943436e-12, 5.614149706924932e+01, -2.735997652062502e+00, -1.129789173559832e+05, 3.700726112685133e-04
3478, 2.244412338076037e-02, 6.718818317695461e-04, 1.586044445073661e+00, 1.198522250685640e-02, 1.597380766732358e-12, 4.272725102698384e+00, -4.006575471925957e+00, -1.116738624057907e+05, 3.688693061002640e-04
3479, 2.817460599427429e-02, 7.085584210369577e-04, 1.588887782991638e+00, 1.200670868759651e-02, 1.600298367782182e-12, 6.825585493079187e+01, -2.492925312930889e+00, -1.131859424583950e+05, 3.695244609866298e-04
3480, 2.844429237044401e-02, 6.722731202995966e-04, 1.587782999451221e+00, 1.199836019736672e-02, 1.599167586294510e-12, 7.073443752961497e+01, -2.496909925257229e+00, -1.130083567137846e+05, 3.692673805395720e-04
3481, 2.796601109446742e-02, 7.078388174581648e-04, 1.589225060381881e+00, 1.200925738324068e-02, 1.600625344643043e-12, 6.671978453408852e+01, -2.364316219806239e+00, -1.131941067329100e+05, 3.696030727530123e-04
3482, 2.769776095204267e-02, 6.658592314858668e-04, 1.589009792695553e+00, 1.200763067528357e-02, 1.600396675982775e-12, 6.522893362562006e+01, -2.248634924308234e+00, -1.130453277463611e+05, 3.695532812522628e-04
3483, 3.008341523367228e-02, 6.885327609731305e-04, 1.582715576471166e+00, 1.196006732849981e-02, 1.594050220190445e-12, 8.061163674248429e+01, -9.453024965761503e-01, -1.128920094901606e+05, 3.680879151143681e-04
3484, 3.032620009245070e-02, 6.934321729947098e-04, 1.582403510502761e+00, 1.195770914737837e-02, 1.593742844608925e-12, 8.106105852843713e+01, -7.513551724181325e-01, -1.129074011382059e+05, 3.680152220263788e-04
3485, 2.984203370731150e-02, 6.960650355920036e-04, 1.583630612742134e+00, 1.196698196027037e-02, 1.594971353266136e-12, 7.974656021251101e+01, -1.308641446288532e+00, -1.129626651945321e+05, 3.683008278291156e-04
3486, 2.958378463038645e-02, 6.810746355826170e-04, 1.584536383914166e+00, 1.197382657869883e-02, 1.595885481277750e-12, 7.857583993197775e+01, -1.697733626775787e+00, -1.129840347194257e+05, 3.685116120256117e-04
3487, 3.396855277239854e-02, 6.974545794831322e-04, 1.577629325056783e+00, 1.192163217927287e-02, 1.588923663173857e-12, 7.718139164909145e+01, 2.097261233882011e+00, -1.131134257480732e+05, 3.669048523669533e-04
3488, 3.372979451513025e-02, 6.919372398943885e-04, 1.577361828188944e+00, 1.191961079236224e-02, 1.588654020158813e-12, 7.868917468736895e+01, 1.595085423134103e+00, -1.130174798224840e+05, 3.668425159163362e-04
3489, 3.420994470207361e-02, 6.913744870382578e-04, 1.577257085616059e+00, 1.191881928677371e-02, 1.588552795352030e-12, 7.499080734942137e+01, 2.439772142758733e+00, -1.130899729291601e+05, 3.668197989907346e-04
3490, 3.448475054882741e-02, 6.688489669747016e-04, 1.582173188360586e+00, 1.195596867779033e-02, 1.593460579524221e-12, 7.359492984161982e+01, 2.082988173039894e+00, -1.137144068702424e+05, 3.679691662128986e-04
3491, 3.213174508697444e-02, 7.014805407179704e-04, 1.579337119485013e+00, 1.193453742684126e-02, 1.590675916729188e-12, 8.054261787557508e+01, 3.957690348732557e-01, -1.129655185990523e+05, 3.673013720536832e-04
3492, 3.238447304582364e-02, 6.857595891741089e-04, 1.579144246731836e+00, 1.193307995011708e-02, 1.590450722121885e-12, 8.097981731202816e+01, 5.430323651093993e-02, -1.129226154393293e+05, 3.672563830121686e-04
3493, 3.189246763559220e-02, 6.993310912844590e-04, 1.579655775397795e+00, 1.193694540603104e-02, 1.590996527646525e-12, 8.092051418277008e+01, 5.952664659943928e-01, -1.129775159053851e+05, 3.673755902022615e-04
3494, 3.164478334570032e-02, 6.894211565116031e-04, 1.579519106072836e+00, 1.193591264035128e-02, 1.590831083424872e-12, 8.182750870379951e+01, 4.577391958512903e-01, -1.128804595916852e+05, 3.673439048852928e-04
3495, 3.606216771241289e-02, 6.973932945359489e-04, 6.702152887152117e-01, 5.064599159057849e-03, 6.751748079590950e-13, 4.385417544731894e+01, 3.257478928207081e-01, 5.712773635872691e+04, 9.316150951371871e-03
3496, 3.630600776041637e-02, 6.853580838302559e-04, 5.924585753940700e-01, 4.477016942525644e-03, 5.964861885725036e-13, 4.389353970247300e+01, 5.248872238932016e-01, 7.099291686862738e+04, 3.139809981133892e-02
3497, 3.582408295930720e-02, 6.955806407918062e-04, 7.670139107795166e-01, 5.796074892541052e-03, 7.730473895231426e-13, 4.218270924875338e+01, 7.571897585667864e-01, 3.998999931300066e+04, 2.500249313023386e-03
3498, 3.556506879305847e-02, 6.840803552307192e-04, 9.233741362844635e-01, 6.977638309455940e-03, 9.300711897173761e-13, 3.371807343586521e+01, -3.720708663936165e-01, 1.342290522182005e+04, 6.172537847227177e-04
3499, 3.769486035022036e-02, 6.884246810105498e-04, 3.667892423193366e-01, 2.771707120801211e-03, 3.697519603619073e-13, 4.578037925050027e+01, 8.147214485593822e-01, 1.100898164608907e+05, 1.545585656906197e+00
3500, 3.793593468248287e-02, 6.969311379677732e-04, 3.443524187906791e-01, 2.602159335950031e-03, 3.470134311849132e-13, 4.583545947324804e+01, 7.104335455866023e-01, 1.136490666836064e+05, 2.475630132890196e+00
3501, 3.816929089819220e-02, 6.990590499097758e-04, 3.249794635485841e-01, 2.455764208176111e-03, 3.273877501765469e-13, 4.557356349182449e+01, 6.012280419190029e-01, 1.168005739015008e+05, 3.853662597562309e+00
3502, 3.843920589924332e-02, 7.005635144402719e-04, 3.041795309020245e-01, 2.298585875834471e-03, 3.063341971880416e-13, 4.487048286832498e+01, 6.253630344362235e-01, 1.202954710395735e+05, 6.264716756404580e+00
3503, 2.402861554724840e-02, 1.311629074534043e-04, 1.586137845623871e+00, 1.198592830446518e-02, 1.597434547715518e-12, 2.850957952442394e+01, -1.061471899385652e+00, -1.115261564895094e+05, 3.688897447162249e-04
3504, 5.788051618023485e-02, 6.971861713777101e-04, 8.074159981133608e-02, 6.101380338388542e-04, 8.135734984966286e-14, 8.392850047012031e+00, 6.413194893477389e-01, 1.542717265255823e+05, 5.180799244397016e+03
3505, 5.763353072368413e-02, 6.790569586820107e-04, 8.076926226343478e-02, 6.103470700008027e-04, 8.139072136639620e-14, 8.856855242389791e+00, 6.243765733341703e-01, 1.542690704232983e+05, 5.167352227452651e+03
3506, 5.811859406640266e-02, 6.960777888596338e-04, 8.072806877611358e-02, 6.100357842024200e-04, 8.133583968405179e-14, 7.965546909644275e+00, 6.224828238140976e-01, 1.542620236607381e+05, 5.190234992788121e+03
3507, 5.837259653000020e-02, 6.864963010288829e-04, 8.075640235336544e-02, 6.102498918390965e-04, 8.135051122274331e-14, 7.531828091313469e+00, 5.778987802473118e-01, 1.542139025201824e+05, 5.193561450638639e+03
3508, 5.597610448632560e-02, 6.960304742632424e-04, 8.236091620811523e-02, 6.223746816734772e-04, 8.300060103330118e-14, 1.133893454053771e+01, 6.211039654756483e-01, 1.540205313988467e+05, 4.918508096531909e+03
3509, 5.573584334445681e-02, 6.957797096276190e-04, 8.268076063433223e-02, 6.247916420730978e-04, 8.332618610123202e-14, 1.176177916073522e+01, 6.360748642384648e-01, 1.539278243106842e+05, 4.864594359358054e+03
3510, 5.621713922755334e-02, 6.955145775372088e-04, 8.205112159575705e-02, 6.200336644516330e-04, 8.268245226641190e-14, 1.095040678819513e+01, 5.750113575627873e-01, 1.540957573522164e+05, 4.968648924511993e+03
3511, 5.649321649293798e-02, 6.781240502438079e-04, 8.166835245661848e-02, 6.171412024430328e-04, 8.229158911240822e-14, 1.055027952280422e+01, 5.473527005562118e-01, 1.541340508135963e+05, 5.022147711440854e+03
3512, 5.193112622169992e-02, 6.960776841967902e-04, 9.083016816900341e-02, 6.863740667683608e-04, 9.157377870270973e-14, 1.800967108781322e+01, 6.791080151377191e-01, 1.522461134617694e+05, 3.668741373716057e+03
3513, 5.168799820359368e-02, 6.939411504004297e-04, 9.158892244316502e-02, 6.921077262708360e-04, 9.234192174805251e-14, 1.846850367101827e+01, 6.859347280530558e-01, 1.520766114010144e+05, 3.569518187189041e+03
3514, 5.216642728071423e-02, 6.987896870544888e-04, 9.012410181286491e-02, 6.810385527421337e-04, 9.085711791293897e-14, 1.757258440366618e+01, 6.467568762352770e-01, 1.524153716806975e+05, 3.763137628203876e+03
3515, 5.242774906816777e-02, 6.784055961293874e-04, 8.930064607281857e-02, 6.748159652858643e-04, 9.002957295423922e-14, 1.712719548367225e+01, 5.817024568054097e-01, 1.525732945721978e+05, 3.867220808292789e+03
3516, 5.383365917871120e-02, 6.960280324682685e-04, 8.604148781915409e-02, 6.501875653840124e-04, 8.682616904929136e-14, 1.491590511628882e+01, 6.473431678423439e-01, 1.532367119528728e+05, 4.345214349142312e+03
3517, 5.357290594657211e-02, 6.793164672907727e-04, 8.656511220866107e-02, 6.541444247505680e-04, 8.735251387461044e-14, 1.539324167004691e+01, 6.353772561124001e-01, 1.531192301682345e+05, 4.262078356554030e+03
3518, 5.407192968945677e-02, 6.972457538445391e-04, 8.554381911518369e-02, 6.464268446991025e-04, 8.631953272672993e-14, 1.450006828969135e+01, 6.416868974890588e-01, 1.533518428890261e+05, 4.421477650333825e+03
3519, 5.431663151764535e-02, 6.837892100130355e-04, 8.499281615575170e-02, 6.422630943759527e-04, 8.575304037857903e-14, 1.407690109648934e+01, 6.143125885933307e-01, 1.534385641973375e+05, 4.498548350077998e+03
3520, 4.788614658298204e-02, 6.960779563235701e-04, 1.083774958070398e-01, 8.189735199525993e-04, 1.091651228785541e-13, 2.541174865190245e+01, 7.884864378733094e-01, 1.489682606155225e+05, 1.910936183789002e+03
3521, 4.763810960456747e-02, 6.904434978342751e-04, 1.099305689006980e-01, 8.307095886704263e-04, 1.107267202887170e-13, 2.595128855563065e+01, 8.025921772242867e-01, 1.487374021669601e+05, 1.802190005721495e+03
3522, 4.812614768504041e-02, 6.960742170087810e-04, 1.069153671533913e-01, 8.079246888167336e-04, 1.076788811220167e-13, 2.490132978307861e+01, 7.608146785813213e-01, 1.492347641530848e+05, 2.020151705236837e+03
3523, 4.838160311009151e-02, 6.854004179009180e-04, 1.053405670005799e-01, 7.960244357728275e-04, 1.060849479609899e-13, 2.438711623745614e+01, 6.970103541856317e-01, 1.495146864954152e+05, 2.138945394154872e+03
3524, 4.194733885707172e-02, 6.960776841960772e-04, 1.760298290141941e-01, 1.330200219251018e-03, 1.773669311859811e-13, 3.861667370126262e+01, 8.595220198990436e-01, 1.392621831832596e+05, 1.828077282153712e+02
3525, 4.170564019727777e-02, 6.949160121011612e-04, 1.812260390707784e-01, 1.369466290207522e-03, 1.826524960291527e-13, 3.914195335556141e+01, 8.590861061887358e-01, 1.385781922320232e+05, 1.555429353378806e+02
3526, 4.218782964461279e-02, 6.957933649087515e-04, 1.710715920118886e-01, 1.292732433339452e-03, 1.723187384593817e-13, 3.801471291538039e+01, 8.491734566557517e-01, 1.399593713789259e+05, 2.140979714724818e+02
3527, 4.245451934341435e-02, 6.791675738881286e-04, 1.656819847395093e-01, 1.252004922465078e-03, 1.668637392106366e-13, 3.732796125245952e+01, 8.176093060551979e-01, 1.407422932608488e+05, 2.536360784387760e+02
3528, 3.981717781796389e-02, 6.953620960816842e-04, 2.363402435188978e-01, 1.785946424576242e-03, 2.381736738282020e-13, 4.308770511304996e+01, 8.245055734565091e-01, 1.306260391813775e+05, 3.252438185760115e+01
3529, 3.955028081389005e-02, 6.754301994307578e-04, 2.470207904923411e-01, 1.866655847549460e-03, 2.488884125315731e-13, 4.344978861839652e+01, 8.055947316792303e-01, 1.291594991370813e+05, 2.463667061209544e+01
3530, 4.005608003721059e-02, 6.969247801291070e-04, 2.273567788621627e-01, 1.718061301225651e-03, 2.290640593479376e-13, 4.259892516338972e+01, 7.711427825696779e-01, 1.319551380829837e+05, 4.159039313616580e+01
3531, 4.029852734539616e-02, 6.864139657028210e-04, 2.185674821710516e-01, 1.651643442098979e-03, 2.201163665771310e-13, 4.202394791020372e+01, 7.623285741569895e-01, 1.332750171466699e+05, 5.312502831725244e+01
3532, 4.610405007735860e-02, 6.960776841965493e-04, 1.211102940691709e-01, 9.151911390619340e-04, 1.219663413532258e-13, 2.926965722151370e+01, 8.646171316410114e-01, 1.469264468202099e+05, 1.188227676339527e+03
3533, 4.635438095480047e-02, 6.891937696802241e-04, 1.188763917375427e-01, 8.983102650194433e-04, 1.196823838535747e-13, 2.864295863108000e+01, 8.239461293933191e-01, 1.472668104633016e+05, 1.288474249476849e+03
3534, 4.586768034173269e-02, 6.981726553971238e-04, 1.232056720962905e-01, 9.310252299469294e-04, 1.241114957262061e-13, 2.986122697363065e+01, 8.747117251907310e-01, 1.466015926241053e+05, 1.098199872622921e+03
3535, 4.561897264778005e-02, 6.840558149403343e-04, 1.254555495753226e-01, 9.480268229874587e-04, 1.263976880639519e-13, 3.048824340043351e+01, 8.345199392367926e-01, 1.463216230370244e+05, 1.010216154259251e+03
3536, 4.384384557515553e-02, 6.960776187817081e-04, 1.449137056752093e-01, 1.095065785958920e-03, 1.460063666749739e-13, 3.432545132926228e+01, 8.321643131042542e-01, 1.435487638235865e+05, 5.054671025133840e+02
3537, 4.359010721487307e-02, 6.863276704037570e-04, 1.483400759272520e-01, 1.120957752599062e-03, 1.494504579107472e-13, 3.487009400908729e+01, 8.497626511298862e-01, 1.431201785099157e+05, 4.490405049520616e+02
3538, 4.408204741477702e-02, 6.971149469846886e-04, 1.417939260688601e-01, 1.071490625205681e-03, 1.428361205108945e-13, 3.380357017824391e+01, 8.041536476151998e-01, 1.439957101796673e+05, 5.644069873056211e+02
3539, 4.432777531672966e-02, 6.820569858659526e-04, 1.385824968343619e-01, 1.047222897992898e-03, 1.395618675334846e-13, 3.323073965517079e+01, 7.813992826927396e-01, 1.444598432791496e+05, 6.307137758263850e+02
3540, 4.978968086005760e-02, 6.944850772115211e-04, 9.863925751962731e-02, 7.453848175287605e-04, 9.941447147608971e-14, 2.181712135413651e+01, 7.468673885449272e-01, 1.506813472615560e+05, 2.755602387376261e+03
3541, 4.951067915779849e-02, 6.679433631388255e-04, 9.982340814559663e-02, 7.543330590348177e-04, 1.006155520708202e-13, 2.241413231054114e+01, 7.314526275290951e-01, 1.504514097191718e+05, 2.631143366805893e+03
3542, 5.002911871266147e-02, 6.963949892365194e-04, 9.759629260549818e-02, 7.375034705706289e-04, 9.834676744024897e-14, 2.134016272666933e+01, 7.194486166862553e-01, 1.509048187152978e+05, 2.866027160578496e+03
3543, 5.026916356250841e-02, 6.894676535956076e-04, 9.654099256485479e-02, 7.295289110695733e-04, 9.726410856422814e-14, 2.088461780328456e+01, 6.636169803600871e-01, 1.511245460817524e+05, 2.977374915141216e+03
3544, 2.475610938550902e-02, 6.564590542758520e-04, 1.591885527927222e+00, 1.202936167199657e-02, 1.603210889332046e-12, 3.970407139476674e+01, -3.920275038268787e+00, -1.126258702386230e+05, 3.702248087442168e-04
3545, 2.505657633765759e-02, 6.321690718533639e-04, 1.591838778716791e+00, 1.202900840340381e-02, 1.603216324336316e-12, 4.314285133861285e+01, -3.691785223500333e+00, -1.126570511856583e+05, 3.702136659923606e-04
3546, 2.226816477361049e-02, 9.807740938087535e-05, 1.586100568625178e+00, 1.198564661429881e-02, 1.597511213984979e-12, -2.273134032259791e+00, -1.793396231615370e+00, -1.117963568223531e+05, 3.688829279147314e-04
3547, 2.742177157543772e-02, 6.520096990593313e-04, 1.589639369750250e+00, 1.201238818451306e-02, 1.601012376142354e-12, 6.344799733640792e+01, -2.282095247612614e+00, -1.129978683269151e+05, 3.696999403914852e-04
3548, 2.454665455322952e-02, 1.267269466004622e-04, 1.586321933419945e+00, 1.198731939612311e-02, 1.597637246397193e-12, 3.559785145150506e+01, -1.145644401293854e+00, -1.115271981814468e+05, 3.689320101539276e-04
3549, 2.682357175185086e-02, 6.166321915959808e-04, 1.590041608980529e+00, 1.201542777567386e-02, 1.601422553899014e-12, 5.908244556276214e+01, -2.354866026062359e+00, -1.128246497580464e+05, 3.697940603499550e-04
3550, 2.609660454249027e-02, 2.020470123163720e-04, 1.584495768103590e+00, 1.197351965821606e-02, 1.595801586623565e-12, 5.351520229585389e+01, -8.493402026939773e-01, -1.116236112140602e+05, 3.685057012876090e-04
3551, 2.322827160574688e-02, 1.684999492189961e-04, 1.587371015857296e+00, 1.199524697121658e-02, 1.598687165443641e-12, 1.440293770963837e+01, -1.891488223038608e+00, -1.114926489510809e+05, 3.691773564796172e-04
3552, 3.341586754379599e-02, 6.477297968526661e-04, 1.577029516556724e+00, 1.191709962133789e-02, 1.588332832111255e-12, 8.006248318581684e+01, 1.210911920651651e+00, -1.128966592402547e+05, 3.667644172532829e-04
3553, 2.554147994303262e-02, 1.809323769812230e-04, 1.586166987531205e+00, 1.198614852038947e-02, 1.597499916917313e-12, 4.833514817617579e+01, -1.233077440711941e+00, -1.117152940315938e+05, 3.688949008103759e-04
3554, 5.058730432948215e-02, 6.428350357807482e-04, 9.513156526516130e-02, 7.188783269409037e-04, 9.585007610624850e-14, 2.036892716540505e+01, 5.902096008629155e-01, 1.514128400158690e+05, 3.125085064662549e+03
3555, 5.542884202811559e-02, 6.504240153348884e-04, 8.300909337678587e-02, 6.272727459203368e-04, 8.367712422375689e-14, 1.233997417052035e+01, 6.122534629680551e-01, 1.537986387896957e+05, 4.797658264271379e+03
3556, 3.661313966237723e-02, 6.138306099414503e-04, 5.163261686801156e-01, 3.901709083226566e-03, 5.194893149040712e-13, 4.326171515977306e+01, 3.445475010491860e-01, 8.460959938198050e+04, 1.094987779453592e-01
3557, 2.923172693750639e-02, 6.275846193599986e-04, 1.585159976911916e+00, 1.197853886835439e-02, 1.596504987094435e-12, 7.696805420988275e+01, -1.961634465029137e+00, -1.128385257091871e+05, 3.686568843345742e-04
3558, 2.882242664389570e-02, 6.318956041816057e-04, 1.586469104695853e+00, 1.198843152163352e-02, 1.597821028213349e-12, 7.398382316247198e+01, -2.337155795503095e+00, -1.128536207854545e+05, 3.689616099461037e-04
3559, 4.062780647546979e-02, 6.380047870443348e-04, 2.073463829223429e-01, 1.566849241227119e-03, 2.088109044118782e-13, 4.112181542724795e+01, 7.619591938261194e-01, 1.350283201568654e+05, 7.235489755786705e+01
3560, 3.066074359910136e-02, 6.381424809329868e-04, 1.581044647011430e+00, 1.194744065751949e-02, 1.592363299563507e-12, 8.214362518287545e+01, -4.297328243452036e-01, -1.127205305408325e+05, 3.676990688214344e-04
3561, 2.337417078895745e-02, 6.580502926466904e-04, 1.590470372257988e+00, 1.201866780044060e-02, 1.601837476740862e-12, 1.946131584250936e+01, -5.823984747534760e+00, -1.121283047731219e+05, 3.698973358840855e-04
3562, 3.131173555966214e-02, 6.377171621414582e-04, 1.579655128485368e+00, 1.193694051752408e-02, 1.590964753465694e-12, 8.272346180165341e+01, -3.790660775283915e-02, -1.127350022142131e+05, 3.673756578775739e-04
3563, 5.463253539564478e-02, 6.412379862857327e-04, 8.425419934181164e-02, 6.366816071169715e-04, 8.499294449054813e-14, 1.356139803297250e+01, 5.729395395333152e-01, 1.535277175963371e+05, 4.595485392553444e+03
3564, 2.276534747665361e-02, 6.471891348970487e-04, 1.587354361061179e+00, 1.199512111633390e-02, 1.598665376801162e-12, 8.462050692917389e+00, -5.134092190159205e+00, -1.117298503696569e+05, 3.691735045480065e-04
3565, 4.137939143530215e-02, 6.395828137151333e-04, 1.883222351940089e-01, 1.423089938494137e-03, 1.896313212454633e-13, 3.963914467614495e+01, 7.735333000878326e-01, 1.377667555023441e+05, 1.252639722432330e+02
3566, 3.736216122549364e-02, 6.522883895963994e-04, 4.019498176274117e-01, 3.037404163432232e-03, 4.046424105491724e-13, 4.455151257654805e+01, 7.032943093689964e-01, 1.048931404342177e+05, 7.934761417426527e-01
3567, 2.770818369029671e-02, 2.070036677274837e-04, 1.582440304739993e+00, 1.195798718947345e-02, 1.593747952838163e-12, 6.730862550320789e+01, -7.795132493903688e-01, -1.117009865045820e+05, 3.680261268057426e-04
3568, 4.466966878689681e-02, 5.796166602956335e-04, 1.343214432131597e-01, 1.015023500351527e-03, 1.352975914740591e-13, 3.254041039452014e+01, 7.067431556494383e-01, 1.450847551799903e+05, 7.284025371614026e+02
3569, 5.136647498922586e-02, 6.338662358762339e-04, 9.248080489634156e-02, 6.988473921638626e-04, 9.323655865746609e-14, 1.912108791663895e+01, 6.287999527621341e-01, 1.518974236400950e+05, 3.445306050897322e+03
3570, 2.306682147126335e-02, 6.216384531896927e-04, 1.588220444938558e+00, 1.200166583077252e-02, 1.599515110335917e-12, 1.329415012072783e+01, -4.814779362756157e+00, -1.117855087697425e+05, 3.693745676549831e-04
3571, 2.816894234711174e-02, 2.078608328589601e-04, 1.581089778183199e+00, 1.194778169911986e-02, 1.592369353781984e-12, 7.031371528577064e+01, -6.796095319025067e-01, -1.116041981564826e+05, 3.677116767041454e-04
3572, 5.873424936219097e-02, 6.208134579121247e-04, 8.081197457720569e-02, 6.106698330772070e-04, 8.137931714615777e-14, 7.010409265904785e+00, 4.866935556722504e-01, 1.540899366258742e+05, 5.191009231720114e+03
3573, 2.491098108308869e-02, 2.055867338241439e-04, 1.587060519577124e+00, 1.199290065171884e-02, 1.598400341915820e-12, 4.095174327521821e+01, -1.819583628665177e+00, -1.116378617852023e+05, 3.691033003849148e-04
3574, 2.653574632019838e-02, 1.883383039729148e-04, 1.584570050907556e+00, 1.197408098922837e-02, 1.595886916582202e-12, 5.751434029902869e+01, -1.065692077016479e+00, -1.116255916917322e+05, 3.685225572308133e-04
3575, 3.393577087555195e-02, 2.006137461624549e-04, 1.572232327305812e+00, 1.188084882095323e-02, 1.583479037511479e-12, 8.065942987528915e+01, 8.458098977152948e-01, -1.119057300093598e+05, 3.656483452155633e-04
3576, 3.009569498186444e-02, 2.058255740854309e-04, 1.575765272876836e+00, 1.190754614264857e-02, 1.587027210290096e-12, 8.274098097733770e+01, -2.549853046220003e-01, -1.114120033300387e+05, 3.664718567177452e-04
3577, 3.182989129212355e-02, 1.855168460043025e-04, 1.573038689977861e+00, 1.188694224164877e-02, 1.584291796896803e-12, 8.504032539640184e+01, 3.920547108137059e-01, -1.115110000613953e+05, 3.658367032061457e-04
3578, 4.876692445622745e-02, 5.956179665591075e-04, 1.030122513271250e-01, 7.784301107845355e-04, 1.037164800157032e-13, 2.383198253568346e+01, 5.792887106318058e-01, 1.499355392776101e+05, 2.318728129792366e+03
3579, 4.200644292168178e-02, 2.154259386985966e-04, 1.754812099856249e-01, 1.326054483518746e-03, 1.768237123290691e-13, 3.910598866854740e+01, 2.970998429894731e-01, 1.394946468438502e+05, 1.884164382673449e+02
3580, 4.604877934132382e-02, 2.161341125920498e-04, 1.214377502357857e-01, 9.176656189104376e-04, 1.222812857913482e-13, 3.009387214342250e+01, 3.006241447251813e-01, 1.471102923922778e+05, 1.177035341518917e+03
3581, 3.275898236393569e-02, 6.211308343113116e-04, 1.577776801828048e+00, 1.192274661331265e-02, 1.589062257909520e-12, 8.176267707065990e+01, 3.840307581742307e-01, -1.127822043031399e+05, 3.669381614811601e-04
3582, 5.197636595010614e-02, 2.213841916090998e-04, 9.008734895286043e-02, 6.807608233214312e-04, 9.082993992619036e-14, 1.837221982067987e+01, 2.592787521225896e-01, 1.525908857369126e+05, 3.735231365023043e+03
3583, 5.602306111464216e-02, 2.199364177247165e-04, 8.159566250139887e-02, 6.165919080710663e-04, 8.224577207897066e-14, 1.156233698309957e+01, 2.502348735819394e-01, 1.543018295153764e+05, 4.984953719737071e+03
3584, 5.008913539844280e-02, 1.867859355260973e-04, 9.677746538951704e-02, 7.313158593667574e-04, 9.751258165091641e-14, 2.175551782918931e+01, 2.168280028242709e-01, 1.512593238477498e+05, 2.932754361489232e+03
3585, 4.415152856821484e-02, 1.844237156172255e-04, 1.410033743376145e-01, 1.065516682652197e-03, 1.420352879776843e-13, 3.429602763126596e+01, 2.579060625348232e-01, 1.442706861766196e+05, 5.842226789343124e+02
3586, 4.793234008121731e-02, 2.248503061570012e-04, 1.077970179416570e-01, 8.145870373426476e-04, 1.085840164535538e-13, 2.599414791550651e+01, 2.758902285537161e-01, 1.493204332551191e+05, 1.954462152455647e+03
3587, 3.796479629086055e-02, 2.071108138409027e-04, 3.502536047009772e-01, 2.646752680360056e-03, 3.531863968211749e-13, 4.654654833748255e+01, 9.841448329663899e-02, 1.126627002269220e+05, 2.448515891809686e+00
3588, 4.011637221486246e-02, 1.889861110691770e-04, 2.259742123185854e-01, 1.707613695102987e-03, 2.276097363961918e-13, 4.298515204982463e+01, 2.878717596475176e-01, 1.321893952709665e+05, 4.365803118199422e+01
3589, 4.661303173702273e-02, 2.412628770794629e-04, 1.165971756888152e-01, 8.810869699408631e-04, 1.174159401732648e-13, 2.873502729748351e+01, 3.625643860999284e-01, 1.478734246796621e+05, 1.403912552990150e+03
3590, 5.412743216116889e-02, 1.889368622539815e-04, 8.471022879473289e-02, 6.401276735118487e-04, 8.545720471291645e-14, 1.478008871131337e+01, 1.928632800637741e-01, 1.536641260697575e+05, 4.494223586678728e+03
3591, 3.608586195332240e-02, 1.839385487622547e-04, 7.087179090330920e-01, 5.355550949872808e-03, 7.141402497435133e-13, 4.377818339710036e+01, 5.526871346070164e-01, 4.926013461394263e+04, 7.991819108151671e-03
3592, 5.791498164041799e-02, 1.988482398653456e-04, 7.998681509107927e-02, 6.044343709654092e-04, 8.056936013032965e-14, 8.510766446092070e+00, 2.371731104847880e-01, 1.545139194909364e+05, 5.241322067525726e+03
3593, 4.521507010893643e-02, 6.035581206206808e-04, 1.290277364438287e-01, 9.750206784170098e-04, 1.299822859119754e-13, 3.146552789834902e+01, 6.796223933835516e-01, 1.459280281516254e+05, 8.840772874261455e+02
3594, 3.884151726436418e-02, 5.596432892660629e-04, 2.798702547110898e-01, 2.114888574643359e-03, 2.819559294053733e-13, 4.408746235858274e+01, 6.098413720384103e-01, 1.245232718383273e+05, 1.119910237901476e+01
3595, 4.726195493289433e-02, 6.138368311434235e-04, 1.121424695081398e-01, 8.474242028325097e-04, 1.129135206074221e-13, 2.684252685284530e+01, 7.191048429907879e-01, 1.484037631958325e+05, 1.650740899501007e+03
3596, 5.725501020709135e-02, 6.366721731920262e-04, 8.085225388376671e-02, 6.109742107086478e-04, 8.145225598359344e-14, 9.499036146182650e+00, 5.630106442326456e-01, 1.541994374413550e+05, 5.135987463200947e+03
3597, 5.285811255752867e-02, 5.731603043686363e-04, 8.793690436402912e-02, 6.645106123226873e-04, 8.868412905614937e-14, 1.659868253943770e+01, 4.870434062216498e-01, 1.528579971510180e+05, 4.037526499480016e+03
3598, 2.218517469755385e-02, 6.983874085437475e-04, 1.585246341810618e+00, 1.197919149983092e-02, 1.596582102600896e-12, 1.520817391683043e+00, -2.134734524133703e+00, -1.117487871403829e+05, 3.686841079666467e-04
3599, 4.288506445146979e-02, 5.601914880590788e-04, 1.581115467857101e-01, 1.194797582763798e-03, 1.592525764263975e-13, 3.641864233903818e+01, 6.958594605838179e-01, 1.419313479277973e+05, 3.225813218158810e+02
3600, 2.722148888276759e-02, 2.035004768134298e-04, 1.584203016133836e+00, 1.197130742670653e-02, 1.595531199359770e-12, 6.363639421377420e+01, -1.095327350093232e+00, -1.117610481762496e+05, 3.684364747703245e-04
3601, 3.517600733130594e-02, 5.616811111171859e-04, 1.338802699312011e+00, 1.011689697213329e-02, 1.348240194567037e-12, 1.663802277739773e+01, -3.345309789799552e-01, -6.880462606021721e+04, 3.132548652903369e-04
3602, 3.235585577317843e-02, 2.249144778632691e-04, 1.573587892174967e+00, 1.189109238419621e-02, 1.584827070550048e-12, 8.453972042422306e+01, 2.268842231792904e-01, -1.116842646685558e+05, 3.659641346861553e-04
3603, 5.841793319856381e-02, 2.476959518297113e-04, 8.006711380006246e-02, 6.050411622171828e-04, 8.063048989143114e-14, 7.677324245890190e+00, 2.307437619593568e-01, 1.544170176477254e+05, 5.246872129817715e+03
3604, 2.952873557306829e-02, 2.229283063923752e-04, 1.578398763827185e+00, 1.192744657804167e-02, 1.589669314440157e-12, 8.017762517731947e+01, -6.075450007036328e-01, -1.116126088445718e+05, 3.670847054940317e-04
3605, 4.845179691614549e-02, 2.516269271398493e-04, 1.045291685920916e-01, 7.898929616532681e-04, 1.052675459224060e-13, 2.487612187008819e+01, 3.033027757544224e-01, 1.498665430694954e+05, 2.196971032451900e+03
3606, 4.549039411265229e-02, 2.346590362585648e-04, 1.263274716146529e-01, 9.546156545190152e-04, 1.272123209868218e-13, 3.123793349294359e+01, 3.378576272388774e-01, 1.463315262760227e+05, 9.759718432499029e+02
3607, 4.331247949440437e-02, 2.864001323324006e-04, 1.522534042668590e-01, 1.150529503276188e-03, 1.533959902134498e-13, 3.597654903799676e+01, 4.587154431681068e-01, 1.427796297958510e+05, 3.950238588943158e+02
3608, 5.327575399706842e-02, 2.878884122184484e-04, 8.658637085576580e-02, 6.543050694390526e-04, 8.734732909838757e-14, 1.621242027103129e+01, 3.518260876360417e-01, 1.531831247059948e+05, 4.208578346181689e+03
3609, 5.253036820786078e-02, 2.330159698884412e-04, 8.842032464112135e-02, 6.681636622755374e-04, 8.915920069760578e-14, 1.740098951716654e+01, 2.423232470341552e-01, 1.529070851146223e+05, 3.952073350333367e+03
3610, 3.926000905828301e-02, 2.881712759071214e-04, 2.609907188488974e-01, 1.972222056792879e-03, 2.630277602586254e-13, 4.406562483978438e+01, 3.401453895985196e-01, 1.273743171178947e+05, 1.786173477127424e+01
3611, 3.851810679883823e-02, 2.325465089475117e-04, 3.036385917574775e-01, 2.294498174489997e-03, 3.060056848434139e-13, 4.517198561621758e+01, 2.825451736831323e-01, 1.205035795616002e+05, 6.781251144843149e+00
3612, 3.550403091062056e-02, 2.407952269278991e-04, 1.042519070374778e+00, 7.877977861774008e-03, 1.051617664964585e-12, 3.650391652251857e+01, 8.327262584452564e+00, -1.047347380908526e+04, 3.604794382195857e-04
3613, 4.256551535054399e-02, 2.342732969308815e-04, 1.642326865904384e-01, 1.241053047283115e-03, 1.654550672944168e-13, 3.764954229997141e+01, 3.316993776318980e-01, 1.411737199893962e+05, 2.690739047868472e+02
3614, 3.701162102130239e-02, 3.304965563504044e-04, 4.586154237055642e-01, 3.465607735811178e-03, 4.617692706208983e-13, 4.417696550024788e+01, 1.160855541614093e-01, 9.535224283395031e+04, 3.287227446006553e-01
3615, 3.447444202128742e-02, 2.343684500702126e-04, 1.585917216321983e+00, 1.198426108052135e-02, 1.597244254073809e-12, 8.344550017372073e+01, -4.023574790442179e+00, -1.142975713636576e+05, 3.688338670137272e-04
3616, 4.924413278763896e-02, 2.739783657595293e-04, 1.004911136961942e-01, 7.593786929185381e-04, 1.011965801914171e-13, 2.336732670258815e+01, 4.003453911770904e-01, 1.504384194830588e+05, 2.543265728143368e+03
3617, 3.096274684960202e-02, 3.268827426792883e-04, 1.576183282860101e+00, 1.191070490826517e-02, 1.587454718195230e-12, 8.440399674158191e+01, -8.694453018956658e-02, -1.117846582524499e+05, 3.665684585369484e-04
3618, 4.110005454242503e-02, 3.049625854758418e-04, 1.952572759873417e-01, 1.475495788317768e-03, 1.966383354346246e-13, 4.055085818233331e+01, 4.145731066417731e-01, 1.370026578123532e+05, 1.032004549346067e+02
3619, 5.106049278817204e-02, 3.019947267843887e-04, 9.299587455984346e-02, 7.027396062457900e-04, 9.371369940998747e-14, 1.994828218408142e+01, 3.462064796763401e-01, 1.518869092039172e+05, 3.353153274241932e+03
3620, 5.659181089704975e-02, 2.912008641525060e-04, 8.093277072032616e-02, 6.115826502796066e-04, 8.155553757737886e-14, 1.061922513183919e+01, 2.791539621100125e-01, 1.543491081599847e+05, 5.087267327454827e+03
3621, 5.513103938159608e-02, 3.151336784838581e-04, 8.290067212019986e-02, 6.264534417144011e-04, 8.357944528609577e-14, 1.303617154394875e+01, 3.523346845243597e-01, 1.538318119754512e+05, 4.763644185868852e+03
3622, 2.208978784118313e-02, 1.709849063274011e-04, 1.585726394165844e+00, 1.198281909949274e-02, 1.597172015226557e-12, 3.317123080664892e-01, 2.119892795850104e+00, -1.119276739566099e+05, 3.687961532332721e-04
3623, 5.548804968256046e-02, 2.646061018433180e-04, 8.234785860879869e-02, 6.222760096383188e-04, 8.300969364961821e-14, 1.248529140949069e+01, 2.937336950087778e-01, 1.540300736895845e+05, 4.856786135685437e+03
3624, 2.894882215311230e-02, 2.403215968152792e-04, 1.580481707154868e+00, 1.194318670394357e-02, 1.591758962828024e-12, 7.626476696596401e+01, -1.048905655817405e+00, -1.116531894588703e+05, 3.675695637113123e-04
3625, 3.340518965578385e-02, 2.605429033329161e-04, 1.572653787380498e+00, 1.188403365778963e-02, 1.583911554533189e-12, 8.298294110808267e+01, 9.786034869048644e-01, -1.119405602456437e+05, 3.657464047556787e-04
3626, 5.074078339760964e-02, 2.754854375763911e-04, 9.411571005324469e-02, 7.112018391933911e-04, 9.485016515623039e-14, 2.051067583798686e+01, 3.137123579242049e-01, 1.517375737943790e+05, 3.223264188294953e+03
3627, 4.146210651441646e-02, 2.615688258134982e-04, 1.871980641589782e-01, 1.414594943267122e-03, 1.885559900728190e-13, 4.004764795412161e+01, 3.862548703763266e-01, 1.380576106562318e+05, 1.312507190588963e+02
3628, 4.671888894996676e-02, 6.608300490061072e-04, 1.158198288917737e-01, 8.752128127844358e-04, 1.165877423038308e-13, 2.782295686977692e+01, 7.558094165759641e-01, 1.477824682200592e+05, 1.436523597910975e+03
3629, 4.873766871506444e-02, 2.773649854200823e-04, 1.029433320075067e-01, 7.779093098805845e-04, 1.036719282632652e-13, 2.428117266892626e+01, 3.546720634424180e-01, 1.500996460447312e+05, 2.324193450110329e+03
3630, 5.142679933495806e-02, 2.641854534483025e-04, 9.180831866019777e-02, 6.937656321930165e-04, 9.254864992380382e-14, 1.935985072195940e+01, 3.230514834819834e-01, 1.521391946796354e+05, 3.504566086815902e+03
3631, 3.737840953989459e-02, 2.432363565274320e-04, 4.124163096936082e-01, 3.116496043025331e-03, 4.154282165270615e-13, 4.542226495325587e+01, 1.559538316747825e-01, 1.031053732104034e+05, 7.491135918578231e-01
3632, 4.073972555546686e-02, 2.929005446039895e-04, 2.047326702770220e-01, 1.547098264058396e-03, 2.062120606926150e-13, 4.130068662357254e+01, 3.541502370376631e-01, 1.356053905089413e+05, 7.870861146691981e+01
3633, 3.665742658331114e-02, 2.448425466683007e-04, 5.288051997739517e-01, 3.996009066303085e-03, 5.322869366539446e-13, 4.402241372174642e+01, -4.911453108837603e-01, 8.240637246316439e+04, 1.088402926440027e-01
3634, 4.523025603136381e-02, 2.771882325434206e-04, 1.287447641920767e-01, 9.728823490587381e-04, 1.296516296180078e-13, 3.174381433383531e+01, 4.059191006082002e-01, 1.460109551077858e+05, 8.933625766958769e+02
3635, 3.523811184074639e-02, 2.703216465421850e-04, 1.270738226759125e+00, 9.602555869717679e-03, 1.280474576347971e-12, 3.106763051893732e+01, 1.379859457475455e+01, -5.524884096252499e+04, 2.985453982383428e-04
3636, 5.475514962093906e-02, 2.681308406319781e-04, 8.346756620270793e-02, 6.307372760910143e-04, 8.418591678080124e-14, 1.364268743920082e+01, 3.328428529002029e-01, 1.537265512152269e+05, 4.669814890042262e+03
3637, 5.819355504495785e-02, 2.397515477632005e-04, 8.001267124459970e-02, 6.046297575159494e-04, 8.058292882023823e-14, 8.054709171327177e+00, 2.305568049400472e-01, 1.544941199333683e+05, 5.248168276816129e+03
3638, 5.835742074639165e-02, 4.534522678314117e-04, 8.030241145114146e-02, 6.068192301094553e-04, 8.088210533945852e-14, 7.680613606307069e+00, 3.869838769176853e-01, 1.543511772981875e+05, 5.227372787839407e+03
3639, 5.811850363273997e-02, 4.270856945102090e-04, 8.022403046726179e-02, 6.062269304831496e-04, 8.082123285570659e-14, 8.098732832681916e+00, 3.724775494691102e-01, 1.544197620470911e+05, 5.228624203127481e+03
3640, 3.579621767706533e-02, 1.814411156033487e-04, 8.437075594048692e-01, 6.375623874595484e-03, 8.513005690772310e-13, 4.288105996650551e+01, 2.394759782155515e+00, 2.477992679073899e+04, 1.459691614615892e-03
3641, 3.561523304301473e-02, 4.260152182790703e-04, 9.522874614764690e-01, 7.196126912920864e-03, 9.600703017507651e-13, 3.787756765459043e+01, 2.550378872616853e+00, 6.356665078442745e+03, 6.127377824367874e-04
3642, 3.587922189757906e-02, 4.271340786214123e-04, 7.855949962895432e-01, 5.936486118058050e-03, 7.913849374277688e-13, 4.422032016078222e+01, 7.278462214071187e-01, 3.558634417058190e+04, 2.716539858158329e-03
3643, 3.540937794308520e-02, 4.524698317264779e-04, 1.123120888755475e+00, 8.487059612763472e-03, 1.131322480212289e-12, 2.716846285485619e+01, 3.901994147718952e+00, -2.467501254108562e+04, 3.222536091877356e-04
3644, 4.822457541061635e-02, 2.435041077611416e-04, 1.059636994880825e-01, 8.007332455020401e-04, 1.067312353586651e-13, 2.538646975158595e+01, 2.819873354469975e-01, 1.496717288410469e+05, 2.091291539896113e+03
3645, 4.837749943510143e-02, 4.537258114788673e-04, 1.051031879353081e-01, 7.942306393098067e-04, 1.058523950396745e-13, 2.481332822324579e+01, 4.715052771752895e-01, 1.496933749803432e+05, 2.153256979526569e+03
3646, 4.814863220353974e-02, 4.183460602355443e-04, 1.065050020790632e-01, 8.048236932928502e-04, 1.072599735027272e-13, 2.536912393181451e+01, 4.606391869512153e-01, 1.494724168830033e+05, 2.048086616826919e+03
3647, 4.575484443320280e-02, 2.461491501528497e-04, 1.240865296402169e-01, 9.376815841831892e-04, 1.249764661032611e-13, 3.070608125740149e+01, 3.517039841625628e-01, 1.467047371225291e+05, 1.065444668117183e+03
3648, 4.562654874785805e-02, 4.192171800662007e-04, 1.252087827687930e-01, 9.461620864142429e-04, 1.261103432597766e-13, 3.085517894132640e+01, 5.161656713672486e-01, 1.464704353513977e+05, 1.018663193645290e+03
3649, 4.582664875682391e-02, 4.672507677160904e-04, 1.235274722965832e-01, 9.334569694957479e-04, 1.244333846446039e-13, 3.039111830287249e+01, 5.779484731300614e-01, 1.467382551580896e+05, 1.088151246476857e+03
3650, 3.825585164687883e-02, 2.475717860149274e-04, 3.227654036564201e-01, 2.439033277000920e-03, 3.252622598124223e-13, 4.586653878605647e+01, 2.567914821172750e-01, 1.171252287204522e+05, 4.345884770607609e+00
3651, 5.226684620042673e-02, 2.490677143234230e-04, 8.918619303325903e-02, 6.739510808559390e-04, 8.991610354713061e-14, 1.782644365243944e+01, 2.615350989642060e-01, 1.527525031613556e+05, 3.850542897378754e+03
3652, 5.570805373501399e-02, 1.854232196046097e-04, 8.197983233935155e-02, 6.194949547054614e-04, 8.264224466125958e-14, 1.210122090062267e+01, 2.270091387080279e-01, 1.541559137153330e+05, 4.914804161136935e+03
3653, 4.172699809013947e-02, 2.006011346663906e-04, 1.816292708478814e-01, 1.372513381722231e-03, 1.830031941355462e-13, 3.968267247728836e+01, 3.096973540061727e-01, 1.387260610604915e+05, 1.559812671811243e+02
3654, 4.157785652024205e-02, 4.606782497633612e-04, 1.846112028951437e-01, 1.395046873263241e-03, 1.860242693059324e-13, 3.972096667201030e+01, 5.895934501316958e-01, 1.383547847381540e+05, 1.417789597338256e+02
3655, 4.180536808451087e-02, 4.704965208161148e-04, 1.793475041401893e-01, 1.355270812142671e-03, 1.807182089776507e-13, 3.932228149407102e+01, 6.096442346319764e-01, 1.388689337057587e+05, 1.652838681794074e+02
3656, 4.229327299239760e-02, 2.407257370986772e-04, 1.692184712877450e-01, 1.278729002174641e-03, 1.704489268061215e-13, 3.832297017307111e+01, 3.255932396073400e-01, 1.403524425423657e+05, 2.281669365405331e+02
3657, 5.630997105175582e-02, 2.617673349124678e-04, 8.124544775562939e-02, 6.139454490350316e-04, 8.188478758350382e-14, 1.106334123118094e+01, 2.687420162255589e-01, 1.543345480386698e+05, 5.039617352428015e+03
3658, 5.169442654765034e-02, 2.026186479665190e-04, 9.095124603270724e-02, 6.872890128416857e-04, 9.169863981217004e-14, 1.891010071255834e+01, 2.646872569674005e-01, 1.523588022789056e+05, 3.618137502337719e+03
3659, 3.494647900191153e-02, 3.714868359052634e-04, 1.552339947456382e+00, 1.173052857020201e-02, 1.563323088531120e-12, 4.393102740676765e+01, 1.072624754436547e+01, -1.215753463878298e+05, 3.609985867082553e-04
3660, 3.213266313982904e-02, 2.256506137844529e-04, 1.573502677028040e+00, 1.189044844102043e-02, 1.584748362001572e-12, 8.468977779046391e+01, 2.813386056127316e-01, -1.116380945339642e+05, 3.659444411792462e-04
3661, 3.223219457490262e-02, 3.982027176993887e-04, 1.575227867090581e+00, 1.190348514174492e-02, 1.586476022326317e-12, 8.397711056727044e+01, 2.547898946020355e-01, -1.120125332414007e+05, 3.663455973910726e-04
3662, 3.206082741103918e-02, 4.058476349974431e-04, 1.575194057938597e+00, 1.190322965696922e-02, 1.586442560555882e-12, 8.411660910276099e+01, 3.533626060063528e-01, -1.119867615206312e+05, 3.663378245214935e-04
3663, 3.241487079680631e-02, 4.159262916568332e-04, 1.575467847529332e+00, 1.190529859594204e-02, 1.586718282647690e-12, 8.376631829303541e+01, 2.317544144687720e-01, -1.120926367724844e+05, 3.664013069428741e-04
3664, 3.261027262578832e-02, 2.399915278638964e-04, 1.573879273515693e+00, 1.189329425830750e-02, 1.585121573030882e-12, 8.436681411656110e+01, 2.476311305511400e-01, -1.117960399910677e+05, 3.660317553450681e-04
3665, 3.288476877453522e-02, 3.356531363986053e-04, 1.574513207702726e+00, 1.189808469297020e-02, 1.585766583618603e-12, 8.372606919944593e+01, 4.901218575277740e-01, -1.120669059434590e+05, 3.661790428969582e-04
3666, 3.764428704162522e-02, 2.670028164852322e-04, 3.821524405097212e-01, 2.887801817453999e-03, 3.852497072675793e-13, 4.611587763897523e+01, 2.050056484531295e-01, 1.078809460886062e+05, 1.292760827580790e+00
3667, 4.474411584807398e-02, 3.128609594247636e-04, 1.336035989764446e-01, 1.009598984708824e-03, 1.345856685825089e-13, 3.273868849176302e+01, 4.606666823980443e-01, 1.453303456029682e+05, 7.514449170359112e+02
3668, 4.636366464109012e-02, 2.901797813045242e-04, 1.186083094336590e-01, 8.962844541588542e-04, 1.194237902072016e-13, 2.923887715428193e+01, 3.889374635711535e-01, 1.475314319907360e+05, 1.302696424514591e+03
3669, 4.647524634645936e-02, 4.598915882758119e-04, 1.177457164552149e-01, 8.897661193091594e-04, 1.185433728482447e-13, 2.881544322172953e+01, 5.395174529941276e-01, 1.476286626919317e+05, 1.344616734135340e+03
3670, 4.627445681966789e-02, 4.756953027974197e-04, 1.194609478627580e-01, 9.027275657137665e-04, 1.202749673286423e-13, 2.927649047426582e+01, 5.698375716924513e-01, 1.473163690323371e+05, 1.262564290500235e+03
3671, 3.639627667139061e-02, 2.652096456604798e-04, 5.930926895432665e-01, 4.481808737104407e-03, 5.967612473294820e-13, 4.423244288352475e+01, -2.767044504630573e-01, 7.035575671508268e+04, 3.937639388071946e-02
3672, 5.038590495591410e-02, 2.673262658392994e-04, 9.559189947792740e-02, 7.223569230070675e-04, 9.637124255039661e-14, 2.115257352956877e+01, 3.179406517220622e-01, 1.515217183746764e+05, 3.066532680198497e+03
3673, 3.424081931772863e-02, 2.692009289522500e-04, 1.572965432939182e+00, 1.188638866201141e-02, 1.584256139915835e-12, 8.072371231726072e+01, 2.716737438874661e-01, -1.114691946631547e+05, 3.658197288984179e-04
3674, 3.434091513687440e-02, 4.171918247776086e-04, 1.575010259669135e+00, 1.190184075316977e-02, 1.586284322471739e-12, 7.940691735609862e+01, -5.475358586175125e-01, -1.118569896163577e+05, 3.662959966188272e-04
3675, 3.416482172927005e-02, 4.322469163210638e-04, 1.573947599164848e+00, 1.189381057303660e-02, 1.585222069970632e-12, 7.870210021276003e+01, 1.106779753826731e+00, -1.121712634372511e+05, 3.660490410185863e-04
3676, 4.043161544667496e-02, 3.076582548943644e-04, 2.141949069324952e-01, 1.618601311832835e-03, 2.156936988480110e-13, 4.208654863411113e+01, 3.536943354257500e-01, 1.340191658698749e+05, 6.000860903588101e+01
3677, 5.443631700266245e-02, 3.196848812823056e-04, 8.415237437045971e-02, 6.359121488951741e-04, 8.489486135518202e-14, 1.415044952102809e+01, 3.237189749156830e-01, 1.536971687478636e+05, 4.578832529464970e+03
3678, 4.689648393912578e-02, 2.797150994773329e-04, 1.143791245272586e-01, 8.643258780399350e-04, 1.151777419401484e-13, 2.802440972223551e+01, 4.279164286340497e-01, 1.481621504435126e+05, 1.517655554204781e+03
3679, 4.738071358378165e-02, 2.646027664559915e-04, 1.111931425951607e-01, 8.402504478225705e-04, 1.119700088495025e-13, 2.708293916413346e+01, 4.209679417529174e-01, 1.486758325350003e+05, 1.712548642593756e+03
3680, 4.761711895156209e-02, 2.960977220765260e-04, 1.097608583295301e-01, 8.294271410293764e-04, 1.105406170696763e-13, 2.659124749875579e+01, 4.085716668180469e-01, 1.489357735739214e+05, 1.811153062524183e+03
3681, 4.749475073338652e-02, 4.763288516198308e-04, 1.106042269345160e-01, 8.358002035355606e-04, 1.113959416302632e-13, 2.664766059126465e+01, 5.838963379956142e-01, 1.487369446463884e+05, 1.752486719882161e+03
3682, 4.770378079415412e-02, 4.822262545742527e-04, 1.093156846610572e-01, 8.260631082701188e-04, 1.101051664510884e-13, 2.622232940760343e+01, 5.766851715233402e-01, 1.489490759822361e+05, 1.842097336180813e+03
3683, 4.446201387452943e-02, 2.873951637764659e-04, 1.369169162957504e-01, 1.034636647071326e-03, 1.379405457006324e-13, 3.344239293041718e+01, 3.785946701573892e-01, 1.448548604708462e+05, 6.705555430426205e+02
3684, 5.689089023076034e-02, 2.799214628534749e-04, 8.059616966280397e-02, 6.090390654620560e-04, 8.121378755181103e-14, 1.015348178164361e+01, 3.226723074492570e-01, 1.543180837122044e+05, 5.132196106467284e+03
3685, 3.451259836754103e-02, 4.658498028324219e-04, 1.587421097717431e+00, 1.199562542355987e-02, 1.598834154297805e-12, 7.672202971662924e+01, -4.173107652306391e-01, -1.149588097895848e+05, 3.691864449374417e-04
3686, 3.364352647447500e-02, 2.836111366194548e-04, 1.572753301166161e+00, 1.188478565113218e-02, 1.584009997299095e-12, 8.214705774964055e+01, 9.416318925627903e-01, -1.120022440622655e+05, 3.657695066707555e-04
3687, 2.278416716271300e-02, 2.705692148152050e-04, 1.586535230496504e+00, 1.198893121282264e-02, 1.597870355589642e-12, 7.456663327616442e+00, -2.702429916160890e+00, -1.115018137259849e+05, 3.689833674718573e-04
3688, 2.256589557657478e-02, 2.997498652706450e-04, 1.585791852291629e+00, 1.198331374527955e-02, 1.597125747128211e-12, 3.853807684417382e+00, -2.404806317443223e+00, -1.115444904467821e+05, 3.688107099808556e-04
3689, 5.919493190658527e-02, 3.506883856319947e-04, 8.083465415943564e-02, 6.108412153107932e-04, 8.123682142163949e-14, 6.569205986599210e+00, 3.491611161911521e-01, 1.539189866121380e+05, 5.183800508615774e+03
3690, 3.837039644971422e-02, 4.171860074792750e-04, 3.120689208508187e-01, 2.358203432122507e-03, 3.143366458368002e-13, 4.541942318076755e+01, 4.026410656109125e-01, 1.189595648340682e+05, 5.408635376630119e+00
3691, 3.819327282270785e-02, 4.686660100282555e-04, 3.257867939858217e-01, 2.461864941958625e-03, 3.282949024479914e-13, 4.588970936629943e+01, 4.236910702531854e-01, 1.166394017167931e+05, 3.931081920427069e+00
3692, 2.974951994660402e-02, 2.145811181119474e-04, 1.577031155543985e+00, 1.191711200663208e-02, 1.588298286797332e-12, 8.136741982336575e+01, -4.236321539703362e-01, -1.115053986041641e+05, 3.667664975574226e-04
3693, 2.993615223979874e-02, 4.075506960054807e-04, 1.578221770052330e+00, 1.192610909359686e-02, 1.589508895953251e-12, 8.176091492042374e+01, -6.422861603168212e-01, -1.118659934570835e+05, 3.670431239780836e-04
3694, 2.964034285669628e-02, 4.174431543745588e-04, 1.579455241067967e+00, 1.193543003326164e-02, 1.590739857121295e-12, 8.029399715529455e+01, -8.642785079623267e-01, -1.119495566423261e+05, 3.673301799606647e-04
3695, 4.951596102836647e-02, 2.936355275275819e-04, 9.937661986381578e-02, 7.509568251675219e-04, 1.001148859256071e-13, 2.286687754105172e+01, 3.729080379284737e-01, 1.507022447071292e+05, 2.661696064101282e+03
3696, 4.980048053176002e-02, 1.868477928465093e-04, 9.805433779600964e-02, 7.409647692395049e-04, 9.879265011433700e-14, 2.232179041364240e+01, 2.186726179697095e-01, 1.509931965732317e+05, 2.797496030286688e+03
3697, 3.953299704277925e-02, 3.236173685092206e-04, 2.495666646858967e-01, 1.885894191581195e-03, 2.515712919891275e-13, 4.384974353012194e+01, 4.093077221338456e-01, 1.290174007560418e+05, 2.371626970565359e+01
3698, 3.982956295448167e-02, 1.879782399095503e-04, 2.374284604219195e-01, 1.794169726110460e-03, 2.392304043676151e-13, 4.360511975096219e+01, 2.282739546612619e-01, 1.305456865182778e+05, 3.226386504483559e+01
3699, 5.699400474049815e-02, 5.802847760296796e-04, 8.093560418526896e-02, 6.116040618535235e-04, 8.152516584428843e-14, 9.898505024152614e+00, 5.143065398663971e-01, 1.541966730356247e+05, 5.112362930451913e+03
3700, 5.354809420888085e-02, 3.257152363306890e-04, 8.605474690405521e-02, 6.502877599802644e-04, 8.682465230081077e-14, 1.577259978396284e+01, 3.552884081611122e-01, 1.533222739970663e+05, 4.295763175208979e+03
3701, 5.384173925203678e-02, 1.900950466475394e-04, 8.532254016266423e-02, 6.447547115566639e-04, 8.607938734678150e-14, 1.527150478812879e+01, 1.950556327283347e-01, 1.535297426979452e+05, 4.402217946953084e+03
3702, 4.906900540064546e-02, 6.145443556825815e-04, 1.016651389475573e-01, 7.682504202588069e-04, 1.023853509006269e-13, 2.327911216444379e+01, 6.590417445518484e-01, 1.501532248279976e+05, 2.444510106511782e+03
3703, 5.239848622664969e-02, 4.344129219022166e-04, 8.898411846024351e-02, 6.724240689691804e-04, 8.970731907287211e-14, 1.749388639136007e+01, 3.885461382103292e-01, 1.527472568550351e+05, 3.886287248312585e+03
3704, 5.220213078103553e-02, 4.715189786512467e-04, 8.961176416642372e-02, 6.771669836254608e-04, 9.033245076720600e-14, 1.779393473141712e+01, 4.331195692142463e-01, 1.525997858378390e+05, 3.806005473471865e+03
3705, 4.356052918715603e-02, 2.935069421907034e-04, 1.489635559062117e-01, 1.125669188208322e-03, 1.500811086488219e-13, 3.550236335535674e+01, 4.351535470411400e-01, 1.432100268377900e+05, 4.428825412786713e+02
3706, 4.386207944615618e-02, 1.860520527601074e-04, 1.449098551870629e-01, 1.095036689071179e-03, 1.459909107588164e-13, 3.492947168593016e+01, 2.450959014094969e-01, 1.437169735007915e+05, 5.101241557392511e+02
3707, 4.695130982567661e-02, 5.717199765080820e-04, 1.140717587511166e-01, 8.620032147441947e-04, 1.148368548827183e-13, 2.749608714193326e+01, 6.777341112524339e-01, 1.480934361157801e+05, 1.531135295268341e+03
3708, 3.878599845212060e-02, 2.694673990370322e-04, 2.853946654712755e-01, 2.156634751672325e-03, 2.876338517992914e-13, 4.458568992404020e+01, 3.132698885229284e-01, 1.235793759074525e+05, 1.015318310183626e+01
3709, 5.732306089733401e-02, 2.724425206930455e-04, 8.024844927391553e-02, 6.064114554704869e-04, 8.084164175307604e-14, 9.473003568334056e+00, 3.086972551237476e-01, 1.543881400344036e+05, 5.187984169332424e+03
3710, 5.757417476561276e-02, 2.239031400364691e-04, 8.008637813525646e-02, 6.051867365385355e-04, 8.068116201485942e-14, 9.065867210669591e+00, 2.606824142204214e-01, 1.544506537872278e+05, 5.215820500924466e+03
3711, 5.232468973143014e-02, 5.746841468821241e-04, 8.940146075502677e-02, 6.755777890809071e-04, 9.011552133468938e-14, 1.744882613621349e+01, 5.041357634258634e-01, 1.525955626415582e+05, 3.841869366419530e+03
3712, 4.344533955205410e-02, 4.740929807137612e-04, 1.503630414639853e-01, 1.136244645823787e-03, 1.514594084809738e-13, 3.552309471461004e+01, 6.176219844763918e-01, 1.429650198387905e+05, 4.199708464834069e+02
3713, 2.240033957484385e-02, 2.427636865089128e-04, 1.585448700685798e+00, 1.198072066009696e-02, 1.596791021569750e-12, 1.206312857717063e+00, -1.630688649670775e+00, -1.116238750106054e+05, 3.687311264104665e-04
3714, 2.239490653770290e-02, 4.004097129609303e-04, 1.585447193774791e+00, 1.198070927286010e-02, 1.596770327695664e-12, 2.237195832645672e+00, -2.228143056963578e+00, -1.116408565062829e+05, 3.687307071009380e-04
3715, 2.226329734503081e-02, 3.154016353892288e-04, 1.585403416286902e+00, 1.198037846060913e-02, 1.596725486329685e-12, 6.347251350645555e-01, -1.298834675045393e+00, -1.117326023234568e+05, 3.687207477004058e-04
3716, 2.227001187033072e-02, 4.607733104113409e-04, 1.585326948869737e+00, 1.197980062118465e-02, 1.596634835871074e-12, 1.355132112966577e+00, -1.701610502290188e+00, -1.117190427949987e+05, 3.687028841443666e-04
3717, 2.251610112672268e-02, 5.034428164710330e-04, 1.585914989216559e+00, 1.198424425100942e-02, 1.597238520413384e-12, 4.141136695081802e+00, -3.322690616126959e+00, -1.116205955269377e+05, 3.688392610324245e-04
3718, 5.338974624656737e-02, 4.694496347741231e-04, 8.656285154977214e-02, 6.541273416859454e-04, 8.732915936206621e-14, 1.590922835135927e+01, 4.687060301978885e-01, 1.531469543963669e+05, 4.228635917883269e+03
3719, 5.318151137698964e-02, 5.676581255603539e-04, 8.719285671980015e-02, 6.588880860438360e-04, 8.796771905690211e-14, 1.613709649275745e+01, 5.298873963422233e-01, 1.530085285860385e+05, 4.147678728770799e+03
3720, 5.555749406198648e-02, 4.538364839047159e-04, 8.247936465154547e-02, 6.232697580721789e-04, 8.313789778149186e-14, 1.225250409162930e+01, 4.368301128553421e-01, 1.539900447830516e+05, 4.855932916839300e+03
3721, 5.580280174227002e-02, 4.507435803337570e-04, 8.215643350007687e-02, 6.208294722928181e-04, 8.281000160835790e-14, 1.184168452306642e+01, 4.314034445153554e-01, 1.541224359599897e+05, 4.914527756037978e+03
3722, 5.867681667836693e-02, 2.245656529565287e-04, 8.015995220803172e-02, 6.057427118996183e-04, 8.065579007164886e-14, 7.291292621323380e+00, 2.438109646003433e-01, 1.542867732109746e+05, 5.239276241900810e+03
3723, 5.488133854495262e-02, 5.548079426358081e-04, 8.363123180974265e-02, 6.319740439023710e-04, 8.433533616587661e-14, 1.325066819892230e+01, 5.009481565270080e-01, 1.536282924423285e+05, 4.673594117717781e+03
3724, 3.153114127155326e-02, 2.413881538486754e-04, 1.574002201001049e+00, 1.189422318137059e-02, 1.585257421001442e-12, 8.513975529332738e+01, 2.686464251298253e-01, -1.116167591089480e+05, 3.660609332370797e-04
3725, 3.166935406843554e-02, 4.247199910252879e-04, 1.575612420003539e+00, 1.190639108315264e-02, 1.586873896350300e-12, 8.442137282794519e+01, 3.288304322317919e-01, -1.120026115488086e+05, 3.664353277179858e-04
3726, 3.213669691203672e-02, 5.303329182597427e-04, 1.576767582918576e+00, 1.191512027394638e-02, 1.588027072222542e-12, 8.316554845051593e+01, 3.537734431970608e-01, -1.123470044800157e+05, 3.667037352535306e-04
3727, 3.199882968242801e-02, 5.268696840533484e-04, 1.576787489038505e+00, 1.191527069802644e-02, 1.588056076503668e-12, 8.331271575750951e+01, 3.877998473215233e-01, -1.123336810567544e+05, 3.667084354940828e-04
3728, 3.191749310036857e-02, 4.332335091150740e-04, 1.575509782652348e+00, 1.190561548604038e-02, 1.586765902111273e-12, 8.410146684465001e+01, 3.838133650894929e-01, -1.120432253207486e+05, 3.664113271115678e-04
3729, 3.032949270909180e-02, 2.067534946336730e-04, 1.575565332875588e+00, 1.190603526102704e-02, 1.586823181989053e-12, 8.336645379963539e+01, -1.596699192200751e-01, -1.114240888340689e+05, 3.664251924111897e-04
3730, 3.019322555240443e-02, 3.981764835172199e-04, 1.577449353355144e+00, 1.192027219160302e-02, 1.588715903430112e-12, 8.267778288711611e+01, -3.819953514651728e-01, -1.118073478477483e+05, 3.668633319961364e-04
3731, 3.039450209126776e-02, 4.026655399856026e-04, 1.577425178129238e+00, 1.192008950727627e-02, 1.588701937469922e-12, 8.309405002615046e+01, -3.148844401643899e-01, -1.118378025798898e+05, 3.668575778336222e-04
3732, 4.493313083361575e-02, 5.853832833502672e-04, 1.316823882016608e-01, 9.950810191563144e-04, 1.326417481967163e-13, 3.199417080164318e+01, 7.013911111778813e-01, 1.455380127579190e+05, 8.023638202836282e+02
3733, 2.940302518791009e-02, 4.455760459409543e-04, 1.581344103359154e+00, 1.194970355183485e-02, 1.592647944407103e-12, 7.881351216116056e+01, -1.220158376783482e+00, -1.121493306392882e+05, 3.677695749881836e-04
3734, 5.112359588131293e-02, 5.842520882382633e-04, 9.315365706222128e-02, 7.039319173468691e-04, 9.388445316493956e-14, 1.957364037609899e+01, 5.731264005372846e-01, 1.517737588358489e+05, 3.352744959114330e+03
3735, 5.280000820658681e-02, 2.719156251190930e-04, 8.770289795956072e-02, 6.627423019614578e-04, 8.845281944658199e-14, 1.692910839947224e+01, 2.935073219740840e-01, 1.529975865955648e+05, 4.047481036065342e+03
3736, 2.924726316299751e-02, 2.214919062298582e-04, 1.579713521100687e+00, 1.193738177154422e-02, 1.590986908253675e-12, 7.851148682052731e+01, -9.112713966805712e-01, -1.116640448740978e+05, 3.673906750332909e-04
3737, 3.187015026827732e-02, 5.436457224523092e-04, 1.577071238555291e+00, 1.191741490092406e-02, 1.588346496192809e-12, 8.328664848292199e+01, 4.253952478306973e-01, -1.123739968533228e+05, 3.667744915865456e-04
3738, 3.128121719898427e-02, 2.488655202191418e-04, 1.574703946942058e+00, 1.189952604742355e-02, 1.585966609399323e-12, 8.502765250347308e+01, 1.108720944699203e-01, -1.116416706464689e+05, 3.662242641055494e-04
3739, 2.793775720104786e-02, 2.342779373007968e-04, 1.581689991068952e+00, 1.195231731286610e-02, 1.592979546969642e-12, 6.879753367141888e+01, -7.241427109359199e-01, -1.116608199790923e+05, 3.678514328608541e-04
3740, 2.807659317290586e-02, 3.890924627432925e-04, 1.582823252546275e+00, 1.196088100161161e-02, 1.594105752560806e-12, 6.945238193299910e+01, -1.188549676726535e+00, -1.119394545635286e+05, 3.681147119136376e-04
3741, 2.825511345149642e-02, 3.913516712699947e-04, 1.582653969950571e+00, 1.195960178804206e-02, 1.593929197681244e-12, 7.077547587445940e+01, -1.240872695766188e+00, -1.119387034821796e+05, 3.680751930167743e-04
3742, 2.779693313937683e-02, 3.897863107061237e-04, 1.583464869616750e+00, 1.196572949332803e-02, 1.594768820075237e-12, 6.739284769526753e+01, -1.186023593849475e+00, -1.119830023573822e+05, 3.682641502272721e-04
3743, 2.761391351013837e-02, 3.906849215076960e-04, 1.584321256017916e+00, 1.197220092708998e-02, 1.595644241544320e-12, 6.599202797350208e+01, -1.348911896673365e+00, -1.120505590218748e+05, 3.684634588776703e-04
3744, 2.838987180310174e-02, 2.174623091646216e-04, 1.580870477343239e+00, 1.194612451393126e-02, 1.592143648299250e-12, 7.182125826696692e+01, -8.240253129962647e-01, -1.116108720215230e+05, 3.676604876416025e-04
3745, 2.846140006403955e-02, 4.035065105059851e-04, 1.582831663432303e+00, 1.196094455994431e-02, 1.594115910555465e-12, 7.216606023722630e+01, -1.391584031994784e+00, -1.120138168385249e+05, 3.681163235175869e-04
3746, 2.858346708461759e-02, 2.730412589472418e-04, 1.580663375184356e+00, 1.194455951021175e-02, 1.591917676401650e-12, 7.316351471239352e+01, -9.149978166690205e-01, -1.115997449791683e+05, 3.676121200806815e-04
3747, 2.815997018617972e-02, 5.134335701151000e-04, 1.584872012540530e+00, 1.197636281517016e-02, 1.596181208510166e-12, 6.956815006515630e+01, -1.726781203353227e+00, -1.123624992537515e+05, 3.685909226327459e-04
3748, 2.800978293364494e-02, 5.227809369687129e-04, 1.585133018146682e+00, 1.197833514972549e-02, 1.596427916711958e-12, 6.847487084204373e+01, -1.685094055463809e+00, -1.123857573897916e+05, 3.686517286377621e-04
3749, 3.828684436175386e-02, 5.607518265311581e-04, 3.166563092626616e-01, 2.392868835738510e-03, 3.189149230931550e-13, 4.555714533416587e+01, 4.915416199964215e-01, 1.180856584623708e+05, 4.728742973661056e+00
3750, 4.365772354517780e-02, 4.805662513908310e-04, 1.475314456854994e-01, 1.114847196616037e-03, 1.486396185347587e-13, 3.513429822103684e+01, 6.050212863495019e-01, 1.433310314431215e+05, 4.635654708764134e+02
3751, 3.061874698958878e-02, 2.480352842635228e-04, 1.575918816247152e+00, 1.190870642000612e-02, 1.587185368066436e-12, 8.397069544392629e+01, -1.764525303311018e-01, -1.115655818211725e+05, 3.665071901208267e-04
3752, 4.242977124854674e-02, 4.259453571302061e-04, 1.665985853932452e-01, 1.258931375767844e-03, 1.678059879183090e-13, 3.784261736078516e+01, 5.029069401036464e-01, 1.407697865123670e+05, 2.486175577308770e+02
3753, 4.223639544817474e-02, 4.682344775626424e-04, 1.703124741309226e-01, 1.286996026178491e-03, 1.715592914918252e-13, 3.830346342122562e+01, 5.482679242114904e-01, 1.401651585063941e+05, 2.201773137490549e+02
3754, 4.321454099498567e-02, 5.666889722538678e-04, 1.534852615290589e-01, 1.159838248330617e-03, 1.546255692916266e-13, 3.577197220296745e+01, 7.313050790991173e-01, 1.425911118131870e+05, 3.775219192885671e+02
3755, 3.937637222646252e-02, 4.716614451874997e-04, 2.552274708780538e-01, 1.928671064569940e-03, 2.571745038813503e-13, 4.379009018615680e+01, 5.602673687296286e-01, 1.281627549966461e+05, 2.031052861255574e+01
3756, 5.675311091057958e-02, 5.244121746673797e-04, 8.106601670757287e-02, 6.125895469086915e-04, 8.167561930088624e-14, 1.027014298834826e+01, 4.528953715334584e-01, 1.542300603782130e+05, 5.086599346324816e+03
3757, 5.856108503623113e-02, 4.551976835178229e-04, 8.038366815058964e-02, 6.074332605838799e-04, 8.095830063723570e-14, 7.358868351103969e+00, 3.773652830183156e-01, 1.542672250984618e+05, 5.222562307618336e+03
3758, 3.227965476274080e-02, 5.608627402330466e-04, 1.577267444557158e+00, 1.191889756592558e-02, 1.588542607650250e-12, 8.260420235344462e+01, 2.480190843515981e-01, -1.124767087275185e+05, 3.668199137259271e-04
3759, 5.148220461596263e-02, 4.990689128943511e-04, 9.188213581295324e-02, 6.943234444304610e-04, 9.262502836258461e-14, 1.906988425055980e+01, 5.072651076569197e-01, 1.520567308579731e+05, 3.508140174872394e+03
3760, 5.176959415267141e-02, 4.747108808073145e-04, 9.097268529269342e-02, 6.874510223629940e-04, 9.171864082351157e-14, 1.857062492677874e+01, 4.987404668154667e-01, 1.522899204931582e+05, 3.629118577846986e+03
3761, 4.283638010457282e-02, 2.698759261624238e-04, 1.592918173259401e-01, 1.203716503722659e-03, 1.604851484166116e-13, 3.693467455250776e+01, 4.076460821873311e-01, 1.418573131479679e+05, 3.134383153796928e+02
3762, 5.082362042204336e-02, 5.536784239539041e-04, 9.407090000732911e-02, 7.108632242368742e-04, 9.478880191661140e-14, 2.008302618678455e+01, 5.176888289116151e-01, 1.516131638201789e+05, 3.235176306887497e+03
3763, 5.520388630880008e-02, 5.953442866768357e-04, 8.321452765627713e-02, 6.288251460172495e-04, 8.389170135507719e-14, 1.274889735196972e+01, 5.520496170468074e-01, 1.537209167750460e+05, 4.749767189331471e+03
3764, 4.933903051019325e-02, 6.495380639244363e-04, 1.005574310856968e-01, 7.598798318819147e-04, 1.013616123915618e-13, 2.278091704553211e+01, 6.995193417304343e-01, 1.503437346164546e+05, 2.556941760990777e+03
3765, 4.263917127305475e-02, 6.391273907447540e-04, 1.621669296783094e-01, 1.225442793539084e-03, 1.633562697146033e-13, 3.688537645955087e+01, 7.583217275130513e-01, 1.412925703253284e+05, 2.829928308424896e+02
3766, 3.858610129492987e-02, 6.451656376710510e-04, 2.936164666345567e-01, 2.218764231495895e-03, 2.957087682516980e-13, 4.451752822576806e+01, 6.134525869824157e-01, 1.220601807849138e+05, 7.944046507670568e+00
3767, 5.261787901740525e-02, 6.450912444815151e-04, 8.869987150736723e-02, 6.702761071086191e-04, 8.945013924867493e-14, 1.686884154560555e+01, 5.447893370594560e-01, 1.526966715313352e+05, 3.942594523939339e+03
3768, 3.540214916009393e-02, 6.545543320256146e-04, 1.078036791402369e+00, 8.146373738559181e-03, 1.085410694084282e-12, 2.249669453723271e+01, -1.407251366815791e+00, -1.359126913078650e+04, 3.469554608318159e-04
3769, 4.343490621998015e-02, 6.577740817559878e-04, 1.505185802081084e-01, 1.137420001572811e-03, 1.516303012056245e-13, 3.522556962107240e+01, 8.141503646595115e-01, 1.429153331448277e+05, 4.177054453621523e+02
3770, 2.337774951918087e-02, 3.171425997932183e-04, 1.587984144155152e+00, 1.199988018253531e-02, 1.599294165535830e-12, 1.708710095011591e+01, -3.203781063947259e+00, -1.116350206737731e+05, 3.693196535321926e-04
3771, 2.364604295070448e-02, 3.721136201554117e-04, 1.588257153988757e+00, 1.200194322913681e-02, 1.599565569576427e-12, 2.157178254461200e+01, -3.410994766758820e+00, -1.118043311100716e+05, 3.693827768064746e-04
3772, 3.469496959779507e-02, 5.998110379250182e-04, 1.597971813934937e+00, 1.207535375769739e-02, 1.609267324957943e-12, 6.693043989850943e+01, 2.866395824920608e-01, -1.198262403309869e+05, 3.716611655504350e-04
3773, 4.544463671569544e-02, 6.518417005804340e-04, 1.269946278412805e-01, 9.596571373398220e-04, 1.279275892764681e-13, 3.091523170533406e+01, 7.816579860947210e-01, 1.461440748306450e+05, 9.534916928580028e+02
3774, 4.542580694333190e-02, 4.580849606433024e-04, 1.271041473297023e-01, 9.604847405269196e-04, 1.280150116301831e-13, 3.125220434628902e+01, 5.498136311991402e-01, 1.462327644106116e+05, 9.510199306272284e+02
3775, 3.254762554326916e-02, 6.580770832380104e-04, 1.578759247688879e+00, 1.193017063744990e-02, 1.590060447990911e-12, 8.141610133515505e+01, 1.022060571211626e-01, -1.128993775629291e+05, 3.671667538405215e-04
3776, 4.854178457144540e-02, 6.587070731418735e-04, 1.043338859759190e-01, 7.884172743774084e-04, 1.050680340760844e-13, 2.411416562342537e+01, 6.344552578787307e-01, 1.496835128028677e+05, 2.214190052876613e+03
3777, 5.748872181825370e-02, 6.784957350967943e-04, 8.081684362313435e-02, 6.107066268750945e-04, 8.144649941840789e-14, 9.130381728208789e+00, 6.010111516320511e-01, 1.542297402465495e+05, 5.154087186695172e+03
3778, 5.756338317751027e-02, 5.433052655727992e-04, 8.052685693532231e-02, 6.085152917027411e-04, 8.113670602832697e-14, 9.044934740370616e+00, 5.006609838814771e-01, 1.543457273147151e+05, 5.182192310923797e+03
3779, 5.771062833573589e-02, 5.633296791133670e-04, 8.051034981070564e-02, 6.083905527257835e-04, 8.112138015458917e-14, 8.781726263766032e+00, 5.213467603183539e-01, 1.543548139062697e+05, 5.191245689332452e+03
3780, 5.853043776159262e-02, 6.648552977266648e-04, 8.077322496805020e-02, 6.103770148719923e-04, 8.135421447855837e-14, 7.290767383444575e+00, 5.381503268928920e-01, 1.541655730990780e+05, 5.193616154771669e+03
3781, 4.749145867787710e-02, 6.651192068326930e-04, 1.108303205779517e-01, 8.375087197328121e-04, 1.116224009140963e-13, 2.631407964251656e+01, 7.792562789534827e-01, 1.486219084482905e+05, 1.741168317587662e+03
3782, 4.116073121272398e-02, 5.877714106982805e-04, 1.933803154095636e-01, 1.461312207125501e-03, 1.947432240122854e-13, 4.004548666873870e+01, 6.973570451842608e-01, 1.371931145335972e+05, 1.082235165317327e+02
3783, 4.091110790618533e-02, 5.485318276895082e-04, 1.998214247098513e-01, 1.509985577152740e-03, 2.013234467463627e-13, 4.056919734153254e+01, 6.317358275960017e-01, 1.363472033729621e+05, 9.034386255415721e+01
3784, 3.149240523156600e-02, 6.629089743642577e-04, 1.579512220488057e+00, 1.193586060822449e-02, 1.590823797442267e-12, 8.235382004029982e+01, 2.552740832598534e-01, -1.128072692651086e+05, 3.673423571091793e-04
3785, 3.144193051850477e-02, 4.773156886883785e-04, 1.576607234464798e+00, 1.191390857278430e-02, 1.587874021414285e-12, 8.420374018997366e+01, 1.514754375493113e-01, -1.121363620070121e+05, 3.666667818694497e-04
3786, 4.158232237256706e-02, 6.931709466128613e-04, 1.841264551252299e-01, 1.391383791878404e-03, 1.856089693583696e-13, 3.932430385083417e+01, 8.421105120943161e-01, 1.383296150444410e+05, 1.431490545625244e+02
3787, 4.651614038302038e-02, 6.435347769174892e-04, 1.174138874161494e-01, 8.872585950845162e-04, 1.181829769118585e-13, 2.835009363266542e+01, 7.553516380375308e-01, 1.475176232907831e+05, 1.355981645597708e+03
3788, 2.756175010287105e-02, 6.919737110955091e-04, 1.590129976515074e+00, 1.201609554041850e-02, 1.601527978241035e-12, 6.418037940488563e+01, -2.396854188130613e+00, -1.131842456248443e+05, 3.698138313458387e-04
3789, 4.044336622763738e-02, 6.759228444732247e-04, 2.135163865699269e-01, 1.613473953929285e-03, 2.150154908017971e-13, 4.162390400335075e+01, 7.893956499141404e-01, 1.340595839740886e+05, 6.115371071321761e+01
3790, 4.035926399110901e-02, 5.620899319733485e-04, 2.167261682391949e-01, 1.637729231027045e-03, 2.182405710760006e-13, 4.201606881827956e+01, 6.405738189245976e-01, 1.336078230568084e+05, 5.606021587566132e+01
3791, 4.022553824471604e-02, 5.759536001882224e-04, 2.213372749211051e-01, 1.672573865902921e-03, 2.229016072317957e-13, 4.237306838483627e+01, 6.153338639986623e-01, 1.328695987360636e+05, 4.915432950629026e+01
3792, 4.029419638457060e-02, 4.469026959082442e-04, 2.191380973761918e-01, 1.655955395790250e-03, 2.206701358075662e-13, 4.233732325896832e+01, 4.662894372809142e-01, 1.332519120792511e+05, 5.244159343482757e+01
3793, 4.014828835001059e-02, 4.715874131452261e-04, 2.243006224159934e-01, 1.694966920020473e-03, 2.258847303232125e-13, 4.271244621356140e+01, 4.900659689102798e-01, 1.324304958780867e+05, 4.532493571174590e+01
3794, 3.644424208457677e-02, 6.708969331322040e-04, 5.545944673374273e-01, 4.190890181392190e-03, 5.584158443726189e-13, 4.360186516964339e+01, 5.812086519394957e-01, 7.777174653039002e+04, 5.791239374728357e-02
3795, 3.634376327029348e-02, 5.841248184578234e-04, 5.878810348030683e-01, 4.442425955692796e-03, 5.912187332816547e-13, 4.403820840745944e+01, 1.816325203412983e-01, 7.173437576848664e+04, 3.553592148311784e-02
3796, 3.622633240368929e-02, 5.773735040191799e-04, 6.247996969333185e-01, 4.721408289170783e-03, 6.283957311128527e-13, 4.422765726325156e+01, -1.070710108363142e-01, 6.508858931033924e+04, 2.019901083141980e-02
3797, 3.756593324010899e-02, 6.911248331205448e-04, 3.806211306605674e-01, 2.876230206503091e-03, 3.837945394458913e-13, 4.529646986603922e+01, 7.950088742369714e-01, 1.082229976740103e+05, 1.195289434443395e+00
3798, 3.763124488066640e-02, 5.671988521647742e-04, 3.758125812602110e-01, 2.839893561160513e-03, 3.788313077421797e-13, 4.587383506679461e+01, 6.842672020517122e-01, 1.087629007882534e+05, 1.328843029621148e+00
3799, 3.776518657886636e-02, 5.758650249446527e-04, 3.621409730912581e-01, 2.736581660639431e-03, 3.650554457227262e-13, 4.610122448872058e+01, 7.568935303454496e-01, 1.108133549767292e+05, 1.735941874646493e+00
3800, 5.154154413651422e-02, 6.685595600443370e-04, 9.199099615602460e-02, 6.951460666702792e-04, 9.274645075837301e-14, 1.876811571294995e+01, 6.589420251514776e-01, 1.519860058715047e+05, 3.512596615635659e+03
3801, 4.448199403967455e-02, 6.570694819770653e-04, 1.366381115883509e-01, 1.032529810491536e-03, 1.376157210319613e-13, 3.288078071617375e+01, 7.804962455126403e-01, 1.447516716633427e+05, 6.741724558445151e+02
3802, 4.438872967664222e-02, 5.503944397688879e-04, 1.378641898168417e-01, 1.041794885266039e-03, 1.388446282124513e-13, 3.330986533724835e+01, 6.499870574856249e-01, 1.446423114900104e+05, 6.482290782342988e+02
3803, 4.424979699162244e-02, 5.685249560738364e-04, 1.395999239947004e-01, 1.054911264443824e-03, 1.405853269103862e-13, 3.362259590278747e+01, 6.399748897065307e-01, 1.443661651746806e+05, 6.097604196434818e+02
3804, 4.431618771186202e-02, 4.368710322348855e-04, 1.387810327727079e-01, 1.048723169567302e-03, 1.397655410958758e-13, 3.364514540984813e+01, 5.060354270346731e-01, 1.445435675198036e+05, 6.285457729419294e+02
3805, 4.415388633030716e-02, 4.561291432635538e-04, 1.407565762426917e-01, 1.063651709642796e-03, 1.417197785427688e-13, 3.401391856240113e+01, 5.170273460371175e-01, 1.441824695459812e+05, 5.846351169423783e+02
3806, 5.446394974881789e-02, 6.781943268986550e-04, 8.468295100070213e-02, 6.399215440859100e-04, 8.543561839805254e-14, 1.382622495666283e+01, 6.138973070947153e-01, 1.534854219680368e+05, 4.542705543923117e+03
3807, 5.440457036214793e-02, 5.249595488406279e-04, 8.452159024589441e-02, 6.387021932939149e-04, 8.527199668697472e-14, 1.406784798917792e+01, 4.851889301444577e-01, 1.535943859328305e+05, 4.547826230087340e+03
3808, 5.424498706124260e-02, 5.662957539149045e-04, 8.492013576681105e-02, 6.417138722932802e-04, 8.567834537737918e-14, 1.431847624643004e+01, 5.134635600338185e-01, 1.535168981993379e+05, 4.494592859786117e+03
3809, 5.428653465100428e-02, 4.414498096059962e-04, 8.462544637321523e-02, 6.394870003013782e-04, 8.537728712500954e-14, 1.434369476684073e+01, 4.110312863520101e-01, 1.536019471914652e+05, 4.522325947671667e+03
3810, 5.414285918490629e-02, 4.555579672527410e-04, 8.494914008738255e-02, 6.419330485192748e-04, 8.569991555697844e-14, 1.458435488003954e+01, 4.226993381385346e-01, 1.535431379409441e+05, 4.476670230812387e+03
3811, 3.047808954708217e-02, 6.722753246571648e-04, 1.581916594335004e+00, 1.195402968011576e-02, 1.593238265212298e-12, 8.159257687548688e+01, -5.926854449953161e-01, -1.128402989132854e+05, 3.679019204991532e-04
3812, 5.644275288586669e-02, 4.328112911368499e-04, 8.128060479451407e-02, 6.142111193540683e-04, 8.191129846580632e-14, 1.079605403197797e+01, 3.801009483445963e-01, 1.542766812725698e+05, 5.047390333531647e+03
3813, 5.621775554357927e-02, 4.645251365933904e-04, 8.161580742571281e-02, 6.167441367182957e-04, 8.224781748442988e-14, 1.113920004037382e+01, 4.082036618013099e-01, 1.542386512892766e+05, 5.001685831290403e+03
3814, 3.360692727232372e-02, 6.953278450927449e-04, 1.577239971102898e+00, 1.191868995795888e-02, 1.588530033104403e-12, 7.925975239010162e+01, 1.360802699604650e+00, -1.129839785592964e+05, 3.668137625464641e-04
3815, 3.366704339638028e-02, 5.781611824006618e-04, 1.575956540448550e+00, 1.190899148953813e-02, 1.587227314585163e-12, 8.027536352419419e+01, 1.297548878912290e+00, -1.126774428976671e+05, 3.665149187041322e-04
3816, 3.379986053996348e-02, 5.823332348625898e-04, 1.576241563957385e+00, 1.191114531957971e-02, 1.587513221161887e-12, 7.962796939241811e+01, 1.456308413725250e+00, -1.127397348927510e+05, 3.665815211901901e-04
3817, 3.373174886734513e-02, 4.506115842694010e-04, 1.574686124280041e+00, 1.189939136735798e-02, 1.585948558481124e-12, 8.096481605317273e+01, 1.175723273566341e+00, -1.123903722390467e+05, 3.662192235142465e-04
3818, 3.387009026429980e-02, 4.644759793231272e-04, 1.575176165943200e+00, 1.190309445297379e-02, 1.586443532048822e-12, 8.016836232084569e+01, 1.291738244526024e+00, -1.125042664258534e+05, 3.663334612902360e-04
3819, 3.356298763848845e-02, 4.350204930000412e-04, 1.574238785207810e+00, 1.189601097134614e-02, 1.585507702301519e-12, 8.172735331507651e+01, 1.140311075286156e+00, -1.122972711472554e+05, 3.661150891786754e-04
3820, 2.942762132042354e-02, 6.505972853763162e-04, 1.584819882661606e+00, 1.197596888661401e-02, 1.596171794088440e-12, 7.791838667054351e+01, -1.792068878376468e+00, -1.129129610877630e+05, 3.685776544867303e-04
3821, 5.041037297179268e-02, 6.780011844504015e-04, 9.591662591935646e-02, 7.248107752093952e-04, 9.662832296998415e-14, 2.063687020473553e+01, 6.342465135027958e-01, 1.512515253741328e+05, 3.042760369894565e+03
3822, 5.033234153231179e-02, 5.695470413042740e-04, 9.608315254791350e-02, 7.260691628307299e-04, 9.679800742662717e-14, 2.094946241388001e+01, 5.523970821444778e-01, 1.512817887934252e+05, 3.019270195135488e+03
3823, 5.020070694074519e-02, 5.811240346618715e-04, 9.666031421372250e-02, 7.304305859980421e-04, 9.738605265329008e-14, 2.118428722258479e+01, 5.735117533682736e-01, 1.511525502342618e+05, 2.957656254563733e+03
3824, 5.026841368064944e-02, 4.455908078971224e-04, 9.620944787018117e-02, 7.270235355430687e-04, 9.693379589636798e-14, 2.122119820435895e+01, 4.493340858032161e-01, 1.513143918391675e+05, 3.000977800779599e+03
3825, 5.012572607131464e-02, 4.713452125942877e-04, 9.684228597240298e-02, 7.318056874490255e-04, 9.757133825546991e-14, 2.147149865066809e+01, 4.745992603568742e-01, 1.511612668458477e+05, 2.932873025451852e+03
3826, 5.561083712601386e-02, 6.933947767278252e-04, 8.284677179440288e-02, 6.260461344665716e-04, 8.349832437327661e-14, 1.199433857377819e+01, 6.356497230669228e-01, 1.538688115955199e+05, 4.835311236718780e+03
3827, 2.772217923189723e-02, 5.206590672903846e-04, 1.585813209310096e+00, 1.198347513332808e-02, 1.597152033454562e-12, 6.625864265470155e+01, -1.682396541435090e+00, -1.124239637866214e+05, 3.688101407745842e-04
3828, 4.569833017010530e-02, 5.722285533218442e-04, 1.246460209211994e-01, 9.419094779941104e-04, 1.255620774229395e-13, 3.051030918049926e+01, 6.940413541606449e-01, 1.464808902968682e+05, 1.040361154042641e+03
3829, 3.632618739079879e-02, 4.526834643247892e-04, 6.063636550599575e-01, 4.582093111286259e-03, 6.099652877892403e-13, 4.416849384977547e+01, -2.976437912212240e-01, 6.835470547763152e+04, 3.034954001511525e-02
3830, 3.613746305707421e-02, 4.596077253604410e-04, 6.628122573271539e-01, 5.008656856379537e-03, 6.660102567664220e-13, 4.461079749566259e+01, -3.051365557231739e-01, 5.768347818256801e+04, 1.227695091666519e-02
3831, 2.862831640754046e-02, 6.480355683782312e-04, 1.587185176797168e+00, 1.199384264582479e-02, 1.598551979231234e-12, 7.239936968535685e+01, -2.508010935473743e+00, -1.129266015382453e+05, 3.691282508453984e-04
3832, 2.831952604372470e-02, 5.415352675227122e-04, 1.585222031647914e+00, 1.197900779583046e-02, 1.596558204720503e-12, 7.070613000744373e+01, -1.833608226172376e+00, -1.124697623553305e+05, 3.686721229405245e-04
3833, 3.712652145406806e-02, 6.040836018060509e-04, 4.316041215730467e-01, 3.261492102568183e-03, 4.343773387285676e-13, 4.380999708773589e+01, 5.641443396780016e-01, 1.001506382148845e+05, 4.721036997663011e-01
3834, 2.269114420446976e-02, 4.696234592584649e-04, 1.586402380902081e+00, 1.198792731160529e-02, 1.597729010951459e-12, 6.457181551334535e+00, -3.925190387792794e+00, -1.115863289407256e+05, 3.689524139385221e-04
3835, 3.687330615760419e-02, 5.997590525654383e-04, 4.690752174493315e-01, 3.544648998358631e-03, 4.722514046093470e-13, 4.319416413040974e+01, 4.186833571201940e-01, 9.352344247952853e+04, 2.469893546662085e-01
3836, 4.855307132348979e-02, 4.663628674867363e-04, 1.040398891962678e-01, 7.861956362440185e-04, 1.047759559910189e-13, 2.442300580346501e+01, 4.770229644234931e-01, 1.498429322659752e+05, 2.233302770805681e+03
3837, 3.916135512148581e-02, 5.652454134633290e-04, 2.644187254614343e-01, 1.998126388877583e-03, 2.664593440365748e-13, 4.377143471468565e+01, 6.754667292612629e-01, 1.269222171430980e+05, 1.625660809426032e+01
3838, 3.424282034457361e-02, 5.533893317552290e-04, 1.575099337724469e+00, 1.190251388708916e-02, 1.586385853926546e-12, 7.662691637385188e+01, 1.392378159312719e+00, -1.124607763412109e+05, 3.663164367839383e-04
3839, 3.410874368243905e-02, 5.643648633886502e-04, 1.576077385193110e+00, 1.190990467400586e-02, 1.587355292848717e-12, 7.764601586565499e+01, 1.678741532249717e+00, -1.127719106029522e+05, 3.665482529848073e-04
3840, 2.543130035005541e-02, 6.620426881405765e-04, 1.591921359877440e+00, 1.202963244240116e-02, 1.603277152819091e-12, 4.693998532088388e+01, -3.229208285773802e+00, -1.128421620231516e+05, 3.702324383297945e-04
3841, 2.552741471971800e-02, 5.210659202934879e-04, 1.589185946138695e+00, 1.200896180961474e-02, 1.600522476792634e-12, 4.787609767454212e+01, -2.539689821146216e+00, -1.123551003916157e+05, 3.695964993687455e-04
3842, 2.570269130668440e-02, 5.524500541367008e-04, 1.589266129574807e+00, 1.200956772978687e-02, 1.600600091980670e-12, 4.944995310496399e+01, -2.404668872050684e+00, -1.124602509921369e+05, 3.696149246106065e-04
3843, 2.533842656204219e-02, 4.939149338692570e-04, 1.588879961078842e+00, 1.200664957994333e-02, 1.600201322482592e-12, 4.590031199174039e+01, -2.441997233425321e+00, -1.122180683360060e+05, 3.695255792684573e-04
3844, 2.562865733283853e-02, 3.780857448387964e-04, 1.587087969135779e+00, 1.199310807911415e-02, 1.598421107827621e-12, 4.900827360405553e+01, -1.830234614993239e+00, -1.119854804606722e+05, 3.691087490541157e-04
3845, 2.579364162631860e-02, 4.146113241040805e-04, 1.587011246251184e+00, 1.199252830920538e-02, 1.598333799102930e-12, 5.047513422019897e+01, -1.741974150719662e+00, -1.120577387061503e+05, 3.690906928381642e-04
3846, 2.574183600030746e-02, 2.544753425205484e-04, 1.585676005638786e+00, 1.198243832976665e-02, 1.596997625869456e-12, 5.027390323866348e+01, -1.169269658383960e+00, -1.117520500943941e+05, 3.687804429530185e-04
3847, 3.322298107115372e-02, 6.217759784000695e-04, 1.576894673178364e+00, 1.191608065374325e-02, 1.588180583002912e-12, 8.091559361088161e+01, 9.536325288093270e-01, -1.128020705720954e+05, 3.667329276571228e-04
3848, 2.786523304293838e-02, 5.225852045950272e-04, 1.585331279325315e+00, 1.197983334503003e-02, 1.596623628477007e-12, 6.740714312202655e+01, -1.672035204000147e+00, -1.123882531400388e+05, 3.686979537294938e-04
3849, 2.584895572360214e-02, 5.399042150809848e-04, 1.588708525620499e+00, 1.200535409789035e-02, 1.600037436859455e-12, 5.086373236739315e+01, -2.266445023121950e+00, -1.124140366151654e+05, 3.694851333044097e-04
3850, 2.593622251336958e-02, 4.472292305161649e-04, 1.587136682008980e+00, 1.199347618646832e-02, 1.598456933156034e-12, 5.173898264548485e+01, -1.776088823360095e+00, -1.121346824300789e+05, 3.691196761177069e-04
3851, 2.597060503502942e-02, 5.708472295513810e-04, 1.589148386071497e+00, 1.200867798039159e-02, 1.600472462223968e-12, 5.199835514145008e+01, -2.305329519287648e+00, -1.125339212006500e+05, 3.695872426487476e-04
3852, 2.606425048561717e-02, 4.843134495952744e-04, 1.587502186636958e+00, 1.199623818617596e-02, 1.598823163445293e-12, 5.285941848148668e+01, -1.921583417099002e+00, -1.122355809898967e+05, 3.692044893943613e-04
3853, 2.608497989154151e-02, 6.017931060259614e-04, 1.589715882548854e+00, 1.201296636687033e-02, 1.601053825686836e-12, 5.294086494434541e+01, -2.444427677572417e+00, -1.126571309582166e+05, 3.697190350947947e-04
3854, 2.618323846870069e-02, 5.154516386609539e-04, 1.587929380081691e+00, 1.199946634822681e-02, 1.599274162163157e-12, 5.396786363876165e+01, -2.127546184710507e+00, -1.123241832290687e+05, 3.693036534735400e-04
3855, 2.615300205334695e-02, 3.822878417806569e-04, 1.585895277587708e+00, 1.198409529663505e-02, 1.597222949705193e-12, 5.379481743436271e+01, -1.505635809723534e+00, -1.119284505427071e+05, 3.688308780691342e-04
3856, 2.629096882913847e-02, 4.290193697051701e-04, 1.586679181559417e+00, 1.199001900422978e-02, 1.598033253451046e-12, 5.512928754353223e+01, -1.830113797215052e+00, -1.120655658669847e+05, 3.690129576620705e-04
3857, 2.630630949742088e-02, 5.812550124686421e-04, 1.589391877423571e+00, 1.201051796541975e-02, 1.600792424403578e-12, 5.509551403246778e+01, -2.467630163817977e+00, -1.126006150692224e+05, 3.696434855632699e-04
3858, 2.645675006373513e-02, 5.001157771721751e-04, 1.588122726055595e+00, 1.200092740092627e-02, 1.599511676517267e-12, 5.654753335941037e+01, -2.119170011673677e+00, -1.123525883511323e+05, 3.693483405109964e-04
3859, 2.590477798637585e-02, 3.069709309386969e-04, 1.585519216870168e+00, 1.198125352798869e-02, 1.596828338711605e-12, 5.175472178677766e+01, -1.217283999365429e+00, -1.118016996964725e+05, 3.687437636529230e-04
3860, 5.634560388292897e-02, 6.911218748981010e-04, 8.188047635499171e-02, 6.187441538161283e-04, 8.250860857437098e-14, 1.075621000139767e+01, 5.563980315823497e-01, 1.541193939156789e+05, 4.993914632555849e+03
3861, 5.963651823931042e-02, 3.349916306414941e-04, 8.167634672204138e-02, 6.172016125091867e-04, 8.239179009440837e-14, 5.970731166827578e+00, 3.759188626470543e-01, 1.535533014429729e+05, 5.116362794909381e+03
3862, 4.966262058056352e-02, 6.916334266242338e-04, 9.919709545175591e-02, 7.496002175196469e-04, 9.998419008393395e-14, 2.207570185036278e+01, 7.506654322638422e-01, 1.505670094264279e+05, 2.697541590145394e+03
3863, 4.972863806451055e-02, 5.861794557675559e-04, 9.874505320110534e-02, 7.461842811167544e-04, 9.952250002201011e-14, 2.213978929808115e+01, 6.374692315235527e-01, 1.507251715595649e+05, 2.738285662462211e+03
3864, 4.985489764334490e-02, 5.885753460459311e-04, 9.819611667552583e-02, 7.420361461627626e-04, 9.896201411772289e-14, 2.187870375925812e+01, 6.352541108114348e-01, 1.508446220240325e+05, 2.796585397102624e+03
3865, 4.979297708717502e-02, 4.759854289097742e-04, 9.833572318873914e-02, 7.430911072197889e-04, 9.910419819794034e-14, 2.217288489280565e+01, 5.155539774793491e-01, 1.508810861329100e+05, 2.777556110675057e+03
3866, 4.991780524640671e-02, 4.790128637830215e-04, 9.777860922948808e-02, 7.388811780566989e-04, 9.853079045141185e-14, 2.189841341251754e+01, 5.115052283063291e-01, 1.509842711088647e+05, 2.835517690208032e+03
3867, 4.963656604306096e-02, 4.660841272873540e-04, 9.900292410736151e-02, 7.481329277635364e-04, 9.977653978976147e-14, 2.249605993643344e+01, 5.223822032897970e-01, 1.507305226146630e+05, 2.705887763714444e+03
3868, 3.401056447693355e-02, 4.790663883040639e-04, 1.575236382067431e+00, 1.190354948665816e-02, 1.586501411183453e-12, 7.916421865272109e+01, 1.382132487492599e+00, -1.125550943812774e+05, 3.663482807642204e-04
3869, 3.433117104290007e-02, 6.866733092567694e-04, 1.576736284384043e+00, 1.191488376109098e-02, 1.588008965249116e-12, 7.415567787947572e+01, 2.514789269983222e+00, -1.128020519249424e+05, 3.667006570023189e-04
3870, 2.236318727217834e-02, 5.507039337260538e-04, 1.585512397352221e+00, 1.198120199510761e-02, 1.596832385352930e-12, 2.578627639796616e+00, -2.753118538429363e+00, -1.116706900450051e+05, 3.687458094028775e-04
3871, 2.807753452541208e-02, 6.254828924501821e-04, 1.587270607134651e+00, 1.199448821512564e-02, 1.598641672923199e-12, 6.813041235782460e+01, -2.095776746968643e+00, -1.128302963012820e+05, 3.691486076238747e-04
3872, 2.367345478985541e-02, 6.938180341516972e-04, 1.591155445709467e+00, 1.202384467790765e-02, 1.602521931541251e-12, 2.477447920802850e+01, -6.006699682669059e+00, -1.123781278230385e+05, 3.700561868754706e-04
3873, 2.374125606721511e-02, 5.882958155376677e-04, 1.589913978400233e+00, 1.201446331285053e-02, 1.601277835483167e-12, 2.496306559505454e+01, -5.011525801626425e+00, -1.121745662454449e+05, 3.697675970458640e-04
3874, 2.386651049027962e-02, 5.877322955184041e-04, 1.589913960730668e+00, 1.201446317932738e-02, 1.601267969913760e-12, 2.703944151712536e+01, -4.759983763759143e+00, -1.122152690989267e+05, 3.697674452457006e-04
3875, 2.362930812518030e-02, 5.852635849446925e-04, 1.590037394914338e+00, 1.201539593134503e-02, 1.601408486049190e-12, 2.285030369975070e+01, -5.236546885080141e+00, -1.121427551781169e+05, 3.697964459264273e-04
3876, 2.380445625489163e-02, 4.801139607968454e-04, 1.588609299964649e+00, 1.200460428185123e-02, 1.599952741289584e-12, 2.493327085459114e+01, -3.895895593162854e+00, -1.119659098944187e+05, 3.694643118222785e-04
3877, 2.393181116697824e-02, 4.804588147209108e-04, 1.588359850838281e+00, 1.200271927585854e-02, 1.599688685855340e-12, 2.731133881757572e+01, -3.622589831810031e+00, -1.119692278302294e+05, 3.694061497254099e-04
3878, 2.399022970906948e-02, 5.909123377707420e-04, 1.589932114997579e+00, 1.201460036522345e-02, 1.601274306166841e-12, 2.908467974042388e+01, -4.566897087619287e+00, -1.122521094611865e+05, 3.697715165261607e-04
3879, 2.407566239874269e-02, 4.650976748021320e-04, 1.588039841959756e+00, 1.200030107274627e-02, 1.599368541519629e-12, 2.963958825480737e+01, -3.445577549827266e+00, -1.119374248924240e+05, 3.693315924560606e-04
3880, 2.384560143280854e-02, 3.626046638663730e-04, 1.587361810972759e+00, 1.199517741289499e-02, 1.598676100574104e-12, 2.513650849230567e+01, -2.742918125680246e+00, -1.117556053618791e+05, 3.691743366982262e-04
3881, 2.375804765014750e-02, 2.301697260585305e-04, 1.587220755567637e+00, 1.199411150303269e-02, 1.598513022202208e-12, 2.390089175965715e+01, -2.012877437407746e+00, -1.116442821384119e+05, 3.691417944718441e-04
3882, 4.231327337284655e-02, 6.924432284958404e-04, 1.685042350316516e-01, 1.273331750869162e-03, 1.697180965785996e-13, 3.769441237258141e+01, 8.394071828274451e-01, 1.403225192410958e+05, 2.321447189719816e+02
3883, 2.457860516657713e-02, 6.625177817712163e-04, 1.591725359227079e+00, 1.202815132917432e-02, 1.603059111050407e-12, 3.769401545253058e+01, -4.074598057015665e+00, -1.125904942970106e+05, 3.701877365026126e-04
3884, 2.447575657955903e-02, 5.195464834881508e-04, 1.589218113789887e+00, 1.200920489010241e-02, 1.600543923440058e-12, 3.581111933451501e+01, -3.304401387410138e+00, -1.121343204240114e+05, 3.696050695362710e-04
3885, 2.430408863894682e-02, 5.418118444799701e-04, 1.589294293337882e+00, 1.200978055419300e-02, 1.600637002320415e-12, 3.376248372893338e+01, -3.727981197079306e+00, -1.121572423950451e+05, 3.696229188619827e-04
3886, 2.435970025809138e-02, 3.664237700231861e-04, 1.587228596593379e+00, 1.199417075511623e-02, 1.598565382199129e-12, 3.376207014225143e+01, -2.579698225611460e+00, -1.117602822901898e+05, 3.691427678767739e-04
3887, 2.421502359167090e-02, 4.041806895528945e-04, 1.587235183030760e+00, 1.199422052668334e-02, 1.598565618972129e-12, 3.169557962874681e+01, -3.001357534157998e+00, -1.117867539462344e+05, 3.691444082386961e-04
3888, 2.425838796697811e-02, 2.466505670897650e-04, 1.586165386454236e+00, 1.198613642157113e-02, 1.597497576537723e-12, 3.177541170327339e+01, -2.038985322235815e+00, -1.115639861374818e+05, 3.688957812924790e-04
3889, 2.474689243840376e-02, 3.441443968168511e-04, 1.587293186127773e+00, 1.199465883724016e-02, 1.598605164002937e-12, 3.893340482725963e+01, -2.293522765317837e+00, -1.117348909763228e+05, 3.691574194731489e-04
3890, 2.829941577329932e-02, 6.896545356125344e-04, 1.588235676589840e+00, 1.200178093141168e-02, 1.599639141993013e-12, 6.938244137396983e+01, -2.578068687197119e+00, -1.130839872895710e+05, 3.693727389146588e-04
3891, 3.969151328221558e-02, 6.920773360458195e-04, 2.412881623807366e-01, 1.823336239653128e-03, 2.431579500452200e-13, 4.329099838189978e+01, 8.287936812541632e-01, 1.299278210292458e+05, 2.854015940820806e+01
3892, 3.975668856052981e-02, 5.895484811861766e-04, 2.390590514709805e-01, 1.806491572828732e-03, 2.409343196157988e-13, 4.336872118258232e+01, 7.195839421198541e-01, 1.302579911441225e+05, 3.032007122790605e+01
3893, 3.987962688247836e-02, 5.904684338491733e-04, 2.343195585919677e-01, 1.770676765178770e-03, 2.361398087883321e-13, 4.316428814505360e+01, 6.860006749711848e-01, 1.309467269763702e+05, 3.445479483929534e+01
3894, 3.981864940335858e-02, 4.813435182555110e-04, 2.372249021586635e-01, 1.792631502458546e-03, 2.391006293671387e-13, 4.343506708799191e+01, 5.588691372297125e-01, 1.305786671820393e+05, 3.213051668167986e+01
3895, 3.994100783054302e-02, 4.820796632190249e-04, 2.322800637424383e-01, 1.755264965308329e-03, 2.340351632707650e-13, 4.321995849072916e+01, 5.239610532289323e-01, 1.312497397926462e+05, 3.655647289181556e+01
3896, 3.967411708340535e-02, 4.737062654932831e-04, 2.430068543809102e-01, 1.836323836631701e-03, 2.449353697923927e-13, 4.362335847581035e+01, 5.845266415263186e-01, 1.297776481588886e+05, 2.761916674859861e+01
3897, 2.230251291759686e-02, 6.946254480419815e-04, 1.585456730706569e+00, 1.198078134035446e-02, 1.596796374226959e-12, 2.741310694215072e+00, -3.095274835562681e+00, -1.116912771061205e+05, 3.687328320572868e-04
3898, 2.224001873511330e-02, 5.910268677397718e-04, 1.585319626492317e+00, 1.197974528835772e-02, 1.596635591065819e-12, 1.512606728148467e+00, -1.961773643869981e+00, -1.117307164438590e+05, 3.687011413923719e-04
3899, 2.211228062156743e-02, 6.105076747175434e-04, 1.585450730046784e+00, 1.198073599531845e-02, 1.596765494065530e-12, 5.677218270498472e-01, -9.948676726932041e-01, -1.118293850836053e+05, 3.687318436825335e-04
3900, 3.029299981164910e-02, 5.247202898874463e-04, 1.579097396048035e+00, 1.193272591472309e-02, 1.590377606103646e-12, 8.234289925852168e+01, -4.775460333747810e-01, -1.121966830975985e+05, 3.672464609220654e-04
3901, 3.014631589035026e-02, 5.538713140968561e-04, 1.580257536835825e+00, 1.194149272168367e-02, 1.591578268812776e-12, 8.168914785097360e+01, -6.762745001308281e-01, -1.123945203204013e+05, 3.675163118311979e-04
3902, 3.570008306403123e-02, 6.937415133788204e-04, 8.325016448942157e-01, 6.290944419856573e-03, 8.388276688675611e-13, 3.950457494304419e+01, 5.991051847363197e-01, 2.870434056766673e+04, 1.242382556131916e-03
3903, 3.576339748690433e-02, 6.047341890078239e-04, 8.147446306789623e-01, 6.156760433343315e-03, 8.209142743072910e-13, 4.197859673579912e+01, 4.501883157084416e-01, 3.141992264767576e+04, 1.621033805803766e-03
3904, 3.587484244382064e-02, 5.711519203986668e-04, 7.659204163148551e-01, 5.787811710188757e-03, 7.716547628239957e-13, 4.371886137399907e+01, 1.607250793753290e-01, 3.979393422480601e+04, 2.962807863313538e-03
3905, 3.829792922368084e-02, 6.817895568928475e-04, 3.146658990012876e-01, 2.377827952151375e-03, 3.168592029115795e-13, 4.531056530841479e+01, 5.852734135767184e-01, 1.184503160957227e+05, 4.885438546619175e+00
3906, 5.370987972588454e-02, 6.932691546816550e-04, 8.630111189231435e-02, 6.521494601434091e-04, 8.708900193358725e-14, 1.513764672049096e+01, 6.477544854749024e-01, 1.531771325309659e+05, 4.305154114510940e+03
3907, 5.377295196827406e-02, 5.910680100355754e-04, 8.595881819443177e-02, 6.495628578924147e-04, 8.673853717531137e-14, 1.515366206658421e+01, 5.547082558295423e-01, 1.532884386651728e+05, 4.340904137670737e+03
3908, 5.389459061302044e-02, 5.915949328485206e-04, 8.570515708503701e-02, 6.476460233126069e-04, 8.648095748318929e-14, 1.493662101963739e+01, 5.565627132084261e-01, 1.533565939229909e+05, 4.380680997727555e+03
3909, 5.383402152427785e-02, 4.856510625335600e-04, 8.565652386467265e-02, 6.472785178690525e-04, 8.642884539408230e-14, 1.516332562167332e+01, 4.578872503591941e-01, 1.534041698297856e+05, 4.374503114020857e+03
3910, 5.369056943483522e-02, 4.761148445051829e-04, 8.594378706853076e-02, 6.494492725581559e-04, 8.671939048307834e-14, 1.542423515375723e+01, 4.655535349843496e-01, 1.533236946642268e+05, 4.328109895729363e+03
3911, 5.395472726011484e-02, 4.853599869008857e-04, 8.540145697629911e-02, 6.453510602742963e-04, 8.616699967086446e-14, 1.493234224876201e+01, 4.569240557870370e-01, 1.534650058471673e+05, 4.413866824634270e+03
3912, 2.427878698077178e-02, 6.903144952821163e-04, 1.591633248629562e+00, 1.202745527931898e-02, 1.602991347521335e-12, 3.413208307025467e+01, -4.782599956053586e+00, -1.125834280275428e+05, 3.701665760564515e-04
3913, 3.384791250618430e-02, 6.945986842903199e-04, 1.577457381357341e+00, 1.192033285660705e-02, 1.588749533465749e-12, 7.799446066410698e+01, 1.866810637836197e+00, -1.130551781961053e+05, 3.668654512657551e-04
3914, 2.971888844428633e-02, 6.936972583908870e-04, 1.584076626534306e+00, 1.197035234157142e-02, 1.595418388018060e-12, 7.920603362921746e+01, -1.488612065489523e+00, -1.129806990316993e+05, 3.684046148137024e-04
3915, 2.978430138391753e-02, 5.937411431840066e-04, 1.581904200623547e+00, 1.195393602486547e-02, 1.593213599504178e-12, 8.028060431006888e+01, -1.156805993126090e+00, -1.125516689776724e+05, 3.678994443658731e-04
3916, 2.990267097675592e-02, 5.945553978492671e-04, 1.581617309709641e+00, 1.195176808345054e-02, 1.592936764461677e-12, 8.071586353688001e+01, -1.023141662533087e+00, -1.125555027904323e+05, 3.678326539228964e-04
3917, 2.661865752465454e-02, 6.339686100634218e-04, 1.590516871250590e+00, 1.201901917821836e-02, 1.601921716314685e-12, 5.750810336714069e+01, -2.513914985076874e+00, -1.128620146440763e+05, 3.699047137316898e-04
3918, 2.664846287819306e-02, 4.077651640975873e-04, 1.586868045434149e+00, 1.199144618716224e-02, 1.598228708883244e-12, 5.830814209276373e+01, -1.731105295254680e+00, -1.121253333247395e+05, 3.690565442299132e-04
3919, 2.690400493597858e-02, 4.128128654153330e-04, 1.586577123659783e+00, 1.198924778584463e-02, 1.597927979156569e-12, 6.031573538922406e+01, -1.631942060665045e+00, -1.121485432749684e+05, 3.689886504359200e-04
3920, 4.372182985385589e-02, 6.947679217570192e-04, 1.465334720092633e-01, 1.107305833823303e-03, 1.476454118683926e-13, 3.458303311940184e+01, 8.433570744539198e-01, 1.433276935947355e+05, 4.775237202892349e+02
3921, 4.377303595707633e-02, 5.909744161903688e-04, 1.458929745472889e-01, 1.102465802624512e-03, 1.469930837113222e-13, 3.469454361694343e+01, 7.207315042945175e-01, 1.434684369632056e+05, 4.891545178586074e+02
3922, 4.390319311756292e-02, 5.916485016983914e-04, 1.442056443199096e-01, 1.089715196372277e-03, 1.452871690132321e-13, 3.442325898938692e+01, 7.068764179288763e-01, 1.437189615867721e+05, 5.197464348100342e+02
3923, 4.382798053524748e-02, 4.808640484150026e-04, 1.452678248956382e-01, 1.097741749841267e-03, 1.463537807903112e-13, 3.478466115027981e+01, 5.821116297631842e-01, 1.436302207160146e+05, 5.019507579718291e+02
3924, 4.396070751115901e-02, 4.852167013315754e-04, 1.434711145163400e-01, 1.084164593322669e-03, 1.445194250066437e-13, 3.448262152673803e+01, 5.648513935397279e-01, 1.438628973771093e+05, 5.342097510099163e+02
3925, 5.014888639534634e-02, 6.943573000117984e-04, 9.707474648263631e-02, 7.335623159898212e-04, 9.781253142882309e-14, 2.111214544337541e+01, 6.917516573986177e-01, 1.510181347254825e+05, 2.921567037452457e+03
3926, 2.572625078129773e-02, 6.960777051291456e-04, 1.592104330001515e+00, 1.203101508817500e-02, 1.603479903197966e-12, 4.972372109935365e+01, -3.072444472557636e+00, -1.130123521531732e+05, 3.702746187610344e-04
3927, 3.771817666268815e-02, 4.359571113889652e-04, 3.704271975213232e-01, 2.799197966156188e-03, 3.735067835430263e-13, 4.619289081331524e+01, 5.608129486529634e-01, 1.096409446528308e+05, 1.538165180451662e+00
3928, 3.785460134249049e-02, 4.698912593274227e-04, 3.562086645853328e-01, 2.691753132886673e-03, 3.592009902332839e-13, 4.630019151439178e+01, 5.948930737874893e-01, 1.117624495490905e+05, 2.025389479285487e+00
3929, 5.585603007386121e-02, 6.958869596703921e-04, 8.252276716881329e-02, 6.235977367921006e-04, 8.316546888282325e-14, 1.154344232519217e+01, 6.362453697871393e-01, 1.539814953260361e+05, 4.892209088585260e+03
3930, 5.592039723078519e-02, 5.944177748087745e-04, 8.223104371369237e-02, 6.213932774335031e-04, 8.287303138473367e-14, 1.152647263426205e+01, 5.472682597533898e-01, 1.540771500684734e+05, 4.922286889503745e+03
3931, 5.603689073237957e-02, 5.926009982375788e-04, 8.206743142200953e-02, 6.201569125089500e-04, 8.270517057209028e-14, 1.133595488352657e+01, 5.289738751374816e-01, 1.541095679940434e+05, 4.947485164073397e+03
3932, 5.597415107545007e-02, 4.906019228423313e-04, 8.197873794792407e-02, 6.194866847450694e-04, 8.262471048572792e-14, 1.151400011971564e+01, 4.568697639147620e-01, 1.541550718541813e+05, 4.947839044106250e+03
3933, 5.581210146919779e-02, 5.884793101897636e-04, 8.236806225866759e-02, 6.224286820554828e-04, 8.301074180729534e-14, 1.172669893921424e+01, 5.452995183197209e-01, 1.540444630536135e+05, 4.898932245914500e+03
3934, 2.237549510574150e-02, 1.108676538485346e-04, 1.585817601459498e+00, 1.198350832337430e-02, 1.597188306249480e-12, -5.731116690540895e-01, -1.234685032866788e+00, -1.116673414022044e+05, 3.688169864412699e-04
3935, 2.392390317464869e-02, 6.951185506730525e-04, 1.591453870985010e+00, 1.202609978074552e-02, 1.602819435951010e-12, 2.887335984730114e+01, -5.527174508464776e+00, -1.124999671686118e+05, 3.701252737950721e-04
3936, 4.574976643365393e-02, 6.931968969910875e-04, 1.242744902688510e-01, 9.391019415783581e-04, 1.252000386090377e-13, 3.016305525290114e+01, 8.605703813008043e-01, 1.464652490422002e+05, 1.055571576111741e+03
3937, 3.225255958193841e-02, 6.960228615202237e-04, 1.579197332826476e+00, 1.193348110448459e-02, 1.590522668171626e-12, 8.067622781630772e+01, 1.471844571814848e-01, -1.129330654831021e+05, 3.672687998122721e-04
3938, 4.824846227937589e-02, 6.944456382179518e-04, 1.061629939407681e-01, 8.022392489228620e-04, 1.069155723111684e-13, 2.464685044847124e+01, 7.317739161323792e-01, 1.493673222158972e+05, 2.076735242071366e+03
3939, 4.818625557429902e-02, 5.988549109803667e-04, 1.064269545654983e-01, 8.042339135933655e-04, 1.071827360250131e-13, 2.497557545591873e+01, 6.474133808062099e-01, 1.493800020340089e+05, 2.054939650887364e+03
3940, 4.806616241434729e-02, 5.990878348403803e-04, 1.071740953270753e-01, 8.098798135548999e-04, 1.079393843746239e-13, 2.523802196043775e+01, 6.695019056322189e-01, 1.492532900209611e+05, 1.999310744384627e+03
3941, 5.775859711197475e-02, 6.960777051290667e-04, 8.076517275831430e-02, 6.103161669394415e-04, 8.138455758098277e-14, 8.616300344390520e+00, 6.410087082835476e-01, 1.542673950620194e+05, 5.173665185429685e+03
3942, 4.182712449237617e-02, 6.959233990630329e-04, 1.785727608924293e-01, 1.349416329162086e-03, 1.799560919145439e-13, 3.889050832910016e+01, 8.629029285674448e-01, 1.389155978633274e+05, 1.687493975689056e+02
3943, 4.188370985588273e-02, 5.892127877936172e-04, 1.775350712196623e-01, 1.341574845488789e-03, 1.789042798007123e-13, 3.897828355413662e+01, 7.374479392224409e-01, 1.390990089654728e+05, 1.746836032952407e+02
3944, 4.200702895944970e-02, 5.914945536390875e-04, 1.749260971577483e-01, 1.321859676255213e-03, 1.762481972027027e-13, 3.869301465059905e+01, 7.303325336793379e-01, 1.394539360789511e+05, 1.896796239634932e+02
3945, 4.194568295532477e-02, 4.825125439377772e-04, 1.764747118882506e-01, 1.333562054571314e-03, 1.778387902134062e-13, 3.901513178736455e+01, 6.101976744224126e-01, 1.393142016197591e+05, 1.815511460807765e+02
3946, 4.207372125481736e-02, 4.792895980255108e-04, 1.736444045647141e-01, 1.312174341799044e-03, 1.749490126632899e-13, 3.871262617342502e+01, 5.881431565737399e-01, 1.396603016129370e+05, 1.978986204607868e+02
3947, 4.206734551286021e-02, 6.960369592302520e-04, 1.735301650918593e-01, 1.311311071223334e-03, 1.748193974318371e-13, 3.832356683211868e+01, 8.526862048259984e-01, 1.396079346645965e+05, 1.978928934345674e+02
3948, 3.177152791120479e-02, 7.007090620869117e-04, 1.579620575827217e+00, 1.193667941431385e-02, 1.590941943257002e-12, 8.133401275376171e+01, 5.920606879696216e-01, -1.129393116981391e+05, 3.673674564764252e-04
3949, 4.420246443016876e-02, 6.942318508953553e-04, 1.402288674562091e-01, 1.059663985815390e-03, 1.412441128389620e-13, 3.352670255832671e+01, 7.879795886343925e-01, 1.442285928971081e+05, 5.962588524521036e+02
3950, 5.395350436810113e-02, 6.963562543718128e-04, 8.579077619176642e-02, 6.482930190813371e-04, 8.657125539457756e-14, 1.470636139019594e+01, 6.468623788396421e-01, 1.532982815762183e+05, 4.383960227955348e+03
3951, 5.799891519218617e-02, 6.962624634580244e-04, 8.072648398593309e-02, 6.100238084579789e-04, 8.133861205487801e-14, 8.178457593084277e+00, 6.328426756033504e-01, 1.542695049921424e+05, 5.186376185915343e+03
3952, 5.794067433753916e-02, 5.933552039916605e-04, 8.051458488254680e-02, 6.084225557875584e-04, 8.112216112693487e-14, 8.346878782654171e+00, 5.425052112746958e-01, 1.543394892993180e+05, 5.200350027107235e+03
3953, 4.598465577404327e-02, 6.964268600174111e-04, 1.221666558952338e-01, 9.231737221303972e-04, 1.230493809236179e-13, 2.957490371918042e+01, 8.744385500680346e-01, 1.467609856661848e+05, 1.142103314298922e+03
3954, 4.604362848718183e-02, 5.919112424869494e-04, 1.215896622042306e-01, 9.188135682941198e-04, 1.224541662962766e-13, 2.966374754831796e+01, 7.359097732396002e-01, 1.469229389475027e+05, 1.167649114769818e+03
3955, 4.617216356680790e-02, 5.901504811593477e-04, 1.204483153750145e-01, 9.101887811716002e-04, 1.212866786085082e-13, 2.933667826988029e+01, 7.199189520287589e-01, 1.471054717068449e+05, 1.218275873095778e+03
3956, 4.611328973779291e-02, 4.824147535638969e-04, 1.209086282802943e-01, 9.136672162240914e-04, 1.217534640451427e-13, 2.968008564349755e+01, 5.898437437192728e-01, 1.470836734574826e+05, 1.197778934247624e+03
3957, 4.598223985826125e-02, 4.797768029717002e-04, 1.221435034612420e-01, 9.229987667098176e-04, 1.230182495153691e-13, 3.002018141780227e+01, 6.016327065952636e-01, 1.469318716247541e+05, 1.146355029629963e+03
3958, 5.824067211995888e-02, 6.946279933170504e-04, 8.074023164910732e-02, 6.101276950814709e-04, 8.134269084432169e-14, 7.752726038842561e+00, 6.034622084372164e-01, 1.542431341804992e+05, 5.192398075161377e+03
3959, 5.817864561717427e-02, 5.979304363030304e-04, 8.052646880217676e-02, 6.085123587066847e-04, 8.112481461724065e-14, 7.920846977418149e+00, 5.287918751106655e-01, 1.543215636509538e+05, 5.207315577932718e+03
3960, 5.181071714158114e-02, 6.957860429367025e-04, 9.120409396843182e-02, 6.891997025323003e-04, 9.195261601767153e-14, 1.823134097861642e+01, 6.876217219255787e-01, 1.521599632182207e+05, 3.619689296751161e+03
3961, 5.186424806282360e-02, 5.899174092611852e-04, 9.084628945677667e-02, 6.864958901016584e-04, 9.159130722994463e-14, 1.827754335479671e+01, 5.885866092904557e-01, 1.522841805646193e+05, 3.655466048553990e+03
3962, 5.199033136417828e-02, 5.915793321908265e-04, 9.046153267558130e-02, 6.835884081278935e-04, 9.120089079984380e-14, 1.804644089064383e+01, 5.779894335205774e-01, 1.523795379338403e+05, 3.706869328309111e+03
3963, 5.192250526690471e-02, 4.831045593702089e-04, 9.051538064045550e-02, 6.839953197012460e-04, 9.125835769624098e-14, 1.829933980831337e+01, 4.910711152709699e-01, 1.524104905013615e+05, 3.691460966614077e+03
3964, 5.205187618677472e-02, 4.843340028694327e-04, 9.010548246897490e-02, 6.808978524104700e-04, 9.083861792239587e-14, 1.805710051855491e+01, 4.719476374196306e-01, 1.524995774166091e+05, 3.744332855574095e+03
3965, 3.409391983553054e-02, 6.823465491146890e-04, 1.577593243321522e+00, 1.192135952132380e-02, 1.588892204894769e-12, 7.633108601104213e+01, 2.262221202803327e+00, -1.131354353383223e+05, 3.669004647483556e-04
3966, 4.776505125983679e-02, 6.952792380135465e-04, 1.091280176921741e-01, 8.246449699662046e-04, 1.099250472565360e-13, 2.566683293192926e+01, 7.958514523698068e-01, 1.488451731623210e+05, 1.857202113270086e+03
3967, 4.781581325859699e-02, 5.911619805938179e-04, 1.086991555653769e-01, 8.214041982271877e-04, 1.094890375754366e-13, 2.578359841163895e+01, 6.824827460179171e-01, 1.489805387556051e+05, 1.886072296785231e+03
3968, 3.617938802368185e-02, 6.929639677440282e-04, 6.301825587399553e-01, 4.762084826751427e-03, 6.345612572391930e-13, 4.398397305111821e+01, 3.432538378408224e-01, 6.422698631389857e+04, 1.707514102372174e-02
3969, 3.993668681474641e-02, 6.960779563245476e-04, 2.317712367436304e-01, 1.751419925015053e-03, 2.335404276662734e-13, 4.285355497958360e+01, 8.008455496911905e-01, 1.312924395334889e+05, 3.680075188012726e+01
3970, 3.781701445440794e-02, 6.939385650463614e-04, 3.550209985695160e-01, 2.682778326722051e-03, 3.578126615946330e-13, 4.586703448679511e+01, 7.949731136980560e-01, 1.119345909998284e+05, 1.966369205360846e+00
3971, 3.201204873479400e-02, 6.996810145960356e-04, 1.579475749721449e+00, 1.193558501049190e-02, 1.590816823576590e-12, 8.070174819613550e+01, 5.275632703347862e-01, -1.129740569508272e+05, 3.673336679156754e-04
3972, 5.205020982117993e-02, 6.964339786744530e-04, 9.046914347844427e-02, 6.836459204920993e-04, 9.120750065908119e-14, 1.779024074247011e+01, 6.644088826137600e-01, 1.523361024078307e+05, 3.716982024735873e+03
3973, 3.594204652074093e-02, 6.931117977024612e-04, 7.166998868736510e-01, 5.415868162773957e-03, 7.221394802513134e-13, 4.333649893887369e+01, 5.196407520084332e-01, 4.888567477473788e+04, 4.826623281236716e-03
3974, 4.396343640538192e-02, 6.961663779117579e-04, 1.433459521464338e-01, 1.083218781963149e-03, 1.444135521597851e-13, 3.406857091354294e+01, 8.206620692651664e-01, 1.437725046017282e+05, 5.343456102040535e+02
3975, 4.622690643087067e-02, 6.947217647291700e-04, 1.200352088460931e-01, 9.070670693661522e-04, 1.208662847807366e-13, 2.895599690729310e+01, 8.498349369925671e-01, 1.471040337541581e+05, 1.236886631585588e+03
3976, 2.784015948938066e-02, 6.954889825052466e-04, 1.589219992335627e+00, 1.200921908566194e-02, 1.600617191778758e-12, 6.593747390050912e+01, -2.245287810217105e+00, -1.131512042699534e+05, 3.696020156218305e-04
3977, 3.019880934056432e-02, 6.896340228131205e-04, 1.582540662212601e+00, 1.195874555828395e-02, 1.593879019955857e-12, 8.084211310479066e+01, -8.345691999221437e-01, -1.128964155505919e+05, 3.680471818997457e-04
3978, 3.002103654320043e-02, 5.847935441752174e-04, 1.581141097603668e+00, 1.194816950330464e-02, 1.592461993758187e-12, 8.117138027088137e+01, -8.722669796235617e-01, -1.125173760772709e+05, 3.677218429388005e-04
3979, 3.006003568887518e-02, 4.689517994990588e-04, 1.578978931113940e+00, 1.193183071370975e-02, 1.590277284602941e-12, 8.195432895224653e+01, -6.655466992135948e-01, -1.120793729883290e+05, 3.672190750310746e-04
3980, 3.805384123942180e-02, 6.967168347320783e-04, 3.344204435900149e-01, 2.527106626625136e-03, 3.369718799525760e-13, 4.572452238597465e+01, 6.365598179159376e-01, 1.152737358597032e+05, 3.098935374931622e+00
3981, 3.799620093941129e-02, 5.976303871212514e-04, 3.404783674307350e-01, 2.572884388645608e-03, 3.431478208826239e-13, 4.603245900238645e+01, 5.922398525460598e-01, 1.142215193721394e+05, 2.736750150186297e+00
3982, 4.017594898899197e-02, 6.953185691019677e-04, 2.230137961236267e-01, 1.685242791866475e-03, 2.246536470414503e-13, 4.232919553440112e+01, 7.511205410399745e-01, 1.326146977087026e+05, 4.697654284883707e+01
3983, 2.597169650793215e-02, 6.898034947483872e-04, 1.591773659820214e+00, 1.202851632106189e-02, 1.603155327290590e-12, 5.207339196817723e+01, -2.881966700399159e+00, -1.130227636830367e+05, 3.701974856273152e-04
3984, 2.996201063882942e-02, 6.960779563242870e-04, 1.583178900934917e+00, 1.196356852092111e-02, 1.594514958172013e-12, 8.020599266458956e+01, -1.118590574182393e+00, -1.129355846231721e+05, 3.681957194287125e-04
3985, 4.990863631167593e-02, 6.960779563259859e-04, 9.811818899271134e-02, 7.414472719853270e-04, 9.888052491426543e-14, 2.157648829880992e+01, 7.385808370362684e-01, 1.507905712575114e+05, 2.810361158368784e+03
3986, 5.419285851092025e-02, 6.947292467230312e-04, 8.528293032811181e-02, 6.444553929076322e-04, 8.605232390100193e-14, 1.429233836170827e+01, 6.287977240463595e-01, 1.534001210632858e+05, 4.459483794977605e+03
3987, 4.800614871122655e-02, 6.972327750405718e-04, 1.076465009782120e-01, 8.134496295584437e-04, 1.084216872219621e-13, 2.515484489455048e+01, 7.801719706866966e-01, 1.490997580126381e+05, 1.965097365080120e+03
3988, 5.805900312945238e-02, 5.987305091749082e-04, 8.051825813193779e-02, 6.084503133396345e-04, 8.112250836576456e-14, 8.135264334194281e+00, 5.385873170880441e-01, 1.543308610480532e+05, 5.204153421815636e+03
3989, 5.799947067624035e-02, 4.770584925282673e-04, 8.030350998683605e-02, 6.068275313867304e-04, 8.090315624113987e-14, 8.295976936836128e+00, 4.352531369099971e-01, 1.544010731329389e+05, 5.218647044375625e+03
3990, 5.787730774710764e-02, 4.874878557248289e-04, 8.034190351766632e-02, 6.071176588237331e-04, 8.094492092811459e-14, 8.496138565380839e+00, 4.560466742587369e-01, 1.544047403738888e+05, 5.211962478399123e+03
3991, 4.592405163640069e-02, 5.921559126411689e-04, 1.226727142900383e-01, 9.269978409828175e-04, 1.235659736027243e-13, 2.996084389625957e+01, 7.388160924391122e-01, 1.467687000263040e+05, 1.121783619051945e+03
3992, 3.811144168558109e-02, 5.935726100223934e-04, 3.309834331740335e-01, 2.501134255723468e-03, 3.335310484167687e-13, 4.587048481112333e+01, 5.177728434522971e-01, 1.158274645938146e+05, 3.409231039920701e+00
3993, 4.213396558771679e-02, 5.885899627877729e-04, 1.722947293151234e-01, 1.301975284497373e-03, 1.735699888029898e-13, 3.837625877398647e+01, 7.092736665445417e-01, 1.398300274291421e+05, 2.062675508773719e+02
3994, 5.211091693979741e-02, 5.916946375383123e-04, 9.008853138720330e-02, 6.807697585935579e-04, 9.082025208141374e-14, 1.782320719136226e+01, 5.579520065911668e-01, 1.524636123702397e+05, 3.755647689819111e+03
3995, 4.401799433137153e-02, 5.953208417681967e-04, 1.426706957423730e-01, 1.078116088733487e-03, 1.437200753309481e-13, 3.415799242547638e+01, 6.960567034019148e-01, 1.439251101812414e+05, 5.483213884840294e+02
3996, 4.794614473945995e-02, 5.921566420706995e-04, 1.079030260815173e-01, 8.153881064096121e-04, 1.086835881656135e-13, 2.550975688423225e+01, 6.739917530529536e-01, 1.491259255235546e+05, 1.944764914288547e+03
3997, 4.787209299882031e-02, 4.857284825448427e-04, 1.082814715218450e-01, 8.182478956312319e-04, 1.090658347056409e-13, 2.586482351511933e+01, 5.698655617264836e-01, 1.491251269719007e+05, 1.916893400280516e+03
3998, 5.609639865363581e-02, 6.960905123104546e-04, 8.220333763810299e-02, 6.211839116230100e-04, 8.283862130928986e-14, 1.114204766219978e+01, 5.990096089413858e-01, 1.540584952072494e+05, 4.943946257816378e+03
3999, 3.804610868124833e-02, 4.889591288474854e-04, 3.375376230622981e-01, 2.550662139009980e-03, 3.402374447930320e-13, 4.618807918144901e+01, 4.820804632385636e-01, 1.146080668524238e+05, 2.975970044920003e+00
4000, 5.615679657687192e-02, 5.881898715851785e-04, 8.190265260833003e-02, 6.189117325567159e-04, 8.253529005087797e-14, 1.114843016519695e+01, 5.068467653261488e-01, 1.541482315655469e+05, 4.973032618024138e+03
4001, 3.492853147719330e-02, 6.265957969894935e-04, 1.573064648619300e+00, 1.188713840266787e-02, 1.583715984634182e-12, 3.548462924217507e+01, -5.054323641783474e+00, -1.230594924138837e+05, 3.660005100324954e-04
4002, 2.632005411729407e-02, 1.679689200824552e-04, 1.584162729353201e+00, 1.197100299259597e-02, 1.595472639334979e-12, 5.545958193660032e+01, -8.823703965542503e-01, -1.115544780301293e+05, 3.684280695093276e-04
4003, 4.781452895167111e-02, 3.567638233656937e-04, 1.085929369774479e-01, 8.206015388725512e-04, 1.093880682584968e-13, 2.615435309700934e+01, 4.457349888409509e-01, 1.491398631478335e+05, 1.896063120827877e+03
4004, 5.400920975582532e-02, 5.955151027257635e-04, 8.547325115843864e-02, 6.458935855801287e-04, 8.624437553259469e-14, 1.472580887106833e+01, 5.563909824578883e-01, 1.534118011176013e+05, 4.417116442190132e+03
4005, 5.608788843566007e-02, 4.750279195408944e-04, 8.180014671945958e-02, 6.181371288624711e-04, 8.243988971272779e-14, 1.133724466246827e+01, 4.333273440463545e-01, 1.541944882976450e+05, 4.973800001570670e+03
4006, 3.752106073227378e-02, 4.208462716331008e-04, 3.905553746958585e-01, 2.951300060674708e-03, 3.933266251339935e-13, 4.578671450534564e+01, 4.568601360636048e-01, 1.064544128985427e+05, 1.040397980077901e+00
4007, 4.616931229632731e-02, 3.497300829159016e-04, 1.203291417970159e-01, 9.092882251665981e-04, 1.211518672665297e-13, 2.968898103503278e+01, 4.279494841204316e-01, 1.472234067991415e+05, 1.223311383626308e+03
4008, 4.176774897200188e-02, 5.923917902122973e-04, 1.800443636750452e-01, 1.360536753212054e-03, 1.814607788784156e-13, 3.922825968695934e+01, 7.434046758716193e-01, 1.387736119203322e+05, 1.616209793400480e+02
4009, 3.999438401454375e-02, 5.944190885432622e-04, 2.299240420657878e-01, 1.737461275056557e-03, 2.316622870023714e-13, 4.292223485561097e+01, 6.600238385841856e-01, 1.315893626743167e+05, 3.882233146751130e+01
4010, 2.260041539239620e-02, 6.486895403993487e-04, 1.586756081710038e+00, 1.199060011368044e-02, 1.598082347306341e-12, 6.216027781428050e+00, -4.749415279262418e+00, -1.116905933721000e+05, 3.690345981612966e-04
4011, 2.212059624431888e-02, 2.976643381472035e-04, 1.585897530725943e+00, 1.198411232286898e-02, 1.597176971753511e-12, -2.509125103492003e-02, 2.191082300049599e-01, -1.118872105336467e+05, 3.688358832039292e-04
4012, 3.599813940686029e-02, 5.940144919593618e-04, 7.075205131562327e-01, 5.346502618310345e-03, 7.124508912337204e-13, 4.424122540704381e+01, -8.884735818832912e-02, 5.021803105943104e+04, 6.093208090369097e-03
4013, 4.996949708463519e-02, 5.934685768268492e-04, 9.769693913092653e-02, 7.382640236595059e-04, 9.844983307297457e-14, 2.163410573100966e+01, 6.283412035022663e-01, 1.509430362092477e+05, 2.849343207789449e+03
4014, 5.184220065167484e-02, 3.441569679370771e-04, 9.061474845373008e-02, 6.847462099778714e-04, 9.136487316782864e-14, 1.856743930655140e+01, 3.762234575958285e-01, 1.524324216513271e+05, 3.670783111371179e+03
4015, 3.392378728113557e-02, 5.818943981392119e-04, 1.576464015500260e+00, 1.191282631360646e-02, 1.587747157911911e-12, 7.885977760367368e+01, 1.660701100371223e+00, -1.128072696746192e+05, 3.666339136874302e-04
4016, 4.224817507246653e-02, 6.065259873060165e-04, 1.699571718049093e-01, 1.284311121951690e-03, 1.712003971481733e-13, 3.804180351124883e+01, 7.261624092713369e-01, 1.401680236006783e+05, 2.222499897972786e+02
4017, 5.613508971126342e-02, 3.309829654811752e-04, 8.155232782372918e-02, 6.162644419929591e-04, 8.219891011873086e-14, 1.132232530648585e+01, 3.243302763130310e-01, 1.542768513705719e+05, 4.998906543987729e+03
4018, 2.404378151550003e-02, 6.965732482674940e-04, 1.591642578140690e+00, 1.202752577940305e-02, 1.603008745952662e-12, 3.076408464371331e+01, -5.433891084429664e+00, -1.125566718975226e+05, 3.701690105266298e-04
4019, 4.802012537222529e-02, 4.819758383827543e-04, 1.073559528051031e-01, 8.112540514241233e-04, 1.081255019677623e-13, 2.555019765437930e+01, 5.483313984897297e-01, 1.492866032324809e+05, 1.984872441525427e+03
4020, 4.212867169492502e-02, 3.329180685468129e-04, 1.726438054619586e-01, 1.304613139511196e-03, 1.739557654350784e-13, 3.871516003027977e+01, 4.344004631669416e-01, 1.398425004360402e+05, 2.049139171966842e+02
4021, 3.173945862689024e-02, 5.756746276479593e-04, 1.577608545257172e+00, 1.192147515307931e-02, 1.588895971552078e-12, 8.309771173608192e+01, 4.438108688763729e-01, -1.124674856634345e+05, 3.668995164977653e-04
4022, 5.175197156818082e-02, 6.077673089001279e-04, 9.122924011555995e-02, 6.893897237952383e-04, 9.197437858628878e-14, 1.846384066196674e+01, 6.053496771309205e-01, 1.521940789095720e+05, 3.607257374227240e+03
4023, 4.186140207926975e-02, 3.352867075010766e-04, 1.784483895865449e-01, 1.348476495616394e-03, 1.798084128492602e-13, 3.935126061117569e+01, 4.568480024373797e-01, 1.390578336556510e+05, 1.711269595374566e+02
4024, 2.747451636005630e-02, 2.065452591670361e-04, 1.583489757011061e+00, 1.196591755928001e-02, 1.594808057811897e-12, 6.557949090174388e+01, -9.272806238329315e-01, -1.117651337521797e+05, 3.682703789340162e-04
4025, 3.086624295055878e-02, 6.021307290023621e-04, 1.580132943119485e+00, 1.194055120745443e-02, 1.591454242825080e-12, 8.266368403490902e+01, -3.392253602132382e-01, -1.126101374337544e+05, 3.674869571010525e-04
4026, 3.381816959136393e-02, 3.257686203868831e-04, 1.573608820744323e+00, 1.189125053459437e-02, 1.584869074131216e-12, 8.113005923492587e+01, 1.076654217906143e+00, -1.121767076048217e+05, 3.659685503025963e-04
4027, 2.740642461372180e-02, 4.380824889536073e-04, 1.585949399918592e+00, 1.198450428150313e-02, 1.597288744276642e-12, 6.405777325374081e+01, -1.639259124367113e+00, -1.122355185950162e+05, 3.688422089451895e-04
4028, 2.399313428328107e-02, 3.723897859588092e-04, 1.587104025811856e+00, 1.199322941419795e-02, 1.598423711845221e-12, 2.762877173355330e+01, -2.700578767834148e+00, -1.117606839212554e+05, 3.691142047629766e-04
4029, 5.210188249228315e-02, 3.387796836768587e-04, 8.978610277963968e-02, 6.784844038764411e-04, 9.052441326031809e-14, 1.807178019433402e+01, 3.449363003830476e-01, 1.526194211770139e+05, 3.778240029694918e+03
4030, 2.219937801836366e-02, 2.110502852643700e-04, 1.585861494255830e+00, 1.198384000697381e-02, 1.597229318944847e-12, -5.068098175473139e-01, -1.016427639492512e+00, -1.118273724335198e+05, 3.688274038631937e-04
4031, 5.627629324835697e-02, 5.919815813988969e-04, 8.175704927585321e-02, 6.178114554851106e-04, 8.238215261998656e-14, 1.095977563494699e+01, 4.917839697101368e-01, 1.541741380750448e+05, 4.996168958893049e+03
4032, 2.410914099997550e-02, 5.938645840496374e-04, 1.590033621439785e+00, 1.201536741642397e-02, 1.601392443142918e-12, 3.098111262962563e+01, -4.655495877101875e+00, -1.122868186790709e+05, 3.697949738585865e-04
4033, 2.307464859674617e-02, 3.339091191894015e-04, 1.586946240152544e+00, 1.199203707924102e-02, 1.598265733459263e-12, 1.205668896392949e+01, -2.834499792306492e+00, -1.115008153816876e+05, 3.690785841045633e-04
4034, 3.808949864838971e-02, 3.377919479782700e-04, 3.364064125257523e-01, 2.542113948557341e-03, 3.392037761427527e-13, 4.626542974741037e+01, 3.501705161571171e-01, 1.148257660940038e+05, 3.180874228377744e+00
4035, 4.593050981777900e-02, 3.394428994677309e-04, 1.225841802427464e-01, 9.263288179554578e-04, 1.234541605587874e-13, 3.028666255365713e+01, 4.409185520614829e-01, 1.469217241046178e+05, 1.128859664372805e+03
4036, 2.722906582667572e-02, 6.292908298873773e-04, 1.589393759447800e+00, 1.201053218726536e-02, 1.600745981156991e-12, 6.223239259928069e+01, -2.244581982617682e+00, -1.128621831664845e+05, 3.696430323996671e-04
4037, 3.299944764385524e-02, 5.957283708475760e-04, 1.577032548204546e+00, 1.191712253051541e-02, 1.588314862288872e-12, 8.166649773871492e+01, 6.502980241689400e-01, -1.127282169272618e+05, 3.667649888528914e-04
4038, 4.805861748424979e-02, 3.303755150819368e-04, 1.070250657601660e-01, 8.087536455429761e-04, 1.077989196413547e-13, 2.565394127818852e+01, 3.847612386489018e-01, 1.494166959066003e+05, 2.009763064909227e+03
4039, 3.652695839101625e-02, 4.294273864800833e-04, 5.509363831817209e-01, 4.163247228074989e-03, 5.543798016362205e-13, 4.383787734199188e+01, -2.356305934905594e-01, 7.834918204181138e+04, 7.159951794613463e-02
4040, 2.632981366248629e-02, 7.093399904692845e-04, 1.592041383168934e+00, 1.203053941941484e-02, 1.603480746992175e-12, 5.512733428880365e+01, -2.924292138024199e+00, -1.131212011236270e+05, 3.702593419915821e-04
4041, 5.341622091331579e-02, 6.485243070282691e-04, 8.683985596604106e-02, 6.562205740506727e-04, 8.762706205997588e-14, 1.570034504317166e+01, 5.992331238299844e-01, 1.530655705365039e+05, 4.214565438697978e+03
4042, 5.039878889014915e-02, 4.409885223642652e-04, 9.565157478817590e-02, 7.228078699359555e-04, 9.638819442412723e-14, 2.098662996653656e+01, 4.486350955140606e-01, 1.514320003311190e+05, 3.061125724241475e+03
4043, 4.628736276668430e-02, 6.052452110480885e-04, 1.194491978031827e-01, 9.026387743315680e-04, 1.202732034415480e-13, 2.901178195354622e+01, 7.271496845667390e-01, 1.472607314594837e+05, 1.264018025373704e+03
4044, 2.676530212006148e-02, 2.103585383980227e-04, 1.584705404974295e+00, 1.197510381592917e-02, 1.596028060793275e-12, 5.953685638879770e+01, -1.097307570604521e+00, -1.117044060883587e+05, 3.685537713409472e-04
4045, 4.944300395878314e-02, 4.883168169873786e-04, 9.986539407516266e-02, 7.546503330617896e-04, 1.006400317354101e-13, 2.283435408675147e+01, 5.479962665977882e-01, 1.505367634986586e+05, 2.616679959807221e+03
4046, 5.228482531727104e-02, 6.932318793092378e-04, 8.975328384348433e-02, 6.782364018400175e-04, 9.048112003733855e-14, 1.735966318278915e+01, 6.132297537954602e-01, 1.524883235761405e+05, 3.810434163462205e+03
4047, 5.539216599291989e-02, 4.772355953085578e-04, 8.273709632070404e-02, 6.252173525494454e-04, 8.340347958937000e-14, 1.253899661753457e+01, 4.760963619733979e-01, 1.538731553957082e+05, 4.811873444318673e+03
4048, 5.801555519167557e-02, 3.358508975826201e-04, 8.010892850418998e-02, 6.053571423491112e-04, 8.070116834224885e-14, 8.301647605855916e+00, 3.145721783573791e-01, 1.544666694939347e+05, 5.234787000934355e+03
4049, 5.567935144299375e-02, 5.490819087696189e-04, 8.247284882565473e-02, 6.232205200931623e-04, 8.312237421269348e-14, 1.198218315239151e+01, 5.083164416622402e-01, 1.540055451579561e+05, 4.873489237206010e+03
4050, 4.770058370027459e-02, 6.064235311046886e-04, 1.094206468795943e-01, 8.268562736494971e-04, 1.102084574612551e-13, 2.598740566114488e+01, 7.034809581554305e-01, 1.488423911826005e+05, 1.834317684271162e+03
4051, 2.216021244554662e-02, 9.330595935353344e-05, 1.585165221228363e+00, 1.197857849795005e-02, 1.596615298837574e-12, -2.618230370300666e+00, -1.820533728336453e+00, -1.118609032875227e+05, 3.686655362873373e-04
4052, 2.512306450471791e-02, 4.023725451735651e-04, 1.588528017797280e+00, 1.200399005892399e-02, 1.599881097332152e-12, 4.358619579156098e+01, -2.559183689004685e+00, -1.120233318107580e+05, 3.694440974479527e-04
4053, 3.939009841094300e-02, 6.522431458527906e-04, 2.540675447034274e-01, 1.919905879371259e-03, 2.560008673730747e-13, 4.353634428471022e+01, 7.738068229821339e-01, 1.283191231705968e+05, 2.082153255638339e+01
4054, 5.830354061551347e-02, 5.837551694872806e-04, 8.051799169920706e-02, 6.084482999940754e-04, 8.110706402397273e-14, 7.716890425342307e+00, 4.984708634255173e-01, 1.542991494058302e+05, 5.210226601671365e+03
4055, 5.008251785633065e-02, 5.893644555735305e-04, 9.718935108359611e-02, 7.344283457199937e-04, 9.792955348642179e-14, 2.140665300281205e+01, 6.030529833254429e-01, 1.510409750472604e+05, 2.902155492039942e+03
4056, 4.831377818410995e-02, 5.813067793265107e-04, 1.056363062353202e-01, 7.982592410731240e-04, 1.063887027630395e-13, 2.474232702542247e+01, 6.078590672336670e-01, 1.495419901169327e+05, 2.115436329552417e+03
4057, 3.788402182335658e-02, 5.914544071161993e-04, 3.507390649449376e-01, 2.650421145679862e-03, 3.535235553802226e-13, 4.611068626753583e+01, 7.027498293416878e-01, 1.125986589420376e+05, 2.196210580462555e+00
4058, 5.904374046960792e-02, 5.964704365511988e-04, 8.109261375120509e-02, 6.127905321251619e-04, 8.150490610867141e-14, 6.634867158574620e+00, 4.645621795152988e-01, 1.539158475377095e+05, 5.168865371573522e+03
4059, 3.406252547516266e-02, 3.216943105062039e-04, 1.572990355621112e+00, 1.188657699462048e-02, 1.584247489429615e-12, 7.985719997473613e+01, 1.000129910358620e+00, -1.120153580024099e+05, 3.658251492860567e-04
4060, 3.610854784163060e-02, 5.876388754065701e-04, 6.638381942970790e-01, 5.016409528694945e-03, 6.680946023126637e-13, 4.445882748354161e+01, -1.608110614200420e-01, 5.792550562150082e+04, 1.114250101418954e-02
4061, 2.985352777782180e-02, 4.938725811802320e-04, 1.579839074841334e+00, 1.193833054036514e-02, 1.591138220815386e-12, 8.107185650089438e+01, -8.838041970471499e-01, -1.121588959777209e+05, 3.674192257459585e-04
4062, 3.858374542549420e-02, 4.480117889107133e-04, 2.960684227799789e-01, 2.237292867355428e-03, 2.982372760152130e-13, 4.481920466488265e+01, 4.535152856369628e-01, 1.217105058354873e+05, 7.742572216455877e+00
4063, 3.053817353098121e-02, 5.036359935326535e-04, 1.578862612588240e+00, 1.193095173240728e-02, 1.590146838990187e-12, 8.296480129925716e+01, -3.743237994305154e-01, -1.121789731721121e+05, 3.671917264721883e-04
4064, 3.073567048682303e-02, 4.537199106960235e-04, 1.578218736451709e+00, 1.192608616966268e-02, 1.589528463830273e-12, 8.347958306670238e+01, -3.109997831420756e-01, -1.121140660790477e+05, 3.670418957687546e-04
4065, 4.010725048520179e-02, 5.892492214408138e-04, 2.256447771377944e-01, 1.705124260487400e-03, 2.272986079405129e-13, 4.266503076715895e+01, 6.317036891598509e-01, 1.322142135180263e+05, 4.361225136782256e+01
4066, 4.164526920635463e-02, 5.878553794594244e-04, 1.827772921377920e-01, 1.381188605575400e-03, 1.842081831347027e-13, 3.945087441664722e+01, 7.375256335738394e-01, 1.384593371003893e+05, 1.488179053108251e+02
4067, 2.757033695670565e-02, 5.547700260988129e-04, 1.587190496485257e+00, 1.199388284497913e-02, 1.598553146582568e-12, 6.492097855535513e+01, -1.975435073962992e+00, -1.126033813173728e+05, 3.691304994182031e-04
4068, 2.793725989798277e-02, 4.117045704627907e-04, 1.583442844239518e+00, 1.196556305470914e-02, 1.594746277970326e-12, 6.832334808004887e+01, -1.256866595082730e+00, -1.120302266285909e+05, 3.682588731242661e-04
4069, 4.375474403673871e-02, 3.294172261363370e-04, 1.463291781537931e-01, 1.105762051540171e-03, 1.474237746227247e-13, 3.509172543430354e+01, 4.275200041906323e-01, 1.435232823856696e+05, 4.849576268276024e+02
4070, 2.603136776050217e-02, 3.637380822880224e-04, 1.585863974329132e+00, 1.198385874808158e-02, 1.597190127403541e-12, 5.268685388853414e+01, -1.417764233912621e+00, -1.119059697235135e+05, 3.688237455178418e-04
4071, 2.530606148355044e-02, 2.273258254085209e-04, 1.586948639966408e+00, 1.199205521385445e-02, 1.598291443329626e-12, 4.581303603356152e+01, -1.580096372105774e+00, -1.117549823718782e+05, 3.690768680981120e-04
4072, 5.411980771579462e-02, 5.856379515833347e-04, 8.521950074026315e-02, 6.439760761228879e-04, 8.598467260577283e-14, 1.452874534659739e+01, 5.404873566163072e-01, 1.534619262944629e+05, 4.453418324966344e+03
4073, 5.261709529556947e-02, 4.512108316646361e-04, 8.837711385358117e-02, 6.678371323948735e-04, 8.912257771613935e-14, 1.709044559630839e+01, 3.988384929402329e-01, 1.528372793406491e+05, 3.966337299745906e+03
4074, 2.966328432344979e-02, 5.928890968978864e-04, 1.582061588706391e+00, 1.195512535546634e-02, 1.593352826531580e-12, 7.976854636447932e+01, -1.233423598624794e+00, -1.125296782842434e+05, 3.679361211267530e-04
4075, 5.164144096435897e-02, 5.635854235486084e-04, 9.149660799161699e-02, 6.914101359568823e-04, 9.224077914749169e-14, 1.872139827237038e+01, 5.660025140776267e-01, 1.521417869373074e+05, 3.566820724255493e+03
4076, 2.609625765367301e-02, 7.056365793661084e-04, 1.591936800687783e+00, 1.202974912358758e-02, 1.603324930767949e-12, 5.316108277999300e+01, -2.925865314264696e+00, -1.130772353941861e+05, 3.702352745447894e-04
4077, 4.412861713935540e-02, 5.857872820689275e-04, 1.411680757679433e-01, 1.066761277843620e-03, 1.421832294932182e-13, 3.390349838407671e+01, 6.654689615539132e-01, 1.441238275607135e+05, 5.771781009342169e+02
4078, 3.619610555468615e-02, 3.224841254590415e-04, 6.568349110395633e-01, 4.963487992744340e-03, 6.607289985863720e-13, 4.430782296048142e+01, -5.224260851598003e-02, 5.879209137896152e+04, 1.538183219323198e-02
4079, 3.601367146161552e-02, 3.736608819394949e-04, 7.226023200320004e-01, 5.460470932234252e-03, 7.266816897434475e-13, 4.470663586408079e+01, 3.048385212912755e-01, 4.654553246556660e+04, 5.925428606633592e-03
4080, 2.353349488099540e-02, 6.938169958022856e-04, 1.591115172672909e+00, 1.202354034765663e-02, 1.602460219971849e-12, 2.225660836967682e+01, -5.969430312521870e+00, -1.123119163568896e+05, 3.700470119373400e-04
4081, 3.108950261582727e-02, 6.071791139919702e-04, 1.579718690457681e+00, 1.193742083469521e-02, 1.591029320447095e-12, 8.287659430773417e+01, -2.198952121941033e-01, -1.126282068993362e+05, 3.673905263544826e-04
4082, 4.843354732484762e-02, 5.691005898669812e-04, 1.048739638406227e-01, 7.924984673096636e-04, 1.056221766433038e-13, 2.451029703540377e+01, 5.761726087858222e-01, 1.496663380366618e+05, 2.171852531083563e+03
4083, 5.366134029887998e-02, 5.840050427116039e-04, 8.619233689302239e-02, 6.513274828187919e-04, 8.697423541953727e-14, 1.535284623616707e+01, 5.573963221866424e-01, 1.532395154551209e+05, 4.305191553889674e+03
4084, 5.843342698658423e-02, 5.650055899788340e-04, 8.052375139137904e-02, 6.084918241162913e-04, 8.110101823066604e-14, 7.513074777698027e+00, 4.737656085243583e-01, 1.542710710753933e+05, 5.211706158656512e+03
4085, 2.902012285662007e-02, 6.214222632981628e-04, 1.585882989940212e+00, 1.198400244287552e-02, 1.597240094596122e-12, 7.557170637295731e+01, -2.247298613940616e+00, -1.128358185384072e+05, 3.688251672220434e-04
4086, 3.471147106734668e-02, 2.785860211221526e-04, 1.586893887856146e+00, 1.199164146994830e-02, 1.598210663678320e-12, 6.792633818598054e+01, 3.732494455173897e+00, -1.204535516788544e+05, 3.690760266909846e-04
4087, 4.136496831651430e-02, 4.721401911345979e-04, 1.891681312913871e-01, 1.429482100439027e-03, 1.905044056099904e-13, 3.995954161980088e+01, 5.792061163359493e-01, 1.377868042878618e+05, 1.233487395896331e+02
4088, 4.057220793378896e-02, 4.415878763709635e-04, 2.096837745279314e-01, 1.584512150085417e-03, 2.112081466640030e-13, 4.153845931210057e+01, 4.924512282357609e-01, 1.347445166883581e+05, 6.825101679963782e+01
4089, 5.763833451832873e-02, 4.070463979301004e-04, 8.028025280104371e-02, 6.066517843908264e-04, 8.088012481917091e-14, 8.928101258978483e+00, 3.944522274530934e-01, 1.544173963642974e+05, 5.205214637416119e+03
4090, 2.588733674686983e-02, 1.387217251312227e-04, 1.584853885350499e+00, 1.197622583388542e-02, 1.596165802029926e-12, 5.191950710999028e+01, -6.865021541371941e-01, -1.116226311726273e+05, 3.685892273943561e-04
4091, 5.390276767608199e-02, 3.551704107304373e-04, 8.534514047451373e-02, 6.449254947696273e-04, 8.610588858230936e-14, 1.511507624324369e+01, 3.365667743046656e-01, 1.535138914559633e+05, 4.410505155371548e+03
4092, 5.404362857627236e-02, 3.649437882058179e-04, 8.504716250694551e-02, 6.426737720927979e-04, 8.579934573594207e-14, 1.484454209764419e+01, 3.376084335559643e-01, 1.535655159634921e+05, 4.454917595383325e+03
4093, 3.338490317730283e-02, 4.906673616576298e-04, 1.574958997694043e+00, 1.190145338308090e-02, 1.586228149406711e-12, 8.190526665515760e+01, 1.069112450036057e+00, -1.124191905069922e+05, 3.662826289392820e-04
4094, 3.318294623788168e-02, 3.840612917727994e-04, 1.574326685861669e+00, 1.189667520802517e-02, 1.585589664462365e-12, 8.302012083323568e+01, 8.114455421392508e-01, -1.121945808761664e+05, 3.661355618315389e-04
4095, 3.438245108814330e-02, 5.583906471193461e-04, 1.576482051791584e+00, 1.191296260799938e-02, 1.587743488532015e-12, 7.605592357780347e+01, 1.195470401291701e+00, -1.123793181272764e+05, 3.666400711530832e-04
4096, 3.260457956496288e-02, 4.713132751201286e-04, 1.576288159560514e+00, 1.191149742741192e-02, 1.587558167638773e-12, 8.325048086892306e+01, 2.508422349985778e-01, -1.123404477523067e+05, 3.665919789089672e-04
4097, 3.565452405749345e-02, 5.737627011352295e-04, 8.895409348182005e-01, 6.721971799635378e-03, 8.959310250660488e-13, 3.899719488366495e+01, 4.833963639186486e-01, 1.832539783485857e+04, 8.586743647669427e-04
4098, 5.018580973791332e-02, 3.214156406213436e-04, 9.644243355116866e-02, 7.287841326286087e-04, 9.717460780045686e-14, 2.148459024912410e+01, 3.343367465592743e-01, 1.512954295945936e+05, 2.971165447338943e+03
4099, 4.390905365017209e-02, 3.447895444433931e-04, 1.442099792171966e-01, 1.089747953782542e-03, 1.452657390283657e-13, 3.474343738381801e+01, 4.232882837530690e-01, 1.437897587816743e+05, 5.215964777402303e+02
4100, 4.405313539221230e-02, 3.655732208838658e-04, 1.421702369230960e-01, 1.074334284053881e-03, 1.431671836817009e-13, 3.439082777932841e+01, 4.270504408872342e-01, 1.440350122494690e+05, 5.583274898799988e+02
4101, 2.525532180517669e-02, 6.549107811259842e-04, 1.591902994861309e+00, 1.202949366394175e-02, 1.603250400658307e-12, 4.508483105577238e+01, -3.348574126358609e+00, -1.127660334091411e+05, 3.702283693482918e-04
4102, 3.159335988496931e-02, 5.680057308465288e-04, 1.577657533643128e+00, 1.192184534239383e-02, 1.588949689292939e-12, 8.332761075897778e+01, 3.391098213750828e-01, -1.124356175663974e+05, 3.669109711634029e-04
4103, 5.782497152211957e-02, 5.869385630930327e-04, 8.052560809319917e-02, 6.085058546086063e-04, 8.113590229109587e-14, 8.560220906697390e+00, 5.431237219284587e-01, 1.543498954692056e+05, 5.195432739043117e+03
4104, 4.236198598293565e-02, 5.711321925157089e-04, 1.677134553226595e-01, 1.267356085561918e-03, 1.689207802646513e-13, 3.780525764579750e+01, 6.835552348655793e-01, 1.405096241590303e+05, 2.388419401488364e+02
4105, 4.365701605658039e-02, 6.024621160326930e-04, 1.474008191626910e-01, 1.113860094428578e-03, 1.485014275440400e-13, 3.490381543946177e+01, 7.469293525954009e-01, 1.432396644136283e+05, 4.633798026359200e+02
4106, 3.195671375551611e-02, 2.992005303900800e-04, 1.573871194561419e+00, 1.189323320827519e-02, 1.585107411022157e-12, 8.474126478501842e+01, 3.529113043967913e-01, -1.116969072833642e+05, 3.660302360988445e-04
4107, 3.964287980150929e-02, 5.821347667026849e-04, 2.436671417406716e-01, 1.841313413657668e-03, 2.455623276089941e-13, 4.350816435322460e+01, 7.377459580091507e-01, 1.296249254031551e+05, 2.690892508319520e+01
4108, 5.458098866518247e-02, 4.300529273514753e-04, 8.398473192235652e-02, 6.346453293880881e-04, 8.473215730434745e-14, 1.378265519525463e+01, 4.310989484050696e-01, 1.536248843093834e+05, 4.608030554402506e+03
4109, 2.437758078651275e-02, 1.716155733091225e-04, 1.586058029216276e+00, 1.198532515780825e-02, 1.597377829355842e-12, 3.358349501386081e+01, -1.312584021606388e+00, -1.115098758967873e+05, 3.688707636931503e-04
4110, 2.870366026586765e-02, 4.318603795339304e-04, 1.582902152802023e+00, 1.196147722520667e-02, 1.594187933823094e-12, 7.410073508723629e+01, -1.626510081655919e+00, -1.120737133765242e+05, 3.681324641570498e-04
4111, 3.595155152749858e-02, 4.986762059574663e-04, 7.389610840289460e-01, 5.584088796190804e-03, 7.434011083336027e-13, 4.454286349544991e+01, -1.752352402156197e-01, 4.401591203629949e+04, 4.361229596676455e-03
4112, 2.703013867112630e-02, 6.130099126502205e-04, 1.589599750930180e+00, 1.201208879796341e-02, 1.600973892133589e-12, 6.071026362933784e+01, -2.306995082749708e+00, -1.128168128776123e+05, 3.696911314678673e-04
4113, 3.988956798472638e-02, 3.515435113735371e-04, 2.347224987530327e-01, 1.773721653045797e-03, 2.365147380241517e-13, 4.344504830899450e+01, 4.029216872602523e-01, 1.309186013978490e+05, 3.448137064001510e+01
4114, 4.003313364290481e-02, 3.638910547694558e-04, 2.287176236238357e-01, 1.728344762900893e-03, 2.303402104665688e-13, 4.312264477332009e+01, 4.061806411901078e-01, 1.317310176230162e+05, 4.019813790469049e+01
4115, 2.472690402217693e-02, 1.561287988700993e-04, 1.586357816795602e+00, 1.198759055513309e-02, 1.597676481758624e-12, 3.793297311586095e+01, -1.346194190462630e+00, -1.115317285105457e+05, 3.689401405231652e-04
4116, 3.796544920462291e-02, 4.057252037707690e-04, 3.473175082770386e-01, 2.624565553730589e-03, 3.503674819423391e-13, 4.638498998105841e+01, 4.286706265832566e-01, 1.131744196596368e+05, 2.500138921614691e+00
4117, 3.782729634094148e-02, 3.246330395442575e-04, 3.615764408258896e-01, 2.732315673747216e-03, 3.646816148552362e-13, 4.645568003969554e+01, 2.841449349639372e-01, 1.108827206483864e+05, 1.882885762075557e+00
4118, 5.048062135893106e-02, 5.244430457978961e-04, 9.540254496806273e-02, 7.209260325043839e-04, 9.612720187774475e-14, 2.073278503801784e+01, 5.096218899359694e-01, 1.514363022494425e+05, 3.090633982560435e+03
4119, 5.063202118291493e-02, 4.681093509398179e-04, 9.470521133028248e-02, 7.156565087931763e-04, 9.544171687030576e-14, 2.053187379847283e+01, 4.539034418415386e-01, 1.515754663915474e+05, 3.162481831666121e+03
4120, 2.546840800823636e-02, 3.602649602782570e-04, 1.587222656594473e+00, 1.199412586847457e-02, 1.598557676374168e-12, 4.731219703017862e+01, -1.915353829911027e+00, -1.119242661044196e+05, 3.691402616503581e-04
4121, 4.715094074569837e-02, 3.879788874398064e-04, 1.127308053673709e-01, 8.518700657486160e-04, 1.135016914277745e-13, 2.742127491533673e+01, 5.293739791942020e-01, 1.484317735272675e+05, 1.615675515178427e+03
4122, 4.823443681156842e-02, 4.910457721807726e-04, 1.060125863683480e-01, 8.011026677710753e-04, 1.067622899319630e-13, 2.506158358854708e+01, 5.280927430898000e-01, 1.495079247112736e+05, 2.084287903877671e+03
4123, 4.263422634409616e-02, 4.470721118297398e-04, 1.624290346142577e-01, 1.227423435372476e-03, 1.636010800171295e-13, 3.724303053382734e+01, 5.504562497984784e-01, 1.413128747468722e+05, 2.816176078771480e+02
4124, 5.641120665170270e-02, 5.706693356813732e-04, 8.155187935814176e-02, 6.162610530842641e-04, 8.217678805309682e-14, 1.076831431231727e+01, 4.712675686045194e-01, 1.542063621457020e+05, 5.024352263025628e+03
4125, 3.206630844253873e-02, 6.113080177871327e-04, 1.578126829544866e+00, 1.192539165903163e-02, 1.589438586216776e-12, 8.202506982247735e+01, 4.147738598713264e-01, -1.126561627492138e+05, 3.670198996705282e-04
4126, 5.354647950817521e-02, 5.305209221067734e-04, 8.633992272712632e-02, 6.524427410110210e-04, 8.711776134938989e-14, 1.561033328925234e+01, 5.039459402210804e-01, 1.532108844591358e+05, 4.273904642155401e+03
4127, 2.207848095802105e-02, 5.118622775108510e-04, 1.585787457697920e+00, 1.198328053676290e-02, 1.597070751702571e-12, 1.999056280288782e-01, -4.659909751007041e-01, -1.118935731809999e+05, 3.688102741583134e-04
4128, 4.452351967488703e-02, 5.205869674933735e-04, 1.361872145349711e-01, 1.029122527972213e-03, 1.372192410111861e-13, 3.303104868193680e+01, 6.377849022247776e-01, 1.449020410225613e+05, 6.867320946740563e+02
4129, 2.420740072433043e-02, 6.056168660269598e-04, 1.590209003055307e+00, 1.201669271830448e-02, 1.601571623400046e-12, 3.265220890767224e+01, -4.513938257519962e+00, -1.123286076173394e+05, 3.698356138616334e-04
4130, 4.200318418120374e-02, 3.690865713419548e-04, 1.753646482887460e-01, 1.325173664650660e-03, 1.766941751455779e-13, 3.900409040752321e+01, 4.761717737794850e-01, 1.394701938168771e+05, 1.883552705542450e+02
4131, 5.129191352192630e-02, 4.566734834483080e-04, 9.242238859786851e-02, 6.984059591779530e-04, 9.315148308525670e-14, 1.944179379870618e+01, 4.843282939587927e-01, 1.519431864570333e+05, 3.433971404835940e+03
4132, 4.960102882899074e-02, 5.851718251872339e-04, 9.930433837523386e-02, 7.504106174451827e-04, 1.000862121021727e-13, 2.239888108742071e+01, 6.482615346925505e-01, 1.506037028824544e+05, 2.679685669947223e+03
4133, 4.986371299370336e-02, 3.480308322846719e-04, 9.789046741290665e-02, 7.397264540019346e-04, 9.863901892927184e-14, 2.212760845763517e+01, 3.767581411193228e-01, 1.510066718604001e+05, 2.819358018101509e+03
4134, 5.001500753423457e-02, 3.600060885421657e-04, 9.721621690994123e-02, 7.346313620399919e-04, 9.795042904331861e-14, 2.180244004787955e+01, 3.804478758444296e-01, 1.511280131632453e+05, 2.889445269092185e+03
4135, 2.288696875792324e-02, 5.050633128679535e-04, 1.586950487034637e+00, 1.199206917154899e-02, 1.598261559469281e-12, 9.693091086109193e+00, -4.043214921594743e+00, -1.116084652299951e+05, 3.690796012859457e-04
4136, 2.700666535968121e-02, 2.076659116049028e-04, 1.584314819206396e+00, 1.197215228619692e-02, 1.595642082988278e-12, 6.157659657687258e+01, -1.036239726275736e+00, -1.117002115652280e+05, 3.684626999250175e-04
4137, 2.793434195473907e-02, 6.032691550724520e-04, 1.587201740204244e+00, 1.199396781010996e-02, 1.598582463055452e-12, 6.723226003399981e+01, -2.007463841128071e+00, -1.127704717117295e+05, 3.691327388643137e-04
4138, 4.400885525773247e-02, 2.185429566109265e-04, 1.429661619620143e-01, 1.080348830947384e-03, 1.440312698758568e-13, 3.460694431822265e+01, 2.986900272959336e-01, 1.440126494282502e+05, 5.465411365413628e+02
4139, 3.219247684404535e-02, 6.184406112216123e-04, 1.578159506208971e+00, 1.192563858596441e-02, 1.589472036905003e-12, 8.178864282839329e+01, 3.048325882069822e-01, -1.126820416511354e+05, 3.670274416416613e-04
4140, 5.750124648594856e-02, 3.973476269313241e-04, 8.031411400087481e-02, 6.069076624751952e-04, 8.091445837028501e-14, 9.180168377866803e+00, 3.911663171077908e-01, 1.543867087978837e+05, 5.193929585308790e+03
4141, 2.412303157480064e-02, 2.952941891409773e-04, 1.586188965911968e+00, 1.198631460387138e-02, 1.597496229293320e-12, 2.952740369493913e+01, -1.939205248319305e+00, -1.115966183752972e+05, 3.689013723680688e-04
4142, 2.385725628307265e-02, 1.187521589647125e-04, 1.586877629951185e+00, 1.199151861424339e-02, 1.598165631007203e-12, 2.614679583423085e+01, -1.171682379753464e+00, -1.115887824683596e+05, 3.690619830980672e-04
4143, 2.455143567604335e-02, 3.228448448587498e-04, 1.587008228359286e+00, 1.199250550397704e-02, 1.598323929786772e-12, 3.620841001781304e+01, -2.006978009767914e+00, -1.117025211713505e+05, 3.690913827569667e-04
4144, 3.997066397197773e-02, 2.184797834243440e-04, 2.316928927461174e-01, 1.750827904882760e-03, 2.334237717992227e-13, 4.334597014743957e+01, 3.213640552833744e-01, 1.313445812985840e+05, 3.746908007984506e+01
4145, 2.641415350798242e-02, 3.277742964479789e-04, 1.585531212577773e+00, 1.198134417565315e-02, 1.596870133169422e-12, 5.644608414653626e+01, -1.477837949929629e+00, -1.118218580575379e+05, 3.687460330692208e-04
4146, 4.150966967397613e-02, 5.782772613414727e-04, 1.857219419824566e-01, 1.403440367625899e-03, 1.870792446634234e-13, 3.962398387891825e+01, 7.180584864883212e-01, 1.381171827733532e+05, 1.359926682525721e+02
4147, 5.398217288928676e-02, 2.198292215675552e-04, 8.505940768031908e-02, 6.427663048890694e-04, 8.581293540073538e-14, 1.502050878568138e+01, 2.213441138122364e-01, 1.536153847376397e+05, 4.446832427020364e+03
4148, 3.394022238846915e-02, 3.692991854180799e-04, 1.574086301618161e+00, 1.189485870240675e-02, 1.585341135108022e-12, 8.029274913858345e+01, 1.089074384930431e+00, -1.122951337686894e+05, 3.660798593492382e-04
4149, 4.994452415330741e-02, 2.163341298398889e-04, 9.744845964111662e-02, 7.363863448952197e-04, 9.818645849980753e-14, 2.202874665099727e+01, 2.526417329725355e-01, 1.511388074781938e+05, 2.864120138996809e+03
4150, 3.731432049223377e-02, 4.701126761369209e-04, 4.145482097808685e-01, 3.132606119251831e-03, 4.173156446016406e-13, 4.481283784675315e+01, 3.242096623300375e-01, 1.028842316189882e+05, 6.803340184054868e-01
4151, 5.737895427574757e-02, 4.910566932687923e-04, 8.051510089123079e-02, 6.084264550975390e-04, 8.111531591954823e-14, 9.368578752218850e+00, 4.667474361302844e-01, 1.543173547711347e+05, 5.170723210509659e+03
4152, 2.806912299942483e-02, 7.283760261890609e-04, 1.589523778599821e+00, 1.201151469974902e-02, 1.600939600049319e-12, 6.729485592663227e+01, -2.502811931258644e+00, -1.132832519473976e+05, 3.696724135531207e-04
4153, 2.953514546667924e-02, 5.535155706907246e-04, 1.582225534466958e+00, 1.195636424030687e-02, 1.593556074098098e-12, 7.919650920276413e+01, -1.367429981581413e+00, -1.124693669869615e+05, 3.679743565750492e-04
4154, 3.244624074272056e-02, 5.583877958844256e-04, 1.577445558368084e+00, 1.192024351411899e-02, 1.588727773665796e-12, 8.256338576109391e+01, 1.786870801930343e-01, -1.125361371779087e+05, 3.668612531715489e-04
4155, 5.375015783234544e-02, 3.327267333764883e-04, 8.564058914003390e-02, 6.471581043327500e-04, 8.640548448768574e-14, 1.540418049260695e+01, 3.363425568502766e-01, 1.534317793688598e+05, 4.361998654949637e+03
4156, 3.952779089649824e-02, 5.297988651960394e-04, 2.486301594696673e-01, 1.878817325967468e-03, 2.505625518917883e-13, 4.366324073252282e+01, 6.744446626839012e-01, 1.290110598606839e+05, 2.381910761148420e+01
4157, 2.713296471499187e-02, 4.173937475541450e-04, 1.586230542679545e+00, 1.198662878599397e-02, 1.597577020283231e-12, 6.223087656363300e+01, -1.672098252087219e+00, -1.121647458901384e+05, 3.689078334324038e-04
4158, 3.401935174820736e-02, 6.042056649600043e-04, 1.576737963148319e+00, 1.191489644696712e-02, 1.588020412180333e-12, 7.793441186678680e+01, 1.799601879073464e+00, -1.128993855708768e+05, 3.666986345293283e-04
4159, 4.639493228211741e-02, 5.755705495628144e-04, 1.184922191263450e-01, 8.954071974285112e-04, 1.193077050867258e-13, 2.881555186113350e+01, 6.797673287860045e-01, 1.474400984636927e+05, 1.308614462493625e+03
4160, 4.043140984202376e-02, 4.623951502608262e-04, 2.144471862690197e-01, 1.620507704804012e-03, 2.159786857653880e-13, 4.192689917332917e+01, 5.086701724413034e-01, 1.340108356308298e+05, 5.991495505679542e+01
4161, 4.604638597653887e-02, 3.839081345299345e-04, 1.215097640170547e-01, 9.182098036555301e-04, 1.223616533097331e-13, 2.997756185866190e+01, 4.722301115964412e-01, 1.470532284139706e+05, 1.173362993907437e+03
4162, 2.995468464529041e-02, 5.099448037418512e-04, 1.579896122472084e+00, 1.193876163077381e-02, 1.591202494201340e-12, 8.140695394217256e+01, -8.174079986262942e-01, -1.122212764026551e+05, 3.674324089169212e-04
4163, 2.980467467887009e-02, 3.776948431498575e-04, 1.578184488206085e+00, 1.192582736679906e-02, 1.589462885200579e-12, 8.127450251457763e+01, -6.704644236959785e-01, -1.117953101126629e+05, 3.670345705091581e-04
4164, 2.219459393835615e-02, 3.932180053681754e-04, 1.585499544318285e+00, 1.198110486890675e-02, 1.596796053895590e-12, 6.526735896988247e-01, -6.223314854503970e-01, -1.117920676990097e+05, 3.687431749234301e-04
4165, 5.554368449446070e-02, 5.840690056077307e-04, 8.271477282584846e-02, 6.250486611525604e-04, 8.336544655436037e-14, 1.220875005217834e+01, 5.448591940839617e-01, 1.539076145675698e+05, 4.835749332794047e+03
4166, 3.973619409313802e-02, 3.304656330538816e-04, 2.410018567112923e-01, 1.821172720740414e-03, 2.428831847697060e-13, 4.367954814122996e+01, 3.876299191108313e-01, 1.300590825405643e+05, 2.931773521689788e+01
4167, 2.229674171379670e-02, 1.945788700228270e-04, 1.585562504779119e+00, 1.198158064065105e-02, 1.596928951361930e-12, -3.585285875133639e-01, -1.451934514080903e+00, -1.117173643074367e+05, 3.687577382668068e-04
4168, 4.021646516795938e-02, 3.311992750578480e-04, 2.220917495465982e-01, 1.678275185491043e-03, 2.236572995004503e-13, 4.266735727302561e+01, 3.654570450085475e-01, 1.328119886624096e+05, 4.845093870597608e+01
4169, 4.759843009695641e-02, 5.809363872829773e-04, 1.100457759214183e-01, 8.315801706910069e-04, 1.108248217322217e-13, 2.625665877032274e+01, 6.891907476757185e-01, 1.487654538687649e+05, 1.791338701831370e+03
4170, 3.748614898037017e-02, 5.697248809081380e-04, 3.912931015783991e-01, 2.956874823011096e-03, 3.942133912869551e-13, 4.532456460072043e+01, 5.329389650946501e-01, 1.064272595475934e+05, 9.929365728320135e-01
4171, 4.581329546774330e-02, 6.046009572134628e-04, 1.236522372574766e-01, 9.343997777644625e-04, 1.245600460082512e-13, 3.018807572196728e+01, 7.470720228726443e-01, 1.466058259991720e+05, 1.080506776035088e+03
4172, 3.352754580565825e-02, 5.693813358007488e-04, 1.575807833731385e+00, 1.190786776119683e-02, 1.587087564645366e-12, 8.076746948266126e+01, 1.269188233319492e+00, -1.126421921652730e+05, 3.664801829124106e-04
4173, 5.027909810027784e-02, 1.551055683973481e-04, 9.593891634511408e-02, 7.249792167137824e-04, 9.671031105748616e-14, 2.139760869064353e+01, 2.102837117980560e-01, 1.514185660780156e+05, 3.021729375619295e+03
4174, 3.408295406302263e-02, 1.797386978793111e-04, 1.571490609089675e+00, 1.187524389740556e-02, 1.582764753068143e-12, 8.022876350520882e+01, 6.083190679518281e-01, -1.114686276989900e+05, 3.654760003536599e-04
4175, 3.604779644606514e-02, 5.044802688204611e-04, 6.974959235485368e-01, 5.270750052005785e-03, 7.019683543565803e-13, 4.470924437007604e+01, -3.498323503199138e-01, 5.188190021652287e+04, 7.615990911719444e-03
4176, 2.350546221037069e-02, 4.792642391354146e-04, 1.589362028901783e+00, 1.201029240983963e-02, 1.600733445274240e-12, 1.979022783900927e+01, -4.432142574677388e+00, -1.119405543543340e+05, 3.696397176801321e-04
4177, 4.555859530167736e-02, 5.585027424475918e-04, 1.259015472847535e-01, 9.513970827565146e-04, 1.268096840229012e-13, 3.084282810488721e+01, 6.772510507618060e-01, 1.463141631725245e+05, 9.926968330632722e+02
4178, 2.419560873922964e-02, 1.253225157723163e-04, 1.585999535506821e+00, 1.198488313985270e-02, 1.597309916359231e-12, 3.075297502598556e+01, -1.182514444563106e+00, -1.115111021528295e+05, 3.688574013402904e-04
4179, 2.217377702993317e-02, 5.054989787563885e-04, 1.585458585171865e+00, 1.198079535394633e-02, 1.596758412797456e-12, 6.625566185254094e-01, -9.129162678005819e-01, -1.117966429179000e+05, 3.687336263565562e-04
4180, 5.615438004179135e-02, 2.031716795295899e-04, 8.141331220645212e-02, 6.152139461445073e-04, 8.206704807283974e-14, 1.133109676336456e+01, 2.298634505116604e-01, 1.543399992912961e+05, 5.013436731351824e+03
4181, 5.600577364599715e-02, 3.611126779343704e-04, 8.176142910347133e-02, 6.178445524192188e-04, 8.241363733186920e-14, 1.153187976708699e+01, 3.573541645872317e-01, 1.542325420442495e+05, 4.969004448070606e+03
4182, 5.585986760663547e-02, 2.855755642864582e-04, 8.187378092814457e-02, 6.186935586510061e-04, 8.252919071665789e-14, 1.182451344418389e+01, 3.019344031042279e-01, 1.542192830278621e+05, 4.943801242426804e+03
4183, 2.208874521558293e-02, 7.126743492053283e-04, 1.585215316704311e+00, 1.197895705318379e-02, 1.596551702915098e-12, 6.876656179357952e-01, -1.283535316904669e+00, -1.118141056997277e+05, 3.686770671204390e-04
4184, 4.214175578028532e-02, 1.972674360860217e-04, 1.725196252481996e-01, 1.303674749986564e-03, 1.738329978200546e-13, 3.877429422482808e+01, 3.002642441608296e-01, 1.399000694256179e+05, 2.064735978638727e+02
4185, 5.211325899926279e-02, 2.023078974023453e-04, 8.964837160774529e-02, 6.774436141643827e-04, 9.039335220701039e-14, 1.811931219569760e+01, 2.401671841918739e-01, 1.526925164998098e+05, 3.792355984331642e+03
4186, 4.827118956737237e-02, 3.712905070284270e-04, 1.056686496111095e-01, 7.985036494544103e-04, 1.064161475090389e-13, 2.514020938464396e+01, 4.124799637811656e-01, 1.496119633740727e+05, 2.108050978883810e+03
4187, 3.194537882988861e-02, 6.194103292518638e-04, 1.578280150487791e+00, 1.192655025557767e-02, 1.589582210676414e-12, 8.218971782732321e+01, 4.633159949049057e-01, -1.126633319499933e+05, 3.670556162442320e-04
4188, 2.822292568296433e-02, 6.068694644943333e-04, 1.586799935231919e+00, 1.199093150049541e-02, 1.598190981478682e-12, 6.921281861999115e+01, -2.169036938750263e+00, -1.127685009279703e+05, 3.690390565597381e-04
4189, 4.307860536538494e-02, 3.672104311691265e-04, 1.555544343620062e-01, 1.175474315078316e-03, 1.567215826300768e-13, 3.633643164939357e+01, 5.334834328807554e-01, 1.423922638683973e+05, 3.537481717083107e+02
4190, 4.591182501343397e-02, 2.004315405531576e-04, 1.226957958738170e-01, 9.271722610114163e-04, 1.235625935094752e-13, 3.040231650957444e+01, 3.065504016536800e-01, 1.469135570279513e+05, 1.123575897391880e+03
4191, 4.619821464361453e-02, 2.056167457850679e-04, 1.199053784125720e-01, 9.060859829668119e-04, 1.206960387906872e-13, 2.968922768102052e+01, 2.876326326650793e-01, 1.472722013668491e+05, 1.238249833126189e+03
4192, 5.303626082365585e-02, 3.781840681893331e-04, 8.724021080367095e-02, 6.592459254685836e-04, 8.799160090431940e-14, 1.652780121825153e+01, 3.768858621614893e-01, 1.530683321179721e+05, 4.120951345303319e+03
4193, 3.378765867804258e-02, 1.860000905287805e-04, 1.571943889429674e+00, 1.187866918964739e-02, 1.583190159462960e-12, 8.182077030817416e+01, 8.799234133045405e-01, -1.118651593980976e+05, 3.655812105612105e-04
4194, 5.788113366148935e-02, 3.630765964127817e-04, 8.016040240283574e-02, 6.057461138754010e-04, 8.075438635571700e-14, 8.526537096268756e+00, 3.578818125612860e-01, 1.544580334627796e+05, 5.226034242685041e+03
4195, 4.778033677665407e-02, 2.057935703435828e-04, 1.088159152715256e-01, 8.222865133869713e-04, 1.096283228607049e-13, 2.634891660943854e+01, 2.862606188638233e-01, 1.491727826649793e+05, 1.884399883523707e+03
4196, 3.673649036312224e-02, 4.436712304011353e-04, 5.011496486213787e-01, 3.787025052555315e-03, 5.047111583883179e-13, 4.350477132399693e+01, -1.064775319276779e-01, 8.777129897058064e+04, 1.544787824840874e-01
4197, 3.810184965854138e-02, 1.981186369585250e-04, 3.368660670109031e-01, 2.545587408142828e-03, 3.396942780431201e-13, 4.635753421392584e+01, 2.072177616011777e-01, 1.147497836687613e+05, 3.228404968372254e+00
4198, 2.490032050671605e-02, 4.974796462091336e-04, 1.589167291570794e+00, 1.200882084310675e-02, 1.600478771897158e-12, 4.097051458720526e+01, -3.039795035685522e+00, -1.121139991525088e+05, 3.695928634334421e-04
4199, 2.778988508327582e-02, 6.013057225616589e-04, 1.587272069348347e+00, 1.199449926459945e-02, 1.598630142046377e-12, 6.640895461113467e+01, -1.960810883743175e+00, -1.127437592088188e+05, 3.691492071800998e-04
4200, 4.186667291428640e-02, 1.878284452165159e-04, 1.784517359720550e-01, 1.348501783164326e-03, 1.798134861641693e-13, 3.942415886612501e+01, 3.051811201892089e-01, 1.390581503861387e+05, 1.714522294589143e+02
4201, 4.807056649423910e-02, 1.996824822500199e-04, 1.069033414092383e-01, 8.078338141757630e-04, 1.076764559376775e-13, 2.570804788718062e+01, 2.639350911414861e-01, 1.494864976094632e+05, 2.019919049409567e+03
4202, 5.183448631626896e-02, 1.969504743097402e-04, 9.051071474609905e-02, 6.839600610537136e-04, 9.125586773901776e-14, 1.864232398594462e+01, 2.518849150779003e-01, 1.524745674337861e+05, 3.677175926670787e+03
4203, 2.912059434856285e-02, 4.252622332668528e-04, 1.582221128432391e+00, 1.195633094533537e-02, 1.593538019520603e-12, 7.722635514961553e+01, -1.519051173263955e+00, -1.121294114867189e+05, 3.679737341033298e-04
4204, 5.804009757182948e-02, 1.936126713027915e-04, 7.997583056863337e-02, 6.043513644985687e-04, 8.054615174985055e-14, 8.291718645013148e+00, 2.130683342388451e-01, 1.545177438678827e+05, 5.247061666474982e+03
4205, 4.031326619542707e-02, 1.655687282042779e-04, 2.187967976522219e-01, 1.653376304676922e-03, 2.204767309637709e-13, 4.249855066774663e+01, 2.488067744982356e-01, 1.333497000573276e+05, 5.332836355312010e+01
4206, 3.593214147067133e-02, 2.467072740709741e-04, 7.753634941811712e-01, 5.859169981217013e-03, 7.825394355948386e-13, 4.379463041318562e+01, 1.275287725325241e+00, 3.750430487623062e+04, 3.369056112381482e-03
4207, 3.902092684525003e-02, 3.778894647519947e-04, 2.720164122619066e-01, 2.055539639258959e-03, 2.741414402169872e-13, 4.416713259108113e+01, 4.916734959545593e-01, 1.257712166981914e+05, 1.370492957145968e+01
4208, 2.579537744424224e-02, 6.238474613908980e-04, 1.590456874438741e+00, 1.201856580180648e-02, 1.601817832846014e-12, 5.040399886621718e+01, -2.709194742862165e+00, -1.127242488984327e+05, 3.698915893688648e-04
4209, 2.417400560979355e-02, 5.142916019857757e-04, 1.588794537911305e+00, 1.200600406482340e-02, 1.600158704810547e-12, 3.169700534374654e+01, -3.937110032282582e+00, -1.120708001905516e+05, 3.695068960850292e-04
4210, 5.002184252278344e-02, 4.988843482199383e-04, 9.734088684222750e-02, 7.355734522083915e-04, 9.808294881007466e-14, 2.165156395347222e+01, 5.178425707237789e-01, 1.510591993983010e+05, 2.882368614589840e+03
4211, 3.003622136565911e-02, 3.484953692176501e-04, 1.577212068213314e+00, 1.191847910488893e-02, 1.588491974753796e-12, 8.233902542656953e+01, -4.746194452951345e-01, -1.116987268561097e+05, 3.668082869619606e-04
4212, 2.992554989584424e-02, 2.590246000950611e-04, 1.576544625448554e+00, 1.191343545679254e-02, 1.587814539642882e-12, 8.205086530798000e+01, -3.882879682854626e-01, -1.115111066278576e+05, 3.666531999824538e-04
4213, 4.921465681264209e-02, 4.783951659812873e-04, 1.008256696783355e-01, 7.619068237659276e-04, 1.015565438453204e-13, 2.323830567616605e+01, 5.555758334304591e-01, 1.503344475559835e+05, 2.517618339453446e+03
4214, 2.510800458416931e-02, 1.670570208812460e-04, 1.587248456213269e+00, 1.199432082781061e-02, 1.598590682423643e-12, 4.350411666457635e+01, -1.615816746908227e+00, -1.116943750666802e+05, 3.691468593214608e-04
4215, 3.794927639822592e-02, 5.107320772366255e-04, 3.463030616539530e-01, 2.616899710231503e-03, 3.491288099032751e-13, 4.626921739525057e+01, 6.065874908388212e-01, 1.132569077362981e+05, 2.459798633748001e+00
4216, 2.266217506760280e-02, 1.350811293093847e-04, 1.586369367992775e+00, 1.198767784377689e-02, 1.597709136623044e-12, 3.925448706557578e+00, -1.548787258895446e+00, -1.115278421129797e+05, 3.689449933080177e-04
4217, 2.279316975629249e-02, 1.090271183152992e-04, 1.586975247200903e+00, 1.199225627608013e-02, 1.598314948596810e-12, 6.197604284329786e+00, -1.570693845348934e+00, -1.115202951672484e+05, 3.690857763987923e-04
4218, 3.180558499891337e-02, 4.650127393682404e-04, 1.575993026094080e+00, 1.190926719970584e-02, 1.587260543633295e-12, 8.399183781138349e+01, 4.399894691096198e-01, -1.121249498907585e+05, 3.665237723057232e-04
4219, 5.197896610954871e-02, 3.743518810925354e-04, 9.021694202773770e-02, 6.817401160786919e-04, 9.095900805836572e-14, 1.828240263284202e+01, 3.889823416891607e-01, 1.525238189157194e+05, 3.725189280423487e+03
4220, 4.004382799472581e-02, 5.009104674374110e-04, 2.281994334931712e-01, 1.724428968462547e-03, 2.298704076010179e-13, 4.294841479880418e+01, 5.296907606472420e-01, 1.318442767125950e+05, 4.073624852231476e+01
4221, 5.405700209241648e-02, 5.044838850390294e-04, 8.521837730027564e-02, 6.439675866519543e-04, 8.598059765040454e-14, 1.472262682712525e+01, 4.654530290594459e-01, 1.535025802166213e+05, 4.444470942403655e+03
4222, 5.775769906761599e-02, 2.747643645708243e-04, 8.008828771666532e-02, 6.052011666247460e-04, 8.068017068818868e-14, 8.757674613985005e+00, 2.936578840006787e-01, 1.544851090133708e+05, 5.226738191613066e+03
4223, 4.049051219685421e-02, 5.553535106338741e-04, 2.121733695498433e-01, 1.603325210704362e-03, 2.137424228493467e-13, 4.166162339357493e+01, 6.558071950306249e-01, 1.343176059099658e+05, 6.358351025934076e+01
4224, 5.422071746076358e-02, 3.291368714308170e-04, 8.462467666547914e-02, 6.394811838701307e-04, 8.537195579287657e-14, 1.454425820426941e+01, 3.120125401759324e-01, 1.536385055431618e+05, 4.513190715285590e+03
4225, 5.432201328444519e-02, 1.675517229934208e-04, 8.427445343299250e-02, 6.368346607027110e-04, 8.502525722559804e-14, 1.444063579745845e+01, 1.999226837830845e-01, 1.537196577065311e+05, 4.554803676359164e+03
4226, 5.590411446826055e-02, 4.045425594118331e-04, 8.195474337464137e-02, 6.193053655514785e-04, 8.261596139884060e-14, 1.167820936006754e+01, 3.997526163458527e-01, 1.541822946020334e+05, 4.942519503711729e+03
4227, 3.024288204977536e-02, 6.045844889912779e-04, 1.580888598644740e+00, 1.194626145071826e-02, 1.592218382710082e-12, 8.165494606108481e+01, -6.641425656819854e-01, -1.125687541069134e+05, 3.676629864311728e-04
4228, 2.290428832514846e-02, 6.726502346372461e-04, 1.588249228591158e+00, 1.200188333948234e-02, 1.599550077268612e-12, 1.115844678386571e+01, -5.461963746025315e+00, -1.118254111212583e+05, 3.693813945242197e-04
4229, 4.406551333788549e-02, 5.034019534279348e-04, 1.420485754941350e-01, 1.073414928167488e-03, 1.430695078854571e-13, 3.420267813684685e+01, 5.707674663245357e-01, 1.440537170513304e+05, 5.609927895599866e+02
4230, 3.777804122085768e-02, 1.604241049678428e-04, 3.694554470534804e-01, 2.791854763628476e-03, 3.724533309818288e-13, 4.644489557557652e+01, -1.227823238946641e-01, 1.096549614207861e+05, 1.673194990062550e+00
4231, 4.667040934827226e-02, 4.531620791180992e-04, 1.160353908172481e-01, 8.768417442111979e-04, 1.168046688572587e-13, 2.829059671436490e+01, 5.718336284112419e-01, 1.478160094520725e+05, 1.424302794008088e+03
4232, 2.325989591281723e-02, 5.149809469408706e-04, 1.588399699511738e+00, 1.200302039933556e-02, 1.599731612834125e-12, 1.602791259875848e+01, -4.412962253341542e+00, -1.117566022708877e+05, 3.694161697508878e-04
4233, 2.322683997287090e-02, 6.789339385554508e-04, 1.589821513417987e+00, 1.201376458502501e-02, 1.601167835187473e-12, 1.680646019939266e+01, -5.948197401099411e+00, -1.120184788283335e+05, 3.697466027495173e-04
4234, 3.645765135487136e-02, 5.468737881647611e-04, 5.611906908565322e-01, 4.240735699169005e-03, 5.649345139305138e-13, 4.390798091019014e+01, 1.082334684351256e-01, 7.663231463419125e+04, 5.705732857880347e-02
4235, 3.627792285554628e-02, 1.543264639763552e-04, 6.397971209582402e-01, 4.834738949306703e-03, 6.449807869533662e-13, 4.404951567364972e+01, -5.878733034869778e-02, 6.206972788450404e+04, 2.162319804704523e-02
4236, 5.714230306834756e-02, 4.180768381267648e-04, 8.054753906845427e-02, 6.086715798624841e-04, 8.113172394243862e-14, 9.750072997554957e+00, 4.155088503340075e-01, 1.543162350219337e+05, 5.153248318453913e+03
4237, 5.777584035416207e-02, 4.513217262553715e-04, 8.030609507507488e-02, 6.068470660585617e-04, 8.090835405449311e-14, 8.688952409522193e+00, 4.235241995192324e-01, 1.544189615992043e+05, 5.210367090133926e+03
4238, 3.038841338641336e-02, 5.902271018480871e-04, 1.580164073084113e+00, 1.194078644648188e-02, 1.591439690658909e-12, 8.224142373716217e+01, -5.187899133459469e-01, -1.124390060944391e+05, 3.674944320966402e-04
4239, 2.491155319303849e-02, 6.699045520427312e-04, 1.592429635688232e+00, 1.203347331754570e-02, 1.603787031560689e-12, 4.151881865167557e+01, -3.934405668317533e+00, -1.127319623075676e+05, 3.703511282327518e-04
4240, 5.221779801004967e-02, 6.059838658870819e-04, 8.979057084464628e-02, 6.785181675918730e-04, 9.051649963603728e-14, 1.760382200599433e+01, 5.480364370897520e-01, 1.525236707430193e+05, 3.796434171402557e+03
4241, 2.207806947203484e-02, 7.972315514855425e-05, 1.577991263870594e+00, 1.192436723328175e-02, 1.589397568926667e-12, 1.324157910159918e+00, 6.831896135486302e+00, -1.113979041722226e+05, 3.669972026226539e-04
4242, 4.794442859551525e-02, 3.965650097021988e-04, 1.077847252204696e-01, 8.144941452430015e-04, 1.085664759378345e-13, 2.584150305270754e+01, 4.534431268277227e-01, 1.492647616924912e+05, 1.954076321250429e+03
4243, 2.589466241446219e-02, 6.237314917621822e-04, 1.590429470414693e+00, 1.201835871850132e-02, 1.601793258631714e-12, 5.129927980106478e+01, -2.641307514170756e+00, -1.127486623447779e+05, 3.698851152663117e-04
4244, 4.499301050440809e-02, 3.635214642502022e-04, 1.309107535773065e-01, 9.892500270327861e-04, 1.318212859436837e-13, 3.212584304954396e+01, 4.956605582163006e-01, 1.456739802390996e+05, 8.233946842462178e+02
4245, 4.899950011626922e-02, 3.711114982772159e-04, 1.017388361958651e-01, 7.688073264173062e-04, 1.024550304519018e-13, 2.373909553609447e+01, 4.644743155821696e-01, 1.502623986823906e+05, 2.432243326798254e+03
4246, 5.052777640650843e-02, 3.441048115901504e-04, 9.502417257175021e-02, 7.180667952526222e-04, 9.576804450627349e-14, 2.084666855609337e+01, 3.605119807655717e-01, 1.515973106027582e+05, 3.126861250649837e+03
4247, 4.432664807464012e-02, 1.734840509050583e-04, 1.385574655934102e-01, 1.047033745038553e-03, 1.395771399300442e-13, 3.385549223695361e+01, 2.519522704846076e-01, 1.445843553011346e+05, 6.330362977897756e+02
4248, 5.656654311274123e-02, 5.287103275764444e-04, 8.129109680978011e-02, 6.142904041041989e-04, 8.191294646057142e-14, 1.056054940370245e+01, 4.388148218424552e-01, 1.542420258375553e+05, 5.057049154896086e+03
4249, 3.576153717133307e-02, 4.940902178160314e-04, 8.424156994852687e-01, 6.365861708957444e-03, 8.489968547807219e-13, 4.230582579426103e+01, 5.762195747043176e-01, 2.600554310483771e+04, 1.433734973605014e-03
4250, 4.355701851773311e-02, 5.802446200594060e-04, 1.488445316421474e-01, 1.124769760520218e-03, 1.499361001727710e-13, 3.515809412368441e+01, 7.227513273048970e-01, 1.431120659751365e+05, 4.421253675631411e+02
4251, 2.394485730437829e-02, 2.522115844125517e-04, 1.586504770009844e+00, 1.198870103282261e-02, 1.597806560158208e-12, 2.683490192301252e+01, -1.858239396558353e+00, -1.116100022772920e+05, 3.689750608886920e-04
4252, 4.445594627942605e-02, 4.347372461972499e-04, 1.370733964869011e-01, 1.035819117029669e-03, 1.380807774278139e-13, 3.330838212350495e+01, 5.275034396145724e-01, 1.448187241680763e+05, 6.677238406779328e+02
4253, 2.368381366059550e-02, 4.891525939188161e-04, 1.589196680416530e+00, 1.200904292506439e-02, 1.600577817956528e-12, 2.272998405096434e+01, -4.371321706065771e+00, -1.120005939547478e+05, 3.696010368240717e-04
4254, 5.821662970660119e-02, 4.905045102515928e-04, 8.033670872040158e-02, 6.070784034287920e-04, 8.092916743335358e-14, 7.897791102377721e+00, 4.301361400927311e-01, 1.543755510346643e+05, 5.222793701725715e+03
4255, 5.249771755738572e-02, 5.496689242279149e-04, 8.888420231326115e-02, 6.716690351128441e-04, 8.964388306949111e-14, 1.719869116313193e+01, 4.797937069923020e-01, 1.527372442760399e+05, 3.911183014218819e+03
4256, 2.568897230813122e-02, 1.099407850576402e-04, 1.585300216617729e+00, 1.197959861424234e-02, 1.596607908468090e-12, 5.033356967572802e+01, -6.796492939835188e-01, -1.116183810352794e+05, 3.686932291349461e-04
4257, 3.842737044246938e-02, 5.755780553208862e-04, 3.059761298511461e-01, 2.312162190311431e-03, 3.081616266835088e-13, 4.510992348025289e+01, 5.039935861304202e-01, 1.199863108572331e+05, 6.071186588519034e+00
4258, 5.588271319719273e-02, 5.057570295172919e-04, 8.213478941600783e-02, 6.206659149824795e-04, 8.278185119783043e-14, 1.166393794002073e+01, 4.756615909229459e-01, 1.541284495897825e+05, 4.926206732737528e+03
4259, 2.618444055701748e-02, 6.088076403923684e-04, 1.590015148338812e+00, 1.201522782120242e-02, 1.601418408138410e-12, 5.391755460249856e+01, -2.609424932753259e+00, -1.127107767884374e+05, 3.697884975883630e-04
4260, 4.970813953042361e-02, 3.230298789617191e-04, 9.855605640904318e-02, 7.447560937712337e-04, 9.930592332135819e-14, 2.246160591900630e+01, 3.757963188351391e-01, 1.508641885800961e+05, 2.748074212170985e+03
4261, 5.980065838521671e-02, 6.257989845270063e-04, 8.270833828628292e-02, 6.250000374277636e-04, 8.366525835485323e-14, 5.764549861161571e+00, 5.145470918823556e-01, 1.532582692684195e+05, 5.044091557367432e+03
4262, 4.457626076889035e-02, 4.131534646589658e-04, 1.355005782461747e-01, 1.023933840651312e-03, 1.365416647015751e-13, 3.302840487266820e+01, 5.146982241206303e-01, 1.450131238019219e+05, 7.026269526994115e+02
4263, 3.122910485104324e-02, 4.561676142738934e-04, 1.577111163405148e+00, 1.191771660004132e-02, 1.588405516907642e-12, 8.410378644856237e+01, -9.711540765520289e-03, -1.121273596465915e+05, 3.667840819713317e-04
4264, 4.963913949847588e-02, 1.675955649144235e-04, 9.877221227128942e-02, 7.463895133852116e-04, 9.950223727021475e-14, 2.267510591703644e+01, 2.379561268614493e-01, 1.508303511922405e+05, 2.722281729005496e+03
4265, 2.307573473632890e-02, 1.283788631720608e-04, 1.587374050393619e+00, 1.199526990222153e-02, 1.598704338626575e-12, 1.170681980279042e+01, -1.685330471326253e+00, -1.115002276783239e+05, 3.691782347154274e-04
4266, 5.811859346662672e-02, 5.205248006321889e-04, 8.037713629385300e-02, 6.073839014649450e-04, 8.097491743767940e-14, 8.070164265647911e+00, 4.635741090409257e-01, 1.543744551085681e+05, 5.217060221967477e+03
4267, 2.974922620415109e-02, 4.951281637573082e-04, 1.580115662335617e+00, 1.194042062218594e-02, 1.591405956461471e-12, 8.055217670823539e+01, -9.499800932296392e-01, -1.121619080626581e+05, 3.674836190859623e-04
4268, 5.452051104294826e-02, 5.686111973441227e-04, 8.436369725707211e-02, 6.375090472826579e-04, 8.511441799040571e-14, 1.383171396428984e+01, 5.233379563440993e-01, 1.535948589751476e+05, 4.575575511356710e+03
4269, 2.851854451446966e-02, 5.479640430804201e-04, 1.585212025538859e+00, 1.197893218291571e-02, 1.596538371612899e-12, 7.211063179619362e+01, -2.033007117083406e+00, -1.125012266628207e+05, 3.686696319533802e-04
4270, 4.732208999894022e-02, 4.356868341647630e-04, 1.116145066889835e-01, 8.434345593628003e-04, 1.123911915294441e-13, 2.702644468608196e+01, 5.700661385784895e-01, 1.485567081067897e+05, 1.683000976658452e+03
4271, 3.965322909514836e-02, 1.673244330052898e-04, 2.448971299144390e-01, 1.850608034618226e-03, 2.467162759736662e-13, 4.380939064175950e+01, 1.833039187519197e-01, 1.295314473743793e+05, 2.674925805594521e+01
4272, 2.338257440646439e-02, 1.318336120444665e-04, 1.588013935223209e+00, 1.200010530395648e-02, 1.599327717468144e-12, 1.747046498101781e+01, -1.943380847475322e+00, -1.115663406460003e+05, 3.693267431006143e-04
4273, 3.416385714115420e-02, 6.228688078242066e-04, 1.576702993529891e+00, 1.191463219292356e-02, 1.588000294482071e-12, 7.647679258949834e+01, 1.963493379008536e+00, -1.129347434138657e+05, 3.666594568157487e-04
4274, 5.885162090110262e-02, 4.254563311271223e-04, 8.053762134833441e-02, 6.085966348741965e-04, 8.103579166657282e-14, 6.981207593327103e+00, 3.655784803413892e-01, 1.541412551286356e+05, 5.210777659813660e+03
4275, 5.366582453338248e-02, 1.679663736253943e-04, 8.566720993751999e-02, 6.473592690492876e-04, 8.641902976875729e-14, 1.559952705229892e+01, 2.186382583865656e-01, 1.533990716756120e+05, 4.344144053603586e+03
4276, 5.664451956175388e-02, 6.645302744962533e-04, 8.145715168006509e-02, 6.155452268015865e-04, 8.206546865653357e-14, 1.033166648956669e+01, 5.351088501737035e-01, 1.541412174517532e+05, 5.049153969953454e+03
4277, 2.892312525361172e-02, 4.701524154191662e-04, 1.583236525487430e+00, 1.196400397094019e-02, 1.594556483890728e-12, 7.552504659038549e+01, -1.688733916417575e+00, -1.122240669412717e+05, 3.682099781554035e-04
4278, 2.466104182605246e-02, 5.041122954101397e-04, 1.589228363708898e+00, 1.200928234540981e-02, 1.600544790925662e-12, 3.816694363742326e+01, -3.125999229081941e+00, -1.121302628142390e+05, 3.696072851436109e-04
4279, 4.071271196772774e-02, 4.802562589271990e-04, 2.052155199672718e-01, 1.550747002271708e-03, 2.068183507179542e-13, 4.109224783616099e+01, 5.825368168013298e-01, 1.354810169278115e+05, 7.721704756513381e+01
4280, 3.170093885567186e-02, 2.657575244830862e-04, 1.573732538956191e+00, 1.189218543292080e-02, 1.584975563251983e-12, 8.505215681114970e+01, 3.654051562342239e-01, -1.116300356357562e+05, 3.659981300125347e-04
4281, 4.369018490365345e-02, 1.615479855911420e-04, 1.472965640715022e-01, 1.113072272580810e-03, 1.483869735538483e-13, 3.530717403648495e+01, 2.582162652537855e-01, 1.433938718163552e+05, 4.700735531357635e+02
4282, 4.250393483840954e-02, 5.524889252217075e-04, 1.648953775394453e-01, 1.246060787451957e-03, 1.661017057838112e-13, 3.744753172436646e+01, 6.607215545430268e-01, 1.409349684478399e+05, 2.608831218308460e+02
4283, 3.181332934517149e-02, 3.455735233976786e-04, 1.574515008961941e+00, 1.189809830450077e-02, 1.585765817034839e-12, 8.469217815747594e+01, 3.854230050433721e-01, -1.118135059097631e+05, 3.661800393744048e-04
4284, 5.633159587625228e-02, 4.643509359445956e-04, 8.147669843684427e-02, 6.156929352910674e-04, 8.211397772881396e-14, 1.095311241149592e+01, 3.992924754097568e-01, 1.542635788469372e+05, 5.023867129552686e+03
4285, 3.577288748431033e-02, 3.456905014804367e-04, 8.511062851900019e-01, 6.431533641234946e-03, 8.578368418079752e-13, 4.250949947760871e+01, 1.888381051011695e+00, 2.381888055721512e+04, 1.380733210079871e-03
4286, 3.567173718083546e-02, 2.387884124581509e-04, 9.200048256694405e-01, 6.952177523950514e-03, 9.278391619666684e-13, 4.099094569502897e+01, 3.876121157232856e+00, 1.154949913242240e+04, 7.400278811939998e-04
4287, 2.625495661005044e-02, 3.018194880665266e-04, 1.584977254300846e+00, 1.197715809295599e-02, 1.596303382667224e-12, 5.481541472475525e+01, -1.287718587075677e+00, -1.117351927191992e+05, 3.686174103370013e-04
4288, 2.369515228317863e-02, 9.896873586378842e-05, 1.587484746803547e+00, 1.199610639902199e-02, 1.598764835201833e-12, 2.368006797415551e+01, -1.232841977183001e+00, -1.116015825592626e+05, 3.692033605234518e-04
4289, 2.871659789448286e-02, 1.606896169908821e-04, 1.580312081190450e+00, 1.194190489564822e-02, 1.591592932769965e-12, 7.444865802348309e+01, -9.639889071307434e-01, -1.115251840119652e+05, 3.675303729045246e-04
4290, 3.552697627913089e-02, 5.570700710790242e-04, 9.894069266506863e-01, 7.476626649756038e-03, 9.957575489730308e-13, 3.296711759215589e+01, 1.427208180504000e-01, 6.493108146811259e+02, 4.689480150481271e-04
4291, 4.169358515720670e-02, 3.763101844039738e-04, 1.821438284139509e-01, 1.376401726050205e-03, 1.835292902384926e-13, 3.965345177853207e+01, 4.933037527847576e-01, 1.386218176055314e+05, 1.528923783881606e+02
4292, 5.568260304524336e-02, 3.648778097904129e-04, 8.219413646370052e-02, 6.211143813378304e-04, 8.285157531932401e-14, 1.208859850339491e+01, 3.628731245667998e-01, 1.540947699871706e+05, 4.895178956098982e+03
4293, 4.169796558806323e-02, 4.975464249310343e-04, 1.817111651545844e-01, 1.373132230387468e-03, 1.831060832126705e-13, 3.950853927129848e+01, 6.433162142928084e-01, 1.385856063882990e+05, 1.538144638805159e+02
4294, 5.164277771121270e-02, 3.913877144336954e-04, 9.126875188045576e-02, 6.896883013637238e-04, 9.201172059891759e-14, 1.889506997324601e+01, 4.198038390275479e-01, 1.522469540299742e+05, 3.584182030141917e+03
4295, 3.183541710123590e-02, 6.335772265766529e-04, 1.578444342624318e+00, 1.192779100220130e-02, 1.589739953124180e-12, 8.224779934867385e+01, 5.181096775537913e-01, -1.126801106904543e+05, 3.670938569689216e-04
4296, 4.424389999196097e-02, 3.173127211135091e-04, 1.397404724830070e-01, 1.055973343700532e-03, 1.407418181747759e-13, 3.397000529283670e+01, 3.785127451582117e-01, 1.444406448604137e+05, 6.091531705660884e+02
4297, 5.941381698115797e-02, 5.846582395586156e-04, 8.167220812095329e-02, 6.171703384456598e-04, 8.217275818945444e-14, 6.214968830763993e+00, 4.851469040602406e-01, 1.536235182853967e+05, 5.121259150902275e+03
4298, 5.825002723593951e-02, 3.684353368109998e-04, 8.015969077719978e-02, 6.057407363517093e-04, 8.074073482490246e-14, 7.895772379300124e+00, 3.368985970130248e-01, 1.544233558108980e+05, 5.236958778196185e+03
4299, 4.812613943417750e-02, 5.231247606295119e-04, 1.067274093866326e-01, 8.065043530477859e-04, 1.074819620109857e-13, 2.525073924387543e+01, 5.765434395757644e-01, 1.493730677770484e+05, 2.031765937440027e+03
4300, 3.820885067873680e-02, 6.037287266366413e-04, 3.227135687645842e-01, 2.438641577566567e-03, 3.250793462906949e-13, 4.570393849648046e+01, 5.308788934841761e-01, 1.171597347821580e+05, 4.106889946444626e+00
